pl_orbper,pl_orbsmax,pl_rade,pl_bmasse,pl_orbeccen,pl_insol,pl_eqt,pl_orbincl,pl_imppar,pl_trandep,pl_trandur,st_teff,st_rad,st_mass,st_met,sy_dist
323.21,1.178,12.2,4914.898486,0.238,,,,,,,4874,13.76,2.09,-0.26,93.1846
516.21997,1.53,12.3,4684.8142,0.08,,,,,,,4213,29.79,2.78,-0.02,125.321
186.76,0.775,13.1,1131.151301,0,,,,,,,4888,11.55,1.78,-0.21,75.4392
1766.41,2.839,12.5,2828.672822,0.3683,,,146.7,,,,5338,0.93,0.97,0.43,17.9323
798.5,1.66,13.5,565.7374,0.68,,,,,,,5750,1.13,1.08,0.06,21.1397
578.38,1.45,12.9,1373.018718,0.06,,,,,,,4157,25.92,1.22,-0.01,124.953
982.85,2.476,12.5,2926.246143,0.024,,,,,,,4980,8.8,2.1,-0.06,76.222
,330,18.647,3000,,,1700,,,,,4060,1.31316,0.85,,139.135
30.33,0.194,13.9,280.6424834,0.032,,,,,,,4816,12.19,1.05,-0.78,95.9863
452.8,1.333,13.4,632.46,0.09,,,,,,,5098,4.9,1.54,-0.03,72.0691
883,2.08,13.9,273.32,0.29,,,,,,,5098,4.9,1.54,-0.03,72.0691
,118,13,1271.313628,,,1450,,,,,3100,0.84,0.17,0.01,128.484
,84,12.3,4131.79,,,,,,,,,,0.19,,47.2
,52,11.209,7786.5,,,1600,,,,,3530,0.36645,0.4,,33.8281
,156,16.14096,4417.837,,,,,,,,3064,0.281,0.108,,40.08964117
,1950,17.37392009,3616.887272,,,1723,,,,,2859,0.315959,0.046,,66.0613
,572,12.2,5720.911326,,,2369,,,,,2943,0.289776,0.264996,,117.435
,15,12.6,2383.6,,,,,,,,2936,0.231916,0.019,,120.423987
,266,11.9,8899.195396,,,2677,,,,,,,,,
,587,12.1,6356.56814,,,2506,,,,,3021,0.600455,0.58846,,100.862
,46,15.69257298,1652.707716,,,1163,,,,,2825,0.21887,0.188001,,64.308
406,0.92,13.4,603.877,0.33,,,,,,,29564,0.203,0.48,-0.092,396.332
,7493,12.4,3813.940884,,,1616,,,,,3592,0.672832,0.643977,,34.1154
,230,12.3,3972.875,,,,,,,,4045,0.641152,0.6,,69.5737
,518,11.9,9534.85221,,,1600,,,,,3352,0.437589,0.433173,,57.2309
270.27,0.877,12.6,2511.480072,0.453,,,,,,,4415,18.11,1.234,-0.25,73.4603
1078,2.1,13.2,804.08,0.032,,,,,,,5872,1.21334,1.06,0.04,13.7967
2391,3.6,14.2,171.621,0.098,,,,,,,5872,1.21334,1.06,0.04,13.7967
14002,11.6,13.5,521.22,0.16,,,,,,,5872,1.21334,1.06,0.04,13.7967
9100,10.4,,3464.329636,0.57,,807,141,,,,7422,1.45,1.75,0.13,29.7575
4.230785,0.0527,14.3,146.2018,0.013,,,80,,,,5758,1.17561,1.03,0.18,15.4614
6.7994,0.044,1.69,3.5,0,,,,,,,3286,0.274,0.26,0.16,12.4773
33.747,0.13,2.16,5.3,0,,,,,,,3286,0.274,0.26,0.16,12.4773
14.651552,0.118,13.9,263.9785,0.0029,,700,89.73,,,,5198,0.98,1.015,0.39,12.5855
44.3936,0.247,8.51,54.4738,0.088,,,89.73,,,,5198,0.98,1.015,0.39,12.5855
4799,5.6,13,1232.493,0.0913,,,89.73,,,,5198,0.98,1.015,0.39,12.5855
0.7365474,0.01544,1.875,7.99,0.05,2657.8322,1958,83.59,0.39,0.03846733,1.5439,5172,0.943,0.905,0.35,12.5855
260.58,0.802,7.59,44.812,0.063,,,89.73,,,,5198,0.98,1.015,0.39,12.5855
919.86,2.028,13.4,597.8352336,0.042,,,,,,,4941,4.94,1.32,-0.17,54.6599
4.215,0.050201,2.11,5.1,0.12,,,,,,,5577,0.963,0.942,-0.01,8.50332
38.021,0.2175,4.46,18.2,0.14,,,,,,,5577,0.963,0.942,-0.01,8.50332
123.01,0.476,5.11,22.9,0.35,,,,,,,5577,0.963,0.942,-0.01,8.50332
735.1,1.758,13.4,587.9855,0.06,,,90,,,,4826,4.87,1.34,0.21,19.8101
996,2.153,13.9,276.5121,0.08,,,90,,,,4826,4.87,1.34,0.21,19.8101
116.688,0.481,12.6,2380.45,0.3988,,,,,,,5495,1.89,1.09,-0.09,17.9011
696.62,1.912,13.3,787.896621,0.093,,,,,,,4809,10.38,1.92,0.1,82.9613
2051.62,3.929,13.9,289.8595072,0.023,,,,,,,4809,10.38,1.92,0.1,82.9613
93.31,0.462,13.5,524.4168716,0.062,,,,,,,4847,10.73,1.51,-0.03,162.552
1005.57,2.104,13.1,1051.058542,0.037,,,,,,,4734,11.21,1.23,-0.11,101.26
181.4,0.7,13.1,1017,0.027,,,,,,,4665,11,1.4,-0.03,44.0304
,93.9,12.5,2860.455663,0.4,,,42.6,,,,9770,2.95887,2.4,,162.127
,260,12.3,4290.5,,,,,,,,5285,0.999394,0.9,0.04,50.0475
8905,8.996,13,1147.360549,0.015,,1400,57.5,,,,6140,1.25,1.218,0.19,26.8564
4168.69,4.01,13.6,425.8900654,,,,,,,,3680,,0.49,,1040
8.463446,0.07,4.79,8.99,0.07,21.2,554.8,88.39,0.502,0.249,3.24,3540,0.862,0.635,0.01,9.7221
18.859023,0.119,2.79,14.46,0.18,7.3,424.7,89.46,0.259,0.085,4.29,3540,0.862,0.635,0.01,9.7221
12.73596,,1.02,1.053,0.00305,,,89.31812,,,,3678,0.744,0.51,0.23,9.7221
33.11,,4.87,21.1,,,,,,,,3665,0.82,0.6,0.12,9.7221
481.9,1.3,12.7,2034.112,0.2,,,,,,,4095,32.35,1.14,-0.71,1070.63
1.271869,0.0208,,6.2,,,1820,,,1.4,,4596,0.69,0.7,-0.05,43.5687
268.94,0.78,13.8,330.5432,0.29,,,,,,,4864,0.86,0.49,0.17,49.352
153.22,0.576,13.8,337.21763,0.001,,,,,,,4649,8.95,1.08,-0.22,768.045
137.48,0.539,13.7,352.78,0.26,,,,,,,4796,14.7,1.1,0.28,426.42
379.63,1.45,12.1,6807.63,0.15,,,,,,,4137,49,2.8,-1,1539.71
621.99,2.01,12.4,3963.17,0.18,,,,,,,4137,49,2.8,-1,1539.71
578.2,1.3,13,1334.886,0.21,,,,,,,4296,17.3,0.8,-0.46,1322.51
41.6855,0.241,2.57807,22.2481,0,,546,89.55,,0.049,,5766,1.08,1.67,-0.15,179.461
1887.76,4.65,12.4,3368.981114,0.59,,,,,,,4500,50.24,3.75,-0.03,454.251
123.05,0.54,14.2,174.8056239,0.73,,,,,,,4500,17.85,1.38,-0.2,610.715
307.88,0.83,13.6,432.2466335,0.12,,,2.579,,,,5004,0.813064,0.81,-0.09,53.622
392.6,1,13.9,289.2253,0.2,,,,,,,4414,11,0.74,-0.2,871.493
733,1.7,13.5,540.311,0.76,,,,,,,4534,10.33,1.09,-0.13,666.589
2590,4.2,13.5,508.5,0.35,,,,,,,4943,7.6,1.52,-0.19,442.042
265.59,0.78,14,228.836453,0.27,,,0.6012,,,,5012,0.896193,0.909,0.18,52.5697
,1662,14.68376472,4767.426105,,,1303,,,,,4993,0.797,1,,44.9543
1198.48,2.06,12.4,3305.415433,0.88,,,5.974,,,,5000,0.804724,0.816,-0.09,38.0473
3.8728,0.0428,,1523.033726,0,,,0.3243,,,,4324,0.686355,0.7,-0.14,20.2695
125.94,0.435,8.38,53,0.31,,,,,,,4324,0.686355,0.7,-0.14,20.2695
5.6,0.06,,2948.494132,0.15,,,0.2746,,,,4816,0.71,0.5,-0.06,41.3342
237.6,0.68,12.5,104,0.19,,,,,,,4746,0.71,0.74,-0.07,41.3342
3.48777,0.04,14.1,187.5197,0.02,,,,,,,5393,0.91,1.47,0.38,84.4069
1634,2.36,14.1,206.5895,0.05,,,,,,,4550,0.639,0.651,-0.35,27.1665
74.2,0.3,4.04,15.37,0.4,,,,,,,4550,0.639,0.651,-0.35,27.1665
714.29999,1.66,12.5,3108.3774,0.21,,,,,,,4545,19.17,2.12,-0.08,925.214
4.2889731,0.0656,21.59,3932,0.066,646.761,2001,80.78,0.9099,0.649,3.086,6935,2.35,1.41,-0.34,589.423
655.57,1.34,12.8,1639.99458,0.5439,,,80,,,,4714,0.74,0.741,-0.03,34.4603
1891,2.63,14,214,0.1,0.02,,,,,,4051,0.747,0.679,0.12,23.7324
6240,5.9,12.9,1525.576354,0.43,0.0039,,33,,,,4051,0.747,0.69,0.12,23.7324
547,1.444,14.2,177.3482511,0.247,,,,,,,6033,1.414,1.083,-0.02,119.052
1823.5,3.634,,8358.887104,0.428,,,,,,,5701.43,2.75645,1.507,0.2615,234.294
3.1542,0.0229,0.72,0.299,0.03,6.76,438,,,,,3195,0.185,0.162,-0.56,1.82655
4.1244,0.0274,0.743,0.335,0.08,,400,,,,,3195,0.185,0.162,-0.56,1.82655
2.3402,0.0188,0.694,0.263,0.04,,483,,,,,3195,0.185,0.162,-0.56,1.82655
6.7392,0.0381,0.637,0.193,0.04,,340,,,,,3195,0.185,0.162,-0.56,1.82655
2.2907,0.0185,1.82,3.95,,8.6,464,87.48,,,,3130,0.175,0.161,0.13,8.60715
,67,17.37392009,9375.938007,,,1800,,,,,3689,0.558549,0.4,-0.16,22.3896
10037.5,2.6,12.4,3337.1,,,370,,,,,580.5,,0.021,,23.1
8040000,200,20.8487041,2479.061575,,,1800,,,,,2320,0.245,0.0147,,
,210,12.3,3994.486,,,,,,,,3099,,0.35,,190.374
25.2,0.17,13,1144.182265,0.58,,,,,,,3807,1.880857,0.9,,157.998
402000000,7506,12.57647635,2383.713053,,,493,,,,,3552,0.366,0.4,0,10.8864
,440,24.66,5403,,,2600,,,,,4403,1.679694,,-0.56,190.72
,2.48,12.2,4926.340309,,,390,,,,,,,0.024,,14.43
1.5089557,0.02752,16.7,327.35,0,2852.63,1898,85.1,0.35,1.92654,2.373,5950,1.11,0.95,-0.3,787.909
13.2406,0.1055,10.87,874,0.53,16.1089,600,88.55,0.85,1.61036,2.98,5075,0.79,0.89,0.26,338.386
2.99433,0.0436,16.03,740.51,0,1890.649,1657,83.17,0.818,1.1449,2.5009,6440,1.37,1.27,-0.03,655.037
2.828042,0.04016,16.14,291.438,0.07,661.1334,1442,85.48,0.573,1.744,2.57424,5675,1.116,1.078,0.16,1126.37
4.03519,0.051,9.92,415.704,0,546.5339,1700,88.02,0.374,1.18504723,3.14,5945,1.01,1.09,0.01,1148.93
1.51214,0.027,12.22,2415.4,0,,1952,79.6,0.86,,1.662,6035,1.21,1.13,0.05,1744.6
5.35227,0.0618,13.11,170.032,0.33,,,85.01,0.825,1.02,2.39,5650,1.19,1.098,0.19,732.409
3.7681,0.0461,11.43,772.29,0,,1626,88.34,0.18,0.44,4.72001,5740,1.59,1.04,0,1176.12
1.9000693,0.0295,14.68,1102.82,0.08,823.7009,1550,86.5,0.4,2.57170086,2.387,5440,1,0.95,-0.1,764.889
3.89713,0.0518,14.46,352.78,0.047,1103.809,2000,88,0.24,0.63127463,4.7,6090,1.65,1.21,-0.02,790.663
1.7429935,0.02798,16.432,1102.82,0.0143,932.9076,1521,88.08,0.221,2.75,2.26704,5625,0.906,0.96,0.04,213.283
9.24285,0.09,9.41556,1366.669,0.59,180.8704,1024,88.21,0.26,1.0879977,2.2248,5880,1.02,1.14,0.14,844.061
1675,2.9,12.2,5403.11,0.6,,,,,,,5880,1.02,1.14,0.14,844.061
2.72474,0.0417,14.5717,718.2958,0,,,86.8,0.25,,4.76,6200,1.95,1.29,0,1398.834197
9.75598,0.092,4.88,12.2,0.077,,885,89.749,0.012,,4.492,5939,1.136,1.099,0.17,627.158
3.6313,0.048,11.77,889.9,0.16,,1660,85.7,0.56,,3.888,5900,1.61,1.14,0.05,1060.97
5.1134,0.056,3.7,5.7,0,,1070,86.5,0.65,,2.85,4950,0.86,0.91,0.3,591.555
11.759,0.098,5,28,0,,850,89,0.3,,4.8,4950,0.86,0.91,0.3,591.555
4.86069,0.0578,12.11,85.81,0,,1330,84.5,0.94,,1.92,6040,1.19,1.09,-0.01,1103.48
4.20474,0.0526,14.12,165.26,0,,1600,86.8,0.33,,5.47,5590,1.79,1.09,0.01,1045.18
3.57532,0.0476,11.287,3302.11,0.065,,1500,86.7,0.54,,2.77,5900,1.08,1.05,-0.1,1010.28
5.20851,0.0603,10.704595,153.82972,0.047,,,88.1,0.24,,5.7,5150,1.78,1.01,0.15,766.183
2.85057,0.0386,10.0881,270.1555,0.082,,,87.3,0.43,,2.19,5260,0.9,0.97,0.2,806.507
4.2568,0.05783,11.32,6883.91,0,,1695,85.9,0.55,0.4398,3.384,6740,1.56,1.37,0.14,768.771
9.06005,0.0844,11.309881,921.707,0.007,,,90,0,,,5650,0.91,0.98,0.02,1032.23
4.62941,0.0586,16.36514,266.9772,0.02,,,83.2,0.87,,,5700,2.15,1.25,0,2005.76
6.71837,0.071,6.38913,47.6745,,132.26,938,89,0.4,0.29,2.496,5970,0.79,1.08,0,576.683
3.22748,0.0429,18.83108758,349.6112477,0,,1747,84.1,0.58,1.257,4.19,6390,1.65,1.01,-0.5,1123.21
5.616531,0.066,15.80466279,216.1233168,0,,1567,85.83,0.573,1.01,4.98,6730,1.52,1.32,-0.1,925.958
9.20205,0.09,13.34,228.83,0,203.9517,1074,90,,1.38123234,4.4317333,6190,1.17,1.16,0.05,726.412
4.0378962,0.04947,15.558,148.42,0.09,786.2949,1438,85.83,0.755,1.461,2.9331124,6100,1.186,1,-0.25,882.472
8.886593,0.0855,13.068,940.74,0.1,,1017,89.07,0.291,,4.08,6090,1.025,1.05,-0.2,645.294
0.85359163,0.017016,1.68135,4.07660518,0,,1756,80.1,0.713,0.035,1.059,5275,0.83,0.82,0.05,159.906
3.698,0.046,2.83,8.4,0,,,80,,,,5256,0.864273,0.899,0.06,159.906
8.966,,4.31,17.142,,,,,,,,5250,0.8389,0.915,0.12,159.906
6.21229,0.063,6.39,69.92,0,,870,88.4,0.49,0.651,2.74,5080,0.77,0.88,0.3,322.037
95.272656,0.4021,11.948794,266.9772,0.133,,420,89.9,0.16,1.55,8.268,5625,0.96,0.96,-0.01,412.98
4098.1,5.75,12.4,3823.273302,0,,,86,,,,3579,0.424754,0.51,,30.5225
246.36,0.36,11.9,9057.77,0.345,,,56.6,,,,,,0.075,,20.77
,330,30.2643,3496,,,2200,,,,,4371,0.27,0.33,,134.846
17.812,0.1423,4.26,16.8,0.2,,877,,,,,6196,1.26,1.21,,62.5388
10.03,0.0973,3.31,10.94,0.22,,1239,,,,,6196,1.26,1.21,,62.5388
3.1417,0.04467,2.02,4.72,0.36,,1632,,,,,6196,1.26,1.21,,62.5388
5.516,0.0651,1.86,4.13,0.07,,1314,,,,,6196,1.26,1.21,,62.5388
5.203,0.06638,14.2,171.48,0.06,,1000,,,,,6500,1.78,1.41,,137.94
3.168,0.04789,8.26,51.79,0.28,,,,,,,6500,1.78,1.41,,137.94
16.491,0.1432,11.6,91.79,0.1,,,,,,,6500,1.78,1.41,,137.94
5.59,0.05958,1.44,2.67,0.42,,854,,,,,5138,0.91,0.9,0.18,46.8917
3.4982,0.04853,3.53,12.2,0.063,,,,,,,6400,1.38,1.25,-0.007,25.3284
7.6027,0.0779,2.28,5.8,0.34,,,,,,,6182.09,1.27,1.079,0.32,54.6303
36.441,0.2206,3.74,13.47,0.31,,,,,,,6182.09,1.27,1.079,0.32,54.6303
4.984,0.05873,9.13,61.39,0.1,,,,,,,5996.82,1.53949,1.09,,101.386
62.915,0.3098,10.8,81.09,0.275,,,,,,,6009,1.24,0.99,,76.1335
12.733,0.1097,3.89,14.43,0.25,,,,,,,6092,1.26,1.1,,109.539
10220,8.19,12.7,1995.88832,0.39,,,,,,,13500,0.0115,0.69,,305.684
8.138268,,5.7,413.179,0,115.8276,850,89.5,0.18,0.2936,3.1764,5428,0.964,1.01,0,44.0622
6.7987,0.0349,1.047,1.15,0,,,89.0025,0.46,,,3648,0.282,0.287,-0.048,134
28.1656,,1.87,4.16,,,,,0.24,0.316,3.36,3587,0.374,0.41,,159.259
0.72091,,1.5,2.86,,,,88.5,,,,5633,0.94,0.93,-0.053,706.391
2.13174,,0.692,0.26,,,,,0.21,,,4991,0.554,0.78,-0.0892,253.026
0.87724,0.0177,1.565,7.67,0,2852,2038,78.2,0.814,0.025,1.0008,5679,0.98,0.958,0.01,232.1
3.80464,,1.22,1.98,,,,,0.61,,,5960,1.61,1.073,0.09,476.882
2.71578,,1.03,1.08,,,,,0.21,,,4761,0.544,0.67,-0.33,334.967
2.0478,0.0296,0.90819,0.688,0,,,89.2757,0.12,,,4520,0.655,0.727,-0.003,577.6
3.96151,,1,0.972,,,,,0.4,0.0485,2.16,4326,0.634,0.611,-0.1132,257.443
4.1698,0.035,1.04,1.12,,,,89.001,0.21,0.0447,2.4,5053,0.628461,0.802,0,436.488
8.050722,,1.31,2.27,,,960.6,89.81,0.064,0.0303,3.72,5502.7,0.83,0.877,-0.13,243.935
4.50756,,1.7,3.53,,,,,0.7,0.0267,2.184,5724,0.823,0.928,-0.22,369.888
0.911724,,1.4,2.54,,,,91.7,0.96,0.0179,1.416,5724,1.1,0.928,-0.22,369.888
14.647531,,2.6,7.27,,,,90,0.94,0.0872,4.008,5724,1.1,0.928,-0.22,369.888
2.87814,,1.01,1.01,,,,,0.26,,,3489,0.37344,0.221,,161.365
5.2986,,1.7,3.53,,,,90.5,0.26,0.197,3.144,4114,0.5,0.565,0.006,451.769
0.354884,,1.2,1.87,,,,89.9,0.25,0.0553,1.07,4114,0.5,0.565,0.006,451.769
2.255436,,1,0.972,,,,89.9,0.28,0.269,0.984,3297,0.25,0.407,-0.33,109.888
1.58252,,0.96,0.84,,,,,0.57,0.03,1.752,4752,0.669,0.711,0.019,314.35
17.515472,,2.094,5.03,,,,,0.268,0.0948,3.936,4752,0.758,0.832,0.019,314.35
21.1701963,0.1195,1.92,4.35,0.06,3.5,431,89.73,0.38,0.1041,3.576,4057,0.58,0.62,0.2,186.197
19.49221,0.1493,5.76,11,0,101,817,87.9,0.58,0.17,3.91,6069,1.39,1.17,0.1,181.69
2.289363,,1.48,2.79,,,1149,,0.41,0.0535,1.88,5171,0.8,0.83,-0.03,418.395
5.213965,,2.27,5.77,,,866,,0.39,0.0828,2.62,5171,0.8,0.83,-0.03,418.395
18.0983,,2.17,5.35,,,,,0.74,0.0298,4.32,5782.33,1.2247,1.106,,611.804
34.885,,1.6,3.19,,,,,0.28,,,4982.79,0.757541,0.912,,283.29
15.28078,,1.26,2.13,,,756,,0.43,0.0187,3.46,6004,0.98,0.99,-0.18,320.07
23.228555,,2.32,5.99,,,658,89.42115,0.43,0.0506,3.25,6004,0.98,0.99,-0.18,320.07
0.578657,,1.2,1.87,,,,90.3,,,,5765,0.93,1,-0.39,561.929
11.811437,,2.3,5.9,,,,90,,0.0722,2.064,5765,0.93,1,-0.39,561.929
13.603,0.098,2.586,7.2,0.2,,536,89.071,0.479,0.11,2.976,4684,0.673,0.69,-0.137,336.25
65.55,0.28,2.69,7.7,0.2,,316,89.63,0.567,0.11,4.608,4684,0.673,0.69,-0.137,336.25
0.762406,,0.99,0.937,,,,92.6,,,,5620,0.89,0.95,0.28,624.512
0.70531,,1.6,3.19,,,,91.3,0.25,0.0262,1.704,5499,1,0.94,-0.23,496.289
0.57130782,0.0132,1.606,7.54,0,4656,2324,88.5,0.0766,0.02847,1.599,5578,0.99,0.913,-0.005,244.59
13.340603,0.1078,2.712,7.9,0.18,70,838,89.34,0.2603,0.0903,3.7822,5578,0.99,0.913,-0.005,244.59
0.728113,,1.1,1.37,,,932,89.7,0.49,0.068,0.7992,3782,0.32,0.418179,-0.18,150.124
16.141132,0.1237,2.332,10.4,0.23,69.7,804,88.08,0.38,0.036,2.1,5868,0.999,0.97,-0.12,121.971
6.180235,0.07229,11.780659,953.49,,642,1401,86.21,0.647,0.464,4.10808,6202,1.586,1.317,0.141,372.632
3650,4.5,12.44199,4131.79,0,0.19,183,89.87,0.79,0.18,53.6,4898,2.7,0.9,-0.23,551.886
3.5951,0.047,1.95,8.75,0.06,1037,1616,86.14,0.42,,4.33,5430,1.71,1.05,0.2,321.296
15.624,0.13,3.67,14.67,0.07,160,990,87.94,0.6,,6.37,5430,1.71,1.05,0.2,321.296
35.747,0.22,3.94,10.18,0.15,53,752,89.47,0.25,,9.56,5430,1.71,1.05,0.2,321.296
,800,12.2,5085.28,,,2375,,,,,2838,,0.05,,133.4950466
2.27476,0.01723,1.02,1.03,0,7.06,453.6,,,,,2999,0.170718,0.132,,9.53114
1219,1.137,3.87,14.3,0.676,0.0016,55.9,,,,,2999,0.170718,0.132,,9.53114
,350,12,8263.538582,,,1670,,,,,3517,0.522432,0.519782,,21.7912
5.4536,0.02971,1.1,1.37,0,1.8,322.3,,,,,2907,0.153162,0.118,,10.6267
2.30538,0.02279,1.39,2.5,,20.5,587,,,,,3326,0.305,0.297,0.1,16.009
8.0518,0.0525,1.76,3.75,,3.87,387,,,,,3326,0.305,0.297,0.1,16.009
1.43263,0.01283,1.13,1.52,0,13.57,534,,,,,,0.177,0.137,,
5.7459982,0.0418,1.9,4,0,6.27,440.6,89.03,0.513,0.365,1.693,3395,0.3026,0.2952,-0.07,27.9276
10.3465,0.0457,1.03,1.08,,0.67,230.9,,,,,3024,0.137,0.12,-0.25,4.84867
21.202,0.0738,1.1,1.36,,0.257,181.7,,,,,3024,0.137,0.12,-0.25,4.84867
3.2073,0.021,1.04,1.11,0.05,3.8,,77,,,,2953,0.156,0.12,-0.08,3.67278
6.6821,0.0342,1.19,1.81,0.02,1.4,,,,,,2953,0.156,0.12,-0.08,3.67278
13.066,0.054,1.16,1.67,0.04,0.6,,,,,,2953,0.156,0.12,-0.08,3.67278
1.62892911,0.0157,1.19151465,1.83704819,0.0118,19.3,583.8,88.16,0.504,0.2443,0.76646,3229,0.2211,0.1945,-0.17,12.613
8.929,0.0476,1.52,2.91,0.19,,300,,,,,3090,0.226,0.198,-0.18,12.613
9.6412,0.0835,2.11,5.12,0,58.4,,,,,,5033.8,0.837,0.836,0.13,28.5159
41.38,0.166,11.9,96.7,0.38,,,,,,,3287,0.358519,0.344045,0.1596,11.0143
532.58,0.912,9.71,68.06,0.342,,,,,,,3287,0.358519,0.344045,0.1596,11.0143
389.7,0.5714,3.25,10.62,,,,,,,,3280,0.1781,0.1639,-0.12,8.03625
1.580404531,0.01505,2.733,8.41,0.0062,17.2,567,88.98,0.264,1.343,0.86966,3101,0.2162,0.182,0.24,14.6427
0.5182331,0.00915,1.193,1.32,0,233,1090,85,0.44,0.0831892,0.724,3458,0.391,0.381,0.1,20.373
3.6511,0.026,2.63,7.4,0.04,,,,,,,3236,0.192,0.178,-0.04,10.2525
111.74,0.27,2.38,6.27,0,,150,,,,,3296,0.245012,0.21,0.02,8.35147
35.61253,0.1915,2.61,22.7,0.188,7.0423,422,89.33,0.587,0.13976487,3.23,4640,0.695,0.73,0.003,16.32
11.4407,0.072,1.55,3.03,0.094,,550,,,,,3607,0.38,0.38,-0.34,3.56228
7600,5.4,6.67,36,0.27,,,,,,,3607,0.38,0.38,-0.34,3.56228
5.2354,0.053,3.17,10.2,0.06,,,,,,,4347,0.655173,0.69,,25.8557
8.63182,0.0607,3.25,10.6,0.073,,,,,,,3500,0.409738,0.4,0.1,15.1285
25.63058,0.1254,2.5,6.8,0.099,,,,,,,3500,0.409738,0.4,0.1,15.1285
603.95116,1.0304,5.92,29.4,0.373,,,,,,,3500,0.409738,0.4,0.1,15.1285
2288,2.41,13.8,301.9369867,0.21,,,61,,,,3370,0.38,0.357,0.3,12.356
17.133,0.092,2.43,6.49,0.07,,,,,,,3371,0.413049,0.43,,11.9407
24.329,0.129,2.41,6.4,0.09,,,,,,,3371,0.413049,0.43,,11.9407
106.3,0.309,2.66,7.56,0.14,,,,,,,3371,0.413049,0.43,,11.9407
2.38129,0.034,2.03,4.76742611,0.239,,,,,,,5485,2.24104,0.96,-0.4,37.0788
25533.11353,16.761,12.3,4069.157095,0.041,,,16.999,,,,5485,2.24104,0.96,-0.4,37.0788
69.971,0.283,4.17,16.2,0.72,,,,,,,4069.95,0.709495,0.62,,28.4434
272.7,0.71,13.6,413.1769291,0.85,,,,,,,4159,0.728,0.65,0.6,38.129
121.93268,0.384,2.87,8.58136699,0.366,,,,,,,3564,0.46,0.509,,5.75624
579.47495,1.086,3.97,14.93793513,0.404,,,,,,,3564,0.46,0.509,,5.75624
1.7446999,0.02123,0.566,0.126,,229.4579,758,89.99,0.202,0.01604643,1.239,3485,0.4314,0.4193,0.15,15.2142
14.237,0.0808,1.79,3.85,0,2.37,336,,,,,3342,0.36,0.35,0.07,5.58057
53.647,0.196,1.8,3.88,0,0.404,216,,,,,3342,0.36,0.35,0.07,5.58057
15.819,0.101,3.66,13,0.08,,,,,,,3542,0.518887,0.53,,23.6062
18.6498,0.091101,1.51,2.89,0.1,1.06,,,,,,3382,0.293,0.29,0.09,5.921535
4.7234,0.036467,1.06,1.18,0.17,6.66,,,,,,3382,0.293,0.29,0.09,5.921535
133.71,0.49,13.1,1071.04,0.511,,350,,,,,5540,0.9,0.9,0.1,17.5559
11.949,0.079,2.79,8.2,0.22,,,,,,,3910,0.465216,0.47,,16.6186
2.85310198,0.0316,2.18,4.52,0.25,45.4,723,86.9,0.7,0.15471069,1.281,3707,0.516,0.519,0.12,22.4751
15.9407,0.0997,3.14,10,0,4.58,407.2,,2.22,,,3707,0.516,0.519,0.12,22.4751
1.22003,0.0197,1.18,1.78,0.19,118.1,,,,,,3717,0.5,0.681,-0.3,28.4712
5.974,0.057,1.88,4.18,0.11,13.9,,,,,,3717,0.5,0.681,-0.3,28.4712
257.8,0.698,3.23,10.5,0.32,0.1,,,,,,3717,0.5,0.681,-0.3,28.4712
695.69,1.138,13.3,794.5,0.0826,,,45,,,,3496,0.403,0.402,-0.02,15.1968
6500,5.04,13.6,454.494622,0.217,,,,,,,3496,0.403,0.402,-0.02,15.1968
10.66669,0.091,3.4,11.44182265,0.929,,,,,,,5257.46,0.931389,0.89,0.16,18.23817
3771,4.11,13.3,797.7493016,0.227,,,,,,,3897,0.63,0.65,-0.06,20.5266
241.8,0.657,4.91,21.4,,,,,,,,3897,0.63,0.65,-0.06,20.5266
30.5987,0.14339,5.19,23.54,0.06,1.07,,,,,,3466,0.404,0.42,0.02,20.1903
122.6196,0.36175,4.87,21.09,0.11,0.17,,,,,,3466,0.404,0.42,0.02,20.1903
48.1345,0.19394,2.67,7.6,0.12,0.59,,,,,,3466,0.404,0.42,0.02,20.1903
13.2543,0.08208,1.63,3.28,0.21,3.34,,,,,,3466,0.404,0.42,0.02,20.1903
5.3636,0.03282,1.23,2.02,0.23,2.58,,,,,,3159,0.119,0.164,-0.27,5.37484
40.54,0.1264,1.32,2.31,0.17,0.17,,,,,,3159,0.119,0.164,-0.27,5.37484
14.207,0.089,2.46,6.6,0.31,,,,,,,3526,0.439,0.47,-0.09,23.619
24.422,0.142,3.25,10.6,0.109,,391,,,,,4014,0.58,0.64,-0.03,6.33256
7.57686,,0.88,4,0,13.8,629,89.24,,0.0289,2.23,3770,0.5066,0.48,-0.16,10.454
3.3366496,0.0355,4.57,13.9,0.017,29.6584,593.5,89.13,0.4,0.67658704,1.8984,3600,0.547,0.539,0.2,29.4214
1.1980035,0.01589,1.264,1.86,0,59.4,773,87.95,0.336,0.11503177,0.95,3347,0.364,0.36,0.11,27.3644
15.509,0.0876,2.63,7.41,0,1.95,329.1,,,,,3347,0.364,0.36,0.11,27.3644
203.109,0.3376,14.3,146.5188956,0.4279,,,,,,,3141,0.139,0.123,-0.07,9.48637
2354,1.731,14.3,143.9762684,0.089,,,,,,,3141,0.139,0.123,-0.07,9.48637
3.9306,0.036,1.2,1.83,,12.6,518,89.228,0.307,0.0955,1.291,3505,0.337,0.342,-0.12,9.44181
9.1247,0.061,1.66,3.4,,4.45,401.2,,,,,3505,0.337,0.342,-0.12,9.44181
55.661,0.204,2.34,6.1,,0.38,219.6,,,,,3505,0.337,0.342,-0.12,9.44181
2.64561,0.0287,2.83,8.4,0.08,,,59,,,,3517,0.43,0.45,,20.3779
0.3219225,0.00709,0.699,0.633,0.06,579,1365,79.89,0.584,0.0212,0.629,3522,0.458,0.455,-0.01,9.41263
11.5301,,1.86,4.13,0.09,,,,,,,3522,0.458,0.455,-0.01,9.41263
34.369,,2.33,6.03,0.14,,,,,,,3522,0.458,0.455,-0.01,9.41263
3.0232,0.026,2.75,8,0.07,,,,,,,3324,0.281,0.27,0,13.743
2.616235,0.0252,1.09,1.75,0,17.3,568,88.442,0.11,0.11206014,1.19,3384,0.32,0.313,-0.02,15.8095
15.04,0.081,2.26,5.71,0,1.68,317,,,,,3384,0.32,0.313,-0.02,15.8095
7.02679,0.05402,1.17,1.71,,9.21,485,,,,,3579,0.426,0.426,-0.09,7.03149
6.905,0.0608,2.57,7.14,0.121,,590,,,,,3867,0.61,0.63,-0.04,16.9287
6.9442,0.0405,1.74,3.69,0,2.45,348,,,,,3273,0.19734,0.1842,-0.12,9.9105
2.65033,0.03,1.39,2.5,0,48,,,,,,3726,0.5,0.52,-0.13,18.1459
13.727,0.09,2.5,6.82,0,5.4,,,,,,3726,0.5,0.52,-0.13,18.1459
41.78,0.189,2.34,6.07,0,1.2,,,,,,3726,0.5,0.52,-0.13,18.1459
12.9394,0.07879,1.45,2.69,0.063,3.13,349.83,,,,,3719,0.3685,0.3899,-0.3621,5.675773
50.8,0.2324,2.63,7.6,0.45,,308.6,,,,,4120,0.68,0.65,0.24,11.8893
749.83,1.4,8.4,53.83,0.105,,124.7,,,,,4120,0.68,0.65,0.24,11.8893
20.129,0.111,3.33,11.07,0.11,,,,,,,3323,0.370328,0.35,,12.6631
1.6339,0.0153,1.53,2.97,,14.7,,,,,,3228,0.19,0.18,-0.19,7.23556
69.57,0.186,2.83,8.39,,0.1,,,,,,3228,0.19,0.18,-0.19,7.23556
13.352,0.082,4.22,16.57,0.37,,,,,,,3387,0.407,0.406,0.12,21.3362
7.3705,0.062,2.33,6.043,0.04,,,,,,,3461,0.5,0.48,-0.17,9.06456
5094.105,4.819,6.27,32.422,0.12,,,,,,,3461,0.5,0.48,-0.17,9.06456
36.059,0.178,2.14,5.223,0.07,,,,,,,3461,0.5,0.48,-0.17,9.06456
2.64388312,0.0291,4.17,22.1,0.13827,29.4322,686,86.44,0.736,0.6819,1.00536,3586.11,0.455,0.47,0.0991,9.75321
3459,3.53,13.1,1080.616584,0.146,,,152,,,,3563,0.483,0.486,-0.16,18.3554
9.5536,0.068,2.91,8.8,0,,406,,,,,3509,0.449,0.45,0.26,14.2358
1.46712127,0.01714,1.289,2.77,0.00086,39.2,696.3,89.39,0.12,0.13871,1.0158,3317,0.3243,0.312,-0.15,8.07426
,43.5,12.10569916,1271.3,,,510,,,,,6234,1.26,1.22,0.28,17.5299
5300,4.85,,587.982553,0.27,,,,,,,3720,0.53,0.54,-0.15,16.6374
140.43,0.422,2.13,5.2,0.45,0.28,202,,,,,3728,0.5,0.51,-0.14,7.61778
8.70874,0.0668,2.41,6.37,0,9.9,451,,,,,3641,0.529,0.528,-0.08,10.4092
32.761,0.1617,2.3,5.89,0,1.692,290.5,,,,,3641,0.529,0.528,-0.08,10.4092
5.3686,0.0399,4.79,20.5,0.0342,,,47,,,,3500,0.302,0.295,-0.08,6.2981
12.9211,0.0718,2.5,6.81,0.032,,,47,,,,3500,0.302,0.295,-0.08,6.2981
3.1481,0.02799,1.38,2.48,0.012,,,47,,,,3500,0.302,0.295,-0.08,6.2981
14.628,0.078361,1.49,2.82,0.13,,,,,,,3499,0.31,0.3,-0.38,6.47249
600.1,1.112,10.8,81.99972901,0.083,,,,,,,3734,0.5,0.51,-0.15,10.3796
7.203,0.050431,2.25,5.68,0.2,,,,,,,3350,,0.33,-0.55,7.24396
28.14,0.125,1.77,3.8,0.02,,,,,,,3350,,0.33,-0.55,7.24396
62.24,0.213,1.45,2.7,0.02,,,,,,,3350,,0.33,-0.55,7.24396
39.026,0.156,1.45,2.7,0.03,,,,,,,3350,,0.33,-0.55,7.24396
256.2,0.549,1.99,4.6,0.08,,,,,,,3350,,0.33,-0.55,7.24396
4.6938,0.039,3.33,11.09,0.2,,,,,,,3600,0.36463,0.35,-0.28,4.54896
1051.44521,1.735,12.8,1840.862133,0.319,,,48.919,,,,3734,0.69,0.626,0.23,16.0272
13921.42302,9.726,12.3,4288.140867,0.295,,,33.69,,,,3734,0.69,0.626,0.23,16.0272
3.60076,0.039,1.78,3.81394088,0.192,,,,,,,3734,0.69,0.626,0.23,16.0272
35.47358,0.181,2.47,6.67439655,0.152,,,,,,,3734,0.69,0.626,0.23,16.0272
17281.66514,10.138,12,7977.493016,0.381,,,21.984,,,,3563,0.45933,0.456,,9.67315
17.478,0.08,1.93,4.4,0.08,,,,,,,3028,0.298255,0.27,,5.00671
57.32,0.176,2.89,8.7,0.1,,,,,,,3028,0.298255,0.27,,5.00671
24.16,0.1344,2.95,9,0,,,,,,,3816,0.54,0.55,-0.15,14.3155
38.142,0.163,4.32,17.2,0.17,,,,,,,3413,0.4183,0.4,0.0631,4.54939
727.562,1.165,4.14,16,0.4,,,,,,,3413,0.4183,0.4,0.0631,4.54939
19.466,0.119,3.77,13.64,0.12,,401,,,,,3837,0.56,0.57,-0.14,15.5575
5.101284,0.04685,3.27,10.75,0.577,23.32,611,,,,,3799,0.52226,0.5271,-0.02,16.9658
2.37756,0.029,1.53,2.96,0.24,79,829,,,,,3913,0.56,0.58,0.08,11.1017
0.9263237,0.01406,1.331,1.9,,130,940,87.7,0.3,0.0952,0.93,3600,0.4144,0.413,-0.28,12.0445
6.64064,0.0523,2.28,5.8,,9.5,490,,,,,3600,0.4144,0.413,-0.28,12.0445
3853,3.7,13.8,314.6501229,0.05,,,51,,,,3472,0.441557,0.45,-0.3,4.96435
1925.31,2.32,13.9,283.8207675,0.029,,,,,,,3467,0.45,0.45,0.09,8.80058
5990,4.95,13.8,314.6501229,0.092,,,,,,,3467,0.45,0.45,0.09,8.80058
15.76491,0.11,12.9,1404.8086,0.04,,,,,,,5182,0.77,0.93,-0.22,10.7836
61.1166,0.208317,13.3,723.2235,0.0324,,,59,,,,3293.74,0.3,0.32,0.2129,4.67517
30.0881,0.12959,14,226.9846,0.25591,,,59,,,,3293.74,0.3,0.32,0.2129,4.67517
1.93778,0.02080665,2.51,6.83,0.207,,,59,,,,3293.74,0.3,0.32,0.2129,4.67517
124.26,0.3343,3.92,14.6,0.055,,,59,,,,3293.74,0.3,0.32,0.2129,4.67517
9.2619,0.0683,1.8,3.9,0.14,7.8,426,,,,,3688,0.468,0.495,-0.06,3.28679
21.784,0.121,2.43,6.5,0.17,2.5,320,,,,,3688,0.468,0.495,-0.06,3.28679
50.77,0.212,2.34,6.1,,0.81,241,,,,,3688,0.468,0.495,-0.06,3.28679
4.4249,0.0417,1.12,1.46,,20.9,544,,,,,3688,0.468,0.495,-0.06,3.28679
284.39,0.63965,13.3,718.2921998,0.35,,,69.2,,,,3345,0.394682,0.43599,,6.26022
,12000,12.4,3496.112477,,,,,,,,3976,0.716187,1.08,-0.63,20.8065
771.36,0.88,9.6,66.74396547,0.46,,,,,,,3154,0.164,0.15,-0.13,4.471
13.4586,0.0943,3.48,11.9,0.49,,,,,,,3811,0.626041,0.62,,23.8839
73.94,0.291,4.67,19.66,0.44,,,,,,,3785,0.580612,0.6,0.14,11.9315
18.27,0.1139,3.07,9.65,0.29,,453.04,,,,,3836,0.57,0.59,0.05,30.6203
19240.75467,12.319,12.5,2988.540511,0.155,,,155.326,,,,4263,0.662662,0.67,,20.5121
2965,2.921,14.2,172.580825,0.218,,,,,,,3528,0.362,0.358,-0.2,15.9211
1.208974,0.0189,1.44,4.28,0,318,1035.01,87.6,0.3,0.0586,1.25976,4236,0.58,0.62,-0.29,29.661
3.648103,0.0395,1.13,1.86,0,73,715.94,89.09,0.23,0.0361,1.8264,4236,0.58,0.62,-0.29,29.661
6.20183,0.053,1.98,3.02,0,34.9,675,87.41,0.891,0.0957,1.2264,4236,0.58,0.62,-0.29,29.661
1.744579,0.0338,16.47720163,6261.219618,0,4650,2300,79.9,0.82,0.9,2.09,7000,1.56,1.68,0.35,655.013
,100,33.6,6356,,,2650,,,,,4360,1.94153,0.7,-0.35,151.169
,320,20.1762,5000,,,2300,,,,,4200,0.90484,0.9,-0.06,108.5
,2000,14.179,3591.3,,,1050,,,,,4031.81,0.450458,0.325,0.1,47.5501
3.052524,0.04047,13.77583728,533.9517238,,426.5351,1159.07,85.73,,1.58532048,2.2564388,5470,0.952,0.949,,363.66
3.6915224,0.0467,14.81827249,259.6658085,,512.0235,1213.23,85.21,,1.63160232,2.720758,5720,1.064,1,,209.229
571.3,,12.4,3750.375203,0.338,,,116.9,,,,4034,0.624,0.644,0.05,73.4829
358.62,,12.1,6633.078854,0.6423,,,129.7,,,,3447,0.345,0.339,-0.18,41.1813
,1.4,14.1,187.8365885,,,,,,,,,,1.145,,1270
3.822,0.039435,3.66,13.02,0.109,,830,,,,,3879,0.56,0.56,0.06,14.9545
6.02,0.0531,2.83,8.4,,,,,,,,3842,0.543,0.55,0.05,11.9324
13.8508,0.0905,2.24,5.63,0.363,,,,,,,3805,0.511,0.515,0.13,9.8528
15.53,0.091,2.46,6.624,0.05,,379,,,,,3656,0.427,0.426,-0.23,8.15728
11.2201,0.068,1.48,2.78,0,,,,,,,3433,0.351,0.33,-0.19,3.5214
12.761418,0.067,0.93,0.95,0.24,1.62,314.6,89.25,0.75,0.12152496,1.2,3328,0.265,0.255,-0.24,12.21
4.46529976,0.05561,14.784671,166.86075,0,259.687,1322,85.634,0.7501,1.444,2.85,5980,1.174,1.151,0.13,158.979
4.888,0.05258,4.36,25,0.251,100.77,838,89.027,0.227,0.43421,2.35562,4653,0.683,0.811,0.31,37.7647
3361,4.1,13.2,851.7801308,0.652,,,33.1,,,,4653,0.683,0.811,0.31,37.7647
3.2130598,0.0384,10.749,67.059,0,118.075,963,89,0.211,1.977,2.3376,4650,0.701,0.733,-0.29,142.751
2.91625,0.04383,14.258,270.462,0.0133,1978.5245,1740,83.4,0.679,0.72577025,3.28681,5653,1.756,1.32,0.46,246.81
446.27,1.258,12.3,4538.421,0.6616,,340,,,,,5653,1.756,1.32,0.46,246.81
4.62767,0.0596,15.91678,1093.3352,0.11,1038.78,1624,83.5,0.9072,0.65,2.1888,6600,1.82,2.65,0.11,222.663
10.8635,0.0965,11.88154,616.5902,0.19,79.7578,904,89.1,0.342,1,5.484,5568,1.07,1,0.22,192.516
2.77596727,0.0413,14.68376472,1341.56043,0.0462,1597.59,1566,88.4,0.22,1.3613,3.0624,6140,1.158,1.218,0.17,226.637
10.33852,0.0892,11.76945,184.3414,0.35,110.512,800,89.2,0.47,1.5,3.994,5246,0.87,0.99,0,92.3831
5584,5.6,13.1,1080.6,0.39,,,,,,,5336.96,0.838682,0.92,0.0512,92.3831
5.508023,0.0559,11.153,62.61,0.084,82.2407,852,88.8,0.324,2.15847573,2.7144,4803,0.749,0.77,0.1,161.4
4.00878322,0.04599,11.29865255,88.03846874,0.07,154,981.2,89.52,0.404,2.14837462,2.8368,4962,0.773,0.807,0.166,202.078
5.6335158,0.06814,10.659759,2866.812231,0.5172,588.518,1540,86.16,0.457,0.5651,4.2888,6380,1.39,1.33,0.18,127.774
8500,,12.4,3400.763955,0.37,,,90,,,,6412,1.416,1.33,0.12,127.774
2.875317,0.0361,9.718,2302.899,0.015,85.1168,970,86.8,0.631,0.9898,1.848,4595,0.694,0.756,0.35,71.0374
4.12448,0.05037,12.44199,1547.8321,0.23,459.542,1367,87.2,0.615,0.9,3.672,5588,1.21,1.24,0.01,277.278
3.21222,0.0414,12.89035,785.0401,0.02,325.569,1463,86.9,0.466,1.1,2.653,5302,1.11,1.13,0.24,81.7647
1.212884,0.0232,15.334,664.237,0.106,2796.2342,2056,85.1,0.324,1.0536,2.1792,5905,1.203,1.13,0.15,364.813
3.35524,0.04651,14.5717,238.3725,0.07,1294.929,1637,88.6,0.189,0.94,3.694,6373,1.38,1.37,-0.16,415.344
3.65281514,0.0466,12.722215,180.84527,0.023,325,1182,88.22,0.347,0.0161,2.81304,5519,0.919,1.012,0.294,300.384
4.23452,0.04748,7.06167,22.2481,0.12,185.0743,1080,88.6,0.303,0.54,2.4552,5079,0.87,1.12,-0.04,141.837
3.039577,0.04,11.43,197.05,0,336.0384,1091.99,85,0.87,1.43,1.68,5316,0.864673,0.916,0.3,199.173
3.257215,0.0434,13.585,198.953,0.051,554.7122,1384,88,0.299,1.4719,3.2184,5680,1.103,1.025,0.12,401.319
5.72319,0.0667,13.11453,279.6904,0.09,433,1281,87.1,0.591,0.86,3.8928,6087,1.3,1.45,0.21,313.576
2.8997,0.03866,10.53646,206.5895,0,176.587,1189,87.24,0.615,1.2,2.0808,5185,0.87,1.06,0.27,134.554
2.8106,0.0419,16.14096,263.7989,0.04,1467.9573,1630,83.6,0.854,1.3,2.2499254,6304,1.31,1.55,0.13,213.985
5.00542,0.061,12.21781,721.4741,0.25,746.9025,1450,87.1,0.723,0.65,4.9057646,6065,1.39,1.31,0.15,344.05
2.1500082,0.03397,22.19382,216.1244,0.159,1841,1835.7,88.98,0.083,2.216,3.12048,6001,1.367,1.132,-0.16,289.205
3.47447,0.04995,20.73665,292.4036,0,1701.38,1782,87.2,0.325,1.1,4.4136,6446,1.79,1.82,0.05,396.11
5.452654,0.06774,13.417173,1058.3739,0.432,433.78,1520,87.1,0.126,0.775,3.1752,6442,1.53,1.392,0.22,249.325
3.646706,0.04978,14.930388,335.62848,0.02,999.6688,1581,87.3,0.357,0.89945737,3.936,6096,1.435,1.236,0.11,506.965
1.32734683,0.0241,14.313893,587.413406,0.063,1821,1780.97,87.13,0.25,1.885,2.232,5620,1.041,1.03,0.25,294.419
2.797436,0.0379,13.204,371.528,0.058,412.3914,1271,86.9,0.505,1.899,2.3304,5500,0.877,0.929,0.03,390.594
4.640382,0.0523,9.247,84.857,0.067,243.0337,1082,88.3,0.372,0.99549099,3.0408,5330,0.923,0.886,0.06,255.206
3.54387,0.0509,17.609,190.372,0,1915.6934,1752,87,0.349,0.999,4.188,6430,1.625,1.404,0.19,697.004
3.056536,0.04438,14.28,213.255,0,1438,1686,89.91,0.01,0.7798,4.224,5860,1.596,1.248,0.24,320.451
4.45724,0.0608,17.03768,152.5584,0,1747.4151,1770,88.3,0.174,0.65,6.1368,6080,1.94,1.03,0.22,464.469
2.69405,0.04258,22.97845,378.2177,0,2485.0721,1941,87.7,0.222,1.1,3.6552,6390,2.05,2.56,0.21,348.185
4.641878,0.0575,14.348,331.801,0,684.0973,1428,85.9,0.577,0.75254475,4.0344,5743,1.53,1.178,0.27,405.238
3.3326414,0.0444,13.63,210.395,0,521.877,1353,88.7,0.07,1.7008,3.125,5693,1.08,1.03,0.2,528.825
4.301219,0.0507,13.922,111.871,0.044,185.119,1108,89.1,0.172,2.205,3.1248,5295,0.949,0.942,0.33,347.85
872.2,1.752,13,1271.3,0.494,,,,,,12.072,5295,0.949,0.942,0.33,347.85
3.128992,0.0452,15.984,283.492,0.049,1052.239,1652,87.8,0.281,1.34262063,3.4464,6330,1.319,1.259,0.07,298.64
4.463129,0.0577,14.392,156.684,0.123,1405.4798,1458,85.5,0.626,0.79838271,3.0984,6120,1.396,1.284,0.3,290.736
2.69155,0.04378,17.82231,699.226,0,4392.03,2131,86.2,0.34,0.63,4.1088,6820,2.06,2.22,0.07,350.351
2.78849,0.04073,13.56289,311.4734,0,850.6754,1517,86.75,0.425,1.2,2.9462464,5960,1.12,1.04,0.24,303.336
3.1220109,0.0453,14.437192,429.0705,0.115,2108.4362,1862,83.65,0.629,0.6304917,3.6744,6280,1.698,1.273,-0.18,515.458
4.21802091,0.05042,13.50682174,97.57332095,0.07,310,1168.2,89.28,0.277,1.85276525,3.3672,5453,0.995,0.961,0.302,440.089
2.7535953,0.03694,11.309881,259.98494,0.047,227.759,1218,87.02,0.461,1.446,2.4072,5131,0.893,0.887,0.28,361.155
1.9616241,0.03159,14.773462,471.65972,0.134,1400.0226,1778,86.2,0.38,1.40862146,2.7936,5956,1.209,1.093,0,666.802
3.799847,0.04117,10.581296,241.5508,0.074,88.6713,818,87.04,0.741,2.5455085,1.8114914,4390,0.617,0.645,-0.127,143.651
3.5852313,0.04628,14.84069045,189.4257306,0.17,583,1367,86.8,0.392,1.69092285,2.9352,5804,1.105,1.028,0.003,511.388
2.79083,0.0423,16.92559,734.1873,0.29,3515,1840,82.13,0.8725,1.1,2.2599869,6566,1.47,1.42,0,320.639
2.4653,0.0406,19.50366,448.1403,0,2726.6328,2200,88.26,0.177,0.94,3.49872,6330,1.85,2.77,-0.25,279.86
4.0138379,0.04994,14.93036229,118.2321674,0.073,1146,1622,85.64,0.534,0.85614395,4.15,6078,1.53,1.031,-0.224,515.59
4.1419771,0.05064,12.58768533,489.4557468,0.03,441.4,1277.8,85.18,0.8299,1.01309412,2.339,5678,1.1038,1.008,0.217,265.471
3.85298,0.05239,16.58932,419.5356,0,1099.44,1675,85.51,0.602,0.87,3.5064,6570,1.62,1.79,-0.13,275.358
4.7947813,0.06277,18.28184752,182.4335056,0.25,1634,1772,83.75,0.668,0.6864,5.035,6212,2.197,1.435,0.037,233.22
1.90231289,0.0301,10.07687365,335.9446262,0.113,849.5,1505,83.62,0.767,1.07178932,1.658,5587,0.938,1.004,0.194,338.84
2.6453235,0.03772,12.02723629,241.8674177,0.101,867.2,1512,87.93,0.25,1.04568418,3.103,5629,1.17,1.023,0.414,348.815
3.377728,0.04294,12.5428494,195.1466419,0.069,387.4,1237,88.45,0.262,1.7290435,2.933,5400,0.9661,0.925,0.251,403.458
4.007232,0.05387,19.08889413,184.3404761,0.101,1611,1766,88.01,0.232,1.036,4.925,6457,1.735,1.298,-0.113,651.897
2.60544751,0.04042,18.05766791,176.0769375,0.304,1821,1818,88.3,0.464,1.11399639,4.3656,5872,1.666,1.297,0.208,738.519
2.972086,0.04363,17.82231,248.86089,0.09,1939.51,1896,86.2,0.33,0.644,4.6992,6002,1.881,1.255,0.035,935.456
4.8101069,0.06505,23.9872187,143.0227832,0,2029.17,1903,88.8,0.46,0.6965,6.9888,6640,2.62,1.73,0.14,371.686
2.29840551,0.02996,12.016048,230.10892,0.041,184.8,1027.8,88.73,0.212,3.08320537,2.0868,4508,0.6701,0.6785,-0.059,202.152
4.7869491,0.06555,18.786284,1137.8314,0,2320.18,1930,87.19,0.366,0.7627,5.1264,7394,1.926,1.648,-0.069,341.263
2.20474,0.03809,16.92559,584.8072,0,4353.408,2733,83.11,0.496,0.6,3.88216,6389,2,1.56,0.26,341.079
2.74432452,0.04739,20.96083,2154.8874,0,5405.6,2562,96.5,-0.629,0.8443,3.48,8450,1.858,1.89,-0.059,330.739
3.07634,0.04496,15.6926,406.8224,0,1519.9645,1713,87.8,0.32,0.83,3.9016058,6200,1.57,1.27,0.01,211.553
3.92281072,0.05287,15.614137,238.05467,0.084,931,1540,86.44,0.51,1.144,3.36,6350,1.338,1.281,0.12,455.203
3.446459,0.0444,14.594,589.55,0.12,489.9461,1359,85.6,0.633,1.63207912,2.4168,5870,1.038,0.986,-0.06,283.971
3.312846,0.04491,10.861521,167.17858,0.501,836.8558,1407,87.79,0.34,0.94731664,3.0072,5880,1.105,1.101,0.15,534.889
3.619188,0.0507,18.03,263.7989,0.34,1027.296,1596,89.03,0.14,1.3734,4.36848,6563,1.54,1.33,0.03,944.603
3.142702,0.0441,7.76,759.6137,0.085,566.4817,1446,82.27,0.43,0.4291,4.52376,6357,1.17,1.16,-0.1,746.138
3.0440499,0.04057,13.585308,172.58169,0.181,315.9878,1244,88.55,0.249,2.28070102,2.63472,5523,0.887,0.962,0.05,421.855
2.7667641,0.03815,11.646151,340.39593,0.142,505.884,1276,88.83,0.18,1.49474388,2.64216,5346,0.933,0.967,0.33,513.011
1.74748753,0.02712,12.385945,689.6911,0.126,2201.3363,1505,87.13,0.317,1.67797987,2.26968,5311,0.922,0.871,0,1139.55
2.686502,0.03744,14.5717,1039.3041,0,994.8095,1592,83.53,0.732,1.21353375,2.6208,5738,1.238,0.97,-0.1,757.044
16.254611,0.1308,8.709393,425.25654,0.029,72.7,814,89.08,0.432,0.495,4.8264,5846,1.091,1.131,0.3,400.331
0.83784,0.0174,14.896761,629.144485,0.166,2990,2069.48,85.29,0.3,2.13557851,1.944,5600,1.02,1.037,0.28,624.368
1.35413379,0.02317,12.57647635,435.4249176,0,950.0563,1550,87.83,0.271,2.00395507,2.0688,5227,0.876,0.904,0.15,341.925
4.7228124,0.05025,10.682177,870.8542,0.079,111.299,858,87.96,0.536,2.26753813,2.1912,4803,0.689,0.759,0,229.518
2.1605156,0.03397,20.84874,467.2101,0.114,994.8004,1654,81.02,0.949,1.37748795,1.8048,5780,1.199,1.121,0.28,639.004
1.3484978,0.0238,15.636555,718.2958,0,2706.9606,2166,85.97,0.276,1.84637637,2.4074261,6125,1.12,1.07,-0.229,494.182
4.2986432,0.05163,14.12334,194.82979,0.176,454.8721,1277,86.93,0.538,1.52757585,3.204,5715,1.107,0.994,0.02,471.158
3.3023881,0.04735,19.61575,206.5895,0.245,2236.5716,1918,86.2,0.33,0.80276122,5.2152,6071,2.04,1.299,-0.02,861.843
4.637038,0.0611,16.8135,168.4499,0.581,1342.5733,1659,87.3,0.36,0.77659973,4.8312,6438,1.74,1.415,0.09,816.988
3.1810781,0.04131,13.383546,213.58176,0.202,,1253,86.17,0.643,2.11924633,2.3544,5498,0.922,0.929,0.01,535.383
4.6058749,0.05475,14.022459,207.54299,0.158,356,1212,87.37,0.502,1.37930349,3.2112,5670,1.073,1.032,0.16,353.891
3.547851,0.0485,15.48,340.382,0,1212.0044,1648,86.2,0.497,1,3.5856,6351,1.404,1.209,-0.157,411.211
3.1743516,0.04354,13.170575,224.38798,0.096,718.9097,1414,86.84,0.487,1.54573248,2.7504,5943,1.061,1.093,0.06,342.14
3.37796,0.0478,18.38276,279.6904,0.233,1619.406,1823,85,0.48,0.71987471,4.5936,6050,1.87,1.275,0,773.974
2.8126548,0.04024,14.000041,292.4036,0.471,614.5934,1437,87.1,0.4,1.39940625,2.8536,5700,1.097,1.099,0.39,745.116
2.5495551,0.03727,13.78707,378.85336,0.08,757.1284,1429,87.62,0.33,1.49214022,2.676,5659,1.022,1.062,0.29,248.46
2.1061607,0.03166,16.02887,299.07803,0.108,691.8428,1445,82.28,0.937,1.21422239,1.5552,5380,0.98,0.955,0.25,508.842
1.8209993,0.03199,16.409976,388.38826,0.306,2440.7,2037,86.9,0.26,1.234,3.1176,6300,1.433,1.317,0.21,514.555
4.175186,0.0523,12.92,1022.14128,0.105,561,1203,87.61,0.17,1.3791,3.3792,5950,1.1,1.1,0.15,856.436
4.3315366,0.04913,6.792654,31.46517,0,229.7,1085,89.33,0.14,,2.9136,5326,0.877,0.843,0.051,211.896
4.375021,0.05036,6.882326,23.51942,0,464.7,1294,87.21,0.476,0.32709829,3.216,5732,1.105,0.89,-0.102,343.525
4.5776348,0.06007,17.59813,200.2329,0.275,1547.1014,1645,84.98,0.696,1.08694903,3.732,6572,1.621,1.379,0,878.521
2.516729,0.0362,11.433,420.471,0.013,558.828,1315,88.5,0.217,1.64065457,2.5272,5403,0.925,1.001,0.43,416.459
3.2642736,0.04997,17.71022,505.3497,0.312,3163.3762,2101,85.8,0.35,0.50115725,5.3304,6460,2.26,1.561,0.01,1342.29
4.193649,0.0583,14.90797,3082.951,0.38,1300.3125,1710,80.4,0.849,0.48041573,2.196,6424,1.71,1.496,0.47,737.668
2.292102,0.03689,15.6926,597.5204,0.229,1637.2058,1856,85.1,0.46,1.05852906,3.2664,6060,1.48,1.273,0.22,800.377
4.3888497,0.04944,13.22662,82.95363,0.173,192.2328,1003,89.24,0.172,2.49645478,2.98848,5099,0.812,0.837,0.05,362.273
2.7439004,0.03649,11.960003,177.9848,0.279,306.417,1161,84.65,0.862,1.3852398,1.6512,5080,0.847,0.86,0.32,446.035
4.1876244,0.05511,14.414774,222.481,0.24,811.3504,1518,85.61,0.689,1.09061857,3.0456,6450,1.315,1.272,0.02,772.11
4.7423729,0.05367,10.121727,54.98459,0.559,209.7699,1054,87.32,0.634,1.2650811,2.4336,5495,0.853,0.917,-0.06,453.808
3.9228038,0.04269,12.520453,117.27927,0.088,87.73,852.9,87.08,0.7127,3.15109005,2.00232,4512,0.6564,0.674,-0.113,300.67
3.1316666,0.03769,8.9672,77.23269,0.162,137.6,954.6,89.58,0.083,1.49156944,2.34576,4546,0.7152,0.7279,0.186,263.609
4.1480467,0.04515,8.574885,112.19399,0.071,80.45,834.8,88.27,0.42,1.2886988,2.346,4405,0.6977,0.7133,0.208,324.413
4.763387,0.0542,10.223,75.323,0.019,183.2395,1025,89.3,0.158,1.31606298,2.9856,5304,0.871,0.936,0.19,246.384
3.8297015,0.05046,12.66617,123.9537,0.516,625.3023,1275.39,87.54,0.421,1.22998939,3.0792,5990,1.117,1.168,,756.742
3.3488702,0.04639,15.80469,244.09344,0.33,740.2246,1553,87.1,0.3,1.09871748,3.3216,5758,1.44,1.187,,389.57
1.36665436,0.02498,15.490838,711.9392,0.246,1310.22,1834,84.7,0.481,2.107,2.0904,6010,1.046,1.111,-0.2843,555.134
3.8537768,0.04753,15.02006,189.10885,0.33,471.61,1312,88.78,0.198,1.865,3.5064,5644,1.101,0.964,,585.77
2.5441765,0.037,11.37711541,239.3247905,0,476.965,1429,83.67,0.715,0.678,2.468,5621,1.23,1.05,0.37,748.585
4.2042001,0.05412,14.022459,292.72143,0.092,355.909,1367,86.32,0.662,1.208,2.78376,6214,1.126,1.1955,0.108,609.838
4.324799,0.06043,18.920792,191.33366,0.019,1080.87,1902,83.29,0.69,0.638,4.6416,6536,2.201,1.573,0.19,564.409
2.350621,0.03493,12.767051,1000.21101,0.028,570.233,1413.4,87.88,0.29,1.594,2.48856,5587,0.96,1.026,0.268,279.485
4.2180896,0.05798,12.273855,327.3649,0.168,382.7103,1721,85.69,0.655,0.78820701,3.18,7175,1.433,1.461,,403.591
5.416081,0.06112,12.621334,256.17098,0.129,269,1128,88.1,0.457,1.431,3.5928,5670,1.036,1.038,0.18,642.884
1422,2.504,12.3,4036.441,0.083,0.159,175.9,,,,,5670,1.036,1.038,0.18,642.884
3.3252725,0.03623,11.186582,101.38777,0,47.3315,712.8,88.21,0.427,3.23,2.04096,3724,0.57,0.574,0.2,169.318
3.560829,0.04708,12.923977,210.40346,0.191,903.9,1528,86.28,0.45,0.489,3.8592,5688,1.46,1.097,0.335,486.474
7.817953,0.07908,13.394755,1080.622,0.092,374.2,1226.1,87.15,0.508,0.365,5.5296,5542,1.664,1.076,0.247,679.761
3.2768837,0.04163,11.825495,56.89157,0.298,387.4,1237,87.92,0.348,1.55661441,2.76528,5416,0.933,0.896,0.133,523.067
3.0566527,0.04026,13.529263,305.1168,0.136,634.1,1398.3,84.86,0.724,1.25175204,2.448,5627,1.07,0.931,0.081,623.232
4.908897,0.06562,18.819911,305.1168,0.151,1711,1793,87.24,0.321,0.5548828,5.8056,6554,2.113,1.564,0.22,1080.15
3.105161,0.04497,16.824709,260.93843,0.062,1178,1634,84.82,0.667,1.30361538,2.8848,6277,1.31,1.257,0.199,493.32
3.1414391,0.04714,15.815899,1694.0339,0.064,2637,1998,87.06,0.283,0.54330349,4.5432,6626,1.841,1.411,-0.017,1477.98
1.6091788,0.03032,18.887165,460.8535,0.057,3821,2193,79.03,0.8613,1.345,1.9464,6594,1.441,1.435,0.332,960.109
3.5862202,0.05071,13.809488,410.0007,0.036,1521,1741,83.21,0.736,0.57293247,3.42,6147,1.748,1.351,0.21,603.955
2.2252577,0.03211,10.592505,183.38791,0.519,466.6,1295.7,88.49,0.207,1.31445901,2.35776,5137,0.8785,0.892,0.377,414.537
3.185315,0.04012,6.310667,38.1396,0.17,211.6178,1084,87.92,0.39,0.49173379,2.2992,4985,0.815,0.849,0.25,240.707
1.8882378,0.03632,15.513256,4100.007,0.18,9110,2730,86.7,0.24,0.43583261,3.624,7930,1.881,1.78,0.041,1458.83
3.7955202,0.03745,11.478016,117.5971,0,18.0832,586.8,88.82,0.348,5.22789941,2.0148,3405,0.4783,0.4861,0.17,140.225
7.3279474,0.066517,8.0973816,39.855882,0.013,49.58,739.3,89.56,0.153,1.371,3.08472,4656.1,0.7214,0.7311,0.099,127.589
1.73185606,0.02384,11.56766808,464.0294742,0.044,106.9,895.1,87.39,0.406,3.63594302,1.65336,3776.9,0.5758,0.601,0.514,299.389
2.7886556,0.032742,9.90873894,156.0537478,0.064,59.26,772.3,88.07,0.406,2.63399058,1.91256,3790.4,0.5848,0.6017,0.522,194.964
1.9416423,0.02658,12.09449018,835.570882,0.062,129.8,939.8,88.24,0.281,3.29451348,1.8576,4016,0.6259,0.662,0.322,385.689
3.0876262,0.03607,13.05846252,436.6962312,0.045,78.37,828.3,88.44,0.328,4.04118142,2.22768,4071,0.6428,0.655,0.253,436.176
3.583893,0.04667,9.785457,43.86054,0.376,510.8195,1324,87.8,0.36,0.77275058,3.0312,5679,1.086,1.056,0.21,794.637
1.915291,0.0312,13.85,266.02371,0.075,2292.0839,1746,88.94,0.16,0.847,3.50832,5599,1.56,1.1,0.38,638.7
5681,6.11,13.7,381.3940884,0.42,,,62,,,,5419,1.0179,0.94,0.33,32.7548
,53,77.3421,2701.54146,,,,,,,,10500,1.85288,2.4,,109.677
157.57001,0.68,13.5,511.7063,0.09,,,,,,,4891,10.06,2.28,0.07,137.178
383,1.06,13.7,390.9289406,0.38,,,90,,,,5533,1.04,1.08,-0.27,49.5336
4.46569,0.046,0.956,0.827,,80,834,87.78,0.616,0.02107033,1.77,4675,0.63,0.653,-0.343,12.7781
6.20401,0.0573,0.99,0.937,,52,747,87.93,0.713,0.02108404,1.76,4675,0.63,0.653,-0.343,12.7781
5.75969,0.06412,,2741.587839,0.073,,,90,,,,5911,1.109,1.06,0.08,38.9607
16.357,0.12859,,3295.880581,0.131,,,90,,,,5911,1.109,1.06,0.08,38.9607
49.748,0.2699,5.39,25.1,0.051,,,90,,,,5911,1.109,1.06,0.08,38.9607
122.744,0.4929,5.24,23.9,0.119,,,90,,,,5911,1.109,1.06,0.08,38.9607
604.67,1.427,,3375.337682,0.263,,,90,,,,5911,1.109,1.06,0.08,38.9607
2205,3.381,9.4,64.4,0.095,,,90,,,,5911,1.109,1.06,0.08,38.9607
70.46,0.3,10.6,79.4575,0.11,,,,,,,5108,0.86,0.57,0.15,30.0274
20.8133,0.15,8.47,54.0311,0.12,,,,,,,5655,1.23,1.06,0.28,39.5792
4.11377,0.05,14.2,130.3103,0,,,,,,,5301,0.82,0.76,0.04,29.3386
127.58,0.51,12.9,1570.0802,0.05,,,,,,,4790,10.3,1.45,-0.41,347.097
778.09998,1.81,12.6,2593.4928,0.21,,,,,,,4745,9.82,3.21,0.05,217.107
1123,,13.5,483.1016,0.209,,,,,,,4830,6.3,1.3,0.3,217.107
3090.942,4.074,13.1,113.9,0.11,,,,,,,5436,0.961488,0.95,0.16,62.758
252.06,1.05,12.8,1808.443636,0.11,,,,,,,4990,8.6,2.42,0.07,126.484
6.4947,0.0807,13.8,305.1168,0.037,,,,,,,4985,4.55,1.66,0.19,121.89
47.84,0.25,5.83,28.6047,0,,,,,,,5250,0.88,0.8,0.22,57.1463
4.5557,0.0498,14.1,197.046,0.086,,,,,,,5017,0.73,0.794,-0.02,45.5352
5.8881,0.07,13.3,116,0.09,,,,,,,6489,1.581047,1.335,0.28,56.4089
1919,3.27,13.2,918.5240962,0.31,,,27.4,,,,6072,2.22,1.28,-0.19,55.5213
120.878,0.439,3.35,11.2,0.19,,,,,,,4792,0.753113,0.77,-0.07,26.4997
55.851,0.2674,9.2,62.1,0.123,,,,,,,4952,0.78,0.82,0.11,20.3632
13.8992,0.1058,3.69,13.2,0.29,,,,,,,4952,0.78,0.82,0.11,20.3632
1032.3,2.01,13.6,472.61321,0.132,,,,,,,4912,1.97,1.01,0.11,135.374
199.68,0.715,12.8,1766.808115,0.047,,,,,,,4738,11.12,1.22,-0.32,100.576
10.02245,0.091,5.44,25.42627256,0.455,,,,,,,5671,1.27399,1.01,,70.0837
77114.07158,35.731,11.9,8419.59233,0.126,,,31.968,,,,5671,1.27399,1.01,,70.0837
2412,3.38,14.1,203.4101805,0,,,,,,,5792,0.94,0.89,-0.25,55.2411
1535,2.655,12.5,3178.28407,0.48,,,46,,,,5874,1.05,1.05,-0.06,38.185
1888,3.34,12.4,3623.24384,0.185,,,63,,,,5509,2.66,1.39,0.06,93.808
9.55237,0.0907,2.44,12.6,0.093,277,1153,87.54,0.67,0.03542093,3.775,6327,1.296,1.091,-0.311,109.353
21.05704,0.1536,4.35,15.2,0.22,97,886,88.61,0.52,0.10069865,4.638,6327,1.296,1.091,-0.311,109.353
989.2,2.015,13.8,298.75,0.15,,,,,,,6218,1.1,1.11,0,17.3357
3626,4.48,12.1,6006.956892,0.571,,,29.2,,,,5362,0.91,0.89,0.03,34.0915
,650,12.4,3496,,,1800,,,,,6516,2.12351,1.5,0.04,103.029
1075.3799,2.051,12.8,1825.288541,0.104,,,86.116,,,,5641,1.863076,0.99,0.17,33.1205
48.056,0.269,9.6,66.741,0.05,,,,,,,5797,1.169193,1.12,0.314,49.4156
18.3267,0.1407,4.7,19.89605828,0.34,,,,,,,5752.92,1.169193,1.105215,0.2964,49.4156
10.8985,0.102,10.9,82.95,0.53,,890,,,,,6255.73,1.20664,1.22,0.1803,38.92
2990,3.7,13.1,953.485221,0.52,,,56,,,,4556.03,0.66355,0.74,0.3048,38.6846
3.795963,0.04527,1.615,3.24,0.045,312.1807,1099,87.59,0.452,0.0285,2.384,5660,0.877,0.869,-0.28,64.5978
6.203449,0.062,2.071,4.94,0.034,162.1675,932,88.3,0.455,0.0469,2.86,5660,0.877,0.869,-0.28,64.5978
19.590025,0.1367,3.083,9.71,0.058,35.0031,636,89.245,0.426,0.1038,4.2,5660,0.877,0.869,-0.28,64.5978
29.54115,0.1758,2.017,4.72,0.051,,,88.963,0.808,0.0445,3.27,5660,0.877,0.869,-0.28,64.5978
1129,2,13.3,715.1139158,0.85,,,65,,,,5122,0.79,0.843,0.04,48.9102
437.7,1.32,13.3,767.24162,0.032,,,,,,,4878,5.74,1.59,0.2,164.742
394.48123,1.04,13.6,451.3186,0.13,,,,,,,5600,1.05,1.1,0.26,59.5175
1624,2.659,13.8,314.64,0.239,,,,,,,5551,1.05,0.95,0.19,59.5175
68.27,0.33,13.9,273.3338,0.12,,,,,,,5844,1.07,1.2,0.1,67.8349
7.8543,0.079,4.31,17.162,0.25,,,,,,,5783,1.294595,1.047,0.1,55.8716
30.93,0.196,5.27,24.154,0.15,,,,,,,5783,1.294595,1.047,0.1,55.8716
520.1,1.259,13.2,950.3069369,0.338,0.709,259.4,,,,,5694,1.089,0.98,0.05,55.4156
5.239891,0.0615,11.1,85.8141,0,,,,,,,5824,1.22,1.13,0.24,63.0821
283.8,0.95,14.3,143.0227832,0.442,,,,,,,4840,11.16,1.41,-0.21,116.506
9.188526,,2.888,8.69,0.18,63.4589,786,88.13,0.61,0.046,2.492,5881,1,1.08,-0.07,79.5561
13.900148,,2.59,7.22,0.3,77.4842,756.7,88.24,0.73,0.06472701,2.1264429,5881,1,1.08,-0.07,79.5561
17132.15854,12.518,12.1,6935.333669,0.056,,,33.992,,,,5185.97,0.869694,0.88,0.14,42.5279
835.477,2.14,12.4,3524.59,0.462,,,,,,,4445,20.9,2.17,0.19,100.758
9.113678,0.0793,2.2,5.69,,,800,89.061,0.355,,3.0948,5266,0.788,0.798,-0.2,32.1585
13.673694,0.1039,2.388,6.3,,,699,89.687,0.155,,3.7044,5266,0.788,0.798,-0.2,32.1585
20.519617,0.1362,2.852,8.52,,,602,89.248,0.488,,3.8177,5266,0.788,0.798,-0.2,32.1585
30.793091,0.1785,1.94,3.9,,,533,89.867,0.113,,4.8636,5266,0.788,0.798,-0.2,32.1585
41.05854,0.2163,2.601,5.04,,,489,89.673,0.337,,5.165,5266,0.788,0.798,-0.2,32.1585
54.76992,0.2621,2.607,8.4,,,440,89.729,0.338,,5.666,5266,0.788,0.798,-0.2,32.1585
10.18271,0.113,3.2,10.3,0.2,198.3948,957.2,88.2,0.5,0.06674752,2.91,6200,1.19,1.21,0.08,105.096
2.541,0.035,2.05,4.55,0.093,735.49,1371,87.69,0.31,0.0572,2.376,5732,0.968,0.997,0.14,106.307
6.744,0.068,2.11384817,10.5,0.045,199.9,990,,,0.04505421,1.3710857,5732,0.968,0.997,0.14,106.307
24469.67342,16.714,11.9,8612.832001,0.401,,,51.891,,,,5718,1.16626,1.02,0.09,45.0858
17244.90764,13.38,12.6,2598.565056,0.285,,,144.876,,,,5905.64,1.47368,1.07,0.1869,44.3804
1169.13202,2.148,12.6,2531.503262,0.214,,,93.521,,,,5512,0.9,0.96,-0.36,28.9571
26472.44623,17.25,12.2,5740.934516,0.558,,,87.902,,,,5512,0.9,0.96,-0.36,28.9571
1056.4,2.5,12.9,1398.452,0.26,,,,,,,4884,8.03,1.94,0.07,114.166
810,1.91,12.9,1525.576354,0.13,,,90,,,,6557,1.45,1.4,0.07,33.2237
466.63,1.33,12.2,5031.223683,0.36,,,,,,,3657,65.8,1.4,-0.06,62.07324
2615,3.9,13.1,1086.973152,0.2,,,54,,,,4750,9.85,1.15,-0.4,101.166
613.2,1.7,12.9,1589.15,0.24,,,,,,,4155,39,1.8,-0.09,323.335
317.58639,1.022,13.1,1035.802778,0.28,,,,,,,6774,1.5,1.41,0.07,36.18
5429.93477,6.805,12.1,6299.676855,0.164,,,57.478,,,,6774,1.5,1.41,0.07,36.18
228.53731,0.923,13.9,255.5340392,0.169,,,,,,,4672,6.84,2.009,-0.19,155.121
663.2,1.24,13.2,114.41,0.14,,,,,,,4462,0.53,0.585,-0.24,16.2817
1818,2.44,13.8,295.57,0.2,,,,,,,4462,0.53,0.585,-0.24,16.2817
610.2,1.6,12.7,2002.329,0.28,,,,,,,4181,25.11,1.49,0.13,116.334
109.75,0.5109,11.2089807,2542.627256,0.395,,,90,,,,6651,1.49,1.47,0,95.3906
937.70001,1.73,13.6,464.0294742,0.23,,,57,,,,4836,0.76,0.6,-0.05,27.9243
444,1.05,13.4,117.5965106,0.1,,,,,,,4895,0.76,0.8,-0.1,27.9243
1121.79,2.067,13.9,262.20975,0.079,,,,,,,5844,1.473,0.936,-0.33,37.8063
493.7,1.16,13.7,349.6,0.144,,,110,,,,5135,0.840622,0.853,0.21,21.0628
4352,5,13.4,603.8739733,0.05,,,159,,,,5135,0.840622,0.9,0.21,21.0628
32669.22247,20.247,12.6,2510.526587,0.144,,,87.505,,,,5757.15,1.19568,1.03,-0.2203,38.9679
1617.7,2.885,12.9,1551.002626,0.379,,,112.598,,,,6123,1.24,1.22,0.3,51.261
223.92,0.771,14,127.1313628,0.228,,,,,,,6123,1.24,1.22,0.3,51.261
26500,18.2,12.3,4068.20361,0.29,,,90,,,,6123,1.24,1.22,0.3,51.261
10.49488,0.088,6.09,30.82935548,0.232,,,,,,,5019.17,0.727007,0.83,-0.1568,10.9816
15319.22517,11.364,12.5,3279.671332,0.211,,,25.791,,,,5019.17,0.727007,0.83,-0.1568,10.9816
3700,5,12.6,2685.650039,0.487,0.064,144.9,79,,,,5957,1.213,1.18,0.34,87.6437
670,1.65,13.6,444.962,0,,,,,,,4819,4.89,0.83,0.09,123.245
907,,13.7,403.6441,0.038,,,,,,,4951,4.6,1.33,0.18,123.245
2621.75,3.787,13.4,669.3466251,0.157,,,76.6,,,,5732,1.074,1.053,0.19,32.3547
433.70001,1.09,12.8,1789.3829,0.19,,,,,,,4312,20.58,0.72,-0.74,235.045
25.8,0.18,8.59,55.30242,0.15,,,,,,,5990,1.2,1.077,0.0283,37.7781
6.1349779,0.0713,12.778238,680.152791,0.3136,593.4,1361,88.48,0.155,0.386,5.643,5742,2.04,1.27,0.287,92.2589
5103,6.28,12.4,3747.196919,0.26,,146,93.7,,,,5742,2.04,1.27,0.287,92.2589
1945,3.16,14.1,198,0.041,,,,,,,5303,2.00971,0.91,0.1,33.5369
37.91,0.229,5.38,25,0.3,,,,,,,5303,2.00971,0.91,0.1,33.5369
711,1.93,12.7,2080,0.4,,,,,,,4970,10.09,1.91,-0.21,67.9331
2142,4.21,12.7,2034.101805,0.483,,,38,,,,4879,10.37,2.16,0.1,103.044
63.33,0.33,13.6,479.9233,0.03,,,,,,,6027,1.07,1.62,0.15,41.6592
4.36305,0.054,3.23,10.48833743,0.376,,,,,,,5986,1.80185,1.1,0.31,31.7627
36336.70679,22.21,12.5,3135.695063,0.174,,,47.738,,,,5986,1.80185,1.1,0.31,31.7627
84.96276,0.406,10.1,73.10053361,0.228,,,,,,,4956,2.16627,1.241,,53.2528
270.66,0.86,14,238.3713053,0.34,,,0.8084,,,,5873,1.30446,1.15,0.22,60.1977
58.83,0.297,13.2,947.1334,0.07,,,,,,,5920,1.001848,1.01,0.05,48.3367
14901.99295,10.817,12.4,3465.60095,0.165,,,93.088,,,,4703.93,0.751364,0.75,-0.22,39.3466
1757.39151,3.496,11.9,8646.203984,0.597,,,84.685,,,,4882,6.47,1.82,-0.11,153.647
9.6737,0.08,,3531.073602,0,,,0.2243,,,,4691,0.74,0.29,0.08,28.1989
557.69994,1.349,13.2,945.2216824,0.446,,,,,,,5900,1.07,1.05,0.23,57.6207
4.15466,0.051,4.07,15.57359194,0.149,,,,,,,5900,1.07,1.05,0.23,57.6207
2822.72698,3.982,12.7,2281.372305,0.115,,,88.195,,,,5900,1.07,1.05,0.23,57.6207
133.60001,0.54,13.4,622.9468,0.04,,,,,,,4835,11.02,0.67,-0.57,182.192
960.41,1.837,10.3,75.32571,0.035,,,,,,,5638,0.979,0.897,-0.1,37.6506
262.70862,0.84,13.3,772.3269,0.38,,,86,,,,5645,1.2,1.2,0.36,37.8478
1708,2.8145,13.2,899.4543918,0.031,,,136,,,,5748,1.11,1.02,0.36,37.8478
1257.25303,2.249,12.7,107.74383,0.548,,,97.477,,,,5568,1.369794,0.96,0.56,73.0961
65.78395,0.287,5.67,27.333243,0.24,,,,,,,4595.32,0.735766,0.73,-0.08,22.5279
453.019,1.084,13.5,562.24127,0.303,,,30,,,,4965,0.76,0.828,0.08,16.3292
921.538,1.74,13,1204.25787,0.159,,,55.95,,,,4965,0.76,0.828,0.08,16.3292
298.2,0.87,13.9,282.8687,0.57,,,,,,,4875,0.85,0.65,0.17,26.1548
3420,4.85,12.1,6293.002459,0.85,,,130.3,,,,6210,1.248,1.212,0.16,73.636
1840,2.9,13.3,797.7493016,0.7,,,52,,,,5646,1.175816,0.99,0.25,67.4386
10.70871,0.0925,13.7,365.49,0.029,,720,,,,,5387,0.85,0.92,-0.02,31.8766
896,2.01,13.4,572.094,0.181,,,,,,,4846,4.44,1.34,0.25,131.849
2613,4.1,13.1,1052.0173,0.563,,,,,,,5671,2.39,1.35,0.19,148.934
471.60001,1.25,12.4,3480.2385,0.27,,,,,,,4175,38.41,2.24,-0.37,497.823
908,1.98,12.8,1887.900738,0.25,,,122,,,,5766,1.34,0.973,0.1293,70.7832
1544,2.62,13.6,473.547,0.22,,,,,,,6289,1.29577,1.231,-0.06,105.155
649,1.44,13.6,451.3186,0.33,,,,,,,5799,0.955014,0.95,-0.306,51.4736
3568,4.49,14.3,133.4886,0.49,,,,,,,5799,0.955014,0.95,-0.306,51.4736
5769,6.15,13.3,794.575,0.61,,,,,,,5805,0.989538,0.93,-0.281,51.2993
3.2696,0.0444,3.16,10.1,0.45,,,,,,,5966,1.164285,1.095,0.14,24.0125
1291.5646,2.3928,5.91,29.29,0.11,,,,,,,5966,1.164285,1.095,0.14,24.0125
12.089,0.1046,2.97,9.09,0.092,,,,,,,5576,1.158,1.046,0.343,26.7909
58.883,0.3007,3.37,11.31,0.055,,,,,,,5576,1.158,1.046,0.343,26.7909
966.5,1.941,7.59,44.8,0.092,,,,,,,5576,1.158,1.046,0.343,26.7909
4.3203,0.0527,1.33,2.34,0.2,,,,,,,5576,1.158,1.046,0.343,26.7909
26.915,0.1784,2.24,5.63,0.081,,,,,,,5576,1.158,1.046,0.343,26.7909
258.17999,0.81,13.5,511.7063,0.23,,,,,,,5736,1.22,1.1,0.28,26.1804
5000,5.8,13.9,260,0.12,,,,,,,5585,1.25,1.1,0.28,26.1804
,16.5,16.25302201,3178.28407,0.5,,1585,73.6,,,,9540,1.5,2.32,0.05,141.595
4055,5.4,13.3,731.0053361,0.16,,,93,,,,6040.64,1.35743,1.28,0.12,56.518
15.92347557,0.124695,2.857,6.1,0,71.8,750.83,,0.37,0.0493,4.4904,5712,1.08,1.02,-0.121,73.8713
2422.32597,4.172,12.8,1744.560126,0.164,,,93.872,,,,4992,3.93038,1.646,0.09,82.4251
1187.59765,2.327,12.3,4164.187789,0.344,,,116.779,,,,6097,1.67754,1.18,-0.05,51.4359
11.57797,0.0964,1.664,4.72,0,111.6,905,88.49,0.52,0.0208,3.935,5664,1.058,0.87,-0.24,14.682
27.59221,0.1721,2.916,11.24,0,35.1,677,88.571,0.872,0.0638,3.251,5664,1.058,0.87,-0.24,14.682
107.245,0.425,2.562,8.82,0,5.74,431,89.73,0.41,0.0492,8.87,5664,1.058,0.87,-0.24,14.682
464.29999,1.29,13.3,680.1562,0.25,,,,,,,4989,3.78,1.48,-0.11,105.168
4540,5.13,13.9,266.9758619,0.103,,,,,,,5773.19,1.193078,0.875104,-0.2172,47.874
142.22895,0.534,8.18,50.85254512,0.651,,,,,,,5835.31,1.04198,1.004,0.2169,43.465
330,0.89,9.32,63.566,0.36,,,,,,,5181,0.88,0.68,0.19,40.4841
1.62116,0.02732,1.31,4.04,0,,2130,85.8,0.27,0.00575,3.28,5799,1.59,1.04,-0.03,155.317
479.9,1.2163,12.6,2434.565598,0.477,,370,,,,,5799,1.59,1.04,-0.03,155.317
14.1815,0.10519,3.35,11.2,0.071,,,,,,,5035,0.781,0.771,-0.21,28.2305
53.753,0.2554,3.13,9.96,0.156,,,,,,,5035,0.781,0.771,-0.21,28.2305
19.382,0.154,13.9,274.91,0.02,,,,,,,6255,1.67,1.29,0.01,79.5515
931,2.03,12.8,1630.4,0.12,,,,,,,6255,1.67,1.29,0.01,79.5515
4218,5.15,13.2,889.9195396,0.02,,,43,,,,5867,1.25,1.3,0.05,47.3963
1124.79139,2.949,12.1,6315.568276,0.099,,,103.235,,,,4700,11.47,2.69,-0.13,112.09
11.53533,0.1097,11.500434,131.89945,0.251,356,1228.3,88.99,0.17,0.2037,8.6016,5521,2.336,1.324,0.29,79.5702
2744,5.15,12.2,4862.774627,0.65,,,39,,,,4815,12.4,2.4,-0.1,142.024
9.02378,0.085,4.07,15.57359194,0.472,,,,,,,5610,0.95,0.99,0.0859,15.2528
14386,11.8,13.4,572.0911326,0.77,,,40,,,,5610,0.95,1.06,0.0859,15.2528
15.5083,0.1238,3.77,13.63483866,0.16,,,,,,,5885.38,1.389372,1.051904,0.0247,11.8148
94.44,0.415,14.3,143.34133,0.04,,,,,,,5600,1.387236,1.07,0.35,37.0169
201.99,0.689,13.6,422.7139,0.048,,,,,,,5600,1.387236,1.07,0.35,37.0169
1069.8,2.09,13.7,375.0394,0.074,,,,,,,5600,1.387236,1.07,0.35,37.0169
5000,5,14.1,209.7678,0.26,,,,,,,5600,1.387236,1.07,0.35,37.0169
653.21997,1.5,11.9,8714.85492,0.41,,,,,,,5870,1.03,1.09,0.11,33.3622
108.45299,0.474,10.9,82.63538582,0.13,,,,,,,6245,1.47,1.21,0.09,26.1853
351.43394,1.039,12.7,2256.58169,0.158,,,59,,,,6245,1.47,1.21,0.09,26.1853
10159.64279,9.811,12.4,3464.647465,0.277,,,90.374,,,,6245,1.47,1.21,0.09,26.1853
1928,2.93,12.9,1433.406116,0.53,,,71,,,,5421,1.04,0.9,0.19,34.2802
1299,2.78,13.1,975.7381,0,,,,,,,4922,4.63,3.5,0.17,97.2305
386.29999,1.06,13.5,530.7761,0.5,,,,,,,5940,1.04,1.07,0.13,35.5318
2.1974,0.0379,13.7,384.5743,0.07,,,,,,,6380,1.647304,1.51,0.15,46.7789
1039.15,1.988,12.9,1382.55357,0.197,,,50,,,,5507,0.916,0.968,0.14,68.5146
117000,63,15.69257298,1938.753283,0.19,,1042,37,,,,6791,1.68398,1.32,,136.608
40.43914,0.242,4.77,20.34101805,0.821,,,,,,,6126,1.64802,1.16,,115.665
103.95,0.45,12.8,1913.3366,0.31,,,,,,,6014,1.05,1.2,0.11,53.4884
176.13,0.762,13.2,888.0125692,0.111,,,,,,,4757,9.9,1.9,-0.14,135.292
15732.45889,20,12.6,2510.844415,0.52,,,116.3,,,,5338,0.93,0.97,0.43,17.9323
2751.53433,4.89,13.4,658.5404593,0.078,,,81.958,,,,4823.75,6.930587,2.058,0.0951,227.881
5.77152,0.0634,2.42,6.44,0.172,,,,,,,5765,1.152288,1.02,0.19,23.4534
13.5052,0.1117,2.23,5.59,0.305,,,,,,,5765,1.152288,1.02,0.19,23.4534
44.236,0.2388,13.4,674,0.4686,,,,,,,5441,0.937948,0.927,0.1,40.4256
1008,1.922,12.7,2080,0.133,,,,,,,5441,0.937948,0.927,0.1,40.4256
86.58,0.3193,4.94,21.6,0.063,,,,,,,4090,0.628304,0.58,0.16,10.7643
528.4,1.32,13.7,385,0.26,,,,,,,5883,0.98,1.11,0.06,12.9032
676.6,1.7,13.7,356.28743,0.155,,,,,,,4946,5.01,1.43,0,119.137
116.596,0.522,12.8,1633.6462,0.207,,,,,,,5972,2.29,1.38,0.03,109.055
491.54,1.36,13.3,731.009,0.23,,,,,,,5972,2.29,1.38,0.03,109.055
1027,2.45,13.9,270.144,0.52,,,,,,,6308,1.21,1.22,0.29,57.1289
328.55,0.993,13.7,390.9309,0.587,,,,,,,6032,1.34,1.21,0.24,77.1971
5062,6.15,12.8,1640.0028,0.125,,,,,,,6032,1.34,1.21,0.24,77.1971
2.87589,0.04364,8.29466,120.7754,0,1095.91,1626,84.55,0.571,0.29,3.14,6179,1.41,1.42,0.32,75.8643
4.07182,0.053,13.6,422.7139,0.0167,,,,,,,5856,1.44,1.2,0.29,73.2801
16521.52778,12.404,12.3,4003.684443,0.357,,,13.574,,,,5352.05,0.89,0.93,0.2206,20.2727
562,1.4,13.3,762.7881768,0.2,,,,,,,4153,16.2,1.3,-0.25,144.49
428.5,1.262,13.2,874.0325,0.031,,,,,,,4947,4.67,1.46,0.09,190.953
5894,6.7,13.3,772.323029,0.38,,,70,,,,5961,0.96,1.17,-0.01,28.2697
21.89288,0.16,6.94,38.45723725,0.496,,,,,,,6091.98,1.17184,1.14,,43.6002
18144.76236,14.131,12.8,1636.180639,0.138,,,42.369,,,,6091.98,1.17184,1.14,,43.6002
2918.92,4.187,13.2,845.74563,0.532,,,,,,,5907,1.128,1.147,0.29,87.8888
686.5,1.66,13.4,594.02427,0.04,,,,,,,5027,5.14,1.3,-0.46,165.76
11.62071,0.1049,3.05,9.82,0.046,265.4,1003.11,89.26,0.2,0.0486009,5.59,6310,1.43,1.15,-0.16,107.898
19.502104,0.1482,5.94,9.67,0.074,133.1,253.08,89.21,0.3,0.08555836,6.5,6310,1.43,1.15,-0.16,107.898
4.7559804,0.05245,1.77,6.519,0.058,404.5595,1001,89.3,0.386,0.0344,2.5536,5131,0.855,0.829,0.03,44.8155
17.180546,0.1235,2.526,6.792,0.096,45.0685,656.1,88.41,0.876,0.0758,2.232,5131,0.855,0.829,0.03,44.8155
7.29903,0.068,4.77,20.34101805,0.065,,,,,,,4837,0.745171,0.79,,17.9412
15.27018,0.111,4.36,17.48056238,0.511,,,,,,,4837,0.745171,0.79,,17.9412
40654.64809,21.449,11.9,8725.661086,0.152,,,14.324,,,,4837,0.745171,0.79,,17.9412
499.39999,1.28,13.2,937.5985,0.34,,,,,,,6124,1.28,1.25,-0.01,48.4549
18.56,0.134,2.46,6.6,0.344,,,,,,,5374,0.95,0.91,0.28,18.2692
3280,4.158,13.7,376.9444907,0.058,,,88,,,,5468,0.85,0.89,-0.105,18.284
5163,7.46,12.5,2892.238504,0.2,,,47,,,,4909,8.56,2.07,0.1,100.947
163.94,0.6,12.8,1706.7471,0.61,,,,,,,5743,1.32,1.18,0.25,63.0484
408.60001,1.29,13.3,778.6835,0.46,,,,,,,5589,2.3,1.96,-0.22,63.4482
3452,5.36,13.2,819.97,0.06,,,,,,,5605,1.76,1.718,-0.2,63.4482
352.65,1.04,14,238.3713053,0.21,,,0.7112,,,,6239,1.76439,1.221,0.05,57.7995
194.3,0.63,13.8,314.6517,0.17,,,,,,,5905,1.38,1.15,-0.6,43.6197
391.9,1.02,13.9,261,0.16,,,,,,,5900,1.38,0.92,-0.51,43.6197
1.87567,0.03,2.67,7.62788177,0.194,,,,,,,5771.84,1.01906,1.03,-0.6616,27.561
17202.19446,13.183,12.8,1878.048057,0.071,,,31.771,,,,5771.84,1.01906,1.03,-0.6616,27.561
21.85849,0.167,4.12,15.89142035,0.109,,,,,,,6419.19,2.75716,1.29,0.12,48.249
7841.5839,8.415,12.8,1661.606912,0.391,,,23.462,,,,6419.19,2.75716,1.29,0.12,48.249
133.40355,0.502,12.5,2997.757535,0.647,,,87,,,,5453,0.95,0.94,0.14,36.1945
4818.25358,5.486,12.5,3098.826968,0.261,,,74.699,,,,5453,0.95,0.94,0.14,36.1945
842.2,1.88,14,235.18,0.22,,,,,,,5900,2.16,1.25,-0.12,56.8655
4.6455,0.05,1.87,4.15,0,,,,,,,4850,0.72,0.772,0.05,24.3323
811.3,1.57,6.17,31.49679513,0.089,,,,,,,4903.69,0.774528,0.785167,0.0493,24.3323
359.51001,1.12,12.4,3391.2461,0.85,,,,,,,6090,1.9,1.38,0.15,47.7332
521,1.5,13.5,486.2799,0.29,,,,,,,4860,4.5,1.3,0.19,94.8625
2.178,,1.28228,2.22,,759.183,1462,,,0.011,2.098,5801.89,1.21,1.08,,27.0498
3.432,,2.23,5.6,,,,,,,,5801.89,1.21,1.08,,27.0498
5.1980814,,2.18,5.41,,,,,,,,5801.89,1.21,1.08,,27.0498
7.951,,2.34,6.08,,,,,,,,5801.89,1.21,1.08,,27.0498
12.028,,2.35,6.14,,,,,,,,5801.89,1.21,1.08,,27.0498
820.2,2.1,12.3,4449.62,0.13,,,,,,,4069,50.3,1.8,-0.2,283.659
10.924709,0.09,2.24,5.65,0.11,33.14,668,87.98,0.86,0.0729,1.8,4757,0.762,0.79,0.02,45.5621
21.583298,0.141,2.93,8.91,0.04,13.37,532,88.75,0.9,0.1243,2.19,4757,0.762,0.79,0.02,45.5621
12.62,0.11,13.7,359.13,0.02,,,,,,,6123,1.12,1.125,0.05,73.3055
248.4,0.8,13.4,603.9,0.075,,,,,,,6123,1.12,1.125,0.05,73.3055
1184.1,2.32,13.3,704.94694,0.024,,,,,,,5534,2.13,1.19,-0.08,55.8503
351,1.032,14,244.09344,0.184,,,,,,,5534,2.13,1.19,-0.08,55.8503
577.2,1.492,13.8,296.85322,0.095,,,,,,,4915,3.49,1.33,0.22,88.8047
2149,3.584,13,1150.5446,0.099,,,,,,,4915,3.49,1.33,0.22,88.8047
645,1.5,,1366.66215,0.0505,,,60,,,,5773,1.33,1.13,0.28,15.5981
3947,4.17,,1398.444991,0.039,,,60,,,,5773,1.33,1.13,0.28,15.5981
9.6392,0.0952,3.23,10.49,0,,900,,,,,5773,1.33,1.13,0.28,15.5981
307.9,0.96,,2224.798849,0.0666,,,60,,,,5773,1.33,1.13,0.28,15.5981
279.3,0.85,14.1,181.162192,0.044,,,,,,,4786,10.95,1.06,-0.21,107.188
75.523,0.36,10.9,82.6358,0.25,,,,,,,5757,1.48,1.11,0.13,37.7861
990,2.12,12.8,1875.187601,0.6,,,59,,,,5981,1.72,1.63,0.3,59.859
8.4282,0.08,12.5,3127.4472,0.28,,650,,,,,4723,0.75,0.42,-0.1,30.8248
75.2203,0.362,13.9,249.051588,0.7441,,,,,,,5522,1.76,1.12,0.21,67.7855
1272,2.39,13.3,699.54383,0.08,,,,,,,5522,1.76,1.12,0.21,67.7855
17.24,0.14,5,22.1,0.2,,,,,,,5841,1.639984,1.2,0.06,25.3936
280.17,0.87,14.3,140.79869,0.238,,,,,,,5859,1.11,1.12,0.2,53.1119
40,0.23,4.16,16.14,0.088,,,,,,,5790,1.023606,0.99,-0.04,28.254
653.9,1.362,12.3,4195.334972,0.479,,,10.6,,,,4663,0.78,0.77,0.12,39.3633
5387,5.556,12.5,3019.369867,0.196,,,8.6,,,,4663,0.78,0.77,0.12,39.3633
1207,2.16,13.3,116,0.08,0.1578,159.4,,,,,5390,0.946,0.926,0.18,22.0016
75.74,0.341,3.66,13,0.12,6.29,400.5,,,,,5390,0.946,0.926,0.18,22.0016
12.458,0.103,1.83,4,0.12,,,,,,,5390,0.946,0.926,0.18,22.0016
41.763,0.2292,3.23,10.52012027,0.086,,,,,,,5393.43,1.001813,0.921146,0.1967,22.0016
2342.6,3.54,12.1,5943.391211,0.6708,,,70,,,,5870,1.06419,1.06,0.06,57.4263
434.5,1.13,13.2,918.5287,0.2,,,,,,,5426,0.95,1.02,0.09,63.3574
270,0.94,12.7,2040,0.63,,,,,,,6317,1.93,1.5,0.37,117.908
5144,5.42,13,1207.747947,0.734,,,68,,,,5127,0.797485,0.81,-0.09,45.1342
417.67,1.22,13.6,444.0062846,0.01,,,,,,,4919,4.63,1.39,-0.01,49.6633
1820,2.877,13.2,905.81096,0.182,,,28.7,,,,5474,0.95271,0.96,-0.29,54.3258
20.6532,0.1512,13.9,270.154146,0.149,,,,,,,4851,9.7,1.08,-0.67,107.214
15.1479,0.1192,3.05,9.53485221,0.12,,,,,,,5778.33,1.209505,0.986073,0.0183,23.3032
58.11187,0.292,12.6,2424.395089,0.53,,,92,,,,5491,1.711479,0.98,0.04,39.6245
1753.1096,2.842,12.2,5500.338412,0.21,,,91.218,,,,5491,1.711479,0.98,0.04,39.6245
6.404,0.07,11.1,85.8141,0.11,,900,,,,,5570,1.09,1.07,-0.08,41.5681
14773.93272,10.961,12.7,2154.876599,0.187,,,129.839,,,,4905,0.777826,0.8,0.16,39.8979
533,1.36,12.5,2793.7257,0.64,,,,,,,4374,21.66,1.86,-0.27,752.615
10256,8.8,12.4,3591.460999,0.68,,,43,,,,4866.12,0.77494,0.85,0.2405,39.7401
,37.2,13.1,953.485221,,,,13,,,,7246,1.53702,1.85,,113.6
225.67372,0.765,13.2,804.4236981,0.294,,345,,,,,6300,1.935709,1.17,0.21,37.6048
1818.82339,3.075,12.6,2437.426053,0.246,,,24.469,,,,6300,1.935709,1.17,0.21,37.6048
1145,2.24,14.1,209.7678,0.11,,,,,,,5842,1.24,1.1,0.29,60.178
359.89999,1.31,12.5,3219.6179,0.17,,,,,,,4326,13.58,6.73,0.18,228.422
550,1.32,13.2,832.7146,0.59,,,,,,,5671,2.47,1.53,-0.48,111.659
1515,2.518,12.5,2796.889982,0.358,,,19.1,,,,5467,1.01,0.92,0.2,44.8113
21.2164294,0.1632,12.26262489,1036.120607,0.6772,68.8,888,86.51,0.484,0.5493,3.1505,6046,1.517,1.285,0.208,78.0863
322.03,1.158,13.4,585.1220973,0.208,,,,,,,4683,13.5,2,-0.22,132.184
582,1.7,13,1334.879309,0.4,,,,,,,4308,26.6,1.8,-0.28,234.027
1175,2.4,12.3,4703.860424,0.51,,,60,,,,5635,1.75,1.09,0.28,71.0863
298.43,0.975,14.1,190.06234,0.11,,,,,,,5013,4.19,1.39,-0.07,129.603
29.01,,,2456.177929,0.11,,,0.1865,,,,5392,0.7,0.71,-0.62,40.3303
623.8,1.42,13.9,276.5121,0.13,,,,,,,5904,1.18,0.98,-0.16,44.4264
6.49164,0.062956,,1487.754773,0.066,81.7,767,0.2581,,,,4931,0.782,0.789,0.03,27.7843
16.8124,0.11873,,2097.985315,0.111,22.9,558,0.2419,,,,4931,0.782,0.789,0.03,27.7843
61.376,0.28149,2.49,6.76,,4.09,363,,,,,4931,0.782,0.789,0.03,27.7843
44.505,0.246,4,15.1,0.0593,,,,,,,5627,0.971489,1,0.0812,16.9179
410.10001,1.14,13.5,537.1327,0.1,,,,,,,4901,3.26,1.7,0.42,62.7674
110.9,0.5137,7.87,47.6725,0.3,,,,,,,4949,2.62,1.47,0.545,62.7674
71.484,0.34,12.6,2552.1749,0.11,,,,,,,5588,1.08,1.24,0.24,40.9727
14.479,0.1214,,4195.334972,0.049,,,0.3766,,,,5646,1.63,1.14,0.24,69.7116
3.092514,0.0443,13.9,291.12,0.022,,,,,,,6168,1.266865,1.21,0.137,27.4573
213.72,0.843,13.3,697.31902,0.081,,,,,,,5131,4.06,1.75,0.25,137.043
2278,3.87,13.1,1048.833743,0.148,,,69,,,,5603,3.13,1.49,-0.14,123.801
394.73,1.448,12,7216.929638,0.247,,,,,,,4917,9.2,2.6,0.2,122.362
105.911,0.343,3.53,12.214,0.101,,,,,,,3534,0.481,0.484,-0.04,5.91059
510.9,1.4,13.5,535.54355,0.107,,,,,,,4961,4.16,1.41,0.04,104.577
7593.40512,7.427,12.5,2980.912629,0.726,,,98.732,,,,5386,1.059423,0.94,0.32,47.7458
564.1,1.592,13.2,807.2882,0.022,,,,,,,4945,4.71,1.69,0.26,120.391
10.2851,0.088,3.28,10.80616584,0.224,,,,,,,5078,0.87,0.85,0.28,22.5243
28982.41764,17.53,12.5,3177.648413,0.194,,,35.98,,,,5078,0.87,0.85,0.28,22.5243
9.3745,0.0828,,1708.645516,0.396,,,0.2542,,,,4918,0.79,0.86,0.4012,26.8762
1018.5,1.885,,2207.000458,0.2402,,,111,,,,4918,0.79,0.86,0.4012,26.8762
6896.1,6.74,13.2,858.1366989,0.444,,,164.5,,,,4918,0.79,0.86,0.4012,26.8762
956,1.85,14,127.132,0.26,,,,,,,5736,1.5,1.03,-0.62,60.2046
624.87404,1.46,13.1,1103.182401,0.383,,,90,,,,5948,1.23,1.06,0.2776,54.1955
4667.97841,5.585,12.5,2958.982469,0.051,,,73.718,,,,5948,1.23,1.06,0.2776,54.1955
17.471291,0.1322,3.49,20.4,0.061,58.1,752,89.11,0.48,0.1106,4.306,5784,0.96,0.996,-0.038,57.2651
286.6,0.94,12.1,98.52680617,0,,,,,,,4971,4.86,1.35,-0.17,60.7993
484.3,1.334,11.8,95.3485221,0,,,,,,,4971,4.86,1.35,-0.17,60.7993
836.4,1.92,14.3,143.0227832,0,,,,,,,4971,4.86,1.35,-0.17,60.7993
803,2.1,12.1,6674.396547,0.1,,,,,,,3860,88.475,1.84,-0.4,224.146
6.83776,0.077,13.8,321.0083,0.229,,,,,,,5923,2,1.3,0.11,51.9917
4060,4.6,13.6,413.1769291,0.07,,,91,,,,4848,0.743303,0.8,-0.06,31.395
4.1374354,0.048,2.6,24.1,0.34,145,863,87.6,0.5,0.10084447,2.06,5145,0.767,0.863,0,38.5653
1019.74,2.1,13.9,265.70588,0.251,,,,,,,6117,1.27,1.189,0.12,45.8993
3.0965828,0.0426,14.2,166.218,0.0103,,,79,,,,5790,1.15043,1.04,0.09,45.9548
3810,4.89,13.2,912.1675281,0.252,,,137.2,,,,5790,1.15043,1.04,0.09,45.9548
766,1.82,13.1,1080.622,0.04,,,,,,,4940,5.13,1.36,-0.04,162.685
461.2,1.203,13.6,476.72,0.137,,,,,,,5746,1.125296,1.09,0.289,50.6706
14583.81038,12.027,11.9,9333.031172,0.034,,,49.245,,,,5897.32,1.94492,1.07,-0.08,64.3399
14.288,0.111,2.85,8.5,0.189,,,,,,,5726,1.04,0.83,-0.24,17.9055
33.688,0.197,2.54,7,0.16,,,,,,,5726,1.04,0.83,-0.24,17.9055
2.21857567,0.03126,12.66617,359.1479,0,356,1209,85.71,0.6636,2.4,1.8233621,5052,0.75,0.79,-0.02,19.7638
11.724128,0.092,4.06,15.5,0.136,,,,,,,4610,0.79,0.77,0.16,12.7141
1143.59858,2.406,12.9,1598.676887,0.559,,,94.987,,,,5360,2.58658,1.415,-0.24,62.7146
2892,3.963,13.5,533.9517238,0.3184,,150,69,,,,5552,1.201,0.991,0.25,16.0069
17.1173,0.1296,5.44,25.42627256,0.165,,,90,,,,5552,1.201,0.991,0.25,16.0069
1176.45,2.231,13.4,630.89255,0.224,,,,,,,5656,1.376,1.069,0.23,54.4738
4885,5.5,13,1137.825697,0.57,,,64,,,,5988,1.53,0.91,-0.48,148.187
1603.38923,2.749,12.5,2966.610351,0.213,,,66.519,,,,6010,1.40223,1.07,0.3,65.6668
8.8803256,0.0804,3.41,10,0.031,100,880,88.1,0.61,0.1238,2.939,5348,0.94,0.81,-0.15,53.6089
28.579743,0.1752,3.195,8,0.034,21,600,89.1,0.63,0.10813969,4.162,5348,0.94,0.81,-0.15,53.6089
38.353037,0.2132,2.995,2.8,0.031,14.3,540,89.49,0.44,0.10290917,5.36,5348,0.94,0.81,-0.15,53.6089
101.12,0.407,13,112.2,0.031,3.9,390,88.7,,,,5348,0.94,0.81,-0.15,53.6089
2898,3.71,13.2,915.3458122,0,,125,,,,,5348,0.94,0.81,-0.15,53.6089
284,0.812,3.74,13.5,0.03,0.99,278,,,,,5348,0.94,0.81,-0.15,53.6089
24.3556,0.15,14.2,177.9848,0.05,,486,,,,,4976,0.74,0.66,0.03,19.6359
74.72,0.32,4.27,16.9,0.13,,355,90,,,,5166,0.857922,0.8,-0.04,8.79687
525.8,1.18,5.25,24,0.32,,185,90,,,,5166,0.857922,0.8,-0.04,8.79687
340.94,1.063,13.4,666.17168,0.082,,,,,,,5041,4.41,1.38,-0.15,71.8627
13092.18348,11.116,12.4,3561.902957,0.251,,,57.99,,,,5861.32,1.14911,1.06,0.08,80.2349
18.20132,0.14,13,1264.9634,0.01,,,,,,,5751,1.48,1.21,0.05,37.6681
1392,2.65,12.9,1493.793513,0.2,,,42,,,,5879,1.42,1.27,0.229,50.6742
3413.7,4.71,12.4,3623.24384,0.56292,,,29.7,,,,6072,1.71,1.16,0.213,39.9346
4.601088,,3.21,10.4,0.235,,,,,,,6072,1.71,1.16,0.213,39.9346
402,1.1,12.6,2701.54146,0.2,,,,,,,4263,32.3,1.1,-0.31,265.155
1333,2.37,13.2,819.97,0.48,,,,,,,6254,1.31,1.28,0.22,34.1692
1035.7,2.07,13.9,251,0.22,,,,,,,6150,1.105,1.11,-0.2,33.1944
99.62167,0.426,7.43,43.22466335,0.373,,,,,,,5796.02,0.92,1.04,-0.3075,24.3056
466.2,1.305,13.6,435.41,0.063,,,,,,,6188,1.79647,1.365,0.27,22.5242
11.8482,0.0974,3.43,11.66,0.36,,,,,,,5494,0.921637,0.875,0.04,41.8316
33.9239,0.1964,3.89,14.44,0.1,,,,,,,5494,0.921637,0.875,0.04,41.8316
606.3,1.565,13.5,508.21017,0.087,,,,,,,4982,4.92,1.39,-0.15,72.5922
852.5,1.96,13.7,385.84562,0.243,,,,,,,4982,4.92,1.39,-0.15,72.5922
1260,2.41,12.2,5689.157,0.22,,,7.7,,,,5766,1.04,1.07,0.3,45.9665
517.8,1.566,,634.38868,0.011,,,90,,,,5040,6.43,1.91,0.02,188.546
946.6,2.342,,592.43512,0.028,,,90,,,,5040,6.43,1.91,0.02,188.546
3.3088775,0.05208,18.2370116,323.5493183,0.03,3770,2181,84.9,0.381,0.467,5.6731,6442,2.554,1.721,0.232,161.498
,487.1,14.4595851,3496.112477,,,1040,,,,,5603,0.856458,0.94,0.3,39.2503
0.926118,0.018,1.72,7.42,0,3474,2141,76.01,0.826,0.0221,1.26,5596,1.13,0.9,-0.07,63.6796
512.5352,1.771,13.1,1106.042856,0.732,,,,,,,5174.32,10.5852,2.817,0.05,61.7477
2481.07227,5.067,12.6,2378.945626,0.202,,,158.462,,,,5174.32,10.5852,2.817,0.05,61.7477
1120,2.2,12.7,1999.1507,0.71,,,,,,,5945,1.19,1.23,0.3,85.6922
2041.11539,3.185,12.9,1466.778098,0.1,,,72.917,,,,5767,1.1,1.03,0.18,47.7945
34.95875,0.211,4.31,17.16273398,0.059,,,,,,,5767,1.1,1.03,0.18,47.7945
7325.64666,7.457,12.2,4868.17771,0.253,,,176.092,,,,5767,1.1,1.03,0.18,47.7945
1733,2.55,10.1,73.1009,0.37,,,,,,,5026,0.78,0.58,-0.19,28.7165
25.33798,0.177,13.9,124.5887355,0.145,,,,,,,6133.55,1.87741,1.16,,86.6159
279.8,0.896,13.6,435.41,0.27,,,,,,,6176,1.33,1.22,0.19,92.5087
96.045,0.461,6.47,34.2,0.23,,,,,,,5635,2.221489,1.42,,75.2363
673.2,1.74,13.4,647.10188,0.1,,,,,,,4842,6.12,1.55,0.14,147.192
11100,10.75,14.01122587,6197.653937,0.069,,1429.2,142,,,,6500,1.31116,1.31,,40.7583
2290,3.74,16.36511182,3527.895318,0.283,,1181.9,142.5,,,,6500,1.31116,1.31,,40.7583
6.441008,0.0629,2.25,6.1,0.231,72.9,743,88.79,0.43,0.0914,1.762,4819,0.769,0.8,0.095,23.606
5.3135,0.0529,1.21,1.93,0.1,,,,,,,5256,0.833609,0.7,-0.11,35.9715
13.8905,0.1004,2.17,5.33,0.09,,,,,,,5256,0.833609,0.7,-0.11,35.9715
29.158,0.1647,3.25,10.61,0.11,,,,,,,5256,0.833609,0.7,-0.11,35.9715
85.5073,0.3374,3.83,14.03,0.06,,,,,,,5256,0.833609,0.7,-0.11,35.9715
597.0643,1.3649,13.6,472.83,0.95,,,,,,,5782.13,1.12681,1.04,-0.0537,35.9864
160.07,0.586,14.2,177.9848,0.197,,,,,,,5726,0.89,1.05,0.14,58.9291
1155.7,2.112,14,232.0159,0.27,,,,,,,5710,0.901,0.94,0.06,58.9291
16.20166,0.117,2.34302132,14.8,0,26.5,581.75,88.757,0.424372,0.0885,2.9048422,5106,0.7827,0.8208,-0.03,28.2938
18.314,0.1257,1.45,2.7,0.064,,660,90,,,,5368,0.93,0.79,-0.42,6.00278
89.68,0.3625,2.04,4.8,0.077,,388,90,,,,5368,0.93,0.79,-0.42,6.00278
147.02,0.509,2.03,4.77,0.29,,,,,,,5401,0.93,0.813,-0.4,6.00278
647.6,1.3541,2.28,5.82,0.45,,,,,,,5368,0.93,0.79,-0.42,6.00278
129.36,0.53,14.3,146.2010672,0.37,,,,,,,6134,1.16,1.15,0.09,45.147
875.5,2.1,12.5,3146.4,0.08,,,,,,,4035,51.1,1.6,-0.09,312.202
380.85001,0.95,13.7,397.2875,0.75,,,,,,,4802,0.76,0.39,0.05,47.7223
358.27,1.063,13.7,379.487118,0.02,,,,,,,4860,4.98,1.25,0.21,67.4872
3.52474859,0.04707,15.58051,232.0159,0,587.098,1459,86.71,0.507,1.5,3.072,6091,1.19,1.23,0.01,48.3016
649.918,1.487,14.3,153.1,0.24,,,,,,,5790,1.05971,1.04,0.13,42.2029
442.19,1.13,13.6,410.0007,0.48,,,,,,,5538,1.07,1.01,0.22,21.2985
355.5,1.079,13.6,481.5100366,0.071,,,,,,,4912,4.54,1.33,-0.02,54.1963
223.8,0.768,12.8,1760.769375,0.084,3.44,380,,,,,6273,1.206,1.2,0.18,83.0919
1558,2.656,14,212.9461,0.68,,,,,,,5652,1.13,1.03,0.17,64.6353
25.201,0.143,3.66,13,0.15,,,,,,,4127,0.574175,0.61,,13.1277
2.24571,0.03,14.2,162.0933,0,,,,,,,6239,1.16,1.55,0.18,54.2304
380.7,1.19,13.3,759.6137,0.076,,,,,,,5003,5.27,1.56,-0.21,111.155
882.70001,1.89,12.8,1655.886,0.42,,,63,,,,5979,1.51,1.57,0.15,40.8707
17000,13,13.1,1112.399425,0.53,,,,,,,5729.54,1.433902,1.048132,0.1249,64.4527
11.12214,0.099,2.99,9.2170238,0.413,,,,,,,5840,1.08287,1.05,0.01,41.0014
1.008035,0.02012,1.745,8.83,0,1882.94,2128,80.09,0.675,0.02,1.41,5978,1.1011,1.068,-0.04,48.0883
4.78503,0.056798,4.71,19.95,0,,1265.4,,,,,5978,1.1011,1.068,-0.04,48.0883
84.288,0.362,9.52,65.9,0.4,,,,,,,5605,0.825605,0.89,-0.265,29.1328
1854.84424,3.08,12.1,5914.786654,0.161,,,99.51,,,,6215,2.04,1.115,0.17,101.368
5.75999,0.057638,,565.4167361,0,,,0.1871,,,,4935,0.73,0.77,-0.1,21.5974
7.28243,0.067393,,468.7969003,0,,,0.2035,,,,4935,0.73,0.77,-0.1,21.5974
10.86499,0.08799,,770.4160586,0,,,0.1998,,,,4935,0.73,0.77,-0.1,21.5974
25.1967,0.15417,,975.4153811,0,,,0.1869,,,,4935,0.73,0.77,-0.1,21.5974
25.1292,0.1726,2.697,17.7,0,25.7431,637,89.23,0.478,0.0465,4.885,5871,1.044,1.09,0.049,79.208
3.93404,0.05,,1588.824207,0.16,,,0.2301,,,,5110,0.85,0.67,0.2,40.5468
566,1.31,13,111.2399425,0.47,,,90,,,,5113,0.85,0.92,0.23,40.5468
1311,2.56,13.7,400.4,0.07,,,,,,,5999,1.800029,1.3,0.244,32.9834
1359,2.57,13,1334.879309,0.31,,,148,,,,5909,1.394,1.22,0.2,26.6902
35.45,0.198,3.18,10.26,0.09,,,,,,,5103,0.76,0.82,-0.16,19.552
154.43,0.528,3.03,9.44,0.12,,,,,,,5103,0.76,0.82,-0.16,19.552
148.60001,0.61,13.8,333.7215,0.38,,,,,,,4639,9.83,0.81,-0.17,376.233
118.45,0.46,14.1,181.1631,0.37,,,,,,,5399,0.93,0.74,0.27,36.6625
22.6786,0.1455,2.8,8.23,0.12,,,,,,,5430,0.914378,0.8,0,33.255
53.7357,0.2586,4.34,17.37,0.07,,,,,,,5430,0.914378,0.8,0,33.255
7.1270166,0.07359,13.6,459.5798765,0.1284,,,93,,,,5622,1.2245,1.045,0.37,20.0619
5138.7,5.922,12.9,1388.910139,0.3918,,,88,,,,5622,1.2245,1.045,0.37,20.0619
7.78993,0.0695,0.892,3.7,,305.9425,701,88.9,0.42,0.01690703,2.515,4640,0.695,0.73,0.003,16.32
1301.36009,2.446,12.3,4402.559094,0.311,,,69.767,,,,5966,1.27,1.14,-0.135,55.4847
2.52221,0.038,2.61,7.31005336,0.399,,,,,,,5966,1.27,1.14,-0.135,55.4847
2560.19774,3.758,14.2,166.5420853,0.156,,,91.357,,,,5930.64,1.32619,1.08,0.2865,61.7957
225.7,0.69,9.32,63.566,0.3,,,,,,,4730,0.85,0.76,0.28,28.8274
5478.68861,5.935,12.5,3057.509275,0.768,,,90.178,,,,5362,1.91,0.92,-0.13,29.1864
3.092926,0.03876,1.602,4.74,0,176.2,1015,85.05,0.9245,0.0358,0.945,4699,0.778,0.81,0.11,6.53127
6.76458,0.0653,1.511,4.36,0.062,62.1,782,87.28,0.813,0.0318,1.66,4699,0.778,0.81,0.11,6.53127
46.859,0.237,1.61,16.17,0.138,4.72,410.5,,,,,4699,0.778,0.81,0.11,6.53127
22.717,0.1463,1.31,7.3,0.148,12.38,522.6,,,,,4699,0.778,0.81,0.11,6.53127
94.2,0.3753,3.28,10.80622,0,,,,,,,4913,0.77,0.794,0.08,6.53127
2247,3.11,12.7,108.0622,0.06,,,,,,,4913,0.77,0.794,0.08,6.53127
275.5,0.94,14,247.9061575,0.11,,,,,,,4831,11.22,1.46,-0.2,104.935
2093.3,3.2,13.8,317.83,0.4,,,,,,,4820,2.9,1,-0.04,165.184
6.034468,0.06356,4.898,17.6,0.05,598.4408,1076,86.42,0.838,0.17506458,2.158,5540,1.059,1.02,0.04,94.1719
3.83483,0.049,4.59,19.06970442,0.091,,,,,,,5891,1.56,1.04,0.19,73.114
4789.87297,5.657,12.2,5102.417246,0.811,,,122.816,,,,5891,1.56,1.04,0.19,73.114
672.09998,1.6,12.2,5288.6912,0.14,,,,,,,3787,54.92,2.2,-0.25,324.54
1728,2.729,9.32,63.566,0.187,,,,,,,5683,0.98,0.91,-0.55,64.411
2266.4,3.396,13.7,381.3940884,0.054,,,71,,,,5921,1.068,1.016,-0.07,46.8778
3724.7,4.94,13.6,460.8,0.51,,,,,,,5940,1.679696,1.16,0.09,50.5103
218.47,0.74,13.1,1010.6994,0.404,,,,,,,5960,1.41647,1.13,-0.17,64.6498
456.1,1.25,13.1,982.05,0.08,,,,,,,6304,1.13864,1.25,-0.03,55.9231
14.2767,0.1228,9.17,60.5,0.115,495.9065,1314.67,85.75,0.728,0.07629377,8.571366,5080,2.943,1.212,-0.08,95.5483
10090,10.15,12,7278.27052,0.14,,,164,,,,5847,1.947,1.351,0.33,31.1415
1173,2.306,13.5,511.7063,0.123,,,,,,,5620,1.850575,1.19,0.29,55.8535
871,1.83,13.5,495.8148,0.08,,,,,,,4806,4.1,1.07,0.05,91.1538
3999,5.14,13.4,581.6259848,0.16,,,68,,,,5701,1.85,1.21,-0.18,50.6078
14892,10.8,12.8,1649.529432,0.56,,,49.9,,,,4751,0.71,0.76,-0.32,11.4469
572.38,1.34,12.6,2660.2371,0.73,,,,,,,5790,1.13,1.12,0.01,42.1586
10.6413,0.0952,0.91,4.1,0.06,,968,86.7,,,,5784,1.147,1.013,0.05,105.48
36.57669,0.217,2.42,10.4,0.02,,641,89.8,,,,5784,1.147,1.013,0.05,105.48
138.0731,0.53,2.4,4.2,0.04,,411,89.9,,,,5784,1.147,1.013,0.05,105.48
1202.05199,2.375,12.7,2075.737326,0.476,,,91.125,,,,6097,1.54,1.23,0.27,79.0608
26.6904,0.191,14,222.481,0.104,,,,,,,5894,1.93,1.31,0.27,93.5015
5.09071,0.051,2.22,5.57,,26,573,,,,,4385,0.674,0.684,-0.08,13.5956
872.6,1.9,13.4,673.7962228,0.03,,,,,,,5038,5.69,1.57,-0.19,161.183
528.07,1.167,12.3,4338.2,0.8191,,,,,,,5027,0.743475,0.75,-0.37,32.6034
47.42489,0.2958,2.607,26.57,,18.561,546,,0.456,,6.482,6169,1.117,1.098,-0.08,62.7792
735.74,1.6,13.2,845.4235626,0.07348,,,,,,,5994,1.08,1.16,-0.129,33.4591
5.748913,,2.8,8.26,0.097,,,,,,,5994,1.08,1.16,-0.129,33.4591
1211.17,2.37,13.5,485.32641,0.406,,,,,,,5843,1.49,1.208,0.29,93.8555
141.63,0.567,13.7,359.1479,0.13,,,,,,,6101,1.53,1.21,0.05,108.877
192,0.747,12.7,2089.644,0.05,,,,,,,4791,10.9,1.5,-0.36,847.058
2058,2.827,13.5,565.7374,0.359,,,,,,,4981,0.68,0.71,-0.66,58.742
17.667087,0.1162,2,8.32,0.072,16,543,88.93,0.69,0.07545192,2.67,4684,0.71,0.67,-0.2,39.0341
29.79749,0.1646,1.87,3.41,0.063,7.96,467,89.095,0.785,0.06144582,2.94,4684,0.71,0.67,-0.2,39.0341
3.97664,0.04298,0.75,0.55,0.07,117,909,87.95,0.47,0.0142,1.99,4684,0.71,0.67,-0.2,39.0341
7.90754,0.068,0.818,0.72,0.07,46.7,723,88.63,0.5,0.02124177,2.48,4684,0.71,0.67,-0.2,39.0341
12.1621839,0.0906,1.137,0.77,0.07,26.3,630,88.81,0.57,0.02650132,2.82,4684,0.71,0.67,-0.2,39.0341
7.4341325,0.0706,1.982,4.15,0,70,805,88.74,0.435,0.0701,2.673,5075,0.772,0.849,-0.02,41.1706
1535.11912,2.694,12.4,3786.607641,0.282,,,38.898,,,,6040,1.53,1.1,0.33,52.0018
13.671,0.0932,2.52,6.89,0.3,8.1,469.6,,,,,3933,0.57,0.578,-0.03,15.2354
4100,5.7,12.8,1906.98,0.56,,,,,,,4769,12.73,1.47,-0.25,519.452
501.75,1.16,12.8,1655.82,0.15,,,,,,,4297,25.456816,0.82,-0.18,372.405
745.70001,1.92,12.2,5050.3187,0.4,,,,,,,3926,71.23,8.76,-0.25,933.377
3668,4.92,12.9,1589.142035,0.04,,,89,,,,5802,1.3,1.11,0.19,46.6224
515.4,1.3,9.35,63.88350981,0.11,,,,,,,5776.49,1.387296,1.10394,0.1971,46.6224
535.59998,1.29,12.3,4096.8287,0.35,,,,,,,4052,40,1.61,-0.49,300.247
2.0455,0.034,3.46,11.8,0.22,,,,,,,6034,1.412551,1.22,0.17,54.9004
6134.427,6.248,12.5,2884.92845,0.341,,,32.046,,,,5160,0.83,0.86,0.04,37.433
1802.29,2.971,13.9,290.81445,0.042,,,,,,,6125,1.23,1.076,-0.12,55.6146
7.0491423,0.076,2.54535814,8.7,0,461.4,1198.46,,0.532442,0.03005227,3.3487071,6353,1.4182,1.251,-0.018,45.6181
3.04405,0.0443,1.36354953,4.3,0,1413.5,1585.57,,0.689382,0.0082735,1.3514496,6353,1.4182,1.251,-0.018,45.6181
457.01,1.49,13.3,794.5710175,0.04,,,,,,,4766,13.76,2.12,-0.03,114.816
41.83156,0.242,6.9,38.13940884,0.05,,,,,,,5920.58,0.995896,1.08,0.12,49.1661
26308.65619,17.848,12.2,5252.750082,0.051,,,88.333,,,,5920.58,0.995896,1.08,0.12,49.1661
2.76953,0.02933,1.24,2.14,0.039,42.2,709,87.35,0.665,0.0712,1.15,3803,0.439,0.439,-0.43,10.0055
5.70588,0.04749,1.533,3.09,0.038,16.1,557,87.79,0.89,0.0821,0.98,3803,0.439,0.439,-0.43,10.0055
10942.29013,10.087,11.9,9045.396463,0.922,,,59.558,,,,6057.62,1.455981,1.12,-0.0095,40.9128
3.4442,0.04,14.3,133.4886,0,,,,,,,5186,0.94,0.77,0.13,54.9621
4.12688,0.0568,16.14096,371.8611,0.091,1436.49,2061,89.252,0.258,1.0831,4.405,6801,1.56,1.43,0.02,196.852
428.1,1.271,13.5,495.8,0.06,,,,,,,4846,3.18,1.23,0.42,18.2704
2198.14,3.242,13.5,495.8123149,0.141,,,74,,,,5737,0.923,0.944,-0.12,50.2862
18.01939,0.125,14.1,196.7357839,0.047,,,89,,,,4875,0.891767,0.81,0.3,43.8214
36.07,0.198,8.24,51.48846,0.015,,,,,,,4875,0.891767,0.8,0.3,43.8214
5019.54244,5.362,12.7,2063.659847,0.343,,,101.524,,,,4875,0.891767,0.81,0.3,43.8214
654.5,1.552,12.9,1525.576354,0.182,0.76,261,,,,,5966,1.27,1.16,0.18,67.9328
22.891054,0.1357,2.69,6.2,0.0071,33.4501,867,87.94,0.927,0.0301,2.69,6189,1.425,1.227,0.1,139.611
55.99712,0.308,4.13,9.2,0.0039,29.9535,643,89.61,0.31,0.0715,8.957,6189,1.425,1.227,0.1,139.611
84.2899,0.411,3.11,5.8,0.0054,17.3745,561,89.77,0.25,0.0407,10.32,6189,1.425,1.227,0.1,139.611
385.92,1.034,12.8,1859.296181,0.063,,,,,,,5602,1.048,0.974,0.19,39.3809
9090,8.5,12.8,1906.970442,0.15,,,66,,,,5602,1.048,0.974,0.19,39.3809
14.23283,0.118,12.2,99.7981198,0.104,,,,,,,5919.87,1.07094,1.08,,49.8063
1333,2.45,13,1207.747947,0.95,,,162,,,,5664,1.48,1.1,0.06,55.2884
,431.16,12,8352.530536,,,2395,,,,,6035,1.36,1.13,,117.807
3.1649,0.042,1.75,3.72,0.195,,1377,,,,,5766,1.08,0.98,-0.04,43.6455
6.1245,0.065,2.26,5.72,0.088,,1066,,,,,5766,1.08,0.98,-0.04,43.6455
11.681,0.1,2.06,4.91,0.093,,945,,,,,5766,1.08,0.98,-0.04,43.6455
6.0881,0.06,13.8,311.4734,0.09,,,,,,,4503,0.69,0.82,0.13,45.0293
8.7836,0.066,2.83,8.4,0,,450,,,,,3703.49,0.478214,0.5,-0.1,9.47045
380.2,1.18,13.5,490.09386,0.149,,,,,,,4972,6.48,1.53,-0.11,189.908
1365,2.294,12.9,1420.692979,0.453,,,33.7,,,,5560,0.85,0.86,-0.3,30.9939
2443,3.43,13.3,772.3269,0.08,,,,,,,5505,0.95,0.84,-0.14,56.433
892.7,1.913,13.5,498.990599,0.05,,,,,,,4845,4.5,1.17,0.14,44.1518
312.08,1.117,13.9,284.7742527,0.269,,,,,,,4853,10.9,1.91,0,110.103
20608.14049,13.39,12.8,1739.474872,0.261,,,52.658,,,,4678,0.574666,0.75,-0.22,31.2707
2514.53422,3.604,12.6,2670.712104,0.207,,,85.393,,,,5580,1.019,0.98,0.3699,55.5867
12085.45186,10.258,12.7,1954.644703,0.039,,,98.016,,,,5580,1.019,0.98,0.3699,55.5867
1157,2.34,13.6,467.2077583,0.76,,,65,,,,5882,1.61,1.12,0.2,26.1597
1684,2.69,14.3,149.37,0.18,,,,,,,5400,0.91,0.92,0.13,58.0844
847,1.85,13.5,491.68301,0.061,,,,,,,4895,4.4,1.17,-0.06,131.199
466,1.26,14.1,197.0546,0.3,,,,,,,6130,1.75,1.7,0.17,58.1438
16.5535,0.1254,3.22,10.47,0.1,,,,,,,5898,1.073694,0.96,-0.17,38.4473
51.2053,0.2663,3.85,14.16,0.04,,,,,,,5898,1.073694,0.96,-0.17,38.4473
271.6737,0.8098,3.46,11.82,0.24,,,,,,,5898,1.073694,0.96,-0.17,38.4473
0.959641,0.01796,1.67,4.97,0,1650,1774,83.4,0.11,0.0294,1.609,5261,0.88,0.837,0.04,47.2899
29.8454,0.1776,3,11.13,0.06,16.9,564,89.3,0.451,0.0946,4.869,5261,0.88,0.837,0.04,47.2899
8.4112,0.0763,1.92,4.33,0.12,88.9,859.5,,,,,5261,0.88,0.837,0.04,47.2899
96.63,0.3885,2.83,8.41,0.15,,374.8,,,,,5261,0.88,0.837,0.04,47.2899
157.35,0.594,13.2,905.4931315,0.028,,,,,,,4580,10.22,1.13,-0.15,122.115
2372,3.41,13.4,657.9048025,0.07,,,19.3,,,,5727,1.111044,0.94,0.11,38.0786
3.38773,0.04,14.3,152.5584,0,,990,,,,,5000,0.84,0.47,0.05,45.2989
621.62,1.44,13.6,476.7426105,0.59,,,0.3704,,,,5544,1.1112,1.03,0.17,50.1928
330,1.074,13.7,400.4637928,0.049,,,,,,,5025.4,4.17,1.52,0.06,121.375
810.2,1.955,13.9,282.8672822,0.081,,,,,,,5025.4,4.17,1.52,0.06,121.375
89.9,0.452,9.32,63.5656814,0.191,,,,,,,5025.4,4.17,1.52,0.06,121.375
18.712024,0.145,9.07303305,74.1,0,98.09,798.3,89.68,0.169195,0.4867,6.1681657,6128,1.266,1.1642,0.043,80.6665
18.1991,0.1508,12.5,104.56607,0.399,,,,,,,5935,1.97,1.38,0.35,89.8623
388,1.1,12.5,2892.1,0.34,,,,,,,6250,1.4367,1.25,-0.12,20.9531
551.40002,1.6,13.4,638.8383,0.15,,,,,,,4861,5.39,1.84,0.27,105.779
916,2.24,13.5,556.2025,0.13,,,,,,,4861,5.29,1.78,0.27,105.779
1049,2.07,13.9,260.6206,0.27,,,,,,,5879,1.38,1.14,0.18,46.0907
214.67,0.7181,8.42,53.5,0.036,,,,,,,5836,1.38,1.07,0.14,46.0907
117.87,0.4817,6.07,30.7,0.027,,,,,,,5836,1.38,1.07,0.14,46.0907
49.175,0.2687,4.26,16.8,0.09,,,,,,,5836,1.38,1.07,0.14,46.0907
676.8,1.543,6.88,37.9,0.031,,,,,,,5836,1.38,1.07,0.14,46.0907
5700,6.36,13.6,120.6,0.032,,,,,,,5836,1.38,1.07,0.14,46.0907
82.467,0.389,13,1195.0408,0.389,,,,,,,6060,1.759974,1.15,0.04,71.2423
9.8991,0.088,2.29,5.84,0,,,,,,,5666,0.897,0.94,-0.27,69.6026
46.9622,0.25,2.54,11.32,0.153,11.3814,479,89.58,0.47,0.07577887,5.8,5666,0.897,0.94,-0.27,69.6026
273.1,0.98,14,238.3713053,0.139,,,,,,,4770,10.86,1.69,-0.06,111.542
490,1.3,12.7,2097.667486,0.2,,,,,,,3940,38.4,1.14,-0.16,209.309
62.25,0.295,10.1,72.46524,0.645,,,,,,,5221,0.871954,0.799,0.1453,11.1336
154.378,0.53364,14,214.53525,0.054,,,,,,,5698.64,0.949168,0.85,-0.44,31.6634
885.5,1.71,14.1,207.22516,0.125,,,,,,,5698.64,0.949168,0.85,-0.44,31.6634
1862,2.807,14,221.20968,0.16,,,,,,,5698.64,0.949168,0.85,-0.44,31.6634
55.01292,0.277,13.2,854.9627,0.6745,,,,,,,5329,0.91,0.94,0.27,46.7864
2720,3.74,13.1,1013.8777,0.03,,,,,,,5329,0.91,0.94,0.27,46.7864
1211,2.108,8.56,54.98431441,0.298,,,,,,,5049.8,0.83061,0.851785,0.1716,17.926
363.20001,1.02,14,127.132,0.41,,,,,,,5981,1.49,1.37,-0.18,38.0615
14.3099,0.115,14.1,206.5884646,0.256,,,,,,,5697,2.857838,0.98,0.51,42.3538
2127.60566,3.226,12.5,3299.058865,0.357,,,104.559,,,,5697,2.857838,0.98,0.51,42.3538
685.25,1.623,12.5,3082.31534,0.017,,,,,,,5338,2.029,1.207,0.25,91.4349
2088.8,3.28,12.3,4481.380539,0.642,,,45.8,,,,5998,1.17,1.07,0.09,18.2702
5.63692,0.05895,1.99,4.62,0.101,,,,,,,5205,0.783742,0.86,-0.61,26.4131
14.0309,0.1083,2.65,7.49,0.078,,,,,,,5205,0.783742,0.86,-0.61,26.4131
33.874,0.1949,2.12,5.16,0.159,,,,,,,5205,0.783742,0.86,-0.61,26.4131
3.2498,0.041,2.85,8.5,0.14,,,,,,,5576,0.744665,0.87,,23.2599
4.3123,0.0468,,1188.996071,0.2,,910,0.2022,,,,4956,0.716684,0.77,-0.31,12.9363
9.6184,0.0799,,1868.513205,0.06,,696,0.2109,,,,4956,0.716684,0.77,-0.31,12.9363
20.432,0.1321,,1775.389482,0.07,,541,0.2855,,,,4956,0.716684,0.77,-0.31,12.9363
51.76,0.247,2.13,5.2,0.02,,398,,,,,4956,0.716684,0.77,-0.31,12.9363
197.8,0.6,2.56,7.1,0.29,,255,,,,,4956,0.716684,0.77,-0.31,12.9363
578.6,1.4,13.2,858.141,0.24,,,,,,,4869,8.56,2,0.14,116.593
264.14999,0.85,12.9,1484.2661,0.25,,,,,,,6165,1.21,1.45,0.2,34.0883
963,,13.2,807.25,0.74,,,,,,,5310,0.85,0.95,0.23,36.69117
1.3283,,12.1,5838.29,0.081,,,,,,,5036,1.04137,0.4,,41.5504
526.5239,1.28,13.5,541.2617771,0.899,,,,,,,5688,1.077514,1.008,0.2,41.8727
857.5,1.67,13.5,508.528,0.2,,,,,,,5405,0.82,0.83,-0.09,36.7984
431.88,1.17,13.3,708.7609,0.52,,,,,,,5596,1.42,1.25,0.4,81.3795
6700,6.95,13.3,689.66,0.24,,,,,,,5582,1.49795,0.99,0.34,81.3795
832.97,1.662,13.9,257.4423,0.042,,,,,,,5717,0.846,0.883,-0.28,34.1937
149.61,0.554,3.89,14.4,0.19,3.16,337,,,,,5727,0.999,1.015,-0.09,24.3358
15.56,0.12,4.12,15.8915,0,,,,,,,5686,1.02,0.93,-0.35,22.0158
356.21,1.157,13.4,612.45841,0.147,,,,,,,4943,5.14,1.63,0.14,136.308
308.92072,0.882,14.2,175.7591091,0.742,,,,,,,5508,1,0.96,0.4,62.4112
9295.9735,8.54,12.6,2500.673906,0.149,,,11.42,,,,5508,1,0.96,0.4,62.4112
36.9987,0.238,13.2,810.4665,0.0796,,,,,,,6093,1.6,1.32,0.33,85.6009
472,1.26,14.1,184.3404761,0.41,,,90,,,,5752,1.32,1.2,0.03,52.9051
5.8854,0.0644,3.52,12.19,0.07,,,,,,,5869,1.075139,1.03,0.04,21.9532
13.1354,0.11,2.91,8.81,0.07,,,,,,,5869,1.075139,1.03,0.04,21.9532
963.6,1.92,13.5,568.89,0.778,,,,,,,5566,1.26442,0.98,0.23,46.8733
225.79,0.6793,9.03,60.16491745,0.067,,,,,,,5466,0.89,0.82,-0.17,34.354
345.43,0.902,14.2,174.4877954,0.019,,,,,,,5466,0.89,0.82,-0.17,34.354
44.073,0.237,14.3,137.62039,0.607,,,,,,,5294,0.94,0.92,0.26,34.8541
20324.58153,15.369,11.9,8445.336431,0.565,,,62.585,,,,6114.04,1.28194,1.15,0.34,55.0375
3.023573,0.0398,10,71.8,0.063,,,,,,,5285,0.914196,0.92,0.24,29.5529
4.0845,0.05,5.02,22.2481,0.04,,,,,,,5657,1.08,0.96,0.24,37.4574
1353.6,2.395,13,111.42,0.249,,,,,,,5657,1.08,0.96,0.24,37.4574
371.74,1.129,13.4,631.2072163,0.266,,,,,,,4898,5.03,1.39,-0.01,54.7841
3184.2,4.725,13.1,1069.49259,0.187,,,,,,,4898,5.03,1.39,-0.01,54.7841
360.08,1.207,13.4,661.7187434,0.071,,,,,,,4866,7.3,1.81,-0.02,84.3552
677.53,1.84,13.5,483.7348355,0.161,,,,,,,4866,7.3,1.81,-0.02,84.3552
712.13,1.93,12.6,2330,0.2,,,,,,,4380,23.47,2.1,-0.65,122.536
434,1.14,12.3,4417.837,0.23,,,,,,,4076,42.4,1.05,-0.91,537.873
778.51,1.814,12.6,2351.930212,0.211,,,11.7,,,,5733,1.901,1.312,0.3,90.5446
10418,10.4,12.9,1414.336411,0.41,,,89,,,,5805,2.05,1.38,0.39,90.5446
7.34013,0.0652,2.06,4.88,0.055,138.85,957,,,,,4593,0.679,0.686,-0.21,16.9043
38.06,0.1951,2.6,7.27,0.55,15.5,553,,,,,4593,0.679,0.686,-0.21,16.9043
151.92,0.4894,3.24,10.59,0.055,2.46,349,,,,,4593,0.679,0.686,-0.21,16.9043
400.5,1.167,13.5,513.29545,0.066,,,,,,,4802,5.01,1.32,0.18,204.277
4.94737,0.06,6.2,31.783,0.09,,,,,,,5602,1.02,1.03,0.32,43.0399
2447.1,3.833,13.5,519.96988,0.266,,,,,,,6102,1.351,1.253,0.26,46.2845
8619.9,9.02,13.2,931.2419,0,,,,,,,6099,1.42,1.31,0.38,46.2845
1293,2.353,12.8,1859.296181,0.501,,,61,,,,5987,1.02,1.04,-0.04,31.1664
14.0726,0.1059,3.62,12.77,0.09,,,,,,,5358,0.916136,0.8,-0.07,35.0553
95.9446,0.3809,3.87,14.31,0.14,,,,,,,5358,0.916136,0.8,-0.07,35.0553
119.27,0.52,13.7,384.5743,0.27,,405,,,,,6136,1.32,1.204,0.21,29.9803
14.339156,0.1202,2.45,7.8,0.08,132,943,89.27,0.27,0.03926347,4.8,6203,1.194,1.126,-0.12,57.5846
40.87,0.2416,4.49,18.4,0.07,,,,,,,6203,1.194,1.126,-0.12,57.5846
637.1,1.57,13.5,494.54348,0.092,,,,,,,4871,4.06,1.27,0.15,121.405
872.2,1.93,13.8,334.67499,0.183,,,,,,,4871,4.06,1.27,0.15,121.405
1827,3.18,12.9,1357.127298,0.705,,,57,,,,6012,1.52,1.29,0.37,77.9693
139.35,0.53,12.8,1837.0574,0.076,,,,,,,4830,9.09,1.01,-0.5,219.216
768.7,1.79,13.7,371.2235794,0.11,,,,,,,4807,5.43,1.29,0.04,58.1105
492.3,1.2,12.5,104.88,0.096,,,,,,,5902,1.01,0.961,-0.2,51.1659
29.04992,0.229,3.71,13.3,0.68,1614.3559,1133,89.3,0.34,0.02970644,7.58,8500,1.751,1.89,0,272.217
5859.08992,6.426,12.8,1880.908513,0.273,,,170.006,,,,5743,1.77793,1.03,,61.4925
177.11,0.64,12.6,2425.0429,0.07,,,,,,,4673,10.64,1.93,-0.37,283.502
299.36,1.086,12.7,2199.3836,0.05,,,,,,,4658,13.2,1.9,0.15,89.2721
495.4,1.5,12.7,2065.895,0.27,,,,,,,4348,27,1.7,-0.17,315.211
201.9,0.77,13.8,336.8998,0.26,,,,,,,6245,2.57,1.5,-0.26,25.9716
600.1,1.6,13.3,797.7533,0.03,,,,,,,6245,2.57,1.5,-0.26,25.9716
5.2549,0.06,2.42763557,10,0,339.1,1075.31,,0.282173,0.0567,3.239598,5934,1.0072,1.0269,-0.05,67.6203
5138,6.15,12.1,5965.639199,0.607,0.072,,137.3,,,,6255,1.401,1.157,-0.11,53.112
74839.94555,36.984,12,7923.462187,0.773,,,38.789,,,,6255,1.401,1.19,-0.11,53.112
589.64,1.64,13.3,731,0.02,,,,,,,4892.63,8.9,2,0.1027,10.34
14306.88519,11.842,12.6,2707.580199,0.15,,,162.313,,,,5930.46,1.23227,1.08,,49.3305
7.1079475,0.072,2.14,21.755,0.24,145.5707,967.11,89.075,0.266,0.05016058,3.2441716,5553,0.934,0.956,-0.07,22.4035
20.5438281,0.146,2.692,15.539,0.21,35.3582,678.92,89.07,0.544,0.07993817,4.068,5553,0.934,0.956,-0.07,22.4035
4.209075,0.0503,1.073,1.25,0.16,,1040,88.73,0.23,,2.585,5688,0.912,0.99,0.03,22.4035
2.81805,0.04,12.31,79.4575,0,,,,,,,4812,0.77,0.42,0.1,37.6894
358,0.94,14.2,168.4499,0.24,,,,,,,5449,0.83,0.65,-0.16,32.5376
9.058807,0.083,2.91575244,10.5,0,115.6,825.22,88.49,0.2958,0.0875,3.7026559,5513,0.9598,0.9406,0.107,48.9739
21.4027,0.148,3.06451296,11.1,0,36.7,619.59,88.241,0.273225,0.0960754,5.4205342,5513,0.9598,0.9406,0.107,48.9739
45.791,0.246,4.41,17.8,0.12,,,,,,,5676,0.882858,0.95,,31.5262
623,1.51,13.2,813.6407219,0.11,,,,,,,5078,5.44,1.64,-0.21,129.966
21.998,0.14,14.2,155.7367,0.17,,,,,,,5769,1.12,1.1,-0.55,42.358
577.6,1.301,13.6,411.58985,0.27,,,,,,,5612,0.88,0.874,-0.1685,35.1205
5370,5.75,13.4,645.1949,0.17,,,,,,,5612,0.88,0.874,-0.1685,35.1205
480.5,1.2,12.8,1906.9,0.07,,,,,,,4323,21.4,1.1,-0.323,68.1509
2269.81726,3.395,12.4,3478.949743,0.471,,,16.639,,,,5716,1.13,1.01,0.23,53.2817
10478.84437,9.408,13.5,560.64931,0.207,,,93.938,,,,5716,1.13,1.01,0.23,53.2817
352.2,1.08,13.1,973,0.17,,,,,,,6330,1.55,1.36,0.25,76.5217
2374,3.86,12.9,1540,0.76,,,,,,,6330,1.55,1.36,0.25,76.5217
1103,2.18,12.6,2510.844415,0.03,,,20.3,,,,5950,1.02,1.12,0.29,78.4293
7832,7.27,12.8,1639.99458,0.62,,,87,,,,5022,0.79099,0.83,0.07,33.4297
663.87,2.03,11.9,8981.830782,0.28,,,,,,,3802,86.4,2.49,-0.03,61.12469
6.27711,0.07,13.4,626.1251,0.12,,,83,,,,5932,1.19,1.28,0.35,60.8447
16000,13.2,12.2,4776.960957,0.45,,,93,,,,5883.41,1.255733,1.171665,0.3052,60.8447
1193.3,2.482,13.1,982.0897776,0.19,,,70,,,,4842,7.72,1.68,0.05,75.116
8.667,0.0785,3.17,10.2,0.1,,,,,,,5385,0.886947,0.86,-0.05,12.5591
31.56,0.186,3.46,11.8,0.13,,,,,,,5385,0.886947,0.86,-0.05,12.5591
197,0.63,4.45,18.1,0.07,,,,,,,5385,0.886947,0.86,-0.05,12.5591
851.8,1.76,12.8,1900,0.4,,,,,,,5737,0.976919,1,-0.18,59.182
2124.54,3.318,13,1239.530787,0.175,,,29.9,,,,5732,0.984,1.078,0.22,29.276
615,1.36,,3639.13526,0.19,,,1.496,,,,5371,0.97,0.77,0.32,36.1531
858,1.88,13.5,561.92344,0.124,,,,,,,4934,4.96,1.21,-0.13,126.339
3549,4.607,13.2,949.6712801,0.2393,,,77.583,,,,5929,1.36,1.033,-0.02,51.8949
35500,21.5,12.1,6165.871096,0.114,,,40,,,,5929,1.36,1.033,-0.02,51.8949
39.44603,0.228,12.8,1737.885729,0.419,,,,,,,5688,1.22,1.01,0.25,69.7311
2690,3.8,12.2,5085.254512,0.16,,,29,,,,5570,0.944723,1,0.29,36.708
1257.99159,2.229,13,1321.530516,0.261,,,130.843,,,,5387,0.909,0.93,0.03,50.4093
17071.78045,12.688,12.8,1630.777556,0.089,,,91.849,,,,5387,0.909,0.93,0.03,50.4093
15.611,0.131,2.884,10.48,0.03,111.9729,911,88.082,0.783,0.05204898,3.304,6252.6,1.22,1.2,0.143,35.26
65.94,0.3388,13.5,118.5499958,0.124,,,,,,,6148,1.22,1.19,0.16,35.26
5823,6.7,13.2,810.4624379,0.18,,,59,,,,6148,1.22,1.19,0.16,35.26
188.3,0.65,13.1,978.9164,0.19,,,,,,,5601,1.53,1.14,0.22,97.2396
379.1,1.03,13.3,715.09,0.28,,,,,,,5601,1.53,1.014,0.22,97.2396
1750,2.99,13.7,353.42696,0.126,,,,,,,4917,2.58,1.16,0.232,83.3321
6.398042,0.0604,2.79,10.2,0.09,43.3,714,88.37,0.566,0.1446,2.143,4511,0.65,0.73,0,31.5666
18.87974,0.1242,2.39,9.7,0.08,10.2,498,89.72,0.21,0.1199,3.67,4511,0.65,0.73,0,31.5666
51.63564,0.28,13.5,532.3625817,0.636,,,,,,,6068,1.510576,1.1,0.131,57.603
2448.48726,3.678,12.5,2753.983147,0.377,,,120.162,,,,6068,1.510576,1.1,0.131,57.603
1270.55195,2.438,12.6,2597.929399,0.752,,,171.631,,,,6024,0.97,1.196,-0.105,38.662
15.017,0.121,5.12,23,0.1,123,,,,,,5783,1.333,1.039,0.07,52.0648
3449,4.5,14,126,0.2,0.088,,,,,,5783,1.333,1.039,0.07,52.0648
3.50927,0.05,14.2,155.7367,0.03,,1260,,,,,6117,1.23,1.29,0.26,29.1158
4356,5.3,12.8,1716.273398,0.39,,,29,,,,5697.46,0.940904,1.06,0.0857,30.3288
341.2,1.032,13.8,317.83,0.097,,,,,,,4867,3.4,1.26,0.25,85.4321
7900,8.4,12.8,1792.5612,0.489,,,,,,,4867,3.4,1.26,0.25,85.4321
422.82,1.2025,13.2,810.4624379,0.105,,,,,,,6122,1.55,1.295,0.29,78.0505
6717,7.39,12.6,2698.363175,0.08,,,153,,,,6122,1.55,1.295,0.29,78.0505
3.97097,0.05,9.6,66.7443,0.09,,,,,,,5644,1.37,0.99,0.31,60.8831
415.891,1.091,13.1,994.8029139,0.8782,,,,,,,4664,8.33,1,-0.19,184.031
5.7361,0.06,4.12,15.9,0.09,,,,,,,5341,0.97,1.37,0.32,45.935
6.527363,0.073,2.89646124,10.9,0.211,413.1008,1128.86,87.79,0.593133,0.04154309,2.9756716,6007,1.3174,1.1973,0.215,99.451
273.1,0.9,14.1,203.4101805,0.259,,,,,,,4862,11.06,1.28,-0.28,103.335
5.39792,0.06,,2058.256764,0.06,113.7,825.9,0.2472,,,,5131,0.78,0.65,-0.21,16.9922
15.299,0.1134,,1762.676345,0.098,28.35,583.6,0.2575,,,,5075,0.7821,0.832,-0.15,16.9922
24.451,0.1551,,1568.16536,0.21,15.17,499,0.2188,,,,5075,0.7821,0.832,-0.15,16.9922
1807,2.98,13.6,425.8922,0.575,,,,,,,5748,1.05,1.08,0.18,48.9489
111.436765,0.4603,11.56766808,1323.46927,0.93183,,405,89.24,0.75,1.019,11.98,5565,1.05,1.05,0.35,66.4711
0.719573,0.01661,1.613,5.72,0,6130,2463,82.1,0.4,0.01596404,1.7976,5959,1.22,1.18,0.255,109.86
1752.92067,2.905,12.8,1609.800881,0.924,0.142,203.2,98.559,,,,5837,1.062,1.06,0.17,85.3951
6383.78352,6.462,12.8,1748.056239,0.203,,,141.312,,,,5177.91,0.814842,0.88,-0.2638,34.6011
10839.83341,9.95,12,7505.200003,0.313,,,22.331,,,,6013.24,1.6542,1.11,-0.68,61.3603
1002.7,1.946,12.6,2301.077667,0.525,,,73,,,,5755,0.91,0.99,-0.04,34.4341
183.93,0.648,13.5,525.6881852,0.04,,,,,,,4797,11.13,1.07,-0.32,85.7183
1021.20159,3.233,12,7668.563804,0.097,,,95.594,,,,4140,83.8,4.3,-0.17,269.126
622.97802,2.325,12,7185.782454,0.095,,,,,,,4140,83.8,4.3,-0.17,269.126
705,1.58,13.3,740.5439,0.07,,,,,,,4953,5.26,2.53,-0.31,127.061
441.47,1.18306,13.5,534.25,0.162,,,90,,,,5935,1.1826,1.08,0.26,27.5902
220.078,0.74345,13.4,622.603,0.3663,,,90,,,,5935,1.1826,1.08,0.26,27.5902
158.991,0.533,9.58,66.6,0.2,,,,,,,4914,0.783181,0.8,0.0399,30.6862
2.985628,0.0406,14.1,127.7670196,0.012,,,,,,,5442,0.94,1,0.34,40.8991
8241,8,13.6,476.7426105,0.76,,,,,,,5442,0.94,1,0.34,40.8991
1313,2.45,14,216.1244,0.15,,,,,,,6136,1.19,1.13,0.06,55.4401
799.52,1.373,6.16,31.46517,0.5,,,,,,,5186,0.8,0.758,-0.07,33.5225
35.73,,3.19,10.3,0.06,,640,,,,,5746,1.1303,0.991,-0.02,53.974
227,0.76,13.4,645.1949,0.3,,,,,,,6064,1.38,1.34,0.01,44.8264
25775.78859,15.947,12.5,2877.300569,0.219,,,29.821,,,,4927.56,0.780347,0.81,-0.0202,40.3661
2.1378431,0.0346,13.6,470.3884,0.0119,,,,,,,5939,1.46,1.21,0.22,103.936
1628,2.73,14.3,143.0235,0.059,,176,,,,,5863,1.053,1.019,0.018,45.683
3.98442,0.049,2.16,7.25,0.075,647.901,1311,86.45,0.63,0.0445,3.12,5863,1.053,1.019,0.018,45.683
1488.79123,2.763,12.5,3117.261016,0.821,,,93.591,,,,6210,1.88,1.26,0.202,67.8107
31.1515,0.1916,3.03,9.43,0.067,,,,,,,5610,1.237,0.967,0.2,14.9202
1644.69097,2.97,12.3,4210.590736,0.73,,,95.45,,,,6389.05,1.50225,1.28,0.1474,37.8619
1270,2.72,13,1144.188,0.17,,,,,,,4805,8.8,1.66,0.04,209.839
13.481,0.117,12.4,3941.092,0.05,,,,,,,5770,1.55,1.12,-0.17,73.58352
484.17,1.618,12.7,2142.163463,0.78,,,,,,,4989,9,2.41,0.14,133.233
7596,10.14,12.4,3877.506565,0.19,,,,,,,4989,9,2.41,0.14,133.233
3006,3.77,12.7,2005.497248,0.72,,,16.8,,,,4980,0.798557,0.8,0.11,18.2912
18538.79293,13.895,12.6,2511.797901,0.156,,,169.626,,,,5785.33,1.032,1.04,0.0426,35.9098
3.414884,0.0479,13.8,324.1866,0.031,,,15,,,,5392,2.2,1.26,0.34,73.6123
146.05,0.58,2.49,17.2,0.24,,460,89.9,0.21,,,5861,1.543,1.25,0.06,33.2673
2166,3.27,13.4,642.0133821,0.2,,,72,,,,5955,1.1,1.27,-0.13,32.0104
11.8143,0.1066,7.39794,34.9613,0.22,275.6427,1089,87.21,0.645,0.1509,5.7336,5576,1.747,1.157,0.421,132.345
256.78,0.917,12.6,2653.8805,0.677,,,,,,,6291,2.13257,1.86,0.2238,38.6364
3391.2,4.713,12.8,1748.056239,0.185,,,49.5,,,,6314,1.28588,1.21,0.04,57.3063
49.77,0.25,4.43,17.98,0.31,,,,,,,5599,0.920286,0.84,-0.24,21.9496
1179,2.2,13.7,352.7913,0.12,,,,,,,5577,1.67,1.03,0.39,81.4893
325.803,0.97,13,1195.0408,0.35,,,,,,,5744,1.14,1.15,0.27,34.6538
11611.2975,10.5,13,1166.4361,0.46,,,,,,,5744,1.14,1.15,0.27,34.6538
144.72,0.508,14.3,143.3406116,0.118,1.59,,,,,,5033.8,0.837,0.836,0.13,28.5159
2.45946,0.035,1.69,3.49611248,0.549,,,,,,,5408,0.911435,0.94,-0.23,56.163
14010.2941,11.154,12.3,4154.017279,0.109,,,14.636,,,,5408,0.911435,0.94,-0.23,56.163
7.3426,0.0756,1.88,4.2,0.295,,,,,,,5977,1.18484,1.04,0.02,43.3475
13.18,0.112,2.56,7.1,0.2,,,,,,,5977,1.18484,1.04,0.02,43.3475
45.85,0.2565,2.89,8.7,0.09,,,,,,,5977,1.18484,1.04,0.02,43.3475
1.0376109,0.02061,1.46954368,2.8,0,2898,1842.23,86.21,0.329258,0.021,1.8155952,5908,1.0311,1.0844,0.11,82.3432
3.6451389,0.04726,3.11976057,18.4,0,543.8,1212.45,86.31,0.491787,0.078,2.3643117,5908,1.0311,1.0844,0.11,82.3432
30.052,0.189,14,222.472,0.2,,,,,,,5793,1,1,0.09,50.3503
192.9,0.654,13.4,578.426,0.06,,,,,,,5793,1,1,0.09,50.3503
2164,3.48,14.2,169,0.39,0.271,,,,,,5631,1.903,1.2,0.22,57.7807
1576,2.74,13.7,400.4658,0.14,,,,,,,4798,4.2,1.11,0.12,98.1609
824.61,2.07,13.3,676.9745069,0.22,,,,,,,4867,10.71,1.74,-0.02,61.7012
2492.19,4.33,12.5,2831.851106,0.05,,,,,,,4867,10.71,1.74,-0.02,61.7012
,55.7,12.9,1589,,,1000,,,,,7595,1.48667,1.6,0.14,86.2279
464.4,1.36,13.7,400.4658,0.119,,,,,,,4918,5.08,1.54,0.05,136.957
1785,3.33,13.1,1096.5135,0.284,,,,,,,4918,5.08,1.54,0.05,136.957
482,1.28,12.4,3378.5329,0.11,,,,,,,4218,41.01,3.7,-0.18,676.579
55.082694,0.262,4.27174254,42.9,0.197,7.42,443,89.654,0.37,0.2509,5.587,5097,0.868,0.848,0.08,36.9941
2041.54152,3.166,12.8,1913.644839,0.049,0.1,156.5,86.497,,,,5722,1.088,1.01,0.11,87.8049
2946,2.94,3.76,13.6,0.132,,,,,,,3719,0.3685,0.3899,-0.3621,5.675773
4375,5.15,13,1188.6842,0.06,,,,,,,5312,0.84,0.7,0.41,72.2195
362.5,1.11,13.7,403.6441,0.17,,,,,,,5020,4.75,1.37,-0.3,140.065
647.29999,1.42,12.1,6661.7168,0.3,,,,,,,3943,51.1,10.94,-0.24,587.659
498.04,1.332,14,227.88411,0.685,,,,,,,5733,1.94,1.27,0.34,85.3006
8.1245,0.0777,2.93,8.9,0.138,,,,,,,5845,1.16,0.89,-0.18,25.4111
19.88,0.141,1.69,3.5,0.293,,,,,,,5845,1.16,0.89,-0.18,25.4111
103.5,0.424,3.61,12.7,0.27,,,,,,,5845,1.16,0.89,-0.18,25.4111
514,1.24,13.7,362.3262,0.41,,,,,,,4725,7.43,0.96,-0.45,396.082
6449.08337,6.925,12.1,6707.76853,0.357,,,14.561,,,,5874.1,1.26356,1.06,-0.0773,32.413
,130,13.3,794.575,,,,40,,,,10000,2.25,2.4,,183.857
9.4897116,0.0805,2.12,8.3,0.05,41.924,751,89.05,0.39,0.0712,2.8488,5212,0.728,0.85,-0.23,21.5618
433.8,1.26,13.4,624.21812,0.079,,,,,,,4925,4.6,1.41,-0.02,113.704
5384,5.97,12.5,3082.935548,0.852,,,43.7,,,,5759,1.01,0.97,-0.06,42.1727
968.8,1.864,13.3,740.5439,0.226,,,,,,,5271,0.93,0.92,0.36,32.4459
439.29999,1.11,14.3,139.8452,0.09,,,,,,,5282,0.98,0.76,0.35,54.7901
310.4,1.08,13.8,308.2935548,0.2,,,,,,,4886,11.21,1.76,-0.16,111.093
17.0503,0.12,5.44,25.5,0.034,,,,,,,4929,0.822539,0.85,0.3,18.2038
95.233,,4.42,17.9,0.063,,,,,,,4929,0.822539,0.85,0.3,18.2038
841,1.98,13.7,390.9309,0.25,,,,,,,4862,5.52,1.46,0.14,146.6
1278,,12.8,1808.4527,0.411,,,,,,,4891,5.4,1.72,0.14,146.6
184.2,0.81,12.6,2606.1,0.02,,,,,,,4780,10.305119,2.1,0.31,78.6381
55.199,0.243,3.64,12.9,0.18,,,,,,,4006,0.513922,0.63,,23.6434
144.3,0.72,13.4,629.3034,0.09,,,,,,,4945,11.6,2.42,0.03,105.18
499.48,1.134,13.5,495.8148,0.549,,,,,,,5180,0.831075,0.78,-0.26,58.9582
232.08,0.706,13.2,851.7844,0.163,,,,,,,5530,0.971958,0.87,-0.12,66.3361
487.08,1.32,13.7,384.5723725,,,,,,,,4891,4.53,1.28,-0.01,88.077
893.63,1.97,13.9,257.4410097,,,,,,,,4891,4.53,1.28,-0.01,88.077
7.610303,0.06899,1.829,4,0.17,,721,88.23,0.656,0.0596,2.1384,4930,0.742,0.761,-0.1,46.2122
14.245648,0.10479,2.4,6.35,0.17,180.487,585,89.24,0.614,0.1051,4.2336,4930,0.742,0.761,-0.1,46.2122
1481.6,2.84,13.4,616.5871096,0.21,,,,,,,4823,5.27,1.39,0.06,101.766
9.1004157,0.0792,2.469,9.7,0.215,51.2858,753.2,88.91,0.34,0.0889,2.431,5048,0.758,0.8,0,62.4491
57.435,0.25,13.2,114.4188,0.17,,,,,,,3901,0.65,0.69,-0.14,23.371
6.673892,0.0696,13,1239.537,0.14399,,,,,,,5544,1.07,1.01,0.24,50.48
147.747,0.549,13.6,416.3573,0.1566,,,,,,,5544,1.07,1.01,0.24,50.48
981.8,1.94,14.1,187.5197,0.185,,,,,,,5544,1.07,1.01,0.24,50.48
674.94,1.61,14,244.7278734,,,,,,,,4860,4.83,1.21,-0.01,47.0288
50.65905,0.234,4.94,21.61233168,0.304,,,,,,,4316,0.772319,0.67,,40.2707
22000,17,12,7627.881768,0.36,,1300,95.3,,,,6655,1.59186,1.4,0.13,43.4073
3.5379559,0.04518,1.551,4.5,,451,1123,86.3,0.514,,2.429,5289,0.98,0.901,0.24,68.192
6.429575,0.0673,1.538,5.14,,203,920,88.9,0.443,,3.08,5289,0.98,0.901,0.24,68.192
159.986,0.492,13.9,263.7975778,0.305,,,,,,,4050,0.6186,0.62,,22.8386
41.516,0.217,3.61,12.7,0.16,,,,,,,4881,0.773404,0.79,,33.1562
26125.56497,15.898,12.6,2589.983689,0.138,,,43.698,,,,4836,0.697551,0.78,,50.1677
60.722,0.256,2.77,8.1,0.17,,,,,,,4086.3,0.626646,0.61,,17.7886
3477.768,3.805,7.94,48.4,0.16,,,,,,,4086.3,0.626646,0.61,,17.7886
31000,22.1,12,7500.750405,0.55,,,84,,,,7201,1.51987,1.52,-0.26,66.3217
15.571893,0.1303,2.419,9.06,0.0213,148.5,970.67,88.816,0.445,0.038,5.038,6371,1.306,1.245,0.046,106.289
31.70838,0.2093,2.505,6.53,0.0678,57.55,765.87,88.462,0.929,0.0292865,2.909,6371,1.306,1.245,0.046,106.289
278.3618,,3.54,4.6,0,3.01,367,89.93,0.5,,12.71,6320,1.273,1.16,-0.1,106.289
369,,4.92,12,,2.1,335,89.91,0.31,,13.007,6320,1.273,1.16,-0.1,106.289
542.0797,,9.2,12,,1.24,294,89.953,0.18,0.5,18.998,6226,1.299,1.14,0.046,106.289
64.067,,2.5,6.81,0.01,22.3,605,95,,,,6371,1.306,1.245,0.046,106.289
34.15,0.176,3.89,14.4,0.25,,,,,,,4010,0.603999,0.62,,21.0974
17.818,0.112,5.11,22.9,0.5,,,,,,,4015.5,0.595456,0.58,,10.5298
345.72,0.89,13.6,451,0.52,,,,,,,4962,0.75,0.78,0.1,51.6026
9017.76,7.7,12.2,4780.1632,0.14,,,,,,,4813,0.754089,0.78,0.17,51.6026
7.76,0.063,2.87,8.62,0.2,,,,,,,4021,0.564998,0.57,,18.7168
15.144,0.099,3.57,12.44,0.2,,,,,,,4021,0.564998,0.57,,18.7168
33000,24.8,12.2,5625.562804,0.42,,,129.6,,,,8100,1.64915,1.9,,82.8101
3274,4,13.3,762.7881768,0.03,0.0143,,116,,,,4799,0.66,0.8,-0.22,39.7429
5138.43727,5.062,12.6,2585.534091,0.362,,,135.022,,,,4171,0.723643,0.65,,25.4893
2675.57603,4.55,12.7,2151.698315,0.118,,,85.093,,,,4769,4.93,1.75,-0.03,122.324
8.1352,0.07,,3359.446262,0.19,,,0.198,,,3.08,4510,0.78,0.29,0.01,25.8618
32.03,0.178,14.2,130,0.05,,,,,,5.88,4640,0.68,0.73,0.09,25.8618
431.7,1.01,14.2,167.4,0.27,,,,,,,4640,0.68,0.73,0.09,25.8618
30.014,0.17,14.2,162.0924876,0.054,,,,,,,4352,0.750378,0.72,,31.9043
124.6,0.565,12.5,2917.56,0.23,,,,,,,4830,10.275655,1.54,-0.31,156.456
0.9809734,0.01782,22.75427,1021.18779,0,661,1411,77.18,1.169,8.2,0.78576,4590,0.7242,0.781,0.18,61.7856
28.125,0.177,14.3,136.03124,0.14,,,,,,,5460,0.952252,0.93,0.25,61.7804
67.3,0.316,13.9,249.17872,0.12,,,,,,,5460,0.952252,0.93,0.25,61.7804
,92,16.8135,2860.47,,,1500,,,,,8840,1.77,1.96,,108.875
1079.55726,2.794,12.8,1871.37366,0.128,,,88.973,,,,5000,8.93,2.49,0.16,150.292
310.9,0.799,12.9,1589.142035,0.948,,,13,,,,4300,0.69,0.705,0.12,35.4438
6.9594731,0.0748,9.9872018,71.4,0.064,341.0878,1175,89.88,0.03,0.421,4.85,5675,1.38,1.22,0,127.28
14.334892,0.1228,7.93595834,48.3,0.077,,917,89.2,0.26,,5.66,5675,1.38,1.22,0,127.28
2523.64713,4.807,12.3,4309.117542,0.586,,,82.107,,,,4985,8.69,2.316,0.15,116.046
89.23,0.42,13.7,365.5026681,0.13,,,,,,,4840,5.45,1.28,0.01,64.1181
3128.41,4.55,12.7,2204.775659,0.3,,,89.863,,,,4840,5.45,1.28,0.01,64.1181
3649,3.99,12.9,1430.227832,0.65,,,96,,,,4105,0.633112,0.65,,24.0572
87.19,0.335,4.55,18.8,0.21,,,,,,,4146,0.681296,0.66,,32.3311
822.3,2.1,13.3,762.792,0.07,,,,,,,4850,5.77,1.74,0.2,78.6562
926.4,2.02,13.5,568.9128485,0.42,,,,,,,4891,4.53,1.28,-0.01,81.6696
,3319,12.1,6674.396547,,,2507,,,,,13646,,,,150.862
,740,12,7300,,,2700,,,,,10500,2.10876,2.5,-0.5,136.759
,345,12.1,6515.515,,,2450,,,,,9193.75,,3.75,,145.798
111.7,0.36,13.4,667.415,0.29,,,,,,,3191,0.478625,0.49,0.4,14.5324
104100,23.04,12.3,4703.860424,,,2050,,,,,,,0.135,,147.533
10.751014,0.093,2.53625843,8.9,0,88.9,794.96,,0.518763,0.05860959,2.9954278,5618,0.9603,0.9373,0.007,101.694
19.60562,0.139,2.52442508,10.7,0.2,39.9,650.68,,0.396637,0.05907657,4.383408,5618,0.9603,0.9373,0.007,101.694
1852.14387,3.729,12.6,2451.728332,0.36,,,90.904,,,,4672,6.84,2.009,-0.19,155.121
2.224,0.031,14,225.658169,0.086,,,,,,,,,0.79,,29.4898
455.73816,1.36,13.4,668.0753115,0.081,,,,,,,4883,3.94,1.613,0.17,94.0349
5.0505,0.06,13.7,346.4347,0.02,,,,,,,5519,0.89,0.97,0.23,45.8846
7.713057,0.0787,3,379,0.32,219.2841,1060,87.14,,0.07284849,2.47,5991,1.08,1.094,0,58.5146
24955.45756,15.037,12.1,6547.265184,0.23,,,110.998,,,,4497,0.688488,0.71,,34.8523
20.772858,0.145,3.82838127,8.3,0,40.3,640.88,,0.2477,0.1415,4.9427299,5649,0.9593,0.942,-0.018,67.5478
52.56363,0.269,3.42855926,7,0,11.7,470.31,,0.290877,0.1193,6.5715569,5649,0.9593,0.942,-0.018,67.5478
10.288914,0.091,2.4801338,19.1,0.29,9.0686,701.66,,0.327997,0.0854,1.5329366,5216,0.8418,0.9342,0.248,65.9501
16.432,0.124,2.75,8,0,,642,,,,,5216,0.8418,0.9342,0.248,65.9501
1062.26506,2.491,12.1,6098.173645,0.63,,,86.083,,,,5020,5.34,1.81,0.29,102.275
18600,15.8,12.2,5403.082919,0.31,,,152,,,,8000,1.93986,1.9,,40.0765
36.116,0.1417,2.2,5.46,0.079,0.503,234.4,,,,,3347,0.299,0.291,-0.18,6.24442
,773,11.7768,6991.57,,,,,,,,6186,1.006954,1.08,-0.036,18.1186
,22.2,12.44199,6992.224954,0.34,,1255,86.7,,,,6597,1.334,1.3,0.02,34.0071
27000,18,13.1,1052.012027,0.84,,171,80.3,,,,5794,1.53,1.07,0.1,31.4607
302.79999,0.92,12.7,1970.536123,0.14,,,87,,,,6167,1.13,1.34,0.16,17.3181
3.585287,0.04888,2.004,3.55,0,989.7,1552,85.98,0.587,0.02137,2.705,6354,1.258,1.204,0.025,31.964
5.973865,0.0687,1.979,3.8,0,512,1309,86.59,0.701,0.02087,2.843,6354,1.258,1.204,0.025,31.964
11.230511,0.1046,2.001,7.1,0,217,1061,87.72,0.712,0.0213,3.47,6354,1.258,1.204,0.025,31.964
170000,68,13,2000,,,1200,30.27,,,,7204.58,1.49338,1.5,-0.47,41.2441
69000,38,13,3000,0.5,,1200,29.43,,,,7204.58,1.49338,1.5,-0.47,41.2441
37000,24,13,3000,0.6,,1300,38.63,,,,7204.58,1.49338,1.5,-0.47,41.2441
20815.6,16.4,13.11453,3178.3,0.15,,1150,25,,,,7400,1.49338,1.51,-0.5,41.2441
3.986,0.0435,13.6,464.0294742,0.27,,,,,,,4203,0.65,0.69,-0.05,37.6604
2390,3.6,12.8,1875.197,0,,,90,,,,5952,,0.88,,192.1980787
4368,5.4,12.9,1430.235,0.51,,,90,,,,5952,,0.88,,192.1980787
734,2.038,12.7,2002.329,0.18,,,,,,,4740.1,10.267424,2.1,0.12,859.324
8.834978,0.077,10.73820351,80.8,,41.4199,854,88.3,0.34,0.61322553,5.995,4080,1.45,0.7,,159.244
,435,12.1,6674.396547,,,2601,,,,,,,,,136.37
19.30553,0.137,3.773,25.2,0.31,42.1,649,89.50414,0.4,0.1691,3.8064,5533,0.956,0.88,-0.07,272.36
1.6739035,0.0301,3.88,21.8,0,1915,1841,81.27,0.791,0.01225,1.6056,5945,1.24,1.15,0.22,188.959
14.6762429,0.1124,2,4.66,0.1,,618,89.26,0.41,0.0749,3.336,4927,0.76,0.82,0.07,188.33
9.915615,,1.3,2.24,0.1,,,89,0.43,0.02,2.66,4695,0.71,0.77,0.14,188.175
1.9741954,0.0242,1.79,3.86,0.09,62.1,798,88.75,0.39,0.1749,1.584,3712,0.48,0.51,0.18,189.289
8.26726,0.0796,3.4,15.4,0,100,805,88.62,0.42,0.1338,3.43,5373,0.905,0.94,0.22,197.989
3.313959,0.0475,15.98,266.9772,0,,1649,82.36105,0.74,0.6658,3.2232,6061,1.81,1.3,0.14,685.2
4.733999,0.0581,5.33,59.4,0.18,762,1360,86.13513,0.33,0.0973,3.5496,5599,1.76,1.17,0.36,477.295
39.93767,0.2257,7.55,44.4,,9.84,734,,0.39,0.07,5.808,5433,5.15,1.35,-0.12,329.309
13.86375,0.10207,2.592,15.9,0.13,27.7,638,89.35,0.34,0.1361,3.22,5010,0.713,0.738,-0.34,116.474
5.3518963,0.0565,1.837,5.35,0.134,490,1293,86.34,0.6022,0.01184,3.2362,5775,1.25,0.84,-0.46,200.394
15.6748,0.11565,3.34,11.1,0.069,,923,,,,,5775,1.25,0.84,-0.46,200.394
5.817685,0.0642,12.14,410.0007,0,277.39,1098,86.21,0.72,0.8378,3.0744,5660,1.24,1.04,0.27,635.722
11.390931,0.0944,10.59248676,638.8350981,0.079,40,701.4,89.16,0.378,1.361,3.9696,4899,0.832,0.863,0.42,475.758
20.2729914,0.1415,11.80305668,321.0066911,0.063,20.4393,696,88.912,0.655,1.603,3.8736,5870,0.855,0.918,-0.198,413.591
4.655411,0.048,0.69,0.257,0.06,78.6,,89.09,0.1,0.0129,1.89,4348.35,0.6694,0.694512,0.01,49.3855
1.2916,0.0189,2.03,4.78,0.06,145.8,868,88.36,0.39,0.1817,1.152,3778,0.51,0.54,-0.05,101.632
5.444017,0.0492,2.06,4.9,0.15,21.4,537,89.49,0.4,0.1686,2.1096,3778,0.51,0.54,-0.05,101.632
50.92092,0.245,2.54,6.99,0.2,4.3,,89.5,,0.1193,4.104,4726.29,0.734626,0.756446,0.129,321.722
7.727283,0.0698,2.53,6.94,0.07,54.9,666,89.4,0.41,0.1233,2.904,4740,0.71,0.76,-0.05,365.581
8.28246,0.0792,2.44,5.2,0.5,185,1026,87.6,0.19,0.0481,4.18,5672,1.117,0.965,0,326.381
5.185738,0.0525,7.16,51,0.22,62.5,716,89.02659,0.14,1.3112,2.0304,4526,0.675,0.71,0.04,169.398
2.2193023,0.0373,1.16,1.65,0.21,79.9,769,86.39,0.43,0.0432,1.236,4009,0.59,0.63,0.32,72.0444
30.951524,0.1649,2.76,8.05,0.06,2.9,338,89.79,0.39,0.2117,3.7608,4035,0.59,0.62,0.03,161.555
6.413651,0.049,2.9,8.75,0.08,8.7,442,89.03,0.47,0.553,1.68,3570,0.388,0.39,0.023,140.385
21.750264,0.121,2.18,5.39,0.08,2,,89.72,,,,3654.47,0.402049,0.494727,,124.156
7.385655,0.0656,1.97,4.54,0.06,35.3,601,89.4,0.4,0.0882,2.5872,4339,0.65,0.69,0.02,102.953
3.588163,0.0411,8.37,52.9,0.12,105.6,809,87.22,0.58,1.512,2.3208,4575,0.66,0.72,-0.11,709.999
5.675819,0.056,1.42,2.6,0.23,68.8,,87.4,,0.0332,1.8048,4469.51,0.777569,0.711248,-0.26,114.637
8.239493,0.057,1.04,1.12,0.13,4.5,,89.21,,0.0858,1.512,3459.09,0.36001,0.360031,,27.7957
39.91488,0.2114,1.89,4.23,,22.8,511,,0,0.058,6.34,5698,0.78,0.8,-0.54,342.394
2.49412,0.032,1.25,2.1,0.17,136.4,,86.53,,0.0304,1.704,4356.47,0.744261,0.69563,-0.24,118.011
0.3693038,0.00936,1.69,7.9,0,4070,2223,85,0.4,0.07556536,1.0027781,5120,0.7595,0.803,-0.04,152.509
9.1751,0.0916,14.5717,155.7367,0.29,293.374,1586,77.46,0.848,0.058,7.169,4840,3.85,1.08,-0.01,609.818
3.07133,0.03194,1.34,2.36,,,,87.6,0.63,0.071,1.22,3655,0.455,0.461,,75.1703
4.86784,0.04341,1.603,3.2,,,,88.21,0.64,0.098,1.62,3655,0.455,0.461,,75.1703
11.02454,0.07487,2.003,4.67,,48.3251,734,89.4,0.37,0.19,2.32,3655,0.455,0.461,,75.1703
26.5841,0.1346,1.73,3.64,,1.8,296,89.164,0.928,0.0987,1.44,3655,0.455,0.461,,75.1703
7.9752,0.0707,1.014,4.3,0.14,33.5,610,89.2,0.22,,2.67,4500,0.677,0.742,-0.02,59.2474
17.30713,0.1185,3,18.1,0.047,11.91,470,89.7,0.31,0.1909,3.449,4500,0.677,0.742,-0.02,59.2474
25.575,0.1538,1.565,3,0.071,7.07,420,89.4,0.677,,3.04,4500,0.677,0.742,-0.02,59.2474
0.179719,0.0058,0.64,158.915,0,,1471,93.1,0.02,,0.6288,3697,0.29,0.463,-0.059,98.8765
2.35309,0.03385,1.51,3.1,0.048,486,1157,87.2,0.419,,2.01,5356.3,0.863,0.935,0.14,202.585
3.56004,0.04461,2.299,6.31,0.045,279,1012,88.1,0.369,,2.38,5356.3,0.863,0.935,0.14,202.585
5.40479,0.05893,2.39,7.92,0.043,160,888,89,0.241,0.083798,2.7,5356.3,0.863,0.935,0.14,202.585
8.26146,0.0782,3.39,12.97,0.077,91.1,757,88.6,0.468,0.1343,2.97,5356.3,0.863,0.935,0.14,202.585
12.75758,0.10447,2.904,1.63,0.062,51,653,88.8,0.56,0.085069,3.2,5356.3,0.863,0.935,0.14,202.585
41.96797,0.23109,3.013,4.32,0.059,9.29,445,89.4,0.558,0.084149,4.75,5356.3,0.863,0.935,0.14,202.585
28.380619,0.1796,9.11,123.00021,0.12,,524,89.55668,0.17,1.1093,4.9392,5370,0.88,0.96,0.24,153.856
8.36802,0.0627,4.81,20.7,0.14,8,488,88.19,0.83,0.943,2.3304,3789,0.45,0.47,-0.37,364.048
6.569188,0.068,13.56286665,295.5804185,0,204,962,88.3,0.42,1.557,3.81,5585,1.06,0.96,0.1,347.917
0.2803244,0.00747,1.51,4.97,0,3260,2103,86.3,-0.01,0.0507,0.94,4570,0.681,0.708,0,61.8736
7.7485,0.0683,7,8,0.092,39.1,695,87.2,,,,4570,0.681,0.708,0,61.8736
2.6446,0.0248,2.05,5.77,0.129,20.7,534,88.93,0.391,0.386,1.32,3385,0.33,0.331,-0.02,79.3002
4.00498,0.0327,2.19,7.49,0.075,,,87.54,0.93,,,3385,0.33,0.331,-0.02,79.3002
0.961939,0.01575,1.47286006,2.77,0.38,200.1,1077,83.6,0.5,0.0545,0.9024,3690,0.578,0.563,-0.02,90.5494
4.38395,0.0454,1.33,2.33,,48.8,,,,0.0324,1.776,4079,0.632,0.65,-0.11,124.458
6.9226,0.0616,1.73,3.64,,26.5,,,,0.0537,2.0304,4079,0.632,0.65,-0.11,124.458
9.7579,0.0774,1.64,3.33,,16.8,,,,0.0504,1.8,4079,0.632,0.65,-0.11,124.458
11.332,0.083,1.64,3.33,,7,,,,,,3745,0.568,0.595,0.11,123.676
11.8104,0.091,2.48,6.71,,48,676,,0.51,0.121,2.4024,5131,0.68,0.72,-0.46,493.992
10.59357,0.0727,2,4.66,,4.9,,,,0.21,2.4,3499,0.436,0.457,0.09,102.483
3.835476,0.0373,1.49,2.83,,20.8,566,,0.44,0.0983,1.5408,3695,0.45,0.47,-0.19,69.4798
32.6479,0.1716,2.29,5.86,,2.9,337,,0.25,0.159,4,4044,0.61,0.63,0.12,108.449
7.51574,0.0614,2,4.66,,11.8,497,,0.42,0.129,2.3,3845,0.53,0.55,-0.09,143.125
3.67626,0.0405,1.99,4.62,,57.5,715,,0.44,0.11,1.7,4097,0.63,0.65,0.21,129.356
7.95486,0.0677,2.07,4.94,,20.5,552,,0.42,0.11,2.1,4097,0.63,0.65,0.21,129.356
6.342,0.0562,1.8,3.89,,19.9,708,88.3,0.34,0.068,2.4096,4258,0.58,0.65,-0.3,72.7998
13.85,0.0946,2.6,7.27,,7,583,88.96,0.45,0.103,3.528,4258,0.58,0.65,-0.3,72.7998
40.718,0.1937,1.9,4.27,,1.67,381,89.61,0.44,0.074,4.464,4258,0.58,0.65,-0.3,72.7998
0.813143,0.0149,1.1,1.37,,,1347,89.8,0.41,0.029,1.3,4460,0.62,0.66,-0.33,150.21
0.3652575,0.00962,0.935,1.14,,6660,2432,89.2,0.03,0.0099,1.161,5334,0.86,0.89,0.02,298.373
25.942,0.165,6.08,30.8,0.2,22.65,587,,,,,5334,0.86,0.89,0.02,298.373
66.5,0.309,5.16,23.3,0.5,6.46,429.1,,,,,5334,0.86,0.89,0.02,298.373
10.06049,0.0887,2.64,7.46,,,794,88.40454,0.38,0.07,3.8,5503,0.95,0.92,0.07,197.299
5.90279,0.0622,1.28,2.18,,,948,,0.41,0.015,5,5503,0.95,0.92,0.07,197.299
12.42205,0.1013,2.26,5.73,,,684,89.06464,0.44,0.065,3.3,5425,0.83,0.9,-0.07,170.998
7.6188,0.0667,2.02,4.74,,44.5,658,87.97,0.68,0.1041,2.487,4742,0.66,0.68,-0.33,334.967
19.07863,0.1229,2.54,6.99,,13.1,485,87.83,0.86,0.1065,3.859,4742,0.66,0.68,-0.33,334.967
3.705871,,3.17824034,10.2,,,,88.25363,,,,5649,0.913754,0.982829,0.07,315.363
9.283188,,6.11721229,31.1,,,,87.25087,,,,4972,2.568173,0.986876,-0.03,916.319
9.45889,0.0795,1.44,2.67,,,631,88.76118,0.41,0.02669,3,4842,0.69,0.75,-0.17,124.433
6.673117,,2.46610713,6.65,,,,88.25311,,,,4937,0.762201,0.826112,0.14,208.529
17.355066,,3.24925008,10.6,,,,87.88981,0.14,0.0211,9.168,5791,2.196069,1.180894,-0.23,375.67
2.354992,,1.27443657,2.17,,,,87.08276,,,,5185,0.803827,0.834847,-0.05,134.591
4.382745,,1.55409035,3.03,,,,87.05435,,,,5185,0.803827,0.834847,-0.05,134.591
14.101361,,2.64809498,7.5,,37.0819,629.38,89.0019,,0.1450825,2.7078373,5185,0.803827,0.834847,-0.05,134.591
8.52695,0.0858,2.19,5.43,,,1140,87.42879,0.4,0.016,3.7,5960,1.61,1.16,0.09,476.882
9.978541,0.0932,2.36509493,6.5,0.48,317,1220,86.8,0.55,0.0206,3.6,6310,1.499,1.084,-0.456,80.8994
15.8523,,1.86,4.12,,,766.35,89.4,0.32,0.0532,3.792,5502.7,0.83,0.877,-0.13,243.935
6.380803,,1.27328671,2.16,,,,87.83658,0.1,0.01604,3.096,5548,0.919053,0.986144,0.26,235.867
17.96753,0.119,2.23,5.6,0.18,4.91,487,89.08,0.61,0.099,2.592,4320,0.66,0.71,0.15,125.106
7.576544,,1.41817537,2.6,,,,87.98893,0.36,0.0197,3.432,5748,0.981614,0.963657,-0.11,392.872
12.400047,,1.8017647,3.9,,,,88.6676,0.21,0.0311,4.176,5748,0.981614,0.963657,-0.11,392.872
5.628466,,2.68657205,7.69,,,,85.04821,0.54,0.0219,8.208,5250,1.717458,0.891587,-0.09,606.128
14.316941,,1.66608079,3.42,,,,88.91352,0,0.0375,3.84,5569,0.868889,0.934356,-0.06,249.742
29.62682,,3.20569097,10.4,,,,89.49725,0.09,0.1302,4.992,5569,0.868889,0.934356,-0.06,249.742
5.868699,,1.60826194,3.22,,,,87.82563,,0.02,2.825,5580,0.843154,0.881538,-0.25,228.641
19.562307,0.126,2.6,7.27,,10.9555,455,89.95,0.02,0.135,5.808,4455,0.676,0.7,0.113,99.9293
9.525988,,2.03803688,4.81,,,,87.49426,,,,5909,1.420038,1.094693,0.05,247.266
5.329439,,1.49090097,2.83,,,,88.06252,,0.026,2.76,5428,0.86416,0.938545,0.15,247.302
14.155185,,2.1162048,5.13,,,,87.21955,,,,6063,1.213565,1.210525,0.41,492.167
8.747818,,3.55790985,12.4,,117.826,840.29,88.61078,,0.1449,3.4272,5525,0.887267,0.95109,0.09,214.753
5.172191,,2.51267885,6.86,,,,88.75496,,0.0964,1.7664,5015,0.768067,0.824345,0.03,190.81
32.939623,0.1429,2.37,8.92,0.2,1.005,284,89.5785,0.601,0.3098,2.682,3457,0.411,0.359,0.12,38.0266
8.962,0.06,2.65,7.51,0.47,,363,,,,,3457,0.411,0.359,0.09,38.0266
8.865663,0.0756,2.46597575,11.41003981,0.075,48.3,797.5,89.15,0.33,0.0987,2.8488,5365,0.719,0.735,-0.578,203.896
6.8941,0.0706,2.69,7.7,0.4,192,949,87.4,0.48,0.0828,2.52,5528,1.06,0.96,0.18,360.911
4.7369696,0.05174,2.71257333,20.97667486,0.071,146.9,965.8,88.91,0.27,0.0988,2.56632,5128,0.789,0.823,0.022,154.83
0.469285,,1.1,1.37,,,,90.1,,0.02152,1.5408,5482,0.87,0.942219,0.09,329.041
10.787992,0.0932,2.3,5.9,,,787,90.5,0.47,0.0901,3.8496,5482,0.87,0.942219,0.09,329.041
22.620344,0.1527,2.3,5.9,,,615,89.9,1.14,0.0947,4.92,5482,0.87,0.942219,0.09,329.041
16.9780102,0.1685,1.47,2.76,,,533,89.46643,0.42,0.037,2.4912,5245,0.75,0.84,-0.1,75.5857
10.616384,,1.15,1.6,,,809,88.93239,0.74,0.0162,2.6,5788,0.94,0.96,-0.1,268.357
52.713494,,2.39,6.3,,,477,89.00261,0.73,0.0757,4.64,5788,0.94,0.96,-0.1,268.357
41.474219,,3.17207779,10.2,,,,89.52426,,0.098,6.12,5784,0.98083,1.018617,0.06,330.739
0.77401,0.0164,1.2,1.87,,,1815,89.7,0.41,0.0237,1.5792,5438,0.83,0.966999,0,330.916
2.871512,0.0392,1.4,2.54,,,1173,90.4,0.43,0.039,2.376,5438,0.83,0.966999,0,330.916
7.149584,0.072,2.4,6.35,,,865,90.3,0.41,0.1224,2.8392,5438,0.83,0.966999,0,330.916
13.606629,0.1106,1.9,4.27,,,698,90.1,0.43,0.0748,4.0296,5438,0.83,0.966999,0,330.916
1.742169,0.0289,1.35,2.39,,,1692,83.92815,0.4,,,5977,1.19,1.06,-0.01,446.821
7.810253,0.0785,2.83,8.4,,230.628,1026,88.09762,0.37,0.048,3.5808,5977,1.19,1.06,-0.01,446.821
2.58812,0.0361,1.403,2.55,,497,1203,88.11337,0.41,0.03,2.22,5442,0.879,0.85,-0.1,242.113
6.67932,0.068,2.31,5.95,,140,877,88.18346,0.37,0.0784,2.7096,5442,0.879,0.85,-0.1,242.113
7.9193,0.07487,7,30.8,0.1,87,857,90,0.217,0.6673,3.237,5322,0.82,0.88,0.06,289.827
11.906,0.0982,4.1,11,0.1,51,679,90,0.299,0.2325,3.823,5322,0.82,0.88,0.06,289.827
2.50827,0.03478,1.044,6.2,0.44,404,1258,89.7,0.17,0.019,1.93,5350,0.824,0.892,0.03,289.827
10.098858,,1.35673729,2.41,,,,88.35712,0.141,0.00731,4.224,5631,0.912206,0.904597,-0.19,160.679
21.574023,,1.09308317,1.34,,,,88.97694,,,,5631,0.912206,0.904597,-0.19,160.679
2.858646,,1.57889322,3.12,,,,87.05102,0.188,0.0308,2.232,5176,0.839696,0.900994,0.31,287.188
4.162817,0.049,1.52,2.92,,,939,88.39205,0.43,0.0318,1.6176,5222,0.81,0.9,0.15,221.753
14.786889,0.1184,3.95,14.8,,,739,89.19255,0.29,0.1692,4.32,5817,0.98,1.01,0,411.923
39.721386,,3.64229858,12.9,,,,89.06529,0.273,0.0741,8.52,5979,1.281115,1.110086,0.1,629.51
15.852975,0.1208,3.13,9.96,,,720,89.04065,0.34,0.1118,4.8408,5713,0.99,0.94,-0.1,315.014
28.482786,,2.57581891,7.16,,,,88.53687,,0.0747,5.976,5712,0.906367,0.963364,-0.09,315.014
48.324222,,3.59970536,12.6,,,,88.27355,,,,6045,1.538801,1.162095,0.01,584.877
8.357881,0.0806,2.56,7.08,,,848,88.50928,0.45,0.055,3.4704,5667,0.93,1,0.08,247.637
17.0428683,,4.189,16.3,,,715.8,88.904,0.661,0.2737,2.9592,5212.9,0.757,0.799,0.094,110.567
3.3596055,,1.423,2.61,,,1229.9,86.494,0.715,0.018,1.42008,5212.9,0.757,0.799,0.094,110.567
7.4500177,,2.438,6.52,,,943.2,89.86,0.047,0.1082,3.0024,5212.9,0.757,0.799,0.094,110.567
3.2253993,0.0382,1.73,6.9,0.02,116.2,913,88.8,0.25,0.0726,2.017,4491,0.682,0.711,-0.01,107.518
7.3744897,0.0662,2.85,12.4,0.03,38.6,694,87.7,0.49,0.1739,2.452,4491,0.682,0.711,-0.01,107.518
2.849883,,1.3643987,2.43,,,,87.96772,0.132,0.0273,1.3416,5233,0.791736,0.860208,-0.04,184.131
1.05979,,1.40006712,2.54,,,,84.41366,,0.02514,1.7496,5507,0.878161,0.956055,0.13,197.932
22.779878,,3.28568401,10.8,,,,89.27205,,0.1252,3.648,5507,0.878161,0.956055,0.13,197.932
4700,4.16,13.7,349.6112477,,,,,,,,,,0.584,,5200
3.405164,,2.30165603,5.91,,,,87.67245,,0.0579,2.0328,5491,0.910685,0.971461,0.27,300.397
9.6952,0.0824,1.26549392,2.14,0.23,,738.4,89.12,0.33,0.023,3.1032,5026,0.765,0.793,-0.021,166.147
7.055908,0.0738,3.17214154,10.2,0.28,,1148,88.76,0.27,0.0538,4.5696,5783,1.253,1.076,0.21,577.235
26.672263,,1.99552771,4.64,,,,89.09695,,0.0291,6.048,5890,1.077574,0.951027,-0.26,405.301
18.294549,,2.79522879,8.22,,,,89.11217,,,,5043,0.758046,0.789481,-0.14,244.443
12.48749,,2.60585269,7.3,,,,88.62001,,0.0904,4.296,5522,0.928158,0.941851,0.11,363.064
4.19097,0.04878,1.67462172,3.45,0.37,,1122,86.94,0.49,0.0309,1.944,5500,0.872,0.881,-0.064,256.887
2.080615,,0.86850263,0.586,,,,86.23126,,,,4720,0.712365,0.74479,-0.06,76.4986
9.325038,0.076,1.84,4.04,0.1,10,500,88.98,0.7,0.0809,2.372,4222.06,0.646783,0.676023,-0.11,83.6448
15.50192,0.107,2.49,6.76,0.21,5.1,420,88.85,0.66,0.1294,2.333,4222.06,0.646783,0.676023,-0.11,83.6448
0.57023,,0.86,0.566,,,,89.2,,,,5500,0.89,0.911717,0,176.51
0.669561,0.01419,1.33162691,2.33,0.19,,1873,84.1,0.36,0.0222,1.2912,5117,0.818,0.851,0.134,272.297
9.795647,0.0785,2.65,7.51,,21.964,542,89.19149,0.42028,0.12797,2.5992,4349,0.678,0.622,0.03,109.218
8.13087,,1.51398464,2.9,,,,87.86162,,,,5794,1.20424,1.069596,0.25,389.702
8.59656,0.0834,2.51,6.85,,238,1001,88.14511,0.39,0.04,3.7296,5875,1.236,1.03,0.04,300.64
8.269648,,2.12381238,5.16,,,,88.98419,,0.0543,2.232,5704,0.974398,0.999987,0.11,403.964
2.1748,0.028,1.75,8,0,248,1103,86.9,0.45,0.056,1.84,4503,0.72,0.7,0,115.461
14.074524,,3.57854073,12.5,,,,88.04322,,0.0636,5.688,5967,1.333718,1.102661,0.04,381.878
8.679885,,2.56948149,7.13,,,,88.45262,,0.0598,3.84,5757,1.008231,1.047488,0.25,394.083
3.901287,,1.34762583,2.38,,,,86.79476,,0.01173,3.408,5753,1.189232,1.021545,0.13,325.4
6.66767,,1.43839723,2.66,,,,87.26923,,0.014,4.824,5753,1.189232,1.021545,0.13,325.4
11.137278,,2.57634456,7.16,,,,88.28659,,0.0419,4.896,5753,1.189232,1.021545,0.13,325.4
0.381073,0.009,2.3,444.962,0.19,114,2100,90.6,0.65,0.624,0.5856,3879,0.58,0.595292,0.032,243.836
13.68186,0.1104,2.37,6.21,,79.7,761,88.88347,0.38,0.0537,3.12,5612,1.026,0.91,-0.05,233.514
2.399094,,1.67890272,3.46,,,,85.44711,,0.0312,2.5032,5716,0.947599,1.010842,0.13,318.81
15.3889274,0.1186,2.275,7.5,0.021,95,803,88.91,0.4512,0.0372,4.382,5942,1.072,0.94,-0.315,101.321
0.50557,0.0127,0.89,0.64,,,2271,89.7,0.41,0.01,0.9,5859,1,1.06,0.19,198.604
4.562546,0.0549,1.5,2.86,,,1091,89.6,0.42,0.02,2.8,5859,1,1.06,0.19,198.604
4.47904,0.0516,1.56,3.05,,,1002,87.85965,0.41,0.0327,2.4,5620,0.84,0.91,-0.19,275.255
10.09489,0.0886,2.41,6.39,,,764,88.67575,0.4,0.05928,3.6,5620,0.84,0.91,-0.19,275.255
15.8723,0.1409,3.60929179,12.7,0.23,,923,88.64,0.38,0.0377,6.192,5520,1.7,1.482,0.486,357.778
3.27109,0.04095,1.53899305,2.98,0.22,,1187,87.6,0.38,0.0252,2.3232,5288,0.889,0.856,-0.05,211.265
13.621832,,1.66551298,3.41,,,,88.37406,,,,5673,0.890666,0.950811,-0.1,187.234
2.69828,0.0338,1.21,1.92,,,914,87.465,0.42,0.02587,1.5,4715,0.65,0.71,-0.25,129.46
0.584216,0.0131,1,2.55,0,2290,1818,89.7,0.38,0.01625,1.5,5315,0.79,0.87,-0.09,102.564
8.32727,0.0769,2.03,7,0,66,750,87.94,0.39,0.05325,2.5,5315,0.79,0.87,-0.09,102.564
2.86041,0.0409,1.96,4.5,,,1529,85.98986,0.39,0.02,2.6,5945,1.39,1.11,0.1,540.773
13.841901,,2.5,6.8,,,,88.6,0.55,0.0635,2.94,5695,0.95,1.01,0.14,321.215
11.168454,0.10356,11.209,126.49634,0.258,312.155,1030,89.14,0.108,0.966,5.03016,6154,1.161,1.188,0.1,130.72
2.467583,0.03293,1.315,2.4,0,269,1127,88.86,0.2,,1.882,4796,0.71,0.79,-0.082,67.5062
7.06024,0.0664,1.272,4.6,0,66.2,794,89.57,0.15,,2.687,4796,0.71,0.79,-0.082,67.5062
24.3681,0.1516,2.363,10.3,0.18,12.7,525,89.62,0.28,,3.791,4796,0.71,0.79,-0.082,67.5062
2.18053332,0.03552,16.06246934,434.153604,0.03,1860,1759,88.37,0.171,1.416,2.92728,6180,1.236,1.256,0.337,314.995
3.20466,0.046,14.5717,273.3338,0,,1587,84.5,,0.7448,3.331,5630,1.59,1.19,0.34,537.963
5.24,0.0441,1.1,1.37,,,502,88.99,0.44,0.067,1.4664,3420,0.36,0.4,-0.1,31.0849
7.775,0.0576,1,0.972,,,427,88.77,0.73,0.058,1.248,3420,0.36,0.4,-0.1,31.0849
10.115,0.0685,1.1,1.37,,,399,89.43,0.39,0.065,1.8384,3420,0.36,0.4,-0.1,31.0849
20.88977,0.154,5.4,19,0.06,52,686,89.25,0.47,0.2213,5.498,5625,1.16,1.07,0.34,170.562
42.3391,0.247,7.5,15.4,0.07,20,542,89.76,0.44,0.4372,6.498,5625,1.16,1.07,0.34,170.562
6.034,0.0513,2,4.66,,,586,89.26,0.28,0.131,2.1528,3810,0.54,0.58,-0.1,72.9105
20.523,0.1159,1.8,3.89,,,389,89.66,0.29,0.098,3.192,3810,0.54,0.58,-0.1,72.9105
26.8199,0.1567,2.55,7.04,,,507,,0.41,0.09,4.1,5262,0.75,0.71,-0.44,149.464
6.51389,0.0494,2.54,6.99,,,416,,0.42,0.624,2,3459,0.37,0.38,-0.01,109.237
11.54182,0.1087,2.17,5.35,,,1035,,0.39,0.016,3.7,6570,1.39,1.29,-0.03,266.864
24.94598,0.1817,2.01,4.7,,,801,,0.4,0.019,5.2,6570,1.39,1.29,-0.03,266.864
21.06884,0.1418,1.75,3.71,,,638,89.2139,0.44,0.03,3.9,5677,0.92,0.86,-0.29,212.902
11.89307,0.0959,4.34,17.4,,83,923,,0.38,0.107,4.2,5793,1.25,0.83,-0.45,456.064
5.76918,0.0602,3.49,12,,,977,,0.41,0.134,3.4,5610,0.94,0.87,-0.19,703.616
2.25021,0.0304,2.12,5.14,,,979,,0.43,0.1,1.2,4667,0.69,0.74,-0.08,258.113
6.49424,0.0615,2.19,5.43,,,688,,0.41,0.11,1.7,4667,0.69,0.74,-0.08,258.113
7.17256,0.0699,2.57,7.13,,,886,,0.4,0.07,2.8,5528,0.92,0.88,-0.1,406.254
12.409,0.1151,2.79,8.2,,,1061,,0.41,0.024,5.9,6504,1.57,1.32,0.04,521.716
3.48456408,0.0287,3.44,24.5,0.428,9.91,494,87.16,0.628,1.155,0.7637,3207,0.2932,0.2634,0.15,44.9565
4.01392,0.04606,2.71257333,7.81,0.21,,1003,88.26,0.35,0.097,2.3664,5003,0.797,0.809,-0.02,414.708
9.30075,0.0694,2.35,6.12,,,437,,0.44,0.214,2.7,3717,0.49,0.52,-0.04,147.03
13.81513,0.1041,1.74,3.68,,,639,,0.41,0.036,3.6,5152,0.82,0.79,-0.09,228.839
4.00167,0.0506,12.67,,,365.8185,1238,,0.34,1.259,2.1,6027,1.1,1.08,0,876.565
4.09639,0.0448,1.63,3.29,,,791,,0.72,0.052,1.6,4629,0.67,0.71,-0.14,227.775
12.11839,0.0923,2.19,5.43,,,551,,0.42,0.12,2.4,4629,0.67,0.71,-0.14,227.775
1.96417,0.0274,2.9,8.75,,,1034,,0.44,0.183,1.1,4676,0.69,0.71,-0.14,191.608
1.60588,0.0216,0.83,0.498,,,789,,0.4,0.034,1.3,3725,0.5,0.52,-0.03,64.0065
19.0921,0.149,3,9.27,,,831,,0.37,0.049,6,6351,1.31,1.21,0.01,661.873
15.48043,0.1271,2.32,5.99,,,795,89.02717,0.41,0.037,4.2,6059,1.13,1.14,0.16,416.457
14.5665,0.0962,2.67,7.61,,5.8,430,88.4,0.57,0.2589,4.73,3785,0.52,0.56,-0.13,99.0504
2.62669762,0.04392,18.41635529,546.66486,0.053,2520.03,2090,89.18,0.08,0.925,4.19904,6860,1.755,1.637,0.334,663.834
11.6334681,0.1086,9.26982704,68.96876432,0.274,180,1036,88.58,0.29,0.2781,5.1288,5490,1.663,1.107,0.372,213.283
50.819172,0.2573,2.513,15.4,0.08,8.17,482,89.271,0.8315,0.0582,3.7496,5368,0.85,0.88,-0.08,162.481
5.840002,0.05023,2.231,5.61,0.5,,496,89.01,0.4,,1.884,3660,0.473,0.496,-0.013,185.605
19.660302,0.11283,2.668,7.6,0.45,,331,89.38,0.55,,2.618,3660,0.473,0.496,-0.013,185.605
2.36902,0.03359,1.70824866,7.3418362,0.16,592,1366,87.01,0.44,0.0287,2.3088,5420,0.92,0.901,0.033,138.671
0.658524,0.01306,3.3,11.26782377,,879.5,1515,75.32,1.011,0.18,0.33336,4285,0.703,0.686,-0.12,77.5586
7.814,0.0679,0.705,0.29013072,0.042,32.4,664.5,88.28,0.6,0.0085,2.256,4285,0.703,0.686,-0.12,77.5586
14.697,0.1035,2.93,8.9,0.047,13.95,538.3,89.46,0.29,0.1465,3.408,4285,0.703,0.686,-0.12,77.5586
19.482,0.1249,2.73,14.3,0.043,9.581,490.1,89.45,0.36,0.127,3.6648,4285,0.703,0.686,-0.12,77.5586
2.151676,0.0308,1.5,2.86,,,1136,,0.42,0.0398,1.97,5106,0.78,0.84,0.03,327.783
9.327527,0.0819,2.69,7.7,,,696,88.71,0.65,0.1239,3.35,5106,0.78,0.84,0.03,327.783
4.528598,,1.49,2.83,,,888,,0.4,0.0531,2.57,5106,0.78,0.84,0.03,327.783
6.131243,,1.33,2.33,,,801,,0.42,0.0436,2.54,5106,0.78,0.84,0.03,327.783
26.27057,,2.23,5.6,,,492,,0.39,0.1025,4.62,5106,0.78,0.84,0.03,327.783
4.144965,0.0531,1.57,3.09,,,1429,86.72002,0.42,0.0078,2.7096,6209,1.45,1.16,-0.08,360.76
6.771347,0.06702,4.74,30.2,0.251,116,836,88.87126,0.3,0.293,2.802,5246,0.876,0.88,0.12,249.645
1.543069,0.0247,1.38,2.48,,,1203,,0.42,0.0286,1.644,4877,0.77,0.85,0.26,280.518
4.400028,0.0497,2.95,9.01,,,848,,0.38,0.1682,1.56,4877,0.77,0.85,0.26,280.518
8.562421,0.077,7.28,41.8,,133.8067,893,,0.3,0.5513,3.24,5644,0.99,0.83,-0.3,564.454
14.4536756,0.1007,3.13,9.96,,,747,,0.58,0.1225,3.22,5397,0.83,0.86,-0.09,423.065
11.7195663,0.0729,3.05,9.53,,,849,90,0.37,0.1434,4.872,5161,0.85,0.89,0.2,308.105
14.1330314,0.0964,2.08,4.98,,,655,89.44,0.34,0.0974,3.648,5044,0.7,0.79,-0.16,228.327
3.2809626,0.0277,2.34,6.08,,161.2476,1166,88.0191,0.77,0.0968,1.9296,4841,0.69,0.77,-0.06,123.438
8.4388385,0.0881,2.21,5.52,,45.7572,653,,0.33,0.1095,2.34,4841,0.69,0.77,-0.06,123.438
18.718269,0.1291,3.77,13.7,,,583,,0.38,0.1816,6.888,5139,0.85,0.82,0.07,488.152
6.326768,0.0664,2.18575124,7.4,0.52,195,1049,86.83,0.53,0.0418,1.9656,5680,0.973,0.974,0.078,113.123
3.334966,0.0488,2.98,9.17,,,1711,,0.43,0.0374,3.936,6747,1.61,1.4,0,786.439
7.122605,0.067,1.21,1.92,,,879,,0.54,0.0207,3.072,5558,0.86,0.79,-0.37,182.983
2.260455,0.0214,2.32,5.99,0,30.1,568,88.9,0.36,0.675,0.9816,3214,0.288,0.257,0.26,62.9969
19.89526,0.1461,7.5,37.1,0.35,69.5,787,89.53,0.27,0.3463,8.267,5500,1.28,1.03,0.33,391.537
8.687721,0.0773,8.18,50.9,,,665,,0.23,1.2388,2.7504,4812,0.76,0.82,0.22,458.139
4.169783,0.0499,2.5,6.8,,,1057,90.1,0.4,0.0935,2.7312,5499,1,0.94,-0.23,496.289
1.921036,0.0291,3.52,12.2,,,1186,,0.37,0.1967,1.7496,5060,0.82,0.89,0.28,402.915
4.795069,0.04771,2.78,8.15,0.078,42.6,653,89,0.28,0.228,2.147,4140,0.607,0.63,0,107.272
3.471745,0.03817,2.59,9.68,0,234.31,1088.9,86.846,0.57,0.097,2.18,4975,0.787,0.83,0,154.961
7.138048,0.0824,3.53,15.68,0,50.35,741.4,89.861,0.05,0.21,2.52,4975,0.787,0.83,0,154.961
10.45582,0.1178,2.48,6.5,0,24.61,619.9,89.6431,0.2,0.1,2.504,4975,0.787,0.83,0,154.961
14.76289,0.18041,1.95,10.7,0,10.5,500.9,89.7994,0.17,0.068,2.3,4975,0.787,0.83,0,154.961
27.359,0.1768,2.1,5.06,,,347,89.67,0.35,0.112,3,3926,0.62,0.64,0,76.1486
14.893291,0.1206,9.494023,100.11645,0.478,,804,88.13,0.8,0.64,3.5,5695,1.07,1.056,0.2,158.335
31.393463,0.164,1.9,4.27,,,226.36,89.81,0.37,0.1531,2.112,3341,0.32,0.33,-0.21,65.6138
13.156969,0.107,9.1,61,,,753,88.48,0.6,0.7619,4.032,5529,1.025,0.953,0.162,274.3
3.2588321,0.04217,13.33871,232.0159,0.066,293,1171,86.656,0.58,1.9011,2.22,5358,0.86,0.94,0.16,178.475
9.21165,0.0923,3.06,10.9,0,,1230,88.14,0.438,,4.96,6302,1.511,1.194,-0.06,272.909
48.36685,0.305,11.276254,246.00042,0,,676,89.37,0.474,,8.14,6302,1.511,1.194,-0.06,272.909
2.225177,0.03261,1.589,6.49,0,633,1278,85.26,0.646,0.0284,1.719,5520,0.899,0.934,0.08,90.0562
16.9841,0.13,2.63,24.5,0.04,67,795,88.4,0.68,,3.66,5725,1.09,1,0.07,114.293
13.1225,,2.45,6.57,,,750,88.8,0.47,,3.98,5532,0.947,0.958,0.218,392.251
2.50387,,1.66,3.39,,,1425,85.5,0.51,,2.6,5612,1.2,0.987,0.194,373.078
4.024867,0.0451,10.054473,106.47305,0,97.8595,852,89.3,0.17,2.1878,2.4984,4444,0.7,0.74,0.14,232.801
10.0546535,0.0747,2.078,5.11,0.107,10.5,501.3,89.4,0.31,0.1416,2.563,3844,0.546,0.549,-0.157,44.0727
24.646729,0.1357,1.582,2.68,0.048,3.17,371.8,89.84,0.14,0.0822,3.428,3844,0.546,0.549,-0.157,44.0727
44.55603,0.2014,1.458,2.2,0.091,1.44,305.2,89.82,0.24,0.0782,4.17,3844,0.546,0.549,-0.157,44.0727
4.098503,0.04839,11.646151,184.02357,0,299,1092,86.92,0.662,1.603,2.3208,5425,0.844,0.9,-0.15,333.042
3.38628,,9.916,70.6,,512.9234,1213.76,88.44,0.21,0.62598518,3.09,6100,1.24,1.09,-0.1,1314.53
1.25785,0.022,11.88154,563.83042,0,1272,1688,79.9,0.975,0.73853107,0.9816,5280,0.78,0.91,0.08,110.527
921.2,1.961,12.8,1719.451682,0.853,,,,,,,5959,1.22,1.18,0.255,109.86
3.1443189,,0.95,0.809,,7.45,460,88.74,0.565,,0.821,3300,0.196,0.174,-0.24,56.9686
1.133,0.0147,1.33,2.33,,,841,87.02,0.43,0.0957,,3436,0.379,0.408,,112.486
5.26,0.0582,1.83,4.01,,,423,89.31,0.4,0.248,,3436,0.379,0.408,,112.486
6.22,0.0542,2.93,8.91,,,432,89.22,0.43,0.119,,3387,0.379,0.403,,176.291
7.01,0.0911,1.66,3.39,,,456,89.38,0.4,0.085,,3851,0.552,0.561,,147.866
26.68,0.1516,2.79,8.2,,,641,89.45,0.35,0.083,,5440,0.898,0.954,,209.071
8.992,0.0795,5.299,15,0.03,79.5,837,89,0.34,0.3802,3.488,5271,0.86,0.83,-0.06,157.682
20.66093,0.13843,3.134,8.1,0.049,26.2,634,89.4,0.37,0.1346,4.35,5271,0.86,0.83,-0.06,157.682
31.71701,0.18422,3.484,6.7,0.05,14.8,550,89.4,0.46,0.1562,4.888,5271,0.86,0.83,-0.06,157.682
4.34934,0.04899,1.212,2.1,0.043,,1066,89,0.22,0.0255,2.671,5271,0.86,0.83,-0.06,157.682
1.995,0.0142,2.62,7.37,,,698,87.84,0.49,0.557,,3157,0.3,0.117,,108.74
2.2979749,0.02839,2.05124347,4.86,0.44,68.5516,830,86.1,0.47,0.0992,1.1472,3750,0.595,0.578,0.148,77.6888
8.205,0.0594,1.92,4.35,,,635,88.15,0.68,0.071,,4141,0.602,0.63,,123.415
24.93,0.1275,2.1,5.06,,,318,89.88,0.14,0.263,,3710,0.549,0.478,,118.318
3.262,0.0331,2.43,6.48,,,707,88.33,0.42,0.199,,3752,0.505,0.517,,136.667
6.93,0.0419,2.2,5.48,,,423,89.37,0.34,0.672,,3287,0.298,0.274,,111.638
1.256,0.0198,2.28,5.82,,,1114,85.63,0.48,0.0921,,3924,0.688,0.507,,282.308
12.4551225,0.1016,8.675766,82.6358,0.0697,45.7,650,89.22,0.364,1.03526424,3.621,5282,0.822,0.901,0.098,233.237
5.424865,0.0409,5.04,1175.971,0,,850,89.1,0.16,0.3018,4.08,3540,1.05,0.56,,139.268
13.774798,,2.77,8.1,,114.929,969,88.6272,0.38,0.0309,4.57,6232,1.5,1.23,-0.03,160.125
9.398977,,1.79,3.86,,,909,,0.43,,3.92,5994,1.06,1.1,0.08,211.43
22.996591,,2.72,7.85,,,673,,0.37,0.047,4.43,5994,1.06,1.1,0.08,211.43
17.70632,,2.2,5.48,,,266,,0.39,0.677,2.03,3315,0.28,0.27,0.09,123.202
14.759287,,6.18,31.6,,102.1266,826,89.35,0.26,0.2238483,4.96,5880,1.22,1.06,0.07,343.99
5.113981,,5.65,27.2,,832.2294,1380,88.58,0.38,0.1290375,2.46,6502,1.49,1.36,0.17,371.823
12.283211,,2.21,5.52,,,949,88.50662,0.4,0.0314,4.31,6222,1.33,1.23,0.1,557.993
21.194733,,1.22,1.98,,,569,89.03041,0.41,0.0263,4.65,5424,0.8,0.86,-0.17,239.289
16.273563,,2.62,7.37,,,850,88.13758,0.38,0.0418,7.64,5869,1.32,0.94,-0.27,421.636
3.850614,,1.03,1.08,,,783,,0.42,0.0391,1.78,4558,0.63,0.66,-0.23,156.951
19.507428,,1.92,4.35,,,508,,0.44,0.1237,3.4,4857,0.72,0.74,-0.11,360.36
2.9956348,0.0442,13.75,539.67534,0,963.566,1687,82.23,0.83,0.7493,2.4768,6168,1.42,1.16,0.01,348.646
29.740451,,3.36,11.2,,,606,,0.39,0.0888,5.29,5532,1.13,0.93,0.08,738.136
36.552551,,3.21,10.4,,,598,89.32473,0.41,0.0802,6.25,5817,1.16,0.98,-0.05,421.408
11.561052,,2.03,4.78,,,861,,0.42,0.0255,3.73,5920,1.09,1.01,-0.06,208.357
2.787174,,1.65,3.36,,,653,,0.48,0.147,1.46,3804,0.46,0.49,-0.1,166.169
7.676972,,2.02,4.74,,,465,,0.36,0.2074,2.2,3804,0.46,0.49,-0.1,166.169
3.35585,,1.59,3.15,,37.2966,722,,0.41,0.1101,1.76,4374,0.49,0.51,-0.95,75.1691
10.367437,,2.11,5.1,,,437,,0.43,0.1946,2.08,3779,0.52,0.56,0.26,162.408
26.201446,,2.26,5.73,,8.8138,450,89.51661,0.42,0.0965,3.33,4801,0.7,0.71,-0.18,105.58
7.187257,,2.41,6.39,,,640,,0.21,0.1829,2.57,4599,0.63,0.66,-0.26,320.336
4.688418,,3.26,10.7,,133.083,908,,0.39,0.1469,2.75,5077,0.85,0.83,0.13,201.856
12.550171,,2.67,7.61,,,655,,0.43,0.0858,3.68,5077,0.85,0.83,0.13,201.856
9.032178,,1.38,2.48,,,518,,0.4,0.1028,3.25,4385,0.49,0.54,-0.66,453.567
2.399964,0.031,1.32,2.3,0.13,211,979,88.98,0.56,0.0404,1.992,4402.71,0.619575,0.701968,0.04,252.596
5.608352,0.055,1.93,4.38,0.12,68,766,88.58,0.66,0.0938,1.7976,4402.71,0.619575,0.701968,0.04,252.596
4.163873,,1.54,2.99,,,1158,,0.41,,2.75,5789,1.04,0.98,-0.02,489.368
19.991944,,2.74,7.95,,,687,,0.45,0.0748,4.94,5789,1.04,0.98,-0.02,489.368
7.806164,,2.54,6.99,,,934,,0.39,0.0681,2.78,5769,1.05,1.02,0.08,694.734
3.665912,,1.37,2.45,,,1160,,0.42,,1.63,5791,0.95,0.98,-0.05,176.051
8.234885,,1.92,4.35,,,885,,0.41,0.0401,3.59,5791,0.95,0.98,-0.05,176.051
14.871387,,2.23,5.6,,,727,,0.39,0.19,4.14,5791,0.95,0.98,-0.05,176.051
15.466805,,5.55,26.3,,33.0649,735,,0.77,0.238,3.39,5698,0.99,0.87,-0.21,268.515
3.793306,,1.56,3.05,,,543,,0.24,0.1007,1.53,3669,0.41,0.43,-0.04,91.722
5.7385647,0.0632,2.25,5.69,,,1066,,0.43,,,5790,0.92,0.96,-0.12,500.497
21.0267366,0.1599,2.29,5.86,,,624,,0.36,,,5568,0.86,0.9,-0.11,355.54
16.3488637,0.145,3.72,13.4,,,735,,0.35,,,5794,1,0.98,-0.02,517.687
11.2510285,0.0863,2.68,7.65,,,888,,0.35,,,5650,0.91,0.93,-0.07,480.307
1.422614,0.02288,1.43,4.3,0.093,519,1328,84.45,0.66,0.0345,1.1232,4916,0.718,0.79,-0.047,109.749
5.340888,0.05528,3.2,7.9,0.089,89,854,86.917,0.9345,0.1545,1.153,4916,0.718,0.79,-0.047,109.749
9.79692,0.0883,4.02,15.23,0.11,115,912,,,,,5679,0.98,0.958,0.01,232.1
23.448172,,2.906,8.78,,,,89.0039,0.328,0.0783,5.712,5561,1.051,0.823,-0.021,187.222
15.937039,,2.359,6.16,,,,,0.718,0.059,3.288,5601,0.94,0.825,-0.216,185.947
20.645099,,2.413,6.41,,,,,0.83,0.132,2.376,4348,0.625,0.756,-0.351,176.965
5.025598,,1.332,2.34,,,,,0.272,0.0485,2.28,4663,0.663,0.746,-0.25,206.608
9.660186,,1.361,2.42,,,,,0.306,0.0522,2.856,4663,0.663,0.746,-0.25,206.608
20.201085,,1.948,4.45,,,,,0.287,0.0982,3.576,4663,0.663,0.746,-0.25,206.608
5.761612,,1.313,2.28,,,,88.33669,0.727,0.0174,2.232,5682,0.881,0.735,-0.234,185.55
4.4434,0.05105,1.39,2.51,,193,949,87.49112,0.55,0.0358,2.3,5352,0.809,0.84,-0.08,179.943
6.42966,0.06534,2.41,6.39,,118,839,88.1633,0.62,0.1027,2.9016,5352,0.809,0.84,-0.08,179.943
14.09229,0.1102,2.31,12.5,,41.3,646,89.16344,0.76,0.0893,2.65,5352,0.809,0.84,-0.08,179.943
2.1408093,0.0321,2.67,11.1,0,428.205,1267,84.44,0.71,0.0628,1.68,5662,0.945,0.962,0.08,144.202
3.114905,,13.024,,,198.0922,956.83,,0.666,2.846,2.3592,4925,0.736,0.958,-0.107,442.813
9.844077,,2.945,8.98,,,,,0.337,0.1093,3.6288,5479,0.922,0.847,-0.064,463.88
11.02066,,2.061,4.9,,,,,0.666,0.0202,4.32,6138,1.486,1.158,0.049,229.567
4.521953,,1.593,3.16,,,,,0.235,,3,5789,0.907,0.731,-0.292,359.439
16.43445,,2.213,5.53,,,,,0.649,,3.6,5789,0.907,0.731,-0.292,359.439
14.453895,,2.243,5.66,,,,87.9722,0.284,0.0298,6.792,5822,1.543,1.119,-0.091,696.1
5.776475,,1.736,3.66,,,,,0.854,,2.1,5937,1.149,0.908,-0.176,161.61
12.832235,,1.693,3.51,,,,,0.262,0.0754,3.408,4200,0.691,0.821,-0.008,195.149
2.060438,,2.88,8.65,,,,,0.402,0.1697,1.4904,4823,0.732,0.923,-0.206,687.973
8.777247,,2.181,5.4,,,,,0.481,0.0934,2.904,4603,0.751,0.856,-0.045,182.207
4.01593,0.04994,1.54,7.3,0.197,426,1266,88.36,0.48,0.02607,2.74,5731,1.06,1.03,0.26,192.69
10.56103,0.09514,2.29,8.3,0.161,117,916,87.68,0.64,0.0484,2.38,5731,1.06,1.03,0.26,192.69
9.401312,,2.729,7.89,,,,,0.883,0.0275,2.112,5911,1.32,0.993,-0.049,249.303
7.9389334,,1.075,1.26,,,,88.8625,0.505,0.0209,1.464,4473,0.675,0.754,-0.244,145.701
16.034656,,2,4.66,,,,88.79817,0.338,0.0947,3.0696,4473,0.675,0.754,-0.244,145.701
26.803023,,1.689,3.5,,,,89.47797,0.497,0.0522,2.928,4473,0.675,0.754,-0.244,145.701
21.700156,,2.072,4.95,,,,88.29769,0.346,0.0789,4.104,5452,0.811,0.922,-0.027,278.412
1.865962,,1.564,3.07,,,,85.25534,0.268,0.0383,1.9632,5129,0.804,1.061,0.187,203.788
2.231527,,1.076,1.26,,,,,0.517,,,3623,0.348,0.33,0.068,82.6603
4.194766,,1.191,1.82,,,,,0.446,0.146,1.272,3623,0.348,0.33,0.068,82.6603
6.679582,,1.392,2.52,,,,,0.367,0.169,1.512,3623,0.348,0.33,0.068,82.6603
9.715043,,1.345,2.37,,,,,0.471,0.175,1.992,3623,0.348,0.33,0.068,82.6603
13.62749,,2.222,5.57,,,,,0.467,0.437,2.16,3623,0.348,0.33,0.068,82.6603
2.380867,,1.539,2.98,,,,,0.361,0.0506,1.92,4844,0.761,0.927,-0.224,420.819
7.473223,,2.32,5.99,,,,,0.246,0.0661,3.5568,5749,0.97,0.911,0.074,428.785
28.735327,,7.322,42.2,,,,,0.711,1.398,2.9904,3572,0.585,0.57,0.126,266.318
6.33932,,3.9,14.5,,138,874,,0.388,0.1739,3.02,5310,0.91,0.93,0.24,290.495
8.58289,,2.33,6.04,,179,932,,0.696,,3.1,5773,1.094,0.99,0.038,259.208
20.851337,,2.04,4.82,,,,,0.399,,5.2,5782,1.084,0.802,-0.034,259.208
4.60543,0.05708,6.27704,28.6047,0,1356,1670,80.39,0.57,0.037,8.184,4881,2.97,0.66,0.32,307.47
3.312792,,4.662,19.6,,260.965,1119,,0.893,0.1815,2.097,5558,0.966,0.789,-0.116,456.122
4.622654,,1.371,2.45,,,,,0.434,,2.7,5543,0.566,0.757,-0.543,507.94
15.398723,,1.85,4.08,,,,,0.711,,3.5,5726,1.058,0.841,-0.238,406.985
10.413181,,2.352,6.13,,,,,0.803,,,5678,1.071,0.881,0.076,265.914
5.095717,,1.692,3.51,,28.5068,643,,0.636,0.0714,1.772,4938,0.631,0.478,-0.388,98.0152
4.803352,,2.597,7.26,,,,,0.25,,2.5,5007,0.783,0.952,-0.033,286.727
8.491282,,3.395,11.4,,,,,0.677,,2.3,5007,0.783,0.952,-0.033,286.727
0.673862,,1.579,3.12,,,,,0.266,,1.6,5236,0.92,0.954,0.237,274.864
25.76051,,3.124,9.93,,,,,0.475,,,5236,0.92,0.954,0.237,274.864
3.572326,,2.417,6.42,,,,,0.892,,1.3,5387,0.966,0.937,0.11,199.354
6.393025,,2.274,5.79,,,,,0.523,,3.7,5946,1.239,0.945,-0.257,606.992
18.787839,,5.098,22.8,,,,,0.701,,4.7,5946,1.239,0.945,-0.257,606.992
10.003417,0.078,2.1,5.06,0.08,15.6,563,89.54,0.41,0.1482,2.9232,4014.73,0.569359,0.635026,-0.12,231.828
3.865053,,1.163,1.67,,,,,0.208,,1.6,3578,0.382,0.374,-0.051,62.3804
6.293099,,2.262,5.74,,,,,0.621,,1.9,4213,0.675,0.87,-0.098,200.727
17.27474,,2.678,7.65,,,,,0.468,,5.2,5716,1.28,0.944,-0.378,523.055
33.589979,,5.333,24.6,,134.883,949,,0.723,0.3352,6.385,5511,0.886,0.784,-0.162,246.599
13.115365,,2.53,6.94,,,,,0.481,,2.7,3748,0.552,0.552,0.005,121.63
3.435471,,4.569,18.9,,146.577,969,87.66474,0.871,0.258,2.11,4927,0.765,1.034,0.132,197.234
22.549406,,4.602,19.2,,,,,0.544,,4.8,5784,0.961,0.798,-0.038,85.3751
4.941907,,1.283,2.19,,,,,0.309,,2.9,5563,0.927,0.881,0.014,218.376
9.22453,,1.36,2.42,,,,,0.259,,3.7,5563,0.927,0.881,0.014,218.376
20.978959,,1.677,3.45,,,,,0.213,,4.4,5335,0.784,0.813,-0.171,162.306
1.908084,,2.482,6.72,,,,,0.418,,2.5,5742,1.228,0.886,-0.036,431.031
3.2141,0.0511,0.9898,0.937,,619.038,,90.0008,,,,5711,1.375,1.018,0.1415,298.219
5.9382,0.0586,2.116,5.13,,243.518,,89.998,,,,5590,0.977,0.893,0.014,654.085
0.8094,0.0117,0.7599,0.363,,921.755,,89.9518,,,,4116,0.7,0.808,-0.205,285.162
5.3301,0.0426,1.2327,2.05,,69.529,,89.9985,,,,4116,0.7,0.808,-0.205,285.162
4.3696,0.0487,1.219,1.98,,72.113,,90.0045,,,,4343,0.732,0.814,-0.102,260.036
6.669,0.0552,1.9287,4.38,,56.13,,89.9973,,,,4343,0.732,0.814,-0.102,260.036
4.0179694,0.027,1.015,7.5,,4.82,412.4,89.32,0.37,0.28089118,1.1195616,3173,0.1965,0.1635,-0.13,21.8182
13.102,0.088,2.66,1652.707716,,,447,89.25,0.45,,2.77,3746,0.554,0.548,,120.311
6.535,0.063,3.31,699.2224954,,,558,89,0.41,,2.07,3861,0.5776,0.569,,94.0424
20.35847252,0.1208,10.55,196,0.042,3.3,377,89.54,0.389,3.912,3.574,3711,0.541,0.562,-0.11,268.685
6.68796,0.0617,2.15,5.27,,44.1,,,0,0.1042,3.04,4613,0.643,0.702,,396.913
3.471149,0.03784,4.51,18.5,0.07,49,939.3,89.6,0.11,0.665,2.0448,3840.6,0.542,0.571,,182.536
2.198884,,2.42,6.44,,,1093.7,89.26,0.14,0.163,1.44,3840.6,0.542,0.571,,182.536
5.657,0.06,2.433,6.5,,646,1211,87.9933,0.29,0.03342,4.296,5912,1.58,1.15,0,476.703
1.7292684,0.0224,6.71,36.4,0.1,100,1073.56,87.75,0.35,2.406,1.689,4103,0.445,0.503,,495.317
19.1541,0.13821,2.05,4.86,,119,889,88.64866,0.13,0.0333,6.73,6256,1.29,0.96,-0.32,449.237
31.6372,0.1779,1.89,4.23,,10.7,,,0.12,0.0999,4,5054,0.76,0.75,-0.224,349.881
20.5065,0.1344,2.24,5.65,,15.3,,,0.7,0.1104,3.01,4899,0.73,0.77,-0.19,313.764
2.77065,0.0309,1.93,4.38,,59,,,0.62,0.209,2.307,4175,0.45,0.51,,457.125
5.73594,0.0532,1.91,4.31,,24.1,565,87.35,0.65,0.1496,2.654,3930,0.57,0.61,-0.33,202.943
10.93241,0.0818,2.26,5.73,,10.2,456,86.95,0.83,0.1378,3.498,3930,0.57,0.61,-0.33,202.943
8.7529,0.0705,1.59,3.15,,18.8,,,0.54,0.1337,2.68,4326,0.546,0.611,-0.1132,257.443
3.535055,0.054,18,,,1124,2004,86.46,0.32,0.6314,5.328,7147,2.192,1.691,0.055,1038.41
12.20772,0.098,2.6,7.27,,52.5,665,89.32,0.31,0.1001,3.48,5263,0.807,0.851,-0.037,138.018
9.7833,0.0761,2.6116925,7.33,0.24,6.1,560,89.08,0.37,0.139,2.7888,3990,0.643,0.615,-0.02,174.955
2.849271,0.03486,4.43,44,0.07,141.3,900,88.2,0.14,0.3954,2.006,4300,0.715,0.688,0.376,159.522
9.0073,0.0752,2.30905002,5.94,0.25,24.1,635.8,88.95,0.39,0.099,2.58,4413,0.671,0.699,0.08,264.213
7.05254,0.0692,2.68,7.65,,118,,88.85456,0.53,0.103,1.899,5413,0.86,0.89,0.11,181.746
2.53726,0.035,1.62,3.26,,462,,86.09968,0.26,0.0375,1.996,5413,0.86,0.89,0.11,181.746
22.8827,0.1517,1.71,3.57,,24.6,,89.43128,0.63,0.0425,3.2,5413,0.86,0.89,0.11,181.746
20.6921,0.1354,2.41,6.39,,17.1,,,0.68,0.0986,2.76,5055,0.731,0.774,,311.313
11.2954,0.0905,2.3,5.9,,38.3,,,0.89,0.094,1.75,5055,0.731,0.774,,311.313
30.94191,0.1898,2.5,6.8,,28.6,615,89.41992,0.11,0.068,5.28,5850,0.96,0.97,-0.14,316.819
3.00265,0.045,7.655747,135.39558,0,1212,1400,88.49,0.21,0.4774,3.08,5500,1.12,0.97,0.01,491.87
2.57336,0.0392,1.92,4.35,,730,1325,85.99632,0.3,0.0364,2.33,5748,0.995,0.97,0.03,405.732
6.67199,0.0636,2.02,4.74,,46.7,666,89.09984,0.35,0.0788,1.56,4455,0.696,0.67,-0.1,112.467
16.19697,0.1148,1.99,4.62,,14.3,495,89.60532,0.22,0.0828,1.29,4455,0.696,0.67,-0.1,112.467
20.257,0.1627,3.22,10.5,,188,,,0.24,0.0481,5.49,6771,1.63,1.4,,517.534
25.4556,0.189,3.9,14.5,,139,,,0.35,0.079,4.24,6771,1.63,1.4,,517.534
6.53044,0.0619,2.07,4.94,,98,,,0.34,0.095,3.06,5312,0.726,0.741,,499.891
12.6475,0.1014,1.58,3.12,,45,,89.14842,0.61,0.0391,3.43,5213,0.84,0.87,-0.34,72.2
5.06963,0.05983,2.49,21.3,0,840,1372,86.6,0.47,0.0288,4.71,5887,1.67,1.11,-0.047,513.877
8.05428,0.0708,1.58,3.12,,41,,88.71527,0.09,0.0668,2.72,4746,0.675,0.73,-0.21,168.652
7.06599,0.0591,2.32,5.99,,17.9,,,0.57,0.221,1.62,4127,0.491,0.551,,180.697
28.6781,0.1867,4.03523305,15.3,0.24,125,786,89.08,0.37,0.058,7.5816,5700,1.533,1.056,0.049,738.553
13.97896,0.1112,2.89,8.7,,62,,89.14508,0.26,0.1076,3.52,5622,0.93,0.94,0.06,232.964
6.98541,0.0559,2.15,5.27,,13.4,,,0.88,0.291,1.41,4006,0.426,0.477,,153.192
5.577212,0.04,1.08,1.28,0.11,8.5,,89.15,0,0.109,1.67,3360.47,0.330989,0.271365,,66.4321
15.189034,0.078,1.16,1.65,0.11,2.2,,89.54,,,2.15,3360.47,0.330989,0.271365,,66.4321
7.760178,0.05,1.01,1.01,0.11,5.4,,89.26,,,1.45,3360.47,0.330989,0.271365,,66.4321
24.158868,0.106,1.29,2.21,0.11,1.2,,89.68,,,2.25,3360.47,0.330989,0.271365,,66.4321
7.49556,0.07619,2.58,9.2,,209,968,88.44303,0.28,0.058,3.5904,5867,1.058,1.02,0.04,269.183
1000,,13,1142,,0.285,186.1,,,,,5867,1.058,1.02,0.04,269.183
19.5666,0.1402,2.31,5.95,,59.1,,88.91991,0.15,0.0818,5.12,6060,0.98,0.96,-0.21,377.822
7.8142,0.081,2.67,7.61,,430,,87.41339,0.42,0.0392,5.48,5995,1.56,1.16,0.3,561.93
18.311,0.1429,2.77,8.1,,138,,88.79606,0.59,0.041,6.42,5995,1.56,1.16,0.3,561.93
8.2000844,0.0753,2.4996027,603.877,0.29,58,806,88.33,0.55,0.0831,2.544,5160,0.792,0.847,0.13,141.731
10.995039,0.0987,4.15,5.9,0.032,180,1033,88.42,0.4589,0.088,4.5655,5897,1.269,1.06,0.035,256.011
10.35239,0.0856,3.58,12.5,,37.7,631,86.42,0.88,0.147,3.362,4870,0.74,0.78,-0.02,403.513
5.06416,0.0532,2.41,6.39,,97.8,801,86.7,0.78,0.0993,2.08,4870,0.74,0.78,-0.02,403.513
19.0918,0.135,2.01,4.7,,32.5,,88.99371,,0.0562,4.46,5441,0.87,0.9,0.07,200.802
5.605,0.0596,1.47,2.76,,166,,87.91636,,0.0301,2.68,5441,0.87,0.9,0.07,200.802
28.867253,,2.55211506,7.04,,,,89.39678,,0.0864,4.224,5377,0.841458,0.913111,0.07,200.802
6.102325,0.059,1.97,4.54,0.06,62.9,,89.29,,0.1076,2.15,4674.13,0.634663,0.745273,,252.318
2.74697,0.03014,1.244,2.08,0.07,41.5,,88.72,,0.092,1.664,3910,0.424,0.484,,125.529
9.99767,0.07131,1.483,2.8,0.06,7.42,,89.51,,0.1462,2.77,3910,0.424,0.484,,125.529
6.4215,0.0665,2.41,6.39,,178,,,,0.0814,2.81,5652,0.93,0.95,0.278,284.876
27.86,0.1768,2.03,4.78,,25.3,,,,0.0704,4.61,5652,0.93,0.95,0.278,284.876
0.684538626,0.013,1.4,3.2,0.24,800,1355,80.21,,0.04,0.8184,4232,0.71,0.7,0.14,97.2179
8.77683,0.077,1.96,4.5,,78,,88.56037,,0.0865,2.75,5482,0.76,0.79,-0.35,258.699
9.726618,0.094,7.6,44.9,,85,979,87.74,0.57,0.2692,4.56,5747,1.401,1.164,0.328,491.242
4.6122,0.0345,1.23,2.04,0.26,7.8,,87.75,,0.2194,1.039,3537,0.256,0.258,,110.561
1.096026,0.01462,0.615,0.17,0.15,78,,85.77,,0.0346,0.895,3691,0.318,0.347,,86.0386
18.4498,0.091,2.25,5.69,,1.36,314,87.983,0.9261,0.399,2.8397,3390,0.31,0.3,-0.25,82.9631
13.733314,0.096,2.6,7.27,0.07,10.2,502,89.24,0.44,0.1582,2.952,4484,0.619,0.629,-0.225,134.188
2.900706,0.035,1.3,2.24,0.19,80.8,,86.94,,0.0389,1.3032,4421.98,0.634754,0.704613,-0.225,134.188
1.419549,0.0164,1.1,1.37,0.09,46,,88.62,,0.1565,0.945,3622,0.284,0.292,,62.5785
10.1346454,0.0525,3.31,11,0.16,,474,90,0.46,0.5276,2.856,3566,0.4,0.41,0.1,179.854
8.407115,0.0854,13.45077684,174.4877954,0.207,114.149,1566,75.5,0.895,0.0891,6.2712,4673,4.14,1.17,0.328,878.43
10.1367349,0.0986,5.06645928,34.00763955,0.119,339,1185,88.39,0.37,0.093,5.1216,6260,1.518,1.246,-0.044,518.625
18.24783,0.153,11.88151954,276.5107141,0.22,357,1184,88.6,0.34,0.193,11.1,6069,2.55,1.44,0.2,519.229
522.2,1.43,12.6,2669.758619,0.21,,390,,,,33.6,6069,2.55,1.44,0.2,519.229
1.217514,0.02466,12.442,8654.15,0.0099,5165.92,2361,87.8,0.232,0.6086,2.76456,6516,1.471,1.335,0.052,268.43
4.1662739,0.0525,15.681391,215.80657,,600,1377,88.61,0.23,1.416,3.744,5948,1.209,1.112,0.09,188.404
4.73620865,0.0623,15.13212395,65.15482343,0,1433,1712,85.3,0.404,0.23388746,7.1,5375,2.69,1.44,0.17,99.1596
5.031623,0.06708,19.95202,301.9385,0,1749,1800,84.47,0.586,0.596,5.7624,6279,2.37,1.591,0.19,368.03
1.7100566,0.03005,19.537287,408.09372,0,826.113,1970,78.3,0.8622,1.386,2.18808,5720,1.52,1.239,0.32,250.121
3.32944,0.04613,19.50366,416.3573,0,1612.7618,1642,88.3,0.2,1,4.0123108,6003,1.78,2.06,0.05,324.683
0.9689951,0.02044,15.860735,874.0325,0,6992.0328,2453,84.4,0.32,1.146,2.4888,6236,1.36,1.211,-0.002,444.586
3.0801716,0.04881,17.093725,416.3573,,3331.8707,2087,84.87,0.57,0.907,3.4752,7454,1.645,1.635,-0.018,226.5
2.8717518,0.0455,17.59813,375.0394,0,3152,2085,88.86,0.102,0.716,4.644,6670,1.908,1.524,0.09,321.376
4.6117093,0.0637,21.40919,1293.5681,,2340,1935,85.41,0.601,1.148,4.3944,7500,1.83,1.62,-0.12,300.276
4.11379,0.05497,15.13215,540.311,0,3108.45,2080,88.6,,0.52,5.172,6327,1.93,1.54,0,134.058
3.4741085,0.0542,19.514869,1074.90106,0,4362.5,2262,86.12,0.503,1.309,3.57552,8720,1.565,1.76,-0.29,136.426
3.6127647,0.05224,17.777474,1242.7153,0,2950,2051,86.46,0.423,0.99,4.10544,7598,1.638,1.458,-0.405,470.878
2.255251,0.03302,14.829507,298.12454,0,991.183,1561,85.37,0.576,1.864,2.38104,5899,0.996,0.944,-0.105,126.261
5.55149296,0.0665,12.71098411,1458.832388,0.0319,624,1391,89.67,0.061,0.7573,4.3032,6426,1.338,1.268,0.138,96.5173
2.70339,0.04123,17.48604,616.5902,0,1704.57,1816,84.14,0.606,0.89,3.1512,6304,1.7,1.96,0.05,210.252
2.9895932,0.04317,19.044091,286.68266,0,1840,1823,83.16,0.689,1.187,3.46272,6206,1.603,1.201,-0.116,218.05
7.8457,0.07939,14.5717,165.2716,0.22,718.188,1313,88.81,0.43,0.6,5.83,6102,1.73,1.42,-0.28,240.726
1276,2.39,13,1179.1493,0.21,,,,,,,6272,1.529,1.126,-0.27,240.726
2.73477,0.04415,17.9344,441.7837,0,1775.39,2048,83.76,0.593,0.83,3.5112,6768,1.81,1.76,0,136.681
3.24406,0.0455,18.15858,209.7678,0.04,983.3098,1675,82.65,0.741,1.3,3.6774272,5754,1.46,0.81,0.27,197.572
1.4811235,0.03462,21.196219,915.3504,0,44900,4050,86.79,0.177,0.677,3.91584,10170,2.362,2.52,-0.03,204.455
0.2197,,,,,,,,,,,27500,0.18,0.47,-0.093,1672.94
0.32528,,,,,,,,,,,27500,0.18,0.47,-0.093,1672.94
0.81161,,,,,,,,,,,27500,0.18,0.47,-0.093,1672.94
2.073549,,13.4,635.656814,,,,,,,,6118.4,1.574,1.22,0.01,721.105
854.083,,5.5,25.9,,,,89.861,,0.25,,6091,1.01,1.01,-0.04,1461.15
3552,5.14,12.1,5768.585587,0.85,,,,,,,4829,5.86,1.42,0.12,401.229
1322.3,,6.9,38.1,,,,89.973,,0.3969,,6175,1.01,0.98,-0.42,1215.7
440.7813,1.19671,6.4,33.6,0,2.9,308,89.904,0.212,0.2209,21.268,6340,1.24,1.07,-0.38,1274.01
1.701531,,14.2,158.9142035,,,,,,,,5459.1,0.894,0.966,0.161,454.95
840,,12.4,3750.394,0.15,,,,,,,7067,2.009938,1.63,-0.02,1382.89
3.294601,,13.4,667.4396547,,,,,,,,5975.3,2.233,1.456,0.252,707.303
31.8099,,4.1,15.8,,,,89.3,,0.09,,6474,1.26,1.04,-0.16,1072.3
75.2,,2.4,6.35,,,,89.701,,0.0324,,6474,1.26,1.04,-0.16,1072.3
572.3847,1.55346,4.6,19.2,0,3.356,264,89.768,0.8727,0.1681,23.162,6065,1.03,0.98,-0.28,1594.74
,2.2,12.2,5700,,,,,,,,,,0.48,,6300
,2.44,1.33,2.32,,,,,,,,,,0.41,,5080
,0.342,13.1,1043,,,,,,,,,,0.087,,6651
,3.97,11.4,88.99195396,,,,,,,,,,0.54,,6920
,5.1,12.7,2200,,,,,,,,,,0.45,,6600
,1.08,12.9,1450,,,,,,,,,,0.039,,6260
,3.5,13.3,700,,,,,,,,,,0.49,,7100
,0.83,12.2,4923,,,,,,,,,,0.073,,7010
,3.58,13.8,301.9369867,,,,,,,,,,0.73,,3580
,2.63,13,1250,,,,,,,,,,0.5,,6440
,3.64,13.2,836,,,,,,,,,,0.64,,4880
,0.681,14,245.0457018,,,,,,,,,,0.064,,6421
,3.45,6.45,34,,,,,,,,,,0.76,,4530
,1.81,2.23,5.59,,,,,,,,,,0.34,,5400
,2.34,13,1166.430254,,,,,,,,,,0.63,,5080
,2.73,2.41,6.39,,,,,,,,,,0.19,,7220
,1.38,2.13,5.19,,,,,,,,,,0.32,,7090
,1.8,13.4,640,,,,,,,,,,0.37,,6000
,2.36,5.19,23.5,,,,,,,,,,0.57,,6500
,1.6,14,230,,,,,,,,,,0.33,,6500
,1.78,1.7,3.54,,,,,,,,,,0.41,,4240
,15.91,12.5,2809.603118,,,,,,,,,,0.36,,7800
,2.14,14.2,171,,,,,,,,,,0.4,,8030
,2.14,13.4,664.2613706,,,,,,,,,,0.46,,7040
,4.27,2.67,7.59,,,,,,,,,,1.14,,3380
,4.39,13.6,460.8511902,,,,,,,,,,0.51,,6480
,0.87,10.1,73.10053361,,,,,,,,,,0.1,,7020
,2.46,13.4,670.6179388,,,,,,,,,,0.29,,6760
,0.62,9.01,60,,,,,,,,,,0.087,,7300
,1.07,11.9,9217.023803,,,,,,,,,,0.29,,6890
,1.305,2.34,6.059,,,,,,,,,,0.219,,6705
,6.03,12.9,1400,,,,,,,,,,1.09,,3460
,1.449,10.5,77.86795971,,,,,,,,,,0.193,,6483
,3.54,13.3,705.5790635,,,,,,,,,,0.65,,5840
,3.09,2.22,5.56,,,,,,,,,,0.47,,4150
,0.763,12.9,111,,,,,,,,,,0.094,,967
,4.27,13.7,346.4329636,,,,,,,,,,0.69,,5910
,3.81,13.7,365.5026681,,,,,,,,,,0.66,,4310
,3.1,2.99,9.2,,,,,,,,,,0.7,,4900
,0.96,12.1,6038.739733,,,,,,,,,,0.21,,3090
,5.67,13.4,575.2694167,,,,,,,,,,0.7,,6710
,1.64,12.1,6674.396547,,,,,,,,,,0.32,,7710
,0.79,12.6,2447.278734,,,,,,,,,,0.09,,7010
,1.16,12.9,1452.47582,,,,,,,,,,0.74,,4410
,2,13.7,381.3940884,,,,,,,,,,0.28,,7300
,3.31,3.19,10.28,,,,,,,,,,0.76,,3320
,1.1,4.06,15.5,,,,,,,,,,0.28,,7200
,1.7,9.05,60.38739733,,,,,,,,,,0.3,,6600
,2.44,5.98,29.87587026,,,,,,,,,,0.39,,2740
,2.15,13.7,397,,,,,,,,,,0.48,,6120
,1.7,1.85,4.08,,,,,,,,,,0.25,,4670
,2.6,13,1287.205048,,,,,,,,,,0.79,,4600
,3.32,13.2,813.6407219,,,,,,,,,,0.61,,3860
,3.02,2,4.67,,,,,,,,,,0.74,,6640
,,14.1,200,,,,,,,,,,0.31,,7040
,1.85,13.7,368.6809521,,,,,,,,,,0.34,,5910
,2,11.4,88.99195396,,,,,,,,,,0.47,,6100
,4.17,12.4,3902.932838,,,,,,,,,,0.81,,3840
,2.07,1.2,1.87,,,,,,,,,,0.49,,1220
,22.3,11.9,8581.366989,,,,,,,,,,0.49,,1220
,2.92,12.8,1754.412807,,,,,,,,,,0.56,,3130
,3.5,3.35,11.2,,,,,,,,5200,,0.78,,4600
,1.62,6.56,34.96112477,,,,,,,,,,0.27,,5120
,2.8,9.6,66.74396547,,,,,,,,,,0.56,,6600
,1.54,6.2,31.7828407,,,,,,,,,,0.32,,6950
,,12.7,2034.101805,,,,,,,,,,0.62,,6600
,2.22,6.91,38.19,,,,,,,,,,0.22,,3090
,4,4.86,21,,,,,,,,,,0.6,,7000
,2.43,14.3,143.0227832,,,,,,,,,,0.36,,6090
,7.78,14.2,155.7359194,,,,,,,,,,0.75,,7230
,1.75,13.7,400.4637928,,,,,,,,,,0.38,,6480
,3.14,1.49,2.81,,,,,,,,,,0.8,,5560
,1.26,9.86,69.92224954,,,,,,,,,,0.14,,8240
,0.93,10.6,79.45710175,,,,,,,,,,0.14,,8240
,3.54,13.6,413.1769291,,,,,,,,,,0.63,,4540
,4.5,13.9,279.6889982,,,,,,,,,,0.73,,3800
,1.52,4.59,19.05,,,,,,,,,,0.24,,6640
,2.89,13.6,120.7747947,,,,,,,,,,0.57,,6280
,2.37,9.12,61.27,,,,,,,,,,0.42,,5970
,2.29,1.97,4.55,,,,,,,,,,0.37,,5720
,4.5,13.6,467.2077583,,,,,,,,,,0.72,,5070
,0.72,6.9,38.13940884,,,,,,,,,,0.08,,7680
,2.5,7.71,46,,,,,,,,4570,,0.58,,7200
,0.9,12.1,6674.396547,,,,,,,,,,0.13,,6920
,1.9,14,232.0147371,,,,,,,,,,0.48,,6900
,1.79,13.8,340.0763955,,,,,,,,,,0.37,,7090
,1.15,5.02,22.24798849,,,,,,,,,,0.14,,6800
,1.85,13.9,286.0455663,,,,,,,,,,0.2,,2970
,2.3,3.17,10.17050902,,,,,,,,,,0.2,,7480
,4.81,14.2,163.0459728,,,,,,,,,,0.368,,6570
,3.02,10.9,82.63538582,,,,,,,,,,0.63,,7140
,1.9,4.05,15.4,,,,,,,,,,0.53,,3500
,1.38,12.1,98.52680617,,,,,,,,,,0.18,,7710
,2.29,13.2,940.7720847,,,,,,,,,,0.54,,6900
,5.25,13.5,549.8431441,,,,,,,,,,0.58,,6480
,2.6,13,1271.313628,,,,,,,,,,0.79,,5300
,12.6,13.2,114.4182265,,,,,,,,,,0.79,,5300
,5.67,13.9,279.6889982,,,,,,,,,,0.67,,5570
,2.02,12.1,6038.739733,,,,,,,,,,0.2,,7320
,3.14,11,83.7,,,,,,,,,,0.71,,5410
,2.96,3.67,13.03096469,,,,,,,,,,0.63,,5900
,2.68,13.1,1032.942323,,,,,,,,,,0.44,,6800
,2.31,7.04,39.41072247,,,,,,,,,,0.47,,7070
,6.85,13.1,1086.973152,,,,,,,,,,0.72,,6830
,2.96,6.97,38.77506565,,,,,,,,,,0.61,,6390
,1.7,4.41,17.79839079,,,,,,,,,,0.22,,7250
,2.03,12.8,1900.613874,,,,,,,,,,0.48,,6060
,3.2,3.76,13.6,,,,,,,,,,0.57,,6800
,1.18,14.1,200.2318964,,,,,,,,,,0.17,,7220
,1.41,13.8,343.2546796,,,,,,,,,,0.17,,6980
,1.16,12.1,6356.56814,,,,,,,,,,0.11,,7130
,2.63,1.43,2.63,,,,,,,,,,0.51,,6210
,2.86,4.19,16.35,,,,,,,,,,0.72,,5490
,3.51,13.9,254.2627256,,,,,,,,,,0.73,,5570
,1.32,14,241.5495893,,,,,,,,,,0.103,,8340
,6.46,12.4,3769.444907,,,,,,,,,,0.68,,5750
,0.85,11.9,8657.645807,,,,,,,,,,0.09,,7210
,,4.33,17.3,,,,,,,,,,0.09,,7210
,0.78,12.1,6674.396547,,,,,,,,,,0.055,,6950
,,2.7,7.75,,,,,,,,,,0.069,,7140
,2.51,13.2,839.0669945,,,,,,,,,,0.77,,3930
,1.96,4.59,19.06970442,,,,,,,,,,0.32,,7180
,3.15,13.8,336.8981114,,,,,,,,,,0.67,,5480
,1.12,8.18,50.85254512,,,,,,,,,,0.12,,7720
,2.55,2.54,6.99222495,,,,,,,,,,0.51,,6070
,3.03,12.9,1395.266707,,,,,,,,,,0.48,,7190
,0.89,3.82,13.98444991,,,,,,,,,,0.069,,7620
,3.05,12.6,2469.526722,,,,,,,,,,0.61,,6200
,2.18,14.1,187.5187601,,,,,,,,,,0.22,,7980
,1.6,7.34,42.32,,,,,,,,,,0.26,,7500
8.5399,0.07006,2.91,8.8,0,20.56,594.4,,,,,4135,0.619,0.629,-0.01,23.9718
29.671,0.16071,3.56,12.4,0,3.91,392.5,,,,,4135,0.619,0.629,-0.01,23.9718
17.855182,0.154,13.78707,349.613,0.34,196.507,911,88.95,0.371,0.90652,7.42939,6635,1.4,1.5,0.0815,399.398
86.647661,0.382,10.54,460.83,0.772,7.28,511,89.66,0.0155,0.73116,4.2624,5520,1.13,0.99,0.27,656
1.763588,0.03641,16.948008,2949.4624,0.00064,25339.901,2550,86.77,0.2536,0.45906,3.16877,7650,1.74,1.72,0.2,519.096
67.1277,0.363,12.03844527,346.4329636,0.16,45,659,89.58,0.386,0.52759,11.3,6160,1.667,1.407,0.427,1159.21
33.95,0.2305,9.86,69.92224954,0.24,,,75,,,,6160,1.667,1.407,0.427,1159.21
10.91647,0.09586,3.438,9.5,0.05561,68.563,758,90.97,0.372,0.1479,3.6496,5466,0.897,0.99,0.27,376.863
22.26492,0.154121003,14,214.1,0.05724,,,93.15,,,,5466,0.897,0.99,0.27,376.863
20.4415,0.14728,1.9,4.6,0.014,44.8,660,89.78,0.5131,0.03634,6.642,5833,0.972,1.02,0.06,1131.64
13.6088,0.112293,1.9,9,0.0114,76.81,755,88.6,0.84,0.03761,5.175,5833,0.972,1.02,0.06,1131.64
134.4628,0.52661,8.86,71,0,5.7,412,89.4413,0.9239,0.5044,5.874,5922,1.143,1.076,0.11,865.73
284.215,0.86695,5.44,15,0,2.49,321,89.65,0.888,0.16503,7.793,5922,1.143,1.076,0.11,865.73
34.169,0.19924,1.13,2.23,0,11.8,475,89.62,0.319,0.02038,4.487,5233,0.835,0.901,0.18,501.574
7.685,0.0634,2.58,11.02,0,27.35,613,86.87,0.3073,0.11408,1.174,4413,0.667,0.681,0.13,290.324
0.1768913,0.005,0.61,8,,,1654,72,,0.015,0.65,3584,0.45,0.46,0,134.311
3.90512,0.0477,12.442,,0,272.033,1046,89.8,0.0053,1.756,2.85516,5545,0.86,0.95,0.12,914.699
19.00547,0.5,2.80224517,7310.053361,0.36,78.19,758,89.7,1.8945,0.05424,1.843,5900,1.2,0.91,-0.37,1369.87
21.185,0.14247,1.19,9.2,0,90.2,785,88.42,0.0332,0.00717,2.776,6001,1.255,0.858,-0.5428,887.064
31.828,0.18688,1.21,10.36,0,52.5,686,89.38,0.681,0.0079,4.17,6001,1.255,0.858,-0.5428,887.064
7.008151,0.074,1.31,2.27,0,316.442,1062,89.4,0.13,0.01164,3.99,6080,1.2,1.2,-0.12,848.254
8.719375,0.089,1.19,1.81,0,236.315,987,89.68,0.09,0.01604,4.41,6080,1.2,1.2,-0.12,848.254
59.73667,0.32,2.87,8.6,0,18.168,520,89.71,0.28,0.05664,8.4,6080,1.2,1.2,-0.12,848.254
91.93913,0.42,2.66,7.56,0,10.228,450,89.79,0.27,0.04829,9.71,6080,1.2,1.2,-0.12,848.254
124.9144,0.48,2.88,8.65,0,6.796,407,89.77,0.35,0.04987,10.94,6080,1.2,1.2,-0.12,848.254
210.73514,0.71704,7.718,15,0.0292,3.387,342,89.92,0.0154,0.38,12.32,6031.13,1.185,1.242,0.083,848.254
331.60296,0.97062,11.252,203,0.0276,1.849,294,89.927,0.5485,0.83221,14.404,6031.13,1.185,1.242,0.083,848.254
141.241671,0.534,11.09691,613.4119,0.496,3.3,347,89.892,0.15,1.29905,6.7368,5830,0.96,1.01,0.16,921.986
0.412,0.008,0.51,99.2,0,320,1180,87,0.2,0.01831,0.73,3515,0.4,0.41,0.1,172.245
0.941967,,0.7,0.271,,,,,,,2.2,5050.28,0.966,0.859,0.18,936.341
0.240104,0.006,0.759,0.44,,,,65,,,,27730,0.203,0.496,-0.106,1231.02
0.342887,0.0076,0.867,0.655,,,,65,,,,27730,0.203,0.496,-0.106,1231.02
6.8430344,0.0678,2.22,5.56,0,99.24,805,71.62,0.508,0.1723,2.79,5241,0.874,0.879,0.0578,264.995
24.278553,0.1456,2.34,6.08,0,8.27,432,88.62,0.312,0.07144,4.39,4324,0.788,0.76,-0.06,271.277
3.743208,0.05119,1.71,10.5,0.25,1053.181,1486,89.3,0.088,0.01263,3.6888,6182,1.52,1.277,0.0228,477.052
10.423648,0.1013,4.32,15.6,0.43,268.219,1012,88.36,0.41,0.07773,5.2257,6182,1.52,1.277,0.0228,477.052
22.342989,0.1684,11.27,106,0.022,97.12,806,89.871,0.055,0.56128,6.68603,6182,1.52,1.277,0.0228,477.052
54.32031,0.3046,6.56,35,0.019,29.7,584,89.76,0.18,0.19962,8.4652,6182,1.52,1.277,0.0228,477.052
4.2881785,0.0504,4.3,17.1,0.12,186.31,1022,88.93,0.83,0.229,1.58,5295,0.818,0.928,0.12,252.667
21.512,0.1467,14.1,209.8,0.38,,597,,,,,5295,0.818,0.928,0.12,252.667
,690,12.4,3368.981114,,,,,,,,3551,,0.26,-0.15,158.618
,342,13.1,1080.616584,,,,,,,,3920,0.730795,0.41,-0.05,140.563
,182,12.2,4862.774627,,,,,,,,3252,,,,145.434
1.706291,0.0269,11.54527,346.4347,0,729,1459,83.2,0.754,1.098,1.68,5165,0.907,0.892,0.22,262.706
121.54,0.311,2.54,7,0.23,,,,,,,3550,0.291,0.281,-0.89,3.93305
0.8374907,0.01685,1.47,3.24,0,3741.78,2188,84.8,0.339,0.01919,1.811,5708,1.065,0.91,-0.15,185.506
45.294301,0.241,2.355,11.29,0.136,18.3,579,89.623,0.3182,0.04768,6.8714,5708,1.065,0.91,-0.15,185.506
151.06,0.5379,3.49,12,0.19,,387,,,,,5708,1.065,0.91,-0.15,185.506
6.88734,0.07309,1.34,4.01,0.13,478.214,1155,85.37,0.54,0.00739,4.4276,5837,1.51,1.13,0.1,304.645
12.8159,0.11061,2.2,7.05,0.02,208.657,939,87.4,0.05,0.02181,6.3728,5825,1.49,1.08,0.02,304.645
35.3331,0.21747,1.61,3,0.38,53.981,670,88.92,0.75,0.00938,5.966,5825,1.49,1.08,0.02,304.645
60.888588,0.312391586,5.27,24.14271827,0.026437,,,,,,,5884,1.5,1.097,0.1,304.645
120.0181272,0.5326,4.76,20.3,0,18,473,89.5,0.489,0.08828,11.604,6453,1.51,1.4,0.35,1115.62
14.30511983,0.11147,3.15,10.1,0,40.853,693,85.25,0.868,0.08634,4.449,5491,0.88,0.9,-0.03,928.978
9.18186,0.08296,1.57799279,3.11,0,72.4,804,79.49,0.88,0.03636,3.396,5376,0.836475,0.93,0.04,928.978
4.336429331,0.0564,1.71,3.57,0,981.68,1453,84.15,0.796,0.01092,4.1031,6144,1.57,1.22,0.04,408.303
3.554856915,0.04333,1.78,3.82,0,814.925,1157,88.47,0.331,0.02329,2.1026,6109,1.17,1.11,0.01,941.902
5.28789787,0.06791,6.28,32.5,0,1610.087,1661,83.69,0.577,0.03439,8.528,4972,3.39,1.11,-0.04,1152.68
6.49801525,0.06717,1.5,2.86,0,301.329,1026,84,0.1732,0.01909,2.3167,5782,1.06,1,0.02,567.806
19.76172042,0.1464,1.54,2.99,0,153.493,791,86.86,0.859,0.03925,3.5906,5328,0.74,0.78,-0.4,1081.738
5.185002073,0.048,1.44,2.67,0,42.62,652,89.94,0.923,0.04472,2.1771,4587,0.7,0.73,0.03,365
12.43931193,0.09755,1.28,2.18,0,35.408,627,88.35,0.83,0.02821,3.121,5066,0.78,0.81,-0.01,282.565
11.35011917,0.0796,2.17,5.35,0,11.561,403,89.95,0.035,0.1221,2.3758,4027,0.57,0.59,-0.12,355.019
3.4876812,0.0474,5.77,51.1,0.086,1240.332,1513,85.82,0.52,0.12988,3.875,5667,1.56,1.17,0.33,927.981
6.02976,0.0684,1.25,3.78,0,596.069,1413,84.6,0.75,0.00546,3.87,5667,1.56,1.17,0.33,927.981
34.2685705,0.193,2.32,5.99,0,10.17,477,89.07,0.677,0.06993,4.8184,5253,0.82,0.86,-0.01,579.273
5.753221974,0.0633,2.87,8.6,0,108.788,920,85.36,0.8398,0.08151,1.6828,5416,0.88,0.91,0.08,736.779
5.50860439,0.06066,1.29,2.21,0,191.811,934,82.78,0.39,0.02121,2.9468,5556,0.91,0.95,0.05,411.077
18.93054959,0.137,2.15,5.27,0,16.101,766,89.07,0.7017,0.07201,3.344,4954,0.76,0.81,0.04,422.246
16.57110363,0.121,2.39,6.3,0,33.479,614,89.16,0.69,0.06662,2.9613,5388,0.84,0.88,-0.06,624.8
16.00494214,0.1345,3.55,12.3,0,172.112,1040,89.96,0.853,0.03657,6.4648,6769,1.81,1.49,0.06,739.357
1.954524342,0.03044,2.18,5.39,0,1445.204,1540,82.98,0.72,0.03928,2.096,5821,1,0.99,-0.03,1402.82
105.6551369,0.43519,3.68,13.1,0,7.071,407,89.74,0.0767,0.13669,9.243,5821,1,0.99,-0.03,1402.82
7.23400469,0.07196,1.99,4.62,0,119.603,831,89.93,0.032,0.04924,2.1648,5473,0.87,0.93,0.04,552.058
49.1013514,0.253,2.58,7.18,0,12.098,498,89.43,0.3979,0.08564,6.323,5518,0.88,0.91,-0.05,1010.01
1.411229847,0.0221,1.46,2.73,0,330.249,1164,78.73,0.812,0.03957,1.3912,4433,0.67,0.7,0.01,194.182
5.286965,0.05521,0.46,1.1,0.1,90,857,89.78,0.06,0.0043,2.591,4909,0.724,0.803,0.11,107.796
7.071392,0.06702,0.567,1.7,0.094,61,777,89.82,0.06,0.00629,2.7506,4909,0.724,0.803,0.11,107.796
10.311767,0.08618,1.154,3,0.092,36.9,686,89.49,0.22,0.02823,3.205,4909,0.724,0.803,0.11,107.796
16.1456994,0.1162,2.17,4.7,0.089,20.3,590,89.488,0.3,0.09892,3.7236,4909,0.724,0.803,0.11,107.796
27.453592,0.1656,0.861,4.3,0.1,10,495,89.32,0.57,0.01163,3.5353,4909,0.724,0.803,0.11,107.796
96.9151496,0.37594,2.28,5.82,0,2.339,325,89.71,0.3107,0.08628,5.9964,5227,0.8,0.87,0,415.358
13.47469571,0.1034,2.33,6.04,0,50.37,634,89.96,0.159,0.07817,2.6174,5431,0.86,0.89,-0.05,810.082
10.99469878,0.0805,2.36,6.17,0,19.258,512,89.71,0.265,0.08847,1.6434,4445,0.68,0.71,0.06,420.042
62.1387714,0.30284,2.63,7.41,0,6.978,524,89.52,0.3162,0.08863,4.1578,5494,0.89,0.93,0.05,694.175
66.4162133,0.3033,3.91,14.5,0,5.446,376,89.7,0.371,0.20532,6.965,5143,0.78,0.81,-0.1,1087.4
37.3229493,0.21607,1.98,4.58,0,17.952,1654,88.92,0.1917,0.03069,7.0207,6089,1.13,1.09,-0.03,803.776
36.5156053,0.1977,2.21,5.52,0,5.988,425,89.11,0.5527,0.08554,3.588,4948,0.75,0.79,-0.02,351.239
1.907805199,0.02911,0.89,0.64,0,1162.51,1268,86.74,0.8,0.01254,1.8531,5436,0.82,0.91,-0.06,405.104
2.51462432,0.0354,1.33,2.33,0,519.636,1217,88.78,0.3688,0.02284,1.6093,5522,0.87,0.9,-0.09,607.916
4.417696479,0.047,1.26,2.13,0,92.16,790,78.17,0.92,0.02792,1.9161,5030,0.77,0.82,0.01,366.656
15.9653287,0.133,3.4857,11.67,0.171,150.536,973,87.914,0.72,0.04861,4.527,6047,1.492,1.212,0.15,494.832
179.60978,0.6679,5.4539,58.47,0.103,5.97,434,89.704,0.44,0.12788,13.755,6047,1.492,1.212,0.15,494.832
19.32952416,0.1338,2.48,6.71,0,16.881,529,89.99,0.009,0.10401,3.7701,4983,0.76,0.8,-0.01,758.702
1.22621732,0.0218,0.87,0.59,0,3973.86,2024,89.93,0.005,0.00561,2.1486,6011,1.12,1.09,0.03,682.882
3.290117953,0.0361,1.87,4.16,0,176.144,802,89.3,0.203,0.07069,1.5469,4647,0.71,0.77,0.16,673.01
7.56052806,0.0761,2.51,6.85,0,159.422,914,89.92,0.0279,0.06598,3.8262,5547,0.92,0.94,0.06,1455.5
12.12400943,0.0965,2.26,5.73,0,36.787,675,89.94,0.0809,0.07884,3.3136,5198,0.8,0.83,-0.06,654.549
2.714077555,0.03883,1.17,1.71,0,1180.064,1301,84.01,0.0953,0.01435,1.2618,5763,0.97,0.98,-0.03,562.116
122.8808058,0.47726,3.01,9.32,0,2.821,326,89.24,0.9,0.07177,8.281,5533,0.89,0.95,0.04,489.435
1.063788673,0.0198,1.28,2.18,0,1015.434,1650,86.11,0.466,0.02658,1.0764,5105,0.78,0.82,-0.03,446.914
148.4603382,0.5238,3.53,12.2,0,1.512,285,89.66,0.81,0.16066,5.402,5335,0.83,0.87,-0.04,584.136
7.127659798,0.0692,1.4162338,2.59,0,89.24,784,89.67,0.1274,0.02292,2.491,5159,0.821,0.868,0.16,584.136
0.934884242,0.01714,1.46,2.73,0,668.128,2080,78.54,0.66,0.02826,1.4174,4870,0.74,0.79,0.01,306.91
11.427548,0.094,3.1,19.6,0,119.907,852,87.76,0.45,0.05009,4.565,5711,1.349,0.818,-0.42,400.785
23.668205,0.153,3.13,7.14430805,0,45.438,668,87.95,0.77,0.04494,5.872,5711,1.349,0.818,-0.42,400.785
51.755394,0.257,3.58,5.54022107,0,16.012,515,89.14,0.76,0.06092,7.465,5711,1.349,0.818,-0.42,400.785
201.1214,0.67249,2.08,4.98,0,2.121,300,90,0.77,0.04734,10.575,5694,0.96,0.98,0.01,482.119
24.7576421,0.1688,2.94,8.96,0,117.956,644,86.17,0.861,0.04587,7.361,5957,1.08,1.06,0.01,1485.82
10.13202575,0.0756,2.19,5.43,0,25.66,574,89.93,0.03,0.09116,3.1376,4815,0.72,0.75,-0.1,659
38.5053398,0.2159,2.55,7.04,0,21.692,532,89.04,0.654,0.06952,5.973,5629,0.9,0.92,-0.11,903.332
6.77408868,0.0741,2.67,7.61,0,218.497,1058,89.92,0.946,0.05203,2.6196,5985,1.11,1.08,0.04,1278.96
26.41045478,0.1616,2.69,7.7,0,19.127,512,89.25,0.0671,0.09911,2.996,5301,0.82,0.86,-0.03,942.485
14.37508035,0.11858,1.71,3.57,0,101.4,786,86.3,0.2384,0.02515,2.9658,5913,1.04,1.04,0,721.534
56.1886887,0.29871,2.09,5.02,0,28.851,503,88.56,0.887,0.03462,6.089,5754,1.13,1.08,0.29,817.647
3.18897601,0.04413,0.99,0.937,0,1323.065,1309,86.09,0.0889,0.00662,2.49,5754,1.13,1.08,0.29,817.647
6.92101021,0.059,1.61,3.22,0,96.976,619,84.6,0.846,0.05297,4.2469,4651,0.7,0.75,0.01,556.006
3.273460736,0.0349,0.95,0.809,0,50.427,625,88.1,0.8221,0.0269,1.7732,3864,0.49,0.51,-0.33,162.006
5.4122034,0.06016,2.53,10.8,0.02,341.809,1418,85.94,0.438,0.05981,2.9472,5933,1.026,0.991,-0.09,459.223
7.12592,0.07229,1.44,5.6,0.02,236.167,997,84.02,0.558,0.01944,3.0014,5933,1.026,0.991,-0.09,459.223
15.3787546,0.12353,1.6,3.19,0,62.025,1039,89.14,0.359,0.01934,4.373,6010,1.13,1.09,0.03,490.488
21.1284569,0.15264,1.48,2.79,0,40.644,935,89.48,0.78,0.01757,3.789,6010,1.13,1.09,0.03,490.488
25.96200249,0.18395,3.4,11.5,0,87.457,850,89.96,0.772,0.0368,6.2696,6675,1.73,1.43,0.04,829.343
34.8538276,0.20988,2.93,8.91,0,20.976,522,89.37,0.77,0.08418,5.3577,5888,1.03,1.03,0,943.444
180.921729,0.6135,2.3,5.9,0,1.96,302,89.99,0.025,0.07424,8.99,5818,0.848,0.937,-0.22,943.444
2.414351654,0.0315,0.98,0.904,0,139.818,953,89.12,0.2844,0.02029,1.2248,4529,0.69,0.74,0.1,151.129
4.30655689,0.05542,2.63,7.41,0,760.524,1177,77.07,0.58,0.0257,4.0697,6209,1.34,1.22,0.09,1090.51
2.295036233,0.0335,1.23,2.04,0,647.256,1304,89.14,0.16,0.01707,1.6459,5723,0.94,0.98,-0.02,389.397
27.495606,0.1629,3.01,9.32,0,56.91,590,88.87,0.664,0.04833,5.024,6127,1.2,1.12,0.02,982.51
14.08827448,0.1138,3.36,11.2,0,69.213,724,89.71,0.1832,0.09465,4.1615,5987,1.1,1.07,0.01,1201.82
110.96546,0.3679,2.72,7.85,0,0.77,239,89.14,0.858,0.12832,12.841,4644,0.69,0.73,-0.06,491.997
3.764191048,0.044,1.73,3.64,0,174.074,908,88.83,0.287,0.05987,2.0596,4906,0.72,0.75,-0.15,713.167
6.16486,0.06491,0.82,5.3,0,277.216,1021,86.69,0.39,0.00558,3.262,5858,1.04,1,-0.12,444.322
13.5708,0.10987,2.5,10.44,0,96.905,785,87.07,0.69,0.05117,3.1989,5858,1.04,1,-0.12,444.322
23.9802,0.16063,0.95,8.1,0,45.357,649,85.45,0.45,0.0104,5.351,5858,1.04,1,-0.12,444.322
43.8445,0.24006,2.56,11.17,0,20.294,531,88.27,0.28,0.06152,6.4175,5858,1.04,1,-0.12,444.322
46.8779367,0.2495,2.38,6.26,0,17.416,484,87.75,0.633,0.05398,9.635,5797,0.99,0.99,-0.03,946.565
2.757982666,0.0388,1.98,4.58,0,788.501,1332,80.18,0.46,0.02208,2.2906,6067,1.07,1.09,-0.03,543.375
9.30412078,0.0748,1.76,3.75,0,33.76,583,89.16,0.2185,0.06586,1.8914,4597,0.7,0.75,0.11,397.455
14.07971466,0.1176,1.49,2.83,0,54.93,931,89.53,0.0309,0.01695,1.3354,5945,1.14,1.09,0.09,343.226
16.54080322,0.1183,1.55,3.02,0,24.87,570,88.92,0.0306,0.037,2.544,5153,0.79,0.85,0,374
3.609308907,0.0455,3.73,13.4,0,419.91,1092,88.42,0.4,0.15834,1.7448,5635,0.93,0.94,-0.01,1122.48
2.37030743,0.0344,1.6,3.19,0,734.619,1256,89.98,0.3929,0.0317,1.845,5635,0.93,0.94,-0.01,1122.48
1.931559839,0.0298,2.36,6.17,0,710.019,1290,80.37,0.78,0.04919,1.6283,5762,0.98,0.98,-0.03,344.251
0.762129261,0.0164,0.8,0.437,0,2761.757,1872,84.88,0.399,0.00712,1.076,5592,0.93,0.95,0.03,667.693
5.425839901,0.06069,1.74682428,3.7,0,190.8,973,89.65,0.1,0.02602,2.5095,5594,0.934,0.981,0.16,667.693
16.92344113,0.13038,3.63,12.8,0,55.933,702,88.93,0.006,0.11253,4.0618,5806,1.01,1.01,0.03,1473.61
23.8990296,0.16587,1.6,3.19,0,78.175,823,89.24,0.014,0.02691,15.722,5722,0.98,0.99,0.04,695.967
3.1800218,0.04544,1.536,3.8,0.1,1073,1592,89.05,0.11,0.01219,3.633,5854,1.447,1.238,0.321,525.997
4.901452,0.06064,1.597,10,0.08,602,1378,89.49,0.08,0.01396,4.269,5854,1.447,1.238,0.321,525.997
7.95839,0.08377,0.86,7.7,0.11,315,1173,87.55,0.946,0.00583,4.384,5854,1.447,1.238,0.321,525.997
14.749143,0.12638,2.903,14.1,0.1,138.7,955,89.67,0.11,0.04205,6.117,5854,1.447,1.238,0.321,525.997
6.2216147,0.06753,1.73,3.64,0,380.134,1101,83.97,0.1424,0.01714,3.2606,6261,1.32,1.21,0.03,939.001
6.1799844,0.0629,2.38,6.26,0,45.12,814,89.56,0.01,0.08112,2.1059,5215,0.81,0.86,0.01,1042.27
1.569066502,0.02742,1.58,3.12,0,2944,1849,88.73,0.716,0.01472,2.7835,6199,1.32,1.2,0.07,982.716
8.67888593,0.0805,2.3,5.9,0,128.55,905,89.38,0.7,0.05406,3.4818,5792,1,1,0,809.897
4.02582254,0.0483,1.64,3.33,0,357.082,1169,89.92,0.017,0.02653,2.7665,5792,1,1,0,809.897
2.504760027,0.0352,1.48770949,2.82,0,828.59,1369,89.08,0.13,0.01811,2.523,5509,1.116,0.924,0.16,809.897
5.94566534,0.0536,1.25,2.1,0,27.569,568,89.37,0.229,0.04012,2.1737,4002,0.57,0.6,-0.06,250.817
1.52372816,0.0208,1.42,2.6,0,143.968,818,73.31,0.84,0.03647,1.4652,3959,0.54,0.56,-0.17,291.275
6.14727918,0.0611,0.8,0.437,0,83.18,770,89.36,0.5,0.01197,2.7627,4868,0.74,0.79,-0.01,199
34.3511874,0.2101,2.77,8.1,0,26.928,576,88.39,0.88,0.05994,4.222,5816,1.02,1.02,0.03,1101.42
3.00725242,0.0388,1.9,4.27,0,373.99,1122,70.4,0.769,0.02858,4.336,5612,0.92,0.94,-0.01,2481.71
13.24503188,0.1092,1.63,3.29,0,195.353,887,88.59,0.0777,0.01561,4.367,5758,1.36,1.08,0.21,591.098
49.183921,0.292,8.65,56,0.22,47.4,669,89.94,0.03,0.16462,11.277,5854,2.192,1.247,0.3261,338.732
190.323494,0.721,8.18,50.9,0.04,7.8,426,89.24,0.81,0.11417,15.7,5854,2.192,1.247,0.3261,338.732
77.2548396,0.3781,3.28,10.8,0,55.45,548,88.6,0.9186,0.06124,10.294,5956,1.16,1.1,0.09,1382.82
3.856918547,0.04662,1.01,1.01,0,225.216,972,87.9,0.1132,0.01278,1.9839,5345,0.84,0.88,0.01,420.215
1.543206604,0.02571,1.12,1.46,0,2949.557,1827,87.26,0.83,0.00912,2.6094,5923,1.14,1.03,-0.06,739.557
33.4177993,0.1899,3.36,11.2,0,10.148,448,88.08,0.913,0.11668,4.549,5049,0.77,0.81,-0.02,902.633
2.05333679,0.0324,1.11,1.41,0,1766.593,1737,61.5,0.813,0.00663,2.3751,6113,1.28,1.12,-0.02,405.533
219.3217528,0.73361,7.22,41.2,0,2.055,313,89.9,0.244,0.36287,12.358,6000,1.14,1.11,0.08,1364.53
56.7771,0.29798,3.26817741,10.7,0,11.8,491,89.15,0.3053,0.08843,6.538,5816,1.0783,1.05,0.22,1364.53
18.78425728,0.1198,2.44,6.53,0,9.157,433,88.97,0.658,0.11529,3.2339,4350,0.66,0.7,0.06,466.084
161.5163345,0.503,2.94,8.96,0,0.519,211,90,0.2865,0.21834,6.456,4350,0.66,0.7,0.06,466.084
0.693842855,0.01554,0.61,0.165,0,3496.493,2161,86.59,0.693,0.00493,1.5236,5589,0.94,0.96,0.01,362.623
23.12748644,0.16163,1.42,2.6,0,44.887,667,88.31,0.3931,0.01623,4.923,5975,1.08,1.08,0.05,280.629
5.132485618,0.0497,1.83,4.01,0,26.266,584,89.54,0.217,0.09622,1.631,3753,0.49,0.52,-0.09,259.328
6.4816307,0.0701,2.49,4.9,0.11,442,1276,87.06,0.58,0.03015,3.649,5950,1.387,1.094,-0.02,474.861
21.22265,0.1546,2.65,8.2,0.098,91,859,89.63,0.16,0.03599,6.4913,5950,1.387,1.094,-0.02,474.861
198.680179,0.63323,2.25,5.69,0,1.825,297,89.67,0.3376,0.06454,8.287,5321,0.82,0.86,-0.04,858.77
42.42720032,0.22622,3.29265785,10.9,0,13.8,496,87.3,0.962,0.06587,6.133,5330,1.013,0.869,0.18,858.77
1.434741564,0.0252,1.46,2.73,0,1740.858,1664,88.96,0.28,0.02007,1.8811,5851,1.03,1.01,0,914.299
58.6017925,0.2996,2.07,4.94,0,17.016,508,89.71,0.392,0.03964,5.543,5862,1,0.99,-0.09,981.233
25.0824626,0.17543,1.95,4.46,0,98.8,776,86.89,0.119,0.02446,6.357,6166,1.2,1.13,-0.01,1072.88
89.722292,0.41037,1.96,4.5,0,18.1,508,89.02,0.5959,0.02637,10.678,6166,1.2,1.13,-0.01,1072.88
78.1000231,0.3625,3.18,10.2,0,10.336,480,89.51,0.85,0.06569,8.322,6112,1.21,1.14,0.06,1291.01
4.27103091,0.0514,1.21,1.92,0,356.54,1108,89.92,0.0023,0.01804,2.2736,5658,0.92,0.94,-0.09,792.522
2.892217506,0.034,1.24,2.07,0,124.866,794,85.46,0.4795,0.03855,1.3657,4306,0.63,0.66,-0.1,377.976
187.747029,0.5791,3.26,10.7,0,1.3,267,90,0.2898,0.1583,5.408,5211,0.79,0.82,-0.11,719.802
2.543072855,0.0358,1.3,2.24,0,995.67,1319,88.18,0.83,0.0152,2.7494,5794,0.99,0.99,-0.02,1049.19
2.168452593,0.0337,2.83,8.4,0,766.344,1558,88.96,0.95,0.04669,1.6611,5837,1,1.01,-0.02,1022.8
10.3039,0.091,1.8,1.9,0.045,146.36,849,89.64,0.116,0.03013,4.116,5663,1.065,0.961,0.05,646.346
13.0241,0.107,2.87,2.9,0.026,107.224,786,89.59,0.156,0.07508,4.544,5663,1.065,0.961,0.05,646.346
22.6845,0.155,3.12,7.3,0.004,51.115,653,89.67,0.181,0.0885,5.586,5663,1.065,0.961,0.05,646.346
31.9996,0.195,4.19,8,0.012,32.34,582,88.89,0.763,0.1333,4.165,5663,1.065,0.961,0.05,646.346
46.6888,0.25,2.49,2,0.013,19.53,513,89.47,0.463,0.0548,6.431,5663,1.065,0.961,0.05,646.346
118.3807,0.466,3.33,25,0.15,5.65,376,89.87,0.217,0.1006,9.469,5663,1.065,0.961,0.05,646.346
12.691112,0.107,1.83,4.01,0,153.881,1008,89.98,0.13,0.02521,3.755,5960,1.149,0.989,-0.1498,586.531
31.719775,0.198,2.21,5.52,0,45.336,743,89.86,0.01,0.03634,4.823,5960,1.149,0.989,-0.1498,586.531
6.42200058,0.06745,1.75,3.71,0,238.508,1000,89.11,0.281,0.01666,2.6602,6247,1.34,1.21,0.05,693.618
81.3151059,0.3483,2.47,6.66,0,3.577,393,89.99,0.1394,0.07817,5.762,5614,0.91,0.94,-0.04,742.473
51.3285623,0.2731,2.66,7.56,0,22.981,546,89.06,0.836,0.06923,9.439,5724,0.94,0.96,-0.08,1246.05
19.79191978,0.15336,2.27,5.77,0,160.282,736,86.29,0.1885,0.03855,3.172,6092,1.15,1.11,-0.01,1331.92
5.03728015,0.06321,1.23,2.04,0,813.524,1321,80.72,0.1647,0.00784,1.8848,6417,1.41,1.3,0.13,530.658
4.421572182,0.0471,2.01,4.7,0,47.18,729,84.34,0.7437,0.07168,2.0749,4299,0.68,0.71,0.28,318.004
1.252752174,0.0239,1.65,3.36,0,2399.974,2199,84.54,0.328,0.02,2.0755,6104,1.17,1.11,0,1090.7
0.571038518,0.01285,1.34,2.36,0,2387.261,1897,66.6,0.65,0.02626,1.042,5268,0.82,0.86,0.01,428.798
4.51005748,0.0511,1.46,2.73,0,206.414,1063,89.59,0.1523,0.03037,2.1605,5406,0.84,0.88,-0.09,767.701
37.6467384,0.2466,2.19,5.43,0,11.382,787,89.99,0.3661,0.04274,6.117,5893,1.06,1.05,0.04,685.087
3.341815,0.046,1.58,3.12,0,677.503,1356,86.96,0.01,0.01782,2.769,5952,1.157,1.171,0.22,657.223
224.77833,0.751,7.0840758,222.4798849,0.176,2.48,352.2,89.756,0.65,0.3226,11.13,5914,1.145,1.118,0.237,657.223
9.69312032,0.0754,2.66,7.56,0,43.136,609,88.72,0.534,0.11307,2.759,4781,0.7,0.73,-0.16,726.828
8.79617863,0.0872,2,4.66,0,118.52,938,89.86,0.0655,0.02863,3.3986,6077,1.15,1.1,0.02,841.536
14.36267939,0.1239,3.02,9.38,0,254.963,918,89.34,0.798,0.03784,4.6255,6496,1.54,1.34,0.04,1671.28
42.3004954,0.2415,2.81,8.3,0,22.849,558,89.79,0.1676,0.05079,4.398,5931,1.17,1.12,0.18,1073.88
14.97435694,0.11056,1.35,2.39,0,39.321,631,89.89,0.2656,0.02654,2.4309,5374,0.83,0.87,-0.08,418.417
23.5540725,0.2134,1.7,3.53,0,516.101,1381,88.34,0.827,0.00856,7.159,8480,1.73,1.6,-0.51,983.245
41.6977827,0.233,2.54,6.99,0,15.793,488,89.98,0.862,0.06848,5.423,5641,0.93,0.95,0.01,1008.57
4.79028459,0.05485,1.11,1.41,0,194.976,938,87.83,0.84,0.0142,2.7287,5612,0.93,0.95,0.03,568.487
38.6715075,0.2079,2.74,7.95,0,20.011,502,88.77,0.79,0.05993,5.567,5688,0.97,0.96,0,888.325
8.3265153,0.0812,1.92,4.35,0,182.69,938,84.08,0.819,0.02679,5.383,6083,1.17,1.11,0.03,1757.23
8.408878,0.076,2.36,6.17,0,123.818,809,89.95,0.04,0.07989,3.485,5544,0.841,0.782,-0.5221,513.206
28.574263,0.172,2.4,6.35,0,24.255,538,89.91,0.08,0.08249,4.963,5544,0.841,0.782,-0.5221,513.206
2.949029052,0.0369,1.38,2.48,0,206.874,1027,89.77,0.0874,0.03583,2.0393,4904,0.74,0.78,-0.04,615.231
13.15141081,0.11818,1.91,4.31,0,205.272,1008,84.73,0.744,0.00945,5.6035,6231,1.59,1.29,0.12,482.047
42.1917357,0.2315,2.04,4.82,0,23.263,526,89.92,0.733,0.04887,7.108,5544,0.89,0.92,-0.03,1230.42
4.33946454,0.0497,1.67,3.43,0,190.016,1061,84.46,0.0061,0.03374,2.2973,5500,0.9,0.93,0.05,704.323
2.852348975,0.0305,1.28,2.18,0,50.777,621,89.45,0.295,0.14029,0.706,3658,0.34,0.35,-0.59,289.899
17.6700642,0.1348,1.84,4.04,0,41.04,778,83.69,0.51,0.03484,5.772,5683,0.94,0.95,-0.09,2011.41
108.593329,0.41251,1.73,3.64,0,4.55,374,90,0.007,0.03496,7.988,5798,0.93,0.92,-0.26,635.736
199.66876,0.6193,1.45,2.7,0,2.06,305,89.98,0.046,0.02519,8.996,5678,0.921,0.794,-0.4,635.736
5.12330347,0.0556,1.96,4.5,0,160.765,994,88.72,0.308,0.02862,2.9984,5664,0.95,0.97,0.04,842.459
61.6178167,0.302,3.65,12.9,0,6.451,424,89.96,0.091,0.13507,3.752,5543,0.91,0.94,0.04,1083.41
24.3397804,0.16481,2.96,9.06,0,32.265,737,87.53,0.83,0.07773,3.292,5831,1,1,-0.04,1183.88
76.5369586,0.35367,2.73,7.9,0,7.006,503,89.82,0.0644,0.06522,5.693,5831,1,1,-0.04,1183.88
4.754,0.05123,1.82,11.7,0,105.333,775,86.54,0.08,0.07487,2.5037,4725,0.69,0.75,0.05,262.351
8.92507,0.07796,2.18,8.7,0,45.596,628,87.69,0.56,0.09775,2.6766,4725,0.69,0.75,0.05,262.351
5.45298175,0.05963,0.8,0.437,0,162.65,904,84.83,0.811,0.00941,2.1051,5403,0.81,0.9,-0.06,249.343
3.266639948,0.04238,0.79239584,0.422,0,316.9,1072,86.3,0.748,0.0057,2.0589,5450,0.842,0.944,0.1,249.343
4.272250175,0.05068,0.64472273,0.202,0,221.4,981,85.95,0.767,0.00524,2.1432,5450,0.842,0.944,0.1,249.343
3.53232449,0.0459,1.59,3.15,0,453.142,1159,88.19,0.012,0.02366,2.8072,5851,1.04,1.03,0.05,1030.7
62.8916228,0.2881,2.35,6.12,0,4.547,384,89.36,0.3272,0.0791,6.867,5298,0.83,0.87,-0.01,867.931
11.55562343,0.0983,1.97,4.54,0,55.758,703,88.21,0.2754,0.04415,1.6536,5569,0.9,0.93,-0.02,753.135
17.13263989,0.1242,2.64,7.46,0,29.864,611,89.59,0.298,0.08502,3.054,5281,0.81,0.84,-0.1,944.445
76.957857,0.3436,1.85,4.08,0,25.76,451,89.25,0.4724,0.03671,9.384,5656,0.94,0.96,0.02,1314.64
2.361724329,0.0299,1.64,3.33,0,150.055,922,89.97,0.007,0.0587,1.2234,4512,0.68,0.72,0.03,491.406
23.9210791,0.1871,2.2,5.48,0,197.846,1020,86.12,0.1687,0.01508,4.692,6807,1.84,1.5,0.05,921.778
3.17060005,0.0415,1.7,3.53,0,245.904,1080,85.11,0.029,0.03254,1.5778,5582,0.92,0.95,0.04,872.328
0.813166719,0.01664,1.19,1.81,0,1717.276,1693,89.23,0.724,0.01782,1.4276,5550,0.91,0.94,0.05,495.156
5.188549,0.053,1.26,1.09,0,92.535,586,89.39,0.69,0.03536,2.435,4605,0.667,0.77,0.2291,259.533
8.041,0.06482,1.6,2.8,0,51.623,507,89.36,0.65,0.05904,2.6319,4660,0.54,0.56,0.2291,259.533
11.776,0.08358,2.53,3.9,0,31.016,446,88.87,0.69,0.14291,2.9021,4660,0.54,0.56,0.2291,259.533
24.0862707,0.1478,2.77,8.1,0,13.051,500,89.14,0.7965,0.10417,2.2287,4850,0.73,0.76,-0.08,656.48
2.344511944,0.03496,0.82,0.477,0,1146.953,1471,84.08,0.1899,0.00587,1.398,5791,1.07,1.01,0.04,393.642
18.3027248,0.1343,1.47,2.76,0,147.817,902,86.37,0.34,0.01867,8.164,5685,0.96,0.97,0.02,1273.51
2.888904849,0.0371,1.67,3.43,0,173.056,976,85.23,0.2063,0.04022,1.5538,5053,0.77,0.81,-0.06,555.189
210.630591,0.6477,3.6,12.6,0,0.568,234,89.76,0.6871,0.16578,8.675,5053,0.77,0.81,-0.06,555.189
17.14647302,0.1291,1.99,4.62,0,62.061,811,86.25,0.1344,0.04403,3.841,5753,0.96,0.98,-0.03,1140.57
3.97076766,0.0443,1.4,2.54,0,198.43,958,86,0.281,0.03492,1.814,5064,0.75,0.79,-0.13,691.961
2.352265797,0.0325,1.23,2.04,0,227.962,1019,89.48,0.095,0.03186,1.707,4692,0.7,0.74,-0.06,703.038
10.62784997,0.0961,2.61,7.32,0,206.563,872,88.31,0.876,0.03267,5.013,5941,1.14,1.09,0.11,1657.36
1.104463509,0.0188,1.69,3.5,0,815.407,1397,88.94,0.0959,0.04935,1.0547,5054,0.77,0.81,-0.02,625.692
3.73089898,0.0473,1.44,2.67,0,653.831,1128,81.98,0.909,0.01912,2.807,5833,1.01,1.02,0.02,1217.73
2.403679,0.036,1.09,1.32,0,1215.757,1489,80.55,0.43,0.00749,1.306,5979,1.205,1.042,-0.0499,623.609
8.990889,0.087,2.6,7.27,0,209.101,960,85.95,0.11,0.04697,4.083,5979,1.205,1.042,-0.0499,623.609
2.787868386,0.0382,1.02,1.04,0,153.741,1432,89.16,0.894,0.02009,2.0252,4754,0.72,0.76,0.01,358.518
65.6478424,0.3197,2.22,5.56,0,4.86,485,88.43,0.1605,0.05887,4.412,5470,0.85,0.88,-0.11,682.436
1.646801908,0.0223,0.87,0.59,0,139.601,806,89.3,0.3448,0.03054,1.2561,3964,0.53,0.55,-0.25,215.233
1.755835327,0.0277,1.73,3.64,0,761.808,1343,75.45,0.1425,0.04151,1.8136,5470,0.88,0.91,0.03,1119.49
5.1856142,0.0631,2.34,6.08,0,652.966,1314,89.93,0.012,0.02526,4.076,6327,1.43,1.26,0.04,1460.1
8.45808312,0.0875,2.36,6.17,0,339.573,1117,87.5,0.1625,0.02587,3.068,6327,1.43,1.26,0.04,1460.1
33.469743,0.2006,2.03,4.78,0,32.52,609,88.22,0.0785,0.03707,4.513,5842,1.03,1.03,0.04,1128.72
11.89520511,0.09704,1.32,2.3,0,83.014,787,89.86,0.2042,0.01843,3.5,5778,1,1,0.02,691.331
4.45743164,0.0448,1.09,1.32,0,95.443,732,89.31,0.175,0.01757,2.3577,4679,0.71,0.76,0.05,342.144
13.5396293,0.12643,2.34,6.08,0,449.699,1079,89.46,0.71,0.01342,4.338,6203,1.95,1.41,0.18,1484.25
22.70816791,0.1603,2.37,6.21,0,80.984,677,89.96,0.89,0.02988,3.633,6217,1.28,1.19,0.04,1213.71
5.968734,0.069,3.42,11.6,0,594.451,1251,89.25,0.56,0.05279,3.639,6142,1.454,1.198,0.07,955.168
13.07163,0.116,2.3,5.9,0,208.982,964,88.05,0.19,0.02446,3.024,6142,1.454,1.198,0.07,955.168
7.97034958,0.0755,2.14,5.22,0,93.308,839,89.74,0.019,0.04908,2.7665,5519,0.89,0.92,0.01,1077.63
10.71252541,0.0784,2.13,5.18,0,26.229,485,88.16,0.4588,0.11986,2.7219,4253,0.57,0.59,-0.35,547.726
32.5637069,0.19,2.21,5.52,0,12.245,490,89.51,0.371,0.05783,5.548,5390,0.84,0.89,-0.03,940.211
59.284064,0.2832,1.81,3.93,0,6.14,401,89.55,0.556,0.04244,5.42,5225,0.859,0.861,0.14,940.211
6.11786898,0.06868,1.03,1.08,0,511.757,1211,88.22,0.764,0.00594,3.47,6302,1.35,1.22,0.02,478.647
3.97599768,0.04635,1.12,1.46,0,181.205,936,88.57,0.331,0.0206,2.1411,5183,0.79,0.85,-0.03,431.622
9.478522,0.0914,1.55,3.02,0,464.773,946,89.46,0.1291,0.01846,6.223,6080,1.18,1.13,0.05,1575.2
29.96870041,0.1969,3.36093385,11.2,0,40.76,644,89.52,0.777,0.03095,6.71,6249,1.076,1.13,-0.04,1575.2
33.2406882,0.1975,1.69,3.5,0,14.188,486,89.75,0.88,0.03419,4.982,5446,0.86,0.9,-0.02,634.906
1.003933739,0.0175,1.71,3.57,0,1039.697,1419,89.76,0.023,0.04911,1.4562,4971,0.75,0.79,-0.05,820.905
55.8226539,0.2663,2.5,6.8,0,4.107,379,89.98,0.1595,0.08796,5.493,5157,0.82,0.87,0.13,752.666
6.11009134,0.06931,0.94,0.779,0,348.046,1125,89.16,0.1549,0.00643,2.447,6191,1.23,1.24,0.26,522.823
18.7959228,0.1445,8.059,29.875,0.0493,157.541,984,88.74,0.446,0.24314,7.258,6150,1.606,1.129,-0.04,1455.57
50.790391,0.2804,12.341,584.78,0.0323,41.863,704,89.64,0.268,0.56711,10.883,6150,1.606,1.129,-0.04,1455.57
9.98969327,0.088,2.41,6.39,0,69.537,705,89.99,0.0437,0.09884,3.704,5069,0.76,0.8,-0.09,1050.45
1.44259224,0.0284,2.56,7.08,0,10171.005,2700,86.82,0.673,0.01745,3.0151,7044,1.95,1.58,-0.01,573
26.0204423,0.168,3.2,10.3,0,26.356,675,88.67,0.87,0.11644,4.84,5558,0.89,0.92,-0.04,1306.53
0.7698536,0.0156,0.89,0.64,0,1462.098,1650,80.42,0.6139,0.01096,1.0276,5252,0.82,0.86,0,377.06
6.89225223,0.0732,1.59,3.15,0,641.814,1156,89.84,0.0864,0.02144,2.4556,5936,1.04,1.04,-0.04,1408.75
37.94563,0.2181,2.99,9.22,0,12.938,515,89.79,0.914,0.10329,4.025,5453,0.86,0.9,-0.04,1121.89
24.1738579,0.1589,2.45,6.57,0,26.087,595,89.76,0.251,0.05326,3.057,5844,1.02,1.01,-0.01,864.699
106.247547,0.4301,1.9,4.27,0,11.862,377,89.32,0.539,0.03974,13.668,5712,0.97,0.98,0.02,1299.97
31.80634,0.1596,1.07,1.24,0,23.237,378,89.5,0.1357,0.01417,3.794,4990,0.75,0.8,-0.05,482.287
2.685057492,0.03497,1.32,2.3,0,288.57,1137,86.69,0.1258,0.0268,1.0229,5212,0.81,0.84,-0.03,415.205
7.518496,0.073,1.96,4.5,0,79.753,784,89.63,0.72,0.03002,2.857,5274,1.094,0.811,0.18,574.228
20.17202,0.141,7.68,45.7,0,21.409,564,89.61,0.02,0.53681,3.108,5274,1.094,0.811,0.18,574.228
16.8601286,0.1246,1.99,4.62,0,175.855,765,87.77,0.417,0.02734,5.553,6077,1.14,1.09,0,1596.8
4.89337519,0.0621,1.57,3.09,0,831.143,1374,88.82,0.218,0.01384,3.316,6176,1.3,1.17,0.03,938.417
8.93484887,0.0928,1.83,4.01,0,377.25,1124,86.05,0.888,0.01359,2.579,6688,1.347,1.336,0.07,938.417
11.17394617,0.0981,2.41,6.39,0,197.882,796,89.94,0.025,0.03248,3.421,5924,1.05,1.04,0.01,1545.39
28.5057189,0.1793,2.82,8.35,0,61.663,555,88.47,0.827,0.07558,6.252,5765,0.99,1,0.04,1919.19
53.5991044,0.2863,2.68,7.65,0,18.039,529,89.2,0.5971,0.05231,6.662,5983,1.07,1.05,-0.04,1157.84
104.3518976,0.4297,1.33,2.33,0,9.31,355,89.84,0.0482,0.02438,3.586,5622,0.87,0.96,-0.04,459.273
16.07677615,0.1281,2.23,5.6,0,85.385,724,89.89,0.0683,0.05919,2.237,5635,0.93,0.95,0,1337.25
18.87064068,0.1401,2.61,7.32,0,72.957,701,87.72,0.0892,0.0596,3.2476,5975,1.09,1.06,-0.01,1020.53
17.1369543,0.135,2.08,4.98,0,165.573,775,89.92,0.692,0.03621,6.366,5913,1.06,1.04,0,1717.48
3.78858982,0.0467,1.77,3.78,0,449.936,1158,88.98,0.183,0.01359,3.492,6012,1.16,1.11,0.08,782.852
2.422082,0.035,3.6,12.6,0,745.285,1213,89.56,0.3,0.18718,2.574,5595,0.839,0.918,0.01,701.996
4.125103,0.049,0.92,0.721,0,367.322,1016,88.65,0.51,0.01147,2.84,5595,0.839,0.918,0.01,701.996
10.45843441,0.0845,1.33,2.33,0,24.211,609,89.98,0.4797,0.0332,3.102,4730,0.72,0.76,-0.02,342.509
5.60014851,0.0587,1.51,2.89,0,167.184,952,89.84,0.0161,0.03292,2.8018,5308,0.81,0.85,-0.08,955.536
25.2034787,0.1693,2.36,6.17,0,34.742,600,89.78,0.1684,0.06971,4.552,5438,0.83,0.86,-0.16,1304.19
2.832652134,0.04004,1.32,2.3,0,1286.386,1453,87.57,0.917,0.01147,2.3844,5908,1.21,1.08,0.12,802.116
16.22371307,0.1212,1.51,2.89,0,49.35,676,89.48,0.0577,0.02623,2.502,5590,0.92,0.94,0,757.382
8.49642241,0.0726,2.08,4.98,0,79.03,702,88.49,0.0255,0.0834,2.2373,4965,0.71,0.74,-0.25,918.566
66.1849031,0.3179,2.23,5.6,0,8.302,436,89.03,0.0978,0.05605,4.788,5756,0.97,0.98,0,922.333
2.03231845,0.02869,1.25,2.1,0,267.142,1011,89.96,0.009,0.03084,1.1214,4708,0.72,0.78,0.06,486.94
7.6847716,0.0732,1.47,2.76,0,108.069,830,89.89,0.0598,0.02741,2.599,5517,0.9,0.93,0.03,743.03
15.0447198,0.11309,1.15,1.6,0,131.7,931,89.94,0.88,0.00979,5.819,5889,1.17,0.94,-0.27,563.493
4.4379629,0.0553,19.660586,137.30256,0,877.539,1480,88.796,0.168,1.67211,4.69813,5947,1.483,1.166,0.07,881.386
6.312501,0.055,2.15,8.5,0,42.692,575,89.91,0.79,0.1286,2.908,4096,0.534,0.654,-0.12,388.63
12.794585,0.088,1.53,2.96,0,16.625,455,89.64,0.41,0.08167,3.45,4096,0.534,0.654,-0.12,388.63
1.118549717,0.0188,1.06,1.2,0,544.534,1174,87.68,0.221,0.02348,1.5425,4612,0.7,0.74,0.04,588.715
15.18725932,0.1183,2.29,5.86,0,89.431,789,86.77,0.76,0.02925,4.508,6177,1.24,1.15,0.03,944.241
28.6851324,0.179,2.94,8.96,0,23.876,547,86.68,0.77,0.06891,5.467,5834,1.04,1.03,0.06,1175.38
0.588000765,0.0114,1.06,1.2,0,723.806,1188,83.78,0.79,0.02974,1.1627,4105,0.61,0.64,0.01,317.022
85.7350285,0.3877,3.05,9.53,0,7.021,448,89.98,0.797,0.08433,7.457,5825,1.03,1.03,0.06,1175.22
1.078390352,0.0196,1.41,2.57,0,1038.493,1667,76.41,0.86,0.03258,1.2297,5226,0.81,0.84,-0.04,698.485
1.216997663,0.0201,1.64,3.33,0,588.021,1314,89.77,0.028,0.04598,1.3101,4877,0.75,0.8,0.07,762.019
13.68237119,0.1156,1.62,3.26,0,352.508,802,88.35,0.86,0.01796,4.163,5909,1.06,1.06,0.05,1754.19
11.08507637,0.0901,2.32,5.99,0,37.664,665,88.44,0.1249,0.07718,1.708,5001,0.76,0.8,-0.03,825.176
25.369116,0.17515,1.51,2.89,0,63.246,755,87.87,0.0573,0.01138,4.634,6210,1.38,1.23,0.12,505.531
3.177422,0.039,2.34,6.08,0,220.489,997,85.79,0.11,0.11343,1.475,5311,0.701,0.859,-0.08,510.523
41.008011,0.216,2.27,5.77,0,7.296,425,88.72,0.49,0.10045,3.978,5311,0.701,0.859,-0.08,510.523
8.07124073,0.0753,1.7,3.53,0,152.047,856,89.39,0.3724,0.03182,2.653,5568,0.92,0.94,0.04,1176.53
11.01816836,0.09763,2.55,7.04,0,130.9,840,84.66,0.883,0.05457,4.531,5705,0.94,0.96,-0.08,1826.53
12.94130146,0.1082,2.14,5.22,0,142.096,795,89.93,0.028,0.03288,4.468,6051,1.15,1.1,0.03,1316.57
5.34982412,0.06026,1.19,1.81,0,595.424,1156,80.06,0.858,0.00888,4.209,6050,1.21,1.14,0.13,807.812
18.82634264,0.128,2.36,6.17,0,23.18,591,89.82,0.198,0.07958,2.333,5130,0.8,0.85,0.05,729.227
4.76703963,0.0528,1.22,1.98,0,253.964,1046,89.76,0.941,0.01634,1.85,5616,0.93,0.95,0.01,661.022
4.37034536,0.0519,1.39,2.51,0,415.553,1191,89.55,0.093,0.01778,2.819,5743,0.98,0.99,0.03,1258.36
2.032325072,0.0326,1.99,4.62,0,1302.948,1542,89.19,0.2099,0.03155,1.718,5905,1.08,1.06,0.07,1347.71
22.9221266,0.15698,1.44,2.67,0,84.83,684,88.01,0.52,0.01403,8.261,5986,1.1,1.06,-0.02,840.503
16.10467749,0.14146,2.12,5.14,0,430.691,1159,89.4,0.854,0.0123,5.607,5944,1.94,1.25,0.05,880.895
5.766193,0.064,2.34,6.08,0,448.102,1159,89.92,0,0.03648,3.846,6050,1.216,0.982,-0.08,1027.45
12.465988,0.108,5.87,29,0,160.499,897,89.39,0.5,0.22321,5.063,6050,1.216,0.982,-0.08,1027.45
21.587475,0.155,2.2,5.48,0,77.14,747,89.99,0.01,0.03368,4.683,6050,1.216,0.982,-0.08,1027.45
37.993273,0.227,2.6,27.7,0,36.299,618,89.97,0.84,0.04037,7.155,6050,1.216,0.982,-0.08,1027.45
56.268,0.28575,1.75,36,0,21.524,543,89.97,0.467,0.03488,8.114,5917,0.949,1.03,-0.08,1027.45
7.42693741,0.0734,1.52,2.92,0,177.842,899,88.86,0.0304,0.02265,2.848,5842,0.99,1,-0.04,961.907
12.00096042,0.0906,1.88,4.19,0,37.81,632,88.53,0.595,0.04801,3.433,5194,0.82,0.87,0.09,913.65
1.916944254,0.02801,0.79,0.418,0,416.231,1246,87.57,0.173,0.01051,1.4629,5239,0.8,0.84,-0.04,415.218
16.301259,0.1186,1.22,1.98,0,20.51,557,86.86,0.3778,0.02792,3.984,4870,0.75,0.8,0.04,459.957
13.32351601,0.11625,1.33,2.33,0,132.663,872,89.5,0.1698,0.01101,3.927,6155,1.22,1.18,0.14,559.598
7.01075434,0.0771,1.82,3.97,0,324.282,1453,88.92,0.91,0.02228,2.1522,6140,1.19,1.13,0.01,1347.52
17.2923453,0.13945,1.45,2.7,0,140.376,809,85.04,0.748,0.02031,6.724,5923,1.02,1.02,-0.08,1125.72
94.2887577,0.38555,2.29,5.86,0,4.179,369,89.75,0.62,0.05054,4.144,5747,0.95,0.97,-0.04,623.706
0.577369579,0.01186,1.54,2.99,0,1598.664,1757,89.56,0.71,0.04004,1.0963,5063,0.74,0.78,-0.18,515.453
86.828989,0.3006,1.4,2.54,0,0.524,212,89.9971,0.0068,0.0857,6.001,3784,0.51,0.54,-0.06,265.482
17.232366,0.135,2.94,55.3,0,138.807,817,89.17,0.53,0.05098,4.566,6089,1.264,1.079,-0.08,1021.66
26.695074,0.181,1.48,2.79,0,77.399,706,89.83,0.23,0.01326,4.529,6089,1.264,1.079,-0.08,1021.66
9.95661537,0.0921,2.71,7.8,0,153.933,946,83.62,0.96,0.05868,2.87,5961,1.08,1.06,0.01,1364.22
10.41725184,0.0914,1.42,2.6,0,117.515,870,89.65,0.12,0.02104,4.187,5778,1,1.01,0.06,987.237
26.7839183,0.16545,1.93,4.38,0,14.6,523,89.95,0.036,0.03653,4.517,5471,0.89,0.92,0.06,632.865
45.1263042,0.263,2.6,7.27,0,30.061,604,89.39,0.1679,0.04056,6.631,6198,1.25,1.16,0.02,1178.7
11.94014029,0.096,2.81,8.3,0,40.12,625,89.35,0.965,0.06317,3.472,4967,0.76,0.8,0.01,916.749
4.16055856,0.04836,0.79,0.418,0,265.325,985,89.68,0.1152,0.00758,2.615,5541,0.9,0.93,0.01,540.604
31.0571618,0.1803,2.14,5.22,0,13.571,480,89.72,0.335,0.06366,3.401,5337,0.82,0.86,-0.09,999.64
84.5733226,0.3778,2.86,8.55,0,4.042,366,89.99,0.1557,0.08916,5.715,5472,0.9,0.94,0.12,1064.31
4.14787559,0.0541,1.93,4.38,0,1195.201,1389,78.14,0.0541,0.01376,3.674,6386,1.48,1.3,0.05,1632.13
5.19104016,0.0625,2.9,8.75,0,462.91,1183,89.3,0.809,0.02901,4.268,6564,1.57,1.4,0.22,2140.6
3.410493,0.039,0.73,0.315,0,198.843,892,70.06,0.14,0.01362,2.389,4984,0.636,0.706,-0.46,420.046
13.821375,0.1,1.75,3.71,0,30.716,560,86.05,0.23,0.07652,3.552,4984,0.636,0.706,-0.46,420.046
30.950851,0.17,1.11,1.41,0,10.499,428,86.47,0.43,0.03014,4.196,4984,0.636,0.706,-0.46,420.046
4.8663815,0.05791,1.15,1.6,0,539.129,1121,89.38,0.176,0.01438,2.231,5682,0.96,0.98,0.04,862.186
18.5525701,0.1336,2.63,7.41,0,31.456,612,87.94,0.78,0.07715,4.201,5261,0.8,0.84,-0.09,968.722
13.62798432,0.1039,2.26,5.73,0,28.998,639,86.08,0.2355,0.09128,3.0471,4895,0.74,0.77,-0.05,687.615
16.8320729,0.1256,1.75,3.71,0,36.162,690,88.9,0.5224,0.0326,3.923,5667,0.94,0.96,0.01,758.17
3.70428172,0.0502,1.35,2.39,0,4756.325,1839,90,0.55,0.00583,3.281,6680,1.77,1.46,0.05,1075.81
4.35409304,0.0484,1.44,2.67,0,194.344,1043,85.65,0.1149,0.02771,2.313,5306,0.83,0.86,-0.01,805.936
2.936584681,0.0372,1.44,2.67,0,328.984,1190,82.32,0.0999,0.02796,1.8519,5306,0.83,0.86,-0.01,805.936
11.32271513,0.0848,1.36,2.42,0,26.451,554,84.06,0.8264,0.02836,3.027,4611,0.69,0.73,-0.03,436.505
13.71220213,0.1091,2.33,6.04,0,41.472,676,88.82,0.2381,0.07867,2.4927,5303,0.82,0.86,-0.05,1045.92
7.46725407,0.0806,1.18,1.76,0,271.25,1035,87.99,0.891,0.00757,3.713,6149,1.21,1.21,0.24,593.026
24.3347127,0.167,2.38,6.26,0,98.336,647,89.97,0.891,0.03231,6.63,6202,1.28,1.19,0.06,1904.54
4.164389,0.041,2.37,6.21,0,33.184,590,87.73,0.03,0.25291,1.798,3810,0.512,0.542101,-0.14,183.365
5.774464,0.051,0.74,0.33,0,16.81,529,88.94,0.12,0.02653,1.878,3810,0.512,0.542101,-0.14,183.365
2.607543834,0.0393,1.92,4.35,0,1866.193,1431,89.17,0.206,0.03515,1.4646,5717,0.98,0.99,0.04,2126.85
45.0904643,0.2478,1.84,4.04,0,13.78,487,88.01,0.1046,0.04356,3.905,5545,0.89,0.92,-0.04,902.204
15.0540329,0.1078,1.67,3.43,0,57.579,665,86.09,0.2682,0.02215,4.275,5949,1.09,1.06,0.03,648.979
68.8861915,0.31444,1.33,2.33,0,21.624,501,89.84,0.241,0.01445,5.95,5850,1.1,0.97,-0.14,514.524
9.99113313,0.0833,1.55,3.02,0,33.978,660,88.16,0.1954,0.03917,2.645,4985,0.75,0.78,-0.1,622.818
3.60084276,0.0422,1.3,2.24,0,132.391,927,88.3,0.395,0.02963,1.981,4985,0.75,0.78,-0.1,622.818
5.72717226,0.0575,1.31,2.27,0,71.31,794,88.57,0.2816,0.03109,2.177,4985,0.75,0.78,-0.1,622.818
36.2919336,0.2226,2.32,5.99,0,39.671,694,90,0.739,0.03747,8.181,6018,1.12,1.08,0.02,1617.07
12.4127754,0.10733,1.49,2.83,0,211.549,933,87.43,0.13,0.01081,4.369,6129,1.36,1.17,0.05,891.192
2.668313762,0.0376,1.52,2.92,0,546.908,1252,87.65,0.333,0.02662,2.3659,5502,0.87,0.9,-0.09,1105.95
0.984940167,0.01824,0.86,0.566,0,2775,2335,89.33,0.847,0.00814,1.9543,5839,0.99,0.99,-0.07,717.555
0.663085258,0.0141,1.43,2.63,0,2460.582,1681,71.76,0.3047,0.03227,1.0691,5053,0.77,0.8,-0.07,805.562
10.495711,0.099,1.52,4.11726105,0.07,298.088,1009,89.46,0.65,0.01131,4.815,6239,1.358,1.108,-0.16,237.401
21.869741,0.162,1.58,1.27942148,0.19,112.128,790,88.75,0.71,0.01152,5.479,6239,1.358,1.108,-0.16,237.401
100.283134,0.448,2.5,54.59018723,0.02,14.714,475,89.5,0.14,0.03287,10.841,6239,1.358,1.108,-0.16,237.401
19.1187753,0.1444,1.77,3.78,0,171.926,823,87.16,0.838,0.02175,6.873,5961,1.08,1.06,0.01,1734.43
48.4308991,0.239,2.26,5.73,0,4.744,396,89.11,0.3077,0.08864,3.755,5006,0.77,0.82,0.03,744.294
8.67900242,0.083,1.82,3.97,0,142.545,949,89.44,0.2348,0.03016,2.835,5771,0.98,0.99,-0.02,1054.87
4.55139967,0.0499,1.14,1.55,0,144.813,907,88.98,0.248,0.01887,2.491,5213,0.8,0.84,-0.03,664.83
0.968526023,0.01839,1.18,1.76,0,2367.804,1677,65.17,0.3216,0.01281,1.2904,5791,0.98,0.99,-0.02,801.993
6.49441289,0.0612,1.35,2.39,0,58.15,732,84.68,0.3452,0.03573,2.243,4630,0.69,0.71,-0.1,583.641
28.474748,0.16431,2.58,7.18,0,10.313,489,88.28,0.87,0.07638,4.809,5044,0.76,0.8,-0.07,849.312
4.86631012,0.0506,1.68023962,3.46,0,110.4,881,84.73,0.2366,0.03667,1.758,4996,0.831,0.791,0.14,849.312
13.0313945,0.1057,3.01,9.32,0,86.469,774,86.61,0.0304,0.05733,4.252,6096,1.2,1.15,0.07,1379.43
40.9903986,0.2383,2.03,4.78,0,40.652,627,89.94,0.1111,0.02973,7.261,5904,1.09,1.06,0.05,1840.77
37.3331536,0.23611,1.63,3.29,0,69.004,657,87.64,0.839,0.01878,7.294,5998,1.15,1.1,0.07,1097.23
14.435889,0.125,1.4,2.54,0.47,159.163,884,88.65,0.49,0.01129,3.435,6106,1.359,1.248,0.2142,352.794
29.393195,0.2,2.66,7.56,0.03,61.688,698,88.95,0.77,0.03177,7.104,6106,1.359,1.248,0.2142,352.794
48.630408,0.28,2.64,7.46,0.03,31.519,590,89.96,0.62,0.03524,7.018,6106,1.359,1.248,0.2142,352.794
6.03356196,0.07045,3.32,11,0,1217.395,1598,85.42,0.558,0.00895,10.264,5047,3.38,1.28,-0.02,1095.05
3.0255955,0.04233,1.48,2.79,0,975.181,1484,79.13,0.72,0.01283,2.9592,6143,1.23,1.13,-0.01,831.991
51.1309704,0.2705,2.37,6.21,0,34.433,542,88.77,0.926,0.03823,5.995,5926,1.09,1.06,0.06,1206.37
28.625653,0.1857,2.49,6.76,0,14.877,573,89.98,0.021,0.06527,4.601,5566,0.91,0.94,0.03,1114.24
6.98152703,0.08161,1.42,2.6,0,975.81,1384,83.27,0.717,0.00374,5.896,6179,2.17,1.45,0.11,614.648
3.65691115,0.0488,1.48,2.79,0,822.484,1368,89.07,0.217,0.01181,2.114,6296,1.36,1.23,0.04,1153.98
12.5720095,0.10863,1.19,1.81,0,139.77,886,89.27,0.71,0.00923,4.717,6188,1.21,1.14,-0.02,538.481
40.8365012,0.21857,1.6,3.19,0,12.11,496,89.65,0.363,0.02752,4.944,5578,0.92,0.94,-0.01,557.193
3.23941344,0.04417,1.01,1.01,0,1314.67,1213,87.54,0.924,0.00774,2.654,6074,1.16,1.11,0.02,889.426
23.4774101,0.1785,1.75,3.71,0,190.851,738,89.97,0.62,0.01512,7.271,6221,1.33,1.21,0.06,1494.22
15,0.12545,1.421,3.79,0,227.398,968,89.96,0.44,0.00742,4.2108,6072,1.659,1.184,-0.03,396.379
22.8,0.16517,1.521,3.38,0.037,130.979,843,89.53,0.26,0.00664,4.9916,6072,1.659,1.184,-0.03,396.379
66.5579057,0.33982,1.87,4.16,0,35.293,757,89.69,0.2764,0.02142,10.399,6227,1.32,1.2,0.04,1486.7
3.11602791,0.0415,1.64,3.33,0,375.55,1123,89.17,0.195,0.03452,1.909,5353,0.83,0.87,-0.04,1090
2.131946513,0.0335,1.55,3.02,0,672.532,1418,88.66,0.209,0.02694,1.8179,5504,0.89,0.92,0.01,1103.29
12.9460978,0.1062,1.91,4.31,0,80.34,764,89.4,0.89,0.01687,9.583,6175,1.25,1.16,0.04,2921.99
0.664073806,0.0143,1.21,1.92,0,2190.082,1703,82.63,0.019,0.02126,1.1019,5123,0.79,0.84,0.03,882.324
14.7967458,0.12758,0.97,0.871,0,181.591,874,89.48,0.32,0.00561,5.638,6170,1.28,1.2,0.16,422.269
11.25402929,0.0991,2.15,5.27,0,151.77,888,87.68,0.0292,0.04334,4.679,5753,0.98,1,0.03,1354.46
11.47685909,0.0976,1.54,2.99,0,78.156,796,89.87,0.2007,0.02406,2.702,5715,0.94,0.96,-0.05,1003.26
2.76122421,0.04135,1.12,1.46,0,1342.5,2017,87.58,0.908,0.00678,3.662,6132,1.29,1.2,0.14,814.078
7.99019627,0.0785,1.52,2.92,0,223.442,1113,89.67,0.1761,0.01659,3.274,6080,1.17,1.1,0.02,1053.57
15.79,0.13,2.4,20,0.01,158.306,910,89.89,0.0301,0.02031,7.2772,5770,1.653,1.178,0.29,408.845
82.2,0.39,2.52,43,0.2,17.554,525,90,0.61,0.02339,10.627,5770,1.653,1.178,0.29,408.845
2646,4,12.6,2637.975778,0.15,,,,,,,5770,1.653,1.178,0.29,408.845
4.69500134,0.0557,1.42,2.6,0,443.221,1098,89,0.204,0.024,2.963,5660,0.93,0.95,-0.02,1593.7
8.63043276,0.0779,1.66,3.39,0,62.823,739,88.03,0.595,0.03258,3.131,5216,0.8,0.84,-0.04,897.352
3.27646405,0.0443,1.82,3.97,0,521.101,1195,90,0.001,0.0323,2.272,5556,0.93,0.95,0.08,1493.43
5.57654784,0.06763,0.97,0.871,0,929.122,1183,87.54,0.57,0.00581,3.745,6241,1.28,1.18,0,1028.16
115.6862258,0.4684,3.19,10.3,0,12.362,401,89.93,0.264,0.09459,4.625,5776,0.97,0.99,-0.03,1855.7
3.81371974,0.0464,1.55,3.02,0,279.941,1029,88.78,0.049,0.03322,2.005,5486,0.89,0.92,0.04,1174.46
8.3839865,0.0896,0.91,0.693,0,399.015,1285,81.36,0.0415,0.01085,4.992,5359,0.83,0.87,-0.04,1551.54
1.68189002,0.0283,0.97,0.871,0,2760.593,1790,84.06,0.831,0.00832,3,5818,0.99,0.99,-0.04,1439.47
7.12811928,0.0814,1.31,2.27,0,1003.027,1373,88.82,0.845,0.00454,5.614,6339,2,1.45,0.13,544.163
19.9400874,0.1357,2.98,9.17,0,45.146,588,87.53,0.8438,0.07589,4.263,5609,0.91,0.94,-0.01,1404.94
8.457458,0.079,1.02,1.04,0.15,221.731,982,88.36,0.12,0.00834,3.248,5884,1.127,0.927,-0.199,316.663
27.50868,0.178,2.9,8.75,0,46.011,683,89.34,0.38,0.064,6.1,5879,1.17,1,0.02,316.663
87.517905,0.377,1.64,3.33,0.8,9.834,451,89.16,0.84,0.01452,1.824,5884,1.127,0.927,-0.199,316.663
22.2419092,0.16005,1.37,2.45,0,149.409,954,85.08,0.0964,0.00649,7.255,6130,1.79,1.29,0.05,777.025
9.08237046,0.0815,1.4,2.54,0,76.139,734,89.56,0.262,0.02969,2.025,5188,0.81,0.85,0.01,854.28
8.83922659,0.0795,1.43,2.63,0,58.344,778,86.88,0.0905,0.03162,1.803,5236,0.82,0.86,0.04,634.58
7.56127224,0.0751,1.42,2.6,0,182.375,891,89.27,0.03,0.01806,2.938,5771,1,1.01,0.04,897.783
16.1288853,0.1202,2.29,5.86,0,61.87,715,81.65,0.884,0.0389,5.938,5259,0.81,0.85,-0.05,2176.08
13.5630972,0.1109,1.88,4.19,0,103.51,733,87.13,0.751,0.03364,5.632,5701,0.96,0.97,0.01,1575.23
16.29595382,0.123,1.91,4.31,0,52.146,678,89.79,0.0924,0.03696,2.129,5727,0.97,0.98,0,1107.5
18.01621096,0.1369,2.47,6.66,0,41.185,768,89.96,0.023,0.04995,3.996,5884,1.08,1.06,0.06,1014.62
2.104338119,0.025,0.52,0.0933,0,58.108,662,83.39,0.0361,0.02421,1.1028,3468,0.34,0.35,-0.13,112.705
28.8432647,0.1679,2.37,6.21,0,13.77,491,88.43,0.0125,0.07567,3.1,5235,0.8,0.85,-0.03,845
16.092,0.12789,2.41,16.13,0,66.122,718,89.14,0.79,0.04354,2.879,5685,1.03,1.02,0.12,228.678
25.5169,0.17391,0.84,8.25,0,35.736,615,89.53,0.27,0.00631,5.141,5685,1.03,1.02,0.12,228.678
0.679336272,0.01452,1.44,2.67,0,2830.91,1883,87.19,0.643,0.02585,1.1783,5549,0.88,0.91,-0.07,569.185
11.1726994,0.10082,1.24,2.07,0,296.92,1019,87.64,0.0835,0.00768,6.007,5748,1.4,1.05,0.09,866.331
2.53573424,0.03753,1.22,1.98,0,2144.553,1671,89.37,0.054,0.0068,3.941,5748,1.4,1.05,0.09,866.331
197.5110016,0.68434,9.65837605,67.5,0,6,391,89.49,0.8342,0.25756,11.2447,5616,1.674,1.032,0.04,866.331
5.448325286,0.06053,2.1,5.06,0,219.117,978,87.71,0.1007,0.05294,2.2251,5719,0.92,0.99,-0.02,299.104
1.116119981,0.02103,1.02732734,1.07,0,1770.2,1659,82.64,0.0569,0.01092,1.3577,5721,0.905,0.983,0.02,299.104
3.833091178,0.04619,1.76,3.75,0,227.198,1012,83.58,0.3669,0.04614,1.372,5453,0.85,0.92,0,174.234
5.424749281,0.0504,5.11,22.9,0,36.05,625,89.98,0.1042,0.768,1.1431,4188,0.59,0.6,-0.22,141.9868506
0.84338011,0.01617,1.38,2.48,0,897.9,1541,78.23,0.159,0.03433,1.4362,4861,0.75,0.8,0.07,480.869
6.566060066,0.0635,1.84398883,4.06,0,57.6,777,88.08,0.3312,0.04024,1.7315,4818,0.856,0.809,0.56,480.869
87.9732136,0.39765,3.54,12.3,0,10.714,446,89.98,0.0803,0.08667,14.69,5884,1.12,1.04,0.03,800.871
0.568874427,0.0128,1.56,3.05,0,2413.261,1796,89.23,0.0116,0.03784,1.2152,5144,0.79,0.83,-0.01,728.303
213.257663,0.6085,3.11,9.85,0,0.492,202,89.99,0.03,0.21896,7.775,4598,0.7,0.73,-0.01,475.248
2.886762645,0.0296,1.34,2.36,0.33,38.452,557,84.91,0.65,0.06318,0.885,3655,0.54,0.56,0.44,103.917
6.178196,0.067,1.21,1.92,0,284.8,1082,85.28,0.26,0.01019,3.264,6003,1.178,0.929,-0.2159,349.549
6.414914,0.068,1.28,2.18,0,271,1069,83.44,0.08,0.0121,3.3,6003,1.178,0.929,-0.2159,349.549
18.010199,0.136,1.55,3.02,0,68.6,758,85.52,0.01,0.01777,2.91,6003,1.178,0.929,-0.2159,349.549
110.2869374,0.43927,1.18,1.76,0,6.1,414,89.73,0.1163,0.01453,4.442,6023,1.1,1.03,-0.13,349.549
0.868386528,0.0163,1.7,3.53,0,672.113,1389,88.78,0.4646,0.05384,1.0575,4817,0.74,0.8,0.1,647.424
11.12830484,0.0781,4.92,21.5,0,13.547,408,88.83,0.7086,0.6057,2.7717,4094,0.53,0.54,-0.45,769.146
2.226491086,0.0267,2.4,6.35,0,115.909,697,89.73,0.0332,0.18391,1.7225,4094,0.53,0.54,-0.45,769.146
5.720920086,0.0501,2.62843782,7.41,0,15.84,509,89.41,0.166,0.1316,2.618,3640,0.503,0.513,0.21,769.146
0.962867382,0.0183,1.61,3.22,0,2651.424,1666,76.66,0.329,0.03035,1.6247,5488,0.87,0.9,-0.07,1350.32
6.459980011,0.0652,2.15492527,5.29,0,144.06,883,86.82,0.1106,0.03942,1.785,5704,0.804,0.897,-0.3,1350.32
0.929906678,0.01911,1.52,2.92,0,5067.603,2291,88.59,0.102,0.01087,1.7428,6169,1.4,1.18,0.02,465.417
4.115844679,0.0466,1.51,2.89,0,98.414,895,86.52,0.0864,0.04597,1.385,4776,0.73,0.78,0.05,481.667
33.8786838,0.2004,2.86,8.55,0,18.153,564,87.23,0.8727,0.07001,5.811,5550,0.91,0.93,0.01,973.368
42.3514267,0.2743,4.18,16.3,0,47.84,938,88.84,0.0374,0.05847,7.6356,6725,1.74,1.45,0.02,698.326
14.88801098,0.11151,1.8,3.89,0,79.9,831,86.85,0.65,0.02605,5.062,5885,1.03,1.02,-0.03,678.069
4.52158888,0.052,0.98,0.904,0,545.672,1214,88.82,0.203,0.01062,3.4897,5780,0.99,1,0,813.543
9.33646594,0.0747,2.17,5.35,0,26.645,577,86.38,0.5002,0.08854,2.2637,4500,0.69,0.72,0.02,588.037
8.129976,0.083,1.76,3.75,0,408.58,1041,86.24,0.36,0.01489,2.071,5736,1.425,1.02,0.282,653.6
31.517586,0.204,2.84,8.45,0,67.161,663,88.8,0.68,0.03576,7.765,5736,1.425,1.02,0.282,653.6
10.10769068,0.0889,1.65,3.36,0,322.399,879,89.57,0.2545,0.02949,3.657,5608,0.94,0.97,0.08,1720.48
0.789161653,0.0142,1.05,1.16,0,547.294,1244,86.5,0.376,0.02151,0.9052,4508,0.69,0.72,0.05,319.197
11.87456832,0.09915,1.37,2.45,0,77.559,728,89.41,0.432,0.02266,1.9902,5581,0.9,0.95,0,528.685
109.6471842,0.4382,2.81,8.3,0,3.298,428,89.45,0.02,0.08997,6.248,5628,0.92,0.94,-0.04,932.446
15.64591713,0.1229,2.29,5.86,0,78.355,710,89.94,0.328,0.05721,4.012,5614,0.91,0.94,-0.03,1223.04
6.26406846,0.0615,1.45,2.7,0,80.741,809,89.33,0.232,0.03787,2.442,4903,0.74,0.77,-0.07,621.853
23.198681,0.15845,1.98,4.58,0,103.72,793,89,0.03,0.02247,9.729,5512,1.3,0.94,0.05,1126.64
5.77721211,0.06272,1.71,3.57,0,662.713,1260,87,0.3722,0.01343,2.423,5512,1.3,0.94,0.05,1126.64
24.4002549,0.1441,2.41,6.39,0,9.183,437,88.3,0.8548,0.09341,2.875,4523,0.67,0.7,-0.09,601.629
0.935118057,0.01937,0.92,0.721,0,4712.111,2124,86.81,0.4318,0.00648,1.542,5909,1.05,1.04,0,753.26
1.341555127,0.02356,0.71,0.285,0,3094.817,1642,87.56,0.059,0.00582,1.7009,5586,0.93,0.94,0.01,371.049
5.317429,0.06,2,4.66,0,301.367,1105,85.86,0.12,0.02842,2.901,5983,1.176,0.956,-0.2067,334.797
10.105785,0.092,1.26,2.13,0,128.086,892,87.87,0.14,0.01116,2.059,5983,1.176,0.956,-0.2067,334.797
0.665026916,0.01523,1.55,3.02,0,4793.001,2174,80.48,0.0038,0.01047,1.7384,6331,1.42,1.27,0.07,981.779
132.9968322,0.47267,2.99,9.22,0,1.141,241,89.61,0.7629,0.12754,7.469,4662,0.72,0.79,0.19,476.957
2.215710358,0.0313,1.66,3.39,0,559.275,1283,82.3,0.2195,0.02851,1.8915,5527,0.9,0.93,0.03,890.724
3.35183158,0.0449,1.93,4.38,0,1021.904,1294,89.6,0.2047,0.03453,1.9405,5759,0.93,0.95,-0.16,1756.71
4.7683049,0.05501,1.84,4.04,0,425.169,1219,89.03,0.04,0.02518,3.2517,5981,1.13,1.09,0.06,853.959
44.6169557,0.26412,2.36,6.17,0,68.469,693,88.99,0.0993,0.02397,7.632,6449,1.55,1.32,0.04,1355.02
3.40165668,0.044,1.58,3.12,0,545.575,1236,81.42,0.2439,0.01559,1.7944,6133,1.21,1.14,0.04,843.701
14.00947528,0.104,1.03,1.08,0,34.32,617,89.5,0.268,0.01699,3.405,5193,0.79,0.82,-0.11,321
27.5722742,0.1834,1.94,4.42,0,49.665,636,89.05,0.562,0.03189,5.292,5911,1.04,1.04,-0.01,1213.82
2.12823928,0.03421,0.7,0.271,0,1862.33,1668,88.92,0.098,0.00259,3.305,6086,1.28,1.16,0.03,276.323
6.00253,0.067,1.81,3.93,0,496.678,1209,79.39,0,0.0202,3.952,6090,1.275,1.047,-0.105,621.855
11.448708,0.103,1.16,1.65,0,209.967,975,85.42,0.57,0.00752,5.047,6090,1.275,1.047,-0.105,621.855
4.4968604,0.0413,2.52,6.9,0,27.176,535,89.95,0.323,0.19325,1.7864,3827,0.53,0.55,-0.06,340.691
1.766789062,0.0222,1.73,3.64,0,94.054,730,89.64,0.1039,0.10098,1.3395,3827,0.53,0.55,-0.06,340.691
0.916140768,0.0156,0.65,0.208,0,421.965,1212,87.78,0.0551,0.00985,1.1495,4439,0.67,0.7,-0.03,202.782
1.877882748,0.02883,0.89,0.64,0,1892.586,1701,87.58,0.0341,0.00475,2.327,6118,1.16,1.11,0,670.829
24.7543966,0.153,1.8,3.89,0,10.767,491,89.01,0.709,0.06146,3.532,4776,0.72,0.76,-0.06,593.384
76.613377,0.3521,2.97,9.11,0,18.86,466,88.5,0.7571,0.04987,9.762,6168,1.24,1.16,0.03,1119.45
1.289588112,0.0224,1.46,2.73,0,944.873,1448,86.63,0.3924,0.02896,1.4219,5352,0.83,0.88,-0.04,911.269
0.634002937,0.0136,1.53,2.96,0,1966.057,1714,85.82,0.2174,0.03169,0.9237,5106,0.78,0.82,-0.02,845.228
3.0091324,0.041,1.28,2.18,0,449.975,1177,89.95,0.1801,0.01914,2.269,5597,0.9,0.93,-0.06,1015.69
7.06317341,0.0656,1.12,1.46,0,98.834,827,88.31,0.4332,0.01988,2.261,5181,0.79,0.82,-0.08,546.998
59.4970952,0.26657,2.83,8.4,0,2.451,369,89.71,0.406,0.13017,5.602,4709,0.72,0.78,0.11,614.859
11.5789,0.106,2.05,19.8,0,257.984,951,89.33,0.39,0.02423,2.855,6165,1.355,1.204,0.0002,420.818
16.399235,0.133,1.99,4.62,0,162.044,847,89.82,0.1,0.02295,3.502,6165,1.355,1.204,0.0002,420.818
40.5286413,0.2866,3.4,11.5,0,82.564,933,89.34,0.94,0.03607,10.526,6778,1.83,1.51,0.06,1516.27
3.57554956,0.04304,0.86,0.566,0,186.069,1061,87.45,0.462,0.00965,2.463,5131,0.79,0.83,0,389.143
136.205626,0.4626,2.6,7.27,0,1.011,248,89.83,0.4104,0.12093,5.491,4857,0.74,0.8,0.06,731.298
2.94194094,0.0363,1.25,2.1,0,191.919,988,89.85,0.03,0.03083,2.0333,4839,0.72,0.76,-0.09,541.714
13.32196237,0.1284,2.15,5.27,0,672.06,1299,85.72,0.6896,0.01321,6.23,6805,1.79,1.49,0.04,1056.9
7.69993485,0.07839,0.92,0.721,0,456.25,969,89.92,0.018,0.00709,4.39,5770,1.05,1,0.03,840.128
4.77468005,0.05701,0.8,0.437,0,864.037,1137,89.82,0.03,0.00513,3.809,5770,1.05,1,0.03,840.128
2.164570968,0.0273,1.43,2.63,0,134.981,783,88.44,0.338,0.05251,1.3848,4070,0.6,0.62,-0.02,465.826
1.574090272,0.0236,0.92,0.721,0,225.233,998,89.48,0.1115,0.02249,1.5994,4106,0.6,0.62,-0.06,401.484
0.675649486,0.0153,1.65,3.36,0,4849.257,2085,89.41,0.3724,0.02007,1.9035,5906,1.08,1.07,0.1,1635.82
25.873148,0.1741,2.69,7.7,0,37.158,667,89.71,0.196,0.06944,5.451,5761,0.99,0.99,0,1236.56
8.436387,0.077,1.47,2.76,0,86.33,742,88.33,0.01,0.03455,3.217,5187,0.802,0.85,0.05,302.979
18.735753,0.13,1.88,4.19,0,29.775,568,88.55,0.06,0.05672,3.005,5187,0.802,0.85,0.05,302.979
20.2641684,0.15763,1.84,4.04,0,132.587,770,86.42,0.0843,0.01918,4.285,6202,1.29,1.19,0.05,1004.1
7.44142113,0.08084,1.27,2.15,0,503.722,1075,82.53,0.0517,0.00884,4.731,6202,1.29,1.19,0.05,1004.1
3.4462039,0.04214,0.73,0.315,0,414.765,1015,85.56,0.1831,0.00835,2.001,5361,0.83,0.87,-0.07,515.334
2.00541269,0.02937,0.64,0.196,0,853.269,1216,77.66,0.1974,0.00595,1.798,5361,0.83,0.87,-0.07,515.334
1.311555568,0.024,1.27,2.15,0,2176.358,1655,87.6,0.1283,0.01723,2.025,5677,0.97,0.98,0.05,1303.22
1.29123275,0.02598,1.16,1.65,0,8385.9,1887,87.84,0.02,0.0066,1.876,6299,1.33,1.22,0.03,1699.46
10.65276707,0.0918,2.29,5.86,0,59.789,737,89.91,0.0524,0.0854,2.711,5323,0.81,0.85,-0.13,1078.46
3.3004192,0.0471,1.74,3.68,0,2948.362,1543,89.92,0.008,0.00988,4.498,6704,1.78,1.47,0.09,1430.84
5.30880656,0.0598,1.05,1.16,0,278.902,1042,89.26,0.173,0.01275,3.018,5659,0.97,0.98,0.07,868.056
0.740928422,0.0153,1.25,2.1,0,2909.21,1873,87.91,0.202,0.01955,1.1202,5218,0.82,0.86,0.05,1146.1
11.95398936,0.0885,2.2,5.48,0,14.867,525,88.26,0.744,0.08559,2.644,4407,0.67,0.7,0.03,506.434
0.881841146,0.0171,1.3,2.24,0,1600.049,1564,84.47,0.1448,0.02499,1.3051,5188,0.79,0.83,-0.04,971.325
10.3134,0.0753,0.64,0.07,0.02,9.9,452,88.67,0.7,0.01372,1.92,3841,0.535,0.535,-0.18,66.8624
13.7815,0.0913,1.51,2.3,0.017,6.8,410,89.02,0.6,0.0756,2.263,3841,0.535,0.535,-0.18,66.8624
23.0923,0.1288,1.51,2.1,0.01,3.4,345,89.04,0.87,0.05983,1.7012,3841,0.535,0.535,-0.18,66.8624
38.23,0.1803,0.797,0.43,0.112,1.73,292,88.53,1.8,,,3841,0.535,0.535,-0.18,66.8624
10.3108245,0.0917,1.43,2.63,0,90.1,786,89.47,0.1545,0.0204,5.643,5570,0.94,0.96,0.1,2462.94
25.3842686,0.1728,2.25,5.69,0,29.701,649,89.74,0.1228,0.0585,3.638,5747,0.94,0.96,-0.1,1197.04
16.3583055,0.14023,1.88,4.19,0,198.471,959,81.83,0.2552,0.01149,9.573,6161,1.72,1.36,0.3,738.261
13.9093583,0.11397,1.41,2.57,0,231.396,928,89.52,0.132,0.00868,6.632,6370,1.44,1.26,0.03,1027.21
15.36262753,0.1126,1.94,4.42,0,32.23,608,89.54,0.25,0.04683,3.657,4919,0.74,0.78,-0.06,618
2.88879862,0.04262,0.85,0.543,0,1591.477,1423,88.09,0.1391,0.00409,2.981,5732,1.29,1.15,0.41,688.795
6.73972381,0.068,1.24,2.07,0,196.533,1011,85.98,0.1225,0.0142,4.106,5733,1.03,1.02,0.11,835.882
2.279526656,0.031,0.93,0.749,0,300.312,1123,89.83,0.033,0.01268,1.592,5046,0.77,0.82,0.02,455.358
12.2854603,0.0882,2.59,7.22,0,17.674,434,89.46,0.0153,0.16171,3.037,4098,0.61,0.63,0.02,453.795
5.53608151,0.0519,2.26,5.73,0,51.044,566,86.33,0.1665,0.12233,2.1817,4098,0.61,0.63,0.02,453.795
20.9568158,0.126,2.86,8.55,0,8.66,363,89.86,0.112,0.19179,3.558,4098,0.61,0.63,0.02,453.795
37.6327084,0.1861,2.46,6.62,0,3.97,299,89.69,0.2955,0.16617,4.547,4098,0.61,0.63,0.02,453.795
99.2530951,0.38249,1.77,3.78,0,1.871,300,88.71,0.947,0.0538,6.006,5078,0.74,0.81,-0.14,497.093
15.771044,0.127,2.94,7,0,64.78,752,89.98,0.06,0.05471,5.068,5594,1.3,1.078,0.35,391.038
157.072878,0.586,3.38,13,0,3.023,350,90,0.83,0.05514,8.517,5594,1.3,1.078,0.35,391.038
7.305699922,0.075553396,1.695,2,0,172.3,972,87.97,0.932,0.02649,1.4228,5622,1.045,1.078,0.35,391.038
2047.635373,3.23579639,13.7,378,0.013121,,,,,,,5622,1.045,1.078,0.35,391.038
355,,6.67,36,,,,,,,,5630,1.045,1.078,0.35,391.038
6.48021673,0.0662,1.18,1.76,0,171.133,934,86.12,0.226,0.0142,3.211,5753,0.98,0.98,-0.01,723.431
54.4092333,0.30045,1.68,3.46,0,33.335,513,89.8,0.157,0.0193,9.511,5840,1.1,1.03,0.04,1038.35
15.1410397,0.1189,1.96,4.5,0,61.42,714,89.71,0.1012,0.04768,4.276,5479,0.85,0.88,-0.11,1117
2.44357812,0.0337,0.8,0.437,0,574.37,1249,88.5,0.258,0.00673,1.822,5697,0.92,0.95,-0.09,544.456
3.93766373,0.05474,1.39,2.51,0,2023.005,1947,87.96,0.098,0.00239,4.916,6481,2.55,1.64,0.06,640.409
3.78470649,0.04974,0.8,0.437,0,730.531,1311,89.88,0.021,0.0036,3.108,6138,1.23,1.17,0.12,492.894
18.2206421,0.1406,2.07,4.94,0,71.816,786,89.74,0.125,0.02018,5.313,6195,1.27,1.18,0.04,1066.46
47.449955,0.25861,1.72,3.61,0,58.103,551,89.97,0.0183,0.02064,10.747,6026,1.12,1.09,0,1198.25
2.78815679,0.03909,0.9,0.666,0,1249.488,1510,89.47,0.058,0.00558,3.326,6126,1.18,1.13,0.01,852.204
4.13827595,0.05087,1.03,1.08,0,738.183,1324,86.45,0.7654,0.00638,3.449,6126,1.18,1.13,0.01,852.204
1.638653058,0.0276,1.25,2.1,0,1707.252,1610,86.56,0.0975,0.01669,1.948,5735,0.96,0.97,-0.03,1385.7
6.790123,0.0771,12.733,2669.66,0.035,1029.51,1605,90,0,0.22523,6.2184,6395,2.048,1.512,0.12,798
3.25427,0.045,1.61,3.22,0,848.695,1301,87.84,0.05,0.01603,2.978,6077,1.288,1.044,-0.039,583.859
91.353282,0.414,1.8,3.89,0,9.957,428,89.99,0.13,0.02093,7.919,6077,1.288,1.044,-0.039,583.859
9.06689421,0.0771,1.62,3.26,0,44.517,725,83.96,0.3314,0.03672,2.957,5044,0.78,0.83,0.04,752.237
11.20066445,0.0975,1.68,3.46,0,100.91,808,81.71,0.0975,0.02199,3.786,5964,1.1,1.07,0.04,1425.43
2.03387914,0.0322,0.76,0.363,0,2491.119,1789,87.24,0.238,0.00736,3.201,5416,0.87,0.9,0.03,1493.64
5.19492202,0.064,2.14,5.22,0,699.644,1238,89.58,0.1578,0.02729,3.148,6060,1.15,1.11,0.03,2163.9
15.9314739,0.1143,2.01,4.7,0,39.001,596,89.16,0.59,0.05567,2.71,5261,0.8,0.84,-0.09,962.183
28.2274184,0.1778,3.96,14.9,0,33.802,565,89.96,0.025,0.11134,5.648,5925,1.07,1.05,0.03,1530.3
11.62905828,0.0987,1.1,1.37,0,125.89,854,85.67,0.3696,0.0088,2.846,5892,1.12,1.05,0.04,572.403
20.0711504,0.1502,2.25,5.69,0,78.667,826,88.07,0.2205,0.04057,6.137,6010,1.15,1.1,0.05,1396.41
2.99793191,0.04218,0.89,0.64,0,1982.268,1616,85.24,0.403,0.00451,4.392,6170,1.35,1.21,0,535.048
0.764864926,0.01553,1.04,1.12,0,1552.133,1733,87.31,0.3596,0.0163,1.1779,5160,0.79,0.83,-0.03,694.89
3.107675,0.039,0.69,0.257,0,228.663,968,84.53,0.54,0.00774,2.218,4910,0.787,0.878,0.2643,301.183
7.010606,0.067,1.41,2.57,0,77.412,738,87.03,0.31,0.03484,2.986,4910,0.787,0.878,0.2643,301.183
60.866168,0.2543,1.78,3.82,0,1.06,290,89.75,0.423,0.07143,4.42,4092,0.6,0.63,0.01,367
86.1150888,0.4001,2.82,8.35,0,8.927,441,89.99,0.127,0.08752,6.13,5664,0.92,0.95,-0.04,1660.48
3.6146051,0.04608,0.83,0.498,0,1087.781,1397,89.83,0.316,0.00439,3.188,5880,1.27,1.06,0.04,755.678
13.1829642,0.1066,1.82,3.97,0,42.825,661,89.97,0.016,0.0518,3.636,5196,0.8,0.84,-0.05,1167.49
3.51576315,0.0426,1.23,2.04,0,209.464,1033,89.82,0.2492,0.0264,1.364,4951,0.75,0.8,-0.02,570.835
0.63642408,0.01416,1.29,2.21,0,2138.079,1846,86.33,0.2987,0.02179,1.0604,5267,0.84,0.89,0.12,1043.56
1.49514952,0.0257,0.88,0.615,0,2658.55,1870,42.38,0.9761,0.0052,3.11,6019,1.15,1.09,0.03,949.59
20.3505213,0.14062,1,0.972,0,114.332,695,89.48,0.192,0.01018,7.316,5839,1.02,1.02,0.02,991.845
22.4764425,0.131,1.66,3.39,0,7.29,419,89.8,0.176,0.05454,3.56,4770,0.72,0.77,0,499
42.5215895,0.2391,2.86,8.55,0,21.243,510,89.44,0.1267,0.06856,5.798,5796,1.01,1.01,0.04,1498.58
2.024152,0.032,1.99,4.62,0,1247.908,1597,84.56,0.49,0.02394,2.489,5790,1.269,0.978,0.05,548.686
4.761702,0.057,2.86,8.55,0,399.444,1201,87.89,0.37,0.04971,3.303,5790,1.269,0.978,0.05,548.686
41.809118,0.242,2.16,5.31,0,22.072,582,89.98,0.94,0.01904,8.687,5790,1.269,0.978,0.05,548.686
6.69960006,0.0671,1.28,2.18,0,131.526,806,90,0.2077,0.02537,2.704,5187,0.79,0.82,-0.1,1054.37
6.9131112,0.07576,0.93,0.749,0,649.151,1209,88.6,0.264,0.00379,4.768,6335,1.42,1.25,0.05,783.401
18.6051942,0.1499,2.02,4.74,0,156.9,833,89.75,0.093,0.02425,7.18,6194,1.23,1.15,0,2465.84
23.955378,0.1586,1.06,1.2,0,71.16,741,89.12,0.0466,0.02287,3.185,4939,0.75,0.79,-0.02,449
29.6091744,0.19068,1.16,1.65,0,58.6,629,82.54,0.418,0.01259,5.471,5838,1.07,1.02,0.01,661.421
14.4541302,0.11435,0.94,0.779,0,216.405,676,87.74,0.522,0.00797,7.095,5718,0.95,0.97,-0.03,863.873
14.2563227,0.1187,1.56,3.05,0,95.22,797,85.33,0.3572,0.02061,4.389,5831,1.02,1.02,0.03,1697.81
0.968972376,0.0197,1.1,1.37,0,2730.51,1844,89.25,0.065,0.01185,1.622,5793,1.01,1.01,0.06,1220
10.67607169,0.11051,1.64,3.33,0,817.579,1049,88.6,0.403,0.01418,4.549,6184,1.36,1.28,0.35,1530.32
4.48487493,0.055,1.29,2.21,0,551.156,1199,88.57,0.3,0.01349,2.58,5902,1.07,1.05,0.04,1214.09
16.007583,0.127,2.41,6.39,0,118.334,838,88.09,0.79,0.02866,1.133,5848,1.359,0.982,-0.01,809.467
27.082511,0.181,3.37,11.3,0,58.7,703,87.22,0.89,0.04232,5.103,5848,1.359,0.982,-0.01,809.467
2.46050993,0.0304,1.18,1.76,0,208.54,969,89.71,0.03,0.02768,2.003,4796,0.72,0.77,-0.03,875.523
5.86601526,0.0648,1.47,2.76,0,469.819,1064,86.8,0.3019,0.0183,3.978,5806,1.03,1.03,0.07,1623.24
23.9109011,0.1696,2.22,5.56,0,119.237,709,89.33,0.398,0.0294,5.055,6031,1.13,1.09,0.02,2171.87
4.13592271,0.0516,1.56,3.05,0,535.42,1226,89.27,0.168,0.01562,2.789,6097,1.19,1.14,0.07,1328
8.05333618,0.0917,1.11,1.41,0,925.289,1320,89.82,0.035,0.00351,5.277,6291,2.04,1.47,0.19,775.529
4.45343281,0.05456,0.86,0.566,0,893.886,1331,85.8,0.3952,0.00474,3.796,6356,1.32,1.21,-0.03,704.211
9.705716,0.0907,1.31,2.27,0,772.079,1001,75.52,0.3399,0.01408,6.922,5972,1.09,1.06,-0.01,2530.62
10.9295461,0.0951,1.37,2.45,0,83.14,770,89.2,0.4473,0.01969,6.062,5557,0.9,0.93,-0.02,2101.69
2.31942009,0.0346,0.94,0.779,0,561.12,1490,87.59,0.4104,0.00964,1.612,5530,0.96,0.97,0.2,1154.13
8.07392849,0.0594,1.46,2.73,0,9.081,420,85.44,0.928,0.1056,2.217,3578,0.43,0.46,-0.03,225.393
5.885273,0.066,1.33,2.33,0,426.719,1253,88.06,0.34,0.01165,1.873,6075,1.235,1.154,-0.1848,384.917
10.104665,0.094,1.35,2.39,0,207.247,1046,88.79,0.25,0.01144,2.278,6075,1.235,1.154,-0.1848,384.917
39.859484,0.23431,1.26,2.13,0,44.728,597,89.36,0.03,0.01555,8.06,5698,0.96,0.98,0.04,1115.35
39.4419839,0.2346,1.31,2.27,0,33.046,682,89.39,0.0264,0.01724,7.285,5802,1,1,0.01,1110.48
81.4162941,0.40814,3.93,14.7,0,25.972,522,87.53,0.911,0.06663,12.1444,6394,1.44,1.34,0.26,608.68
2.41811321,0.03783,0.97,0.871,0,2809.165,1602,89.89,0.016,0.00458,2.194,6289,1.27,1.19,0,593.646
33.42035034,0.20906,2.18,5.39,0,25.942,581,88.55,0.6281,0.03848,5.0911,5810,1.05,1.03,0.06,319.675
10.60052251,0.09587,0.96,0.84,0,248.548,987,86.66,0.511,0.00609,4.484,6150,1.26,1.13,-0.03,506.357
0.689967832,0.01405,0.82,0.477,0,1213.333,1539,88.5,0.119,0.01213,1.2135,4865,0.75,0.81,0.11,152.075
56.6747285,0.2836,2.9,8.75,0,10.349,522,89.44,0.1803,0.08831,5.422,5722,0.95,0.97,-0.03,890.296
12.27065865,0.1058,1.61,3.22,0,86.645,811,89.95,0.1375,0.03165,3.106,5774,0.93,0.95,-0.16,768.903
13.2274528,0.1176,1.68,3.46,0,271.885,867,85.35,0.0517,0.02298,6.104,5979,1.1,1.08,0.04,2006.48
22.951,0.17308,2.65,37.1,0.43,154.705,873,88.39,0.923,0.01298,4.4814,6022,1.85,1.32,-0.0014,566.85
42.882,0.26244,4.32,79.4,0.11,67.193,709,89.29,0.742,0.04089,9.7471,6022,1.85,1.32,-0.0014,566.85
54.5094166,0.2401,1.71,3.57,0,3.078,308,88.43,0.0368,0.06222,4.222,4524,0.68,0.71,-0.02,505.829
35.622233,0.2101,3.35,11.2,0,18.751,523,89.73,0.261,0.07787,5.146,5782,0.99,1,0.01,1058.72
42.913751,0.25764,2.7,7.75,0,73.501,810,89.6,0.403,0.01606,5.121,6101,2.06,1.41,0.14,996.32
47.1611696,0.262,2.67,7.61,0,11.889,503,89.98,0.028,0.08161,4.059,5665,0.94,0.97,0.01,1196.04
47.0319479,0.2447,1.88,4.19,0,9.08,492,89.85,0.161,0.03678,5.906,5448,0.86,0.9,-0.02,780.566
49.276764,0.2149,2.16,5.31,0,1.533,298,89.693,0.514,0.11329,3.696,4075,0.6,0.62,-0.02,357.621
18.1373829,0.1132,1.14,1.55,0,8.234,433,86.12,0.2385,0.03827,3.55,4231,0.62,0.64,-0.09,370.312
51.1110243,0.26391,1.99,4.62,0,23.468,478,89.97,0.1627,0.03951,7.987,5866,1.01,1.01,-0.05,889.885
47.9872764,0.24869,2.76,8.05,0,8.293,493,88.67,0.0532,0.09128,4.756,5653,0.94,0.96,0.02,544.45
62.8691611,0.2829,1.36,2.42,0,3.511,349,87.89,0.1345,0.03417,5.778,4828,0.74,0.78,0.01,455.479
31.158799,0.2,3.71,13.3,0,32.89,639,89.97,0.21,0.0959,5.189,5948,1.208,1.079,-0.0261,716.797
76.732171,0.364,3.13,9.96,0,9.887,473,89.69,0.12,0.06857,6.216,5948,1.208,1.079,-0.0261,716.797
29.9633247,0.1614,1.96,4.5,0,5.469,391,89.04,0.0556,0.08932,2.632,4422,0.67,0.7,-0.02,553.218
29.3494775,0.1715,2.03,4.78,0,8.88,451,88.82,0.4344,0.06592,4.207,4919,0.74,0.79,-0.04,679.106
65.6488341,0.3094,3.82,14,0,4.704,390,89.97,0.038,0.09839,7.431,5756,1,1,0.06,1017.82
25.15864,0.1694,1.86,4.12,0,57.634,619,89.95,0.2051,0.03581,5.18,5679,0.95,0.96,0,1687.47
31.7785901,0.20066,1.66,3.39,0,89.473,564,89.43,0.29,0.0262,8.056,5828,1.01,1.02,0.03,1151.73
5.32786292,0.06101,1,0.972,0,968.555,1023,89.24,0.116,0.00872,4.678,5828,1.01,1.02,0.03,1151.73
31.8277111,0.1939,1.77,3.78,0,6.246,668,89.54,0.785,0.052,1.584,4726,0.71,0.75,-0.06,359.497
31.1750448,0.17981,1.55,3.02,0,21.875,585,89.99,0.016,0.02002,3.968,5884,1.02,1.01,-0.07,631.949
47.0569043,0.2388,3.3,10.9,0,7.917,411,89.98,0.1277,0.15312,5.2722,5332,0.82,0.86,-0.07,852.888
8.23984869,0.0817,1.73,3.64,0,481.352,1093,89.94,0.1804,0.0251,5.617,5893,1.05,1.04,0.03,1899.24
3.54553021,0.0466,1.15,1.6,0,1479.567,1448,88.75,0.3174,0.01192,4.17,5893,1.05,1.04,0.03,1899.24
19.59059906,0.1456,3.33187146,11.1,0,52.77,819,88.43,0.0948,0.0297,6.665,5794,1.496,1.072,0.14,1899.24
21.8635301,0.1466,2.8,8.25,0,24.901,551,89.32,0.4402,0.09762,3.582,5507,0.89,0.92,0.02,1159.3
12.610584,0.113,1.53,2.96,0,224.61,953,86.26,0.51,0.00765,4.448,6012,1.468,1.145,0.1,1042.02
33.416423,0.216,2.43,6.48,0,61.287,689,85.15,0.02,0.02758,7.293,6012,1.468,1.145,0.1,1042.02
16.2950903,0.116,1.07,1.24,0,23.918,574,89.05,0.2499,0.01979,3.644,4961,0.76,0.8,-0.01,590.601
3.63899398,0.0453,1.41,2.57,0,314.233,1238,88.46,0.3905,0.02096,2.213,5660,0.93,0.95,-0.03,978.678
11.6044881,0.0981,1.88,4.19,0,118.5,841,89.74,0.118,0.02676,3.409,5533,1.166,0.934,0.16,978.678
38.1312831,0.2322,1.9,4.27,0,57.079,613,89.14,0.7984,0.01989,6.345,6159,1.25,1.16,0.03,1479.14
14.4273551,0.11606,1.19,1.81,0,111.011,783,80.92,0.2427,0.0117,3.89,6046,1.09,1.09,-0.01,652.253
36.4333452,0.2108,2.16,5.31,0,21.392,561,89.77,0.25,0.04068,4.213,5870,1.04,1.04,0.04,1180.9
82.177374,0.373,2.92,8.85,0,13.76,441,89.99,0.237,0.05464,9.165,6214,1.28,1.18,0.03,1568.38
10.35863224,0.0932,1.67,3.43,0,75.641,860,89.86,0.0652,0.02737,2.574,5663,0.96,0.98,0.06,1002.74
11.55530021,0.0911,1.18,1.76,0,78.163,674,83.66,0.2609,0.025,2.799,5100,0.78,0.81,-0.06,680.828
26.0840594,0.1681,1.73,3.64,0,85.282,598,89.84,0.1509,0.02597,6.725,5904,1.06,1.04,0.03,1845.58
14.53261362,0.11341,1.83,4.01,0,98.574,746,89.86,0.0071,0.03289,2.4079,5796,0.98,0.99,-0.02,728.668
1.729366,0.028,1.8,3.89,0,609.017,1284,87.87,0.05,0.05172,1.757,5272,0.851,0.86,0.14,791.163
4.180043,0.05,3.6,12.6,0,187.197,957,89.8,0.48,0.18805,2.482,5272,0.851,0.86,0.14,791.163
51.84688575,0.2607,8.68,56.3,0,6.532,413,89.45,0.681,1.03136,4.7788,5172,0.81,0.86,0.07,791.163
22.12679948,0.1525,1.67,3.43,0,16.317,721,86.1,0.2604,0.04361,3.686,5156,0.81,0.85,0.07,500.892
5.94220998,0.059,1.23,2.04,0,71.94,797,89.74,0.0025,0.02726,2.2737,4908,0.75,0.8,0.04,459.076
12.25383217,0.09968,1.01,1.01,0,86.499,678,89.3,0.4886,0.01393,2.213,5381,0.84,0.88,-0.04,567.556
9.5085156,0.0958,1.52,2.92,0,265.018,1131,89.5,0.143,0.00979,4.381,6337,1.4,1.25,0.04,1273.78
30.4549136,0.1939,2.11,5.1,0,35.92,624,86.35,0.3665,0.04721,6.143,5730,0.92,0.94,-0.17,2879.83
19.9157725,0.14732,1.47,2.76,0,85.176,728,87.45,0.748,0.01432,6.154,6087,1.12,1.11,0.02,615.66
54.6495759,0.2846,2.32,5.99,0,22.372,538,89.98,0.018,0.04325,8.405,5965,1.12,1.08,0.06,1769.14
7.31946363,0.0898,2.13,5.18,0,323.294,1682,89.44,0.112,0.01567,4.839,6541,1.63,1.38,0.04,1014.62
35.8007112,0.2588,7.97,48.7,0,227.68,991,89.93,0.043,0.04174,8.219,5745,3.955,1.801,0.4,1014.62
39.8189932,0.24153,1.86,4.12,0,73.335,650,88.51,0.0066,0.01962,10.798,5820,1.31,1.05,0.06,905.825
6.158269882,0.06959,1.65156749,3.37,0,760.6,1212,84.39,0.3217,0.00573,6.285,5710,1.524,1.003,0,905.825
82.294751,0.3679,1.77,3.78,0,11.893,400,89.87,0.085,0.03711,7.009,5655,0.9,0.93,-0.13,1283.05
0.680741,,0.51,0.087,,,,,,,1.7,5565.53,0.957,0.977,0.14,1283.05
29.198943,0.184,4.21,16.5,0,23.64,540,89.95,0.02,0.20472,5.074,5381,0.953,1.013,0.3805,571.034
55.328328,0.281,1.61,3.22,0,10.084,436,89.8,0.5,0.03257,6.948,5381,0.953,1.013,0.3805,571.034
160.018032,0.571,3.96,14.9,0,2.446,306,89.64,0.62,0.15528,5.15,5381,0.953,1.013,0.3805,571.034
92.4362973,0.3729,3.04,9.48,0,3.788,348,88.85,0.9096,0.08302,5.709,5515,0.87,0.9,-0.08,862.92
16.5861762,0.127,1.51,2.89,0,138.108,821,89.47,0.167,0.02313,6.899,5728,0.99,1,0.06,2065.59
61.569765,0.3045,2.44,6.53,0,18.66,530,89.35,0.486,0.02983,9.75,5626,1.389,0.991,0.14,2065.59
16.75255007,0.1262,1.49,2.83,0,11.523,801,88.39,0.7096,0.0365,3.184,4712,0.72,0.77,0.06,331.553
15.0217983,0.1197,1.41,2.57,0,137.91,874,82.45,0.0973,0.01109,4.557,5863,1.29,1.06,0.06,555.051
91.080482,0.3982,3.07,9.64,0,9.113,415,88.47,0.8866,0.07386,9.65,5659,0.94,0.96,0.01,1285.48
85.273256,0.3677,2.94,8.96,0,9.1,443,86.95,0.3751,0.07678,9.462,5831,1.04,1.03,0.06,1355.54
64.6588017,0.3211,2.22,5.56,0,18.383,535,89.93,0.1325,0.02354,7.549,6182,1.27,1.18,0.05,1307.66
8.74199772,0.0817,1.66,3.39,0,172.38,924,89.91,0.025,0.02957,4.297,5675,0.95,0.96,0.01,1122
48.051405,0.2528,1.33,2.33,0,9.86,564,89.77,0.147,0.02745,7.638,5256,0.81,0.86,-0.01,740
44.2008,0.23225,1.19,1.81,0,7.371,409,89.69,0.348,0.02356,4.678,5097,0.78,0.82,-0.01,309.869
4.942782,0.05714,10.76,209.76,0.06,430.677,1251,87.44,0.554,1.1265,3.5,5515,0.992,1.018,0.36,739.412
3.428054,0.044,1.25,2.1,0,367.262,1131,89.57,0.08,0.02064,2.309,5560,0.939,0.956,0.12,891.092
7.381998,0.073,3.69,13.2,0,132.091,876,89.71,0.53,0.15118,3.124,5560,0.939,0.956,0.12,891.092
12.56093,0.104,2.79,8.2,0,65.142,734,89.95,0.12,0.09669,3.764,5560,0.939,0.956,0.12,891.092
30.826557,0.189,3.12,9.91,0,19.671,544,86.76,0.93,0.07759,5.455,5560,0.939,0.956,0.12,891.092
637.2093,1.24,3.64,12.9,,,,90,0,,13.41,5528,0.905339,0.97,0.12,891.092
15.0330105,0.1236,1.2,1.87,0,131.818,928,84.02,0.1488,0.01322,5.416,5845,1,1,-0.05,1217.82
14.5564533,0.11592,1.56,3.05,0,100.001,787,89.93,0.031,0.01038,4.57,6229,1.3,1.2,0.04,749.06
41.7083629,0.2482,3.18,10.2,0,77.324,608,88.65,0.671,0.033,8.401,6666,1.72,1.44,0.05,1514.02
96.16987,0.3771,2.27,5.77,0,5.636,321,89.97,0.2709,0.08945,7.471,5069,0.74,0.77,-0.19,1225.57
82.304003,0.3704,2.13,5.18,0,25.17,485,87.87,0.0358,0.0737,13.843,5393,0.81,0.85,-0.17,2435.94
30.8609366,0.18298,0.93,0.749,0,36.121,525,88.4,0.2778,0.01289,4.109,5686,0.86,0.93,-0.18,495.148
14.0329154,0.1168,1.32,2.3,0,235.807,783,89.85,0.044,0.02109,6.844,5676,0.93,0.95,-0.05,2366.02
16.0506213,0.11946,0.84,0.52,0,30.476,630,89.8,0.0123,0.00944,2.939,5410,0.85,0.89,-0.03,320.478
20.7056504,0.1629,1.33,2.33,0,116.145,967,82.32,0.1354,0.01159,9.029,6158,1.22,1.14,0.01,1260.28
25.4338197,0.1707,1.85,4.08,0,83.081,667,89.55,0.232,0.0302,6.424,5780,0.99,1,0.03,2002.96
15.228958,0.116,3.06,9.59,0,40.728,639,88.54,0.79,0.11248,2.645,5460,0.83,0.87,0.1245,649.919
24.674612,0.16,2.09,5.02,0,21.407,544,88.69,0.06,0.06708,3.014,5460,0.83,0.87,0.1245,649.919
84.703921,0.4089,3.36,11.2,0,14.036,537,89.99,0.01,0.06557,10.447,6200,1.28,1.19,0.04,1696.25
23.2382792,0.1753,1.68,3.46,0,228.219,903,88.98,0.187,0.01798,8.191,6064,1.29,1.17,0.14,1475.6
20.35972599,0.13693,1.18,1.76,0,1.6,322,89.45,0.637,0.03396,1.9164,4372,0.67,0.73,0.2,162
160.8842,0.56971,8.594,48.30991786,0.306,2.23,346,89.86,0.106,0.77295,10.7536,5491,0.95,0.943,0.17,349.247
841.4,,11,84.54235626,0.125,,,,,,,5491,0.95,0.943,0.17,349.247
217.83184,0.753,12.419572,1678.1424,0.401,3.23,387.9,89.944,0.169,0.7805,21.32688,6145,1.289,1.196,0.119,397.292
10.514181,0.0997,1.1758241,1.74,0.32,193,1066,87.98,0.47,0.00699,3.7608,6145,1.289,1.196,0.119,397.292
214.3114164,0.75235,9.55,66.2,0,6.017,380,89.99,0.0587,0.45354,16.1734,6511,1.41,1.3,0.07,539.321
7.25931979,0.0718,1.75,3.71,0,615.253,967,87.55,0.204,0.02475,6.198,5904,1.07,1.04,0.03,1358.95
5.546083665,0.078,9.76,68.7,0,1526.983,2336,83.88,0.7412,0.21493,2.3929,7010,1.95,1.58,0.01,847.299
5.11177904,0.0593,3.05,9.53,0,1079.458,1351,76.53,0.2011,0.02678,2.96,6846,1.88,1.54,0.06,903.51
9.6310258,0.0905,2.9,8.75,0,338.33,1094,79.56,0.951,0.02972,5.255,6432,1.345,1.06,-0.34,903.51
240.7989397,0.7655,7.06,39.6,0,3.944,342,89.6,0.6356,0.50229,16.442,5644,0.91,0.94,-0.07,1441.63
18.207973,0.124,2.79,8.2,0,21.084,551,88.77,0.03,0.15969,3.756,5088,0.724,0.779,-0.12,441.09
88.255055,0.356,2.39,6.3,0,2.57,326,89.37,0.25,0.11322,4.036,5088,0.724,0.779,-0.12,441.09
0.653553572,0.0129,5.77,28.1,0,1134.386,1437,50.98,0.8829,0.45959,1.5399,4677,0.71,0.76,0.04,607.917
47.14840805,0.23476,2.5,6.8,0,5.122,391,89.58,0.3074,0.11138,3.0668,5042,0.76,0.81,-0.05,206.983
1.847889171,0.0288,1.73,3.64,0,1513.457,1374,89.73,0.2183,0.03233,1.8934,5706,0.93,0.96,-0.07,814.125
0.93875077,0.01867,1.58,3.12,0,2218.145,1676,89.86,0.013,0.02807,1.3901,5708,0.96,0.97,0,865.596
70.9674603,0.3392,3.54,12.3,0,8.443,438,89.54,0.0474,0.07847,6.8992,6179,1.25,1.17,0.04,381.773
2.416601183,0.03557,0.91,0.693,0,715.106,1343,89.79,0.0429,0.00845,1.9656,5748,1.04,1.07,0.27,382.989
3.908632005,0.0418,2.43,6.48,0,99.097,787,89.63,0.111,0.08672,1.8427,4601,0.69,0.73,-0.01,555.574
160.129918,0.6276,4.77,20.4,0,7.813,450,89.24,0.6344,0.1183,13.176,6224,1.32,1.21,0.07,1842.13
1.791110205,0.0296,1.46,2.73,0,1106.851,1549,89.76,0.028,0.01675,2.098,5857,1.03,1.03,0.03,817.534
5.33905686,0.0525,2.1,5.06,0,115.765,817,89.96,0.02,0.07555,1.6507,5048,0.77,0.81,-0.03,661.014
18.870227,0.129,2.92,8.85,0,21.609,621,89.98,0.03,0.10966,3.075,5404,0.892,0.756,-0.27,459.368
46.90232,0.237,2.53,6.94,0,6.422,458,89.49,0.29,0.08213,3.826,5404,0.892,0.756,-0.27,459.368
2.5904434,0.03553,1.64,3.33,0,353.561,1484,83.9,0.1071,0.03309,2.1618,5477,0.88,0.92,0.03,489.876
5.3227406,0.05744,1.65,3.36,0,135.179,1167,85.11,0.0643,0.03424,2.571,5477,0.88,0.92,0.03,489.876
9.20761013,0.08276,3.27870115,10.8,0,69.2,972,85.3,0.7434,0.12431,2.8892,5678,1.303,1.015,0.2,489.876
1.138543376,0.02204,1.11,1.41,0,4457.2,2537,81.07,0.1988,0.00662,2.0922,6260,1.27,1.16,-0.03,666.334
1.093663559,0.0206,1.35,2.39,0,1705.762,1681,88.29,0.405,0.02184,1.4839,5559,0.88,0.91,-0.1,798.246
308.5471,0.93416,3.46,11.8,0,4.786,330,89.99,0.022,0.05868,18.464,6431,1.51,1.31,0.03,966.801
5.71668872,0.0599,1.89,4.23,0,196.51,955,88.04,0.0003,0.04317,1.959,5442,0.86,0.9,-0.01,1107
138.9442,0.5329,2.55,7.04,0,5.384,384,89.89,0.195,0.05302,10.456,6021,1.11,1.08,0,897.733
364.758031,0.8507,3.14,10,0,0.193,166,89.59,0.875,0.14815,13.006,4434,0.67,0.71,0.05,387.248
1.444453798,0.0245,1.18,1.76,0,713.168,1800,89.18,0.162,0.02216,0.9748,5079,0.77,0.81,-0.08,517.292
175.138819,0.6095,2.82,8.35,0,1.989,346,89.97,0.07,0.06345,10.666,5837,1.03,1.03,0.02,1125.3
133.3036741,0.4765,2.7,7.75,0,1.572,301,89.97,0.0035,0.1199,7.416,5176,0.8,0.84,-0.01,748.326
33.040532,0.198,2.26,5.73,0,28.11,561,89.65,0.37,0.05774,3.355,5690,1.001,0.933,0.02,915.212
62.303276,0.303,2.95,9.01,0,12.071,454,89.13,0.7,0.08593,7.51,5690,1.001,0.933,0.02,915.212
20.54981883,0.14354,3.84,14.1,0,53.002,657,88.38,0.47,0.15643,5.4586,5769,0.98,0.98,-0.04,915.212
3.93276465,0.04766,1.5,2.86,0,480.405,1140,87.81,0.3347,0.02349,2.9166,5769,0.98,0.98,-0.04,915.212
9.91935684,0.08832,1.5,2.86,0,139.884,838,89.47,0.163,0.01867,4.24,5769,0.98,0.98,-0.04,915.212
125.4131177,0.4426,2.49,6.76,0,0.849,266,89.82,0.0198,0.1345,2.2134,4540,0.69,0.74,0.1,244.96
8.40691199,0.07555,1.16,1.65,0,75.56,1048,89.97,0.2048,0.0202,1.8785,5282,0.81,0.86,-0.04,416.692
3.95116882,0.04765,0.76,0.363,0,518.437,1160,88.05,0.4297,0.00609,2.5916,5564,0.99,0.94,0.06,399.114
2.89223021,0.0387,0.65,0.208,0,786.082,1287,89.89,0.017,0.00443,2.607,5564,0.99,0.94,0.06,399.114
5.99273738,0.0629,0.87,0.59,0,297.806,1010,88.08,0.2262,0.00698,2.5486,5564,0.99,0.94,0.06,399.114
5.10115756,0.05649,0.76,0.363,0,369.999,1065,89.68,0.083,0.00651,2.615,5564,0.99,0.94,0.06,399.114
6.96710269,0.0867,2.71,7.8,0,375.651,1774,82.12,0.5519,0.02353,3.643,6561,1.65,1.39,0.07,921.784
168.811174,0.54465,1.78,3.82,0,0.833,269,89.797,0.584,0.06118,6.5,4886,0.74,0.81,0.02,335.09
163.692349,0.5442,2.7,7.75,0,1.408,274,89.99,0.028,0.1138,6.856,5201,0.8,0.84,-0.06,729.964
19.5974971,0.1366,3.13,9.96,0,36.302,671,87.32,0.4617,0.10141,4.069,5623,0.93,0.95,0.01,931.956
0.692979676,0.01556,0.9,0.666,0,5760.944,3186,61.66,0.2593,0.0061,1.082,6078,1.18,1.12,0.04,674.695
124.828679,0.4679,2.64,7.46,0,1.933,350,89.96,0.1636,0.06475,6.334,5706,0.97,0.99,0.05,872.279
214.886545,0.6687,2.57,7.13,0,1.184,286,89.99,0.0171,0.07592,10.11,5324,0.84,0.88,0.02,803.052
5.931194,0.056,2.09,5.02,0,23.5,614,89.88,0.67,0.10351,2.371,4508,0.62,0.635,-0.142,293.499
52.661793,0.242,2.24,5.65,0,1.28,286,89.495,0.78,0.1088,3.188,4508,0.62,0.635,-0.142,293.499
225.582809,0.7681,3.02,9.38,0,2.305,348,89.98,0.201,0.07549,11.181,5991,1.11,1.07,0.01,1179.01
24.4973698,0.1772,2.66,7.56,0,60.421,722,87.79,0.5019,0.04491,5.081,6136,1.22,1.14,0.01,1463.72
184.771853,0.6011,2.47,6.66,0,1.854,268,89.98,0.2392,0.10346,9.706,5202,0.78,0.85,-0.07,769.096
4.24261881,0.0481,1.15,1.6,0,166.106,926,89.08,0.3441,0.01876,2.658,5288,0.81,0.85,-0.09,692.594
198.088774,0.59527,2.9,8.75,0,1.014,288,89.77,0.4546,0.10277,8.121,5297,0.81,0.84,-0.1,946.847
8.10501635,0.0805,1.61,3.22,0,483.262,959,88.47,0.2763,0.02099,4.443,5866,1.06,1.04,0.03,2013.27
8.82713457,0.0829,1.96,4.5,0,92.138,797,89.57,0.152,0.04168,2.086,5608,0.95,0.97,0.08,944.54
3.74032496,0.049,1.53,2.96,0,645.543,1287,88.63,0.277,0.01656,2.439,6099,1.17,1.11,0.02,1380.16
3.50470358,0.04278,0.68,0.244,0,189.886,1019,88.66,0.0046,0.00907,2.01,5101,0.79,0.83,0,325.737
0.971915428,0.01835,0.72,0.299,0,1620.063,1609,81.16,0.3415,0.00737,1.629,5316,0.82,0.86,-0.04,614.827
4.973456,0.054,2.3,5.9,0,135.077,867,86.75,0.69,0.07416,1.579,5094,0.807,0.864,0.2535,443.483
15.906801,0.117,2.55,7.04,0,28.642,588,89.97,0.64,0.09247,3.984,5094,0.807,0.864,0.2535,443.483
3.03195744,0.04175,0.89,0.64,0,593.919,1269,88.74,0.287,0.00834,1.657,5815,1.02,1.02,0.04,502.497
1.005207007,0.0194,1.09,1.32,0,2364.807,1682,88.34,0.137,0.00975,1.62,5957,1.11,1.07,0.04,839.076
64.2737752,0.3308,3.55,12.3,0,31.768,554,87.44,0.908,0.12139,9.756,5760,1.05,1.02,0.11,2060.72
3.43276598,0.0442,0.75,0.347,0,390.57,1134,81.58,0.481,0.00632,4.156,5765,0.99,1,0.02,616.697
18.0540381,0.1327,1.47,2.76,0,41.514,635,89.67,0.175,0.02831,4.409,5528,0.9,0.93,0.03,908.805
1.538188437,0.0241,1.19,1.81,0,510.566,1234,82.28,0.2451,0.02717,1.7022,4940,0.73,0.76,-0.16,629.93
0.539915238,0.01198,0.79,0.418,0,2340.984,1871,85.27,0.0776,0.0097,1.139,5254,0.81,0.84,-0.07,466.586
153.979578,0.552,2.73,7.9,0,2.723,330,89.98,0.159,0.07925,8.994,5655,0.93,0.95,-0.03,1206.11
20.925392,0.15157,1.3,2.24,0,72.568,729,89.51,0.201,0.0109,6.617,5956,1.19,1.09,0.09,916.313
5.79180156,0.06669,1.68,3.46,0,495.652,1222,81.51,0.1628,0.01185,3.273,6319,1.4,1.25,0.06,945.454
1.732342,0.028,1.32,2.3,0,1572.309,1546,88.24,0.02,0.01824,2.186,5774,1.044,0.95,-0.0593,773.713
13.5405,0.11,2.24,5.65,0,101.754,779,89.56,0.34,0.0461,4.514,5774,1.044,0.95,-0.0593,773.713
7.02573474,0.0706,1.46,2.73,0,244.058,969,86.8,0.75,0.01907,2.1114,5866,1.03,1.02,-0.01,773.713
26.548955,0.16699,1.07,1.24,0,76.457,836,89.52,0.21,0.0142,7.979,5550,0.89,0.92,-0.04,918.995
3.38555488,0.04287,1.52,2.92,0,757.132,1476,89.47,0.129,0.0116,1.914,6297,1.39,1.23,0.04,675.303
5.49548621,0.05838,0.94,0.779,0,583.523,1293,89.31,0.1232,0.00858,2.511,5618,0.95,0.97,0.08,946.602
2.6157554,0.0364,1.2,1.87,0,1343.114,1379,87.98,0.25,0.01204,2.639,5808,1,1.01,0.02,1455.36
6.9424334,0.0743,1.29,2.21,0,289.778,1003,87.95,0.343,0.01608,3.39,5892,1.08,1.06,0.08,1384.16
2.55314213,0.0366,1.31,2.27,0,803.679,1312,88.19,0.32,0.01853,1.858,5667,0.92,0.95,-0.07,1246.92
6.98471973,0.07211,1.04,1.12,0,156.608,1059,88.54,0.451,0.00907,2.723,5876,1.06,1.05,0.05,460.91
6.30560247,0.0657,1.13,1.51,0,57.751,1125,87.71,0.5424,0.02208,2.468,4862,0.74,0.78,0,510.029
1.450886907,0.0252,1.04,1.12,0,1486.438,1700,86.85,0.333,0.01357,1.781,5545,0.86,0.9,-0.13,1064.05
0.849907889,0.014,0.84,0.52,0,396.64,1139,81.86,0.259,0.01311,1.0925,4584,0.7,0.75,0.11,466
16.709184,0.111,2.12,5.14,0,13.634,500,88.2,0.86,0.08398,2.765,4623,0.624,0.655,-0.3,315.177
28.551383,0.158,1.9,4.27,0,6.677,418,89.17,0.61,0.08078,4.248,4623,0.624,0.655,-0.3,315.177
0.645088,,0.43,0.0472,,,,,,,1.2,4895.97,0.668,0.656,-0.3,315.177
56.6449279,0.33571,2.11,5.1,0,83.088,733,88.47,0.3679,0.00956,15.079,6228,2.15,1.47,0.12,1002.02
6.28385491,0.06865,0.8,0.437,0,470.862,1108,89.49,0.101,0.00357,4.124,6022,1.23,1.12,0.07,493.175
4.83817712,0.0316,1.49,2.83,0,2.5,354,89.98,0.2607,0.1544,1.26,3208,0.3,0.28,0.48,78.8906
9.32807355,0.08307,0.6,0.156,0,124.307,788,89.86,0.044,0.00452,3.936,5645,0.91,0.94,-0.07,403.933
13.3997099,0.1168,1.61,3.22,0,162.544,886,89.21,0.375,0.01673,3.532,6069,1.13,1.1,0,1416.31
3.5827463,0.0445,1.79,3.86,0,182.941,1064,89.55,0.143,0.0397,1.541,5538,0.91,0.94,0.08,944.465
15.6049212,0.12208,1.52,2.92,0,105.771,1013,87.81,0.7218,0.00734,4.521,6681,1.75,1.45,0.06,552.55
9.4060467,0.08747,1.33,2.33,0,254.701,981,88.33,0.397,0.00795,5.161,5933,1.22,1.08,0.07,1026.48
7.84931739,0.07419,0.76,0.363,0,359.79,925,89.62,0.0776,0.00682,3.736,5817,0.99,0.96,-0.14,924.141
0.991665274,0.0205,1.09,1.32,0,5228.785,2102,71.48,0.224,0.00773,2.378,6166,1.25,1.18,0.08,1513.14
10.139623,0.082,2.38,6.26,0,33.463,447,89.85,0.68,0.12252,2.692,4625,0.663,0.628,-0.04,373.744
43.595792,0.218,3.41,11.5,0,4.791,275,89.99,0.78,0.23064,5.153,4625,0.663,0.628,-0.04,373.744
7.61760804,0.07116,1.14,1.55,0,171.478,1020,89.17,0.234,0.00854,3.479,6053,1.16,1.11,0.03,771.152
8.18504949,0.0794,1.27,2.15,0,439.434,892,86.83,0.1372,0.00976,4.214,6082,1.16,1.1,0.01,1419.58
3.05710069,0.04,1.54,2.99,0,1918.34,1202,89.1,0.254,0.0144,3.523,6213,1.28,1.18,0.04,1639.47
174.509835,0.55494,3.17,10.2,0,0.889,260,89.847,0.46,0.153,7.098,4995,0.77,0.81,0.02,638.249
2.71603809,0.0396,1.06,1.2,0,672.414,1360,87.67,0.0906,0.00985,1.859,5946,1.08,1.06,0.03,976.868
4.56380468,0.051,1.23,2.04,0,185.568,980,88.56,0.3223,0.02222,2.32,5203,0.8,0.84,-0.02,845.022
66.373379,0.3237,1.9,4.27,0,33.378,471,89.98,0.0011,0.0415,11.181,5706,0.92,0.95,-0.11,2146.23
2.94654179,0.04136,1.06,1.2,0,1431.311,1497,89.92,0.3175,0.0057,3.28,6377,1.39,1.25,0.02,1221.05
4.34195123,0.05207,0.95,0.809,0,308.46,1236,89.47,0.0018,0.00772,2.696,5940,1.09,1.07,0.04,619.862
122.363553,0.4823,1.62,3.26,0,8.196,407,89.83,0.255,0.03528,9.32,5767,0.99,0.99,0.02,1328.2
228.776,0.7048,8.4493,105.833,0.0069,,,90.0322,,,,4450,0.6489,0.6897,-0.3,75.0852
4.309397,0.05511,1.715,3.59,0,396.619,1134,89.83,0.19,0.03107,2.8977,5471,1.118,1.003,0.2,937.013
13.699429,0.1192,3.76,13.6,0,84.848,771,89.93,0.26,0.12929,4.3409,5471,1.118,1.003,0.2,937.013
30,0.17,,100,,,,86.9,,,,5471,1.118,1.003,0.2,937.013
386.370548,0.98141,3.13,9.96,0,0.4,209,90,0.0592,0.13364,10.95,5214,0.82,0.86,0.07,1030.81
7.298049927,0.06961,1.94206512,4.43,0,84.7,786,88.63,0.411,0.03705,3.024,5119,0.834,0.818,0.1,1030.81
2.20921951,0.03281,0.82,0.477,0,999.752,1507,89.11,0.11,0.00598,2.73,5869,1.07,1.04,0.05,644.456
11.17931605,0.09744,1.34,2.36,0,124.507,1159,89.15,0.381,0.00879,3.043,6296,1.36,1.22,0.02,629.804
2.27163926,0.0351,1.29,2.21,0,1269.46,1522,89.87,0.2925,0.00824,4.043,6241,1.31,1.21,0.07,2712.58
0.683684256,0.01406,1.41,2.57,0,1391.4,2023,40.98,0.6331,0.02856,0.9993,4976,0.76,0.81,0.02,541.189
85.7565495,0.36567,1.08,1.28,0,16.734,528,89.51,0.4052,0.01654,5.802,5280,0.82,0.86,-0.01,546.23
196.435224,0.6421,2.07,4.94,0,1.29,324,89.814,0.48,0.06319,8.602,5422,0.86,0.9,0.01,831.287
13.6473676,0.11978,0.92,0.721,0,449.632,913,86.47,0.0137,0.00633,7.769,6116,1.21,1.14,0.05,1286.1
16.4735686,0.1126,1.73,3.64,0,33.22,612,89.97,0.0605,0.04705,4.231,4992,0.72,0.75,-0.24,832
114.34219,0.4679,2.22,5.56,0,12.975,429,89.44,0.529,0.02398,13.001,6132,1.27,1.18,0.1,1826.04
4.921355,0.054,2.12,2.63,0,123.4,868,89.93,0.02,0.08001,1.873,5078,0.806,0.853,0.24,434.632
7.06424,0.068,2.05,3.61,0,76.201,769,88.42,0.2,0.0733,1.351,5078,0.806,0.853,0.24,434.632
8.70181574,0.0777,1.61,3.22,0,56.212,750,89.88,0.045,0.03041,3.019,5383,0.87,0.91,0.1,864.331
44.9851885,0.2323,2.09,5.02,0,8.34,433,89.41,0.664,0.06178,4.164,5295,0.8,0.825,-0.1,864.331
5.1762429,0.0586,0.81,0.457,0,146.22,1243,89.26,0.2178,0.00787,5.15,5605,0.93,0.94,0.01,908.444
3.91795101,0.0482,1.03,1.08,0,269.248,1030,88.27,0.3837,0.01165,2.586,5643,0.94,0.96,0.03,764.726
1.5184299,0.02755,2.08,4.98,0,6797.623,1926,80.83,0.561,0.01968,3.414,6005,1.12,1.08,0.01,1508.33
3.9466141,0.0471,1.49,2.83,0,276.373,981,88.54,0.3014,0.03094,2.836,5121,0.76,0.79,-0.17,1191.19
47.3126192,0.2788,2.06,4.9,0,31.171,658,84.51,0.9655,0.02174,10.652,5865,1.05,1.04,0.06,1393.83
6.76284377,0.07318,1.02,1.04,0,724.861,1337,85.5,0.1156,0.00567,5.872,6266,1.34,1.21,0.02,1137.81
27.4785572,0.17707,1.2,1.87,0,64.689,736,89.98,0.008,0.00889,8.305,6167,1.22,1.15,0.01,898.31
6.10826019,0.07109,1.26,2.13,0,903.908,1267,86.57,0.4504,0.00565,3.649,6620,1.65,1.41,0.04,1229.25
23.6225913,0.15413,0.76,0.363,0,74.635,797,89.14,0.0733,0.0057,6.544,5852,1,1,-0.07,734.85
6.919798,0.069,1.26,2.13,0,305.946,961,84.93,0.27,0.01701,3.339,5816,0.958,1.053,0.1,855.641
19.446355,0.137,3.03,9.43,0,77.052,681,88.21,0.54,0.0926,3.527,5816,0.958,1.053,0.1,855.641
101.951829,0.4322,1.61,3.22,0,7.92,428,89.96,0.0773,0.01651,5.989,6157,1.23,1.15,0.03,895.069
92.263714,0.4204,2.16,5.31,0,14.055,469,89.81,0.273,0.02938,9.862,6158,1.24,1.15,0.03,1631.66
10.8118737,0.10136,1.47,2.76,0,236.005,922,86.49,0.896,0.0088,2.611,6436,1.5,1.31,0.04,796.477
4.36128348,0.0518,1.31,2.27,0,243.08,1000,88.52,0.374,0.01769,2.058,5772,1,1,0.04,837.481
3.290314,0.0327,6.59,35.3,0,6.01,540,89.68,0.553,1.35526,1.7505,3768,0.552,0.541,0.269,258.979
287.378949,0.87762,6.06,30.6,0,3.3,350,89.99,0.0358,0.43769,18.886,5677,0.94,0.96,0.01,2310.11
4.13962966,0.0537,2.02,4.74,0,1328.654,1352,87.83,0.1442,0.01109,3.284,6826,1.85,1.51,0.04,1368.83
7.20283653,0.0643,3.69,13.2,0,143.12,794,89.92,0.028,0.18326,2.886,5445,0.84,0.87,-0.1,317.437
76.378033,0.2952,6.43,33.8,0,0.79,240,89.71,0.6067,1.1004,4.952,3724,0.52,0.55,0.17,352
3.87595807,0.0485,0.77,0.381,0,315.457,1081,89.89,0.3822,0.00586,2.226,5776,1.01,1.01,0.05,336.09
7.810937,0.078,1.05,1.16,0,115.612,906,85.78,0.55,0.01267,3.359,5776,0.917,0.882,0.1412,689.814
21.347262,0.152,2.26,5.73,0,30.238,648,87.5,0.15,0.06305,3.765,5776,0.917,0.882,0.1412,689.814
509.997402,1.1218,2.19,5.43,0,0.26,182,89.95,0.0254,0.1267,8.481,4736,0.63,0.66,-0.46,331.213
4.09513932,0.0511,1.35,2.39,0,446.918,1122,75.96,0.378,0.01817,1.929,5679,0.95,0.97,0.04,1305.99
448.303558,0.6762,2.47,6.66,0,6.062,369,89.99,0.217,0.03486,12.713,6137,1.19,1.12,0,716.76
186.404271,0.3875,1.58,3.12,0,26.258,925,88.51,0.2936,0.0129,10.46,6256,1.32,1.2,0.02,1114.91
374.876239,1.0525,3.19,10.3,0,0.544,282,89.84,0.8922,0.09265,11.328,5474,0.89,0.92,0.02,617.339
469.63111,1.12664,3.64,12.9,0,0.4,200,89.61,0.9009,0.12347,13.556,5347,0.85,0.89,0.06,1069.45
425.47785,1.12191,3.23,10.5,0,1.217,248,89.99,0.1856,0.09984,17.848,5797,1.02,1.01,0.03,1947.54
6.10960324,0.0596,0.89,0.64,0,337.78,1093,89.24,0.108,0.00603,5.585,5789,1.02,1.02,0.07,567.187
259.33683,0.745,1.87,4.16,0,2.76,304,89.9954,0.014,0.03497,15.979,5710,0.95,0.97,-0.01,1525.52
9.878482,0.0932,2.58,7.18,0,187.848,1003,87.7,0.0925,0.04547,3.081,6150,1.18,1.12,-0.03,1031.31
5.03503,0.058,1.41,2.57,0,370.922,1141,84.49,0.08,0.01601,1.649,5888,1.148,1.036,0,890.758
10.945723,0.097,2.73,7.9,0,131.487,881,87.17,0.51,0.05328,3.004,5888,1.148,1.036,0,890.758
28.986769,0.187,2.45,6.57,0,35.89,637,88.64,0.28,0.04716,3.444,5888,1.148,1.036,0,890.758
94.886902,0.4025,4.24,16.7,0,7.99,429,88.37,0.982,0.06417,6.923,5888,1.097,0.966,-0.1,890.758
7.5844126,0.0836,4.82,20.7,0,537.4,1228,85.04,0.6108,0.1005,3.81,6324,1.43,1.27,0.1,1859.78
19.672266,0.1473,3.11,9.85,0,82.828,908,88.19,0.721,0.06499,4.766,6152,1.19,1.12,-0.02,860.37
32.657212,0.2065,2.95,9.01,0,42.145,767,89.99,0.007,0.06204,5.982,6152,1.19,1.12,-0.02,860.37
12.2057513,0.1016,3.2,10.3,0,39.915,895,89.85,0.3223,0.15145,2.454,5355,0.84,0.88,-0.01,413.873
6.6513802,0.0678,2.66,7.56,0,89.632,1095,89.85,0.1915,0.10756,2.1356,5355,0.84,0.88,-0.01,413.873
5.342657,0.0531,2.32,5.99,0,137.753,799,89.93,0.583,0.06887,2.41,4916,0.855,0.845,-0.01,341.774
21.0907758,0.142,1.88,4.19,0,31.86,606,87.63,0.5997,0.04458,4.629,5499,0.86,0.89,-0.1,629.27
16.1779561,0.1285,1.78,3.82,0,138.538,754,89.81,0.081,0.02985,5.269,5812,1.02,1.02,0.04,1202.47
4.48558383,0.0295,1.23,2.04,0,4.2,365,89.36,0.3763,0.2265,0.8208,3299,0.26,0.24,0.04,127.591
1107.5923,2.7205,11.8739,483,0.0581,,,90.0972,,,,6210,1.7903,1.2207,-0.14,1212.45
8.689099,0.0514,1.017,1.03,0,2.208,307,89.15,0.65,0.1783,1.184,3240,0.2317,0.1977,-0.15,92.1913
19.53527,0.0649,1.06,1.2,0,0.75,234,89.339,0.875,0.1732,1.07,3240,0.2317,0.1977,-0.15,92.1913
8.180848,0.072,2.32,5.99,0,59.799,716,88.51,0.78,0.07235,2.869,5211,0.77,0.746,-0.25,560.885
15.31299,0.11,2.23,5.6,0,25.931,581,88.89,0.06,0.08649,3.028,5211,0.77,0.746,-0.25,560.885
1.53818001,0.0167,0.96,0.84,0.01,54.562,602,77.38,0.31,0.0841,1.1027,3410,0.334,0.326,-0.11,134.397
9.87863917,0.0692,1.84,4.04,0.13,5.65,393,89.97,0.45,0.14727,1.8915,3713,0.503,0.522,-0.16,66.4074
38.09722,0.1654,1.6,3.19,0,0.81,268,89.9927,0.011,0.0977,3.24,3638,0.382,0.404,-0.3,252
140.2524,0.4706,2.17,5.35,0,0.98,284,89.788,0.52,0.0665,6.6,4807,0.693,0.719,-0.18,755
1047.8356,2.026,9.180171,158.915,0.26,0.3,206,89.982,0.114,0.5096,22.992,5597,1.179,1.011,-0.088,568.117
11.8728787,0.1029,2.213,5.4,0.19,129.1,938,87.62,0.88,0.03432,2.3661,6148,1.03,1.03,-0.24,213.26
31.562,0.1974,4.574,47.8,0.838,24.6,651,89.31,0.083,0.21254,2.12435,5569,1.1,1.03,0.19,185.875
1919,3.053,14,126.4,0.527,,,,,,,5569,1.1,1.03,0.19,185.875
7.650254,0.072,2.27,5.77,0,77.543,772,89.96,0.09,0.09814,2.749,5413,0.742,0.811,-0.08,603.53
34.260281,0.195,2.38,6.26,0,10.507,468,89.99,0.23,0.10725,4.84,5413,0.742,0.811,-0.08,603.53
1.554003928,0.02449,1.73,3.64,0,651.409,1313,89.87,0.72,0.04658,1.7696,5350,0.83,0.88,-0.03,603.53
239.5044,0.8,12.9,1586.599408,0.05541,,,86.31,,,,6305.24,1.491,1.1366,-0.36,1188.54
175.06,0.633,3.87,17,0.057,0.88,243,89.46,,,,5100,0.762,0.841,-0.12,410.607
17.6046,0.1072,3.30395896,10.9,0,4.07,362,88.52,0.715,0.23744,3.716,3844,0.62859,0.610816,0.06,337.926
14.3868,0.1137,3.03320653,9.45,0,85.46,776,89.98,0.1614,0.05696,2.1417,5735.81,1.072,0.944,0.3698,626.691
11.9548,0.096,2.83910787,8.44,0,40.4,906,89.03,0.0841,0.09037,2.1433,5049.84,0.777785,0.842,-0.013,335.515
25.8476,0.1761,2.88273782,8.66,0,48.23,672,89.91,0.56,0.05374,5.985,6293,1.14586,1.23,-0.2,1379.37
40.7157,0.2383,3.23564749,10.5,0,26.34,578,89.99,0.6,0.06809,6.975,6293,1.14586,1.23,-0.2,1379.37
83.5781,0.35905,2.98385261,9.19,0,9.3,655,89.59,0.912,0.06308,7.2487,5941.54,1.08751,1.09,-0.2603,626.819
15.434,0.124,4.34764405,17.4,0,63.79,721,88.09,0.707,0.17859,4.2572,5542,1.01738,0.98,0.07,1335.64
9.51216,0.0745,2.78043818,8.15,0,18.66,530,89.7,0.133,0.11694,2.9497,4303,0.714145,0.67,-0.23,543.444
1.609320045,0.0228,1.90120972,4.27,0,199.28,958,89.89,0.1042,0.07285,1.5675,4224,0.603,0.609,-0.2,543.444
4.72941177,0.0468,1.22,1.98,0,47.3,669,89.16,0.236,0.04343,2.234,4224,0.603,0.609,-0.2,543.444
4.3931539,0.04825,1.718,3.6,0,122.502,918,88.3,0.41,0.04407,2.4455,4884,0.749,0.777,0.02,341.908
7.406106,0.0684,1.674,3.44,0,61.175,771,88.48,0.52,0.04187,2.8826,4884,0.749,0.777,0.02,341.908
21.80379,0.1404,1.238,2.06,0,14.489,538,89.26,0.52,0.0229,3.582,4884,0.749,0.777,0.02,341.908
1071.23205,1.883,10.16,321.0066911,0.29,0.1,134.4,89.972,0.271,1.54,16.1784,4884,0.749,0.777,0.02,341.908
20.4998,0.1528,3.3564801,11.2,0,67.67,731,84.41,0.887,0.04378,6.501,5838,1.51889,1.05,-0.08,2065.98
4.16787,0.04946,1.32557381,2.32,0,205,962,89.33,0.83,0.01709,2.2148,5135.55,0.929771,0.866,0.2502,357.059
150.878,0.55374,2.97022762,9.11,0,4.4,423,89.99,0.01,0.06509,8.6405,6131.95,1.08841,1.16,-0.25,391.181
33.7888,0.21363,2.9355194,8.93,0,30.5,611,89.91,0.078,0.0613,5.4794,6014.95,1.13166,1.11,0.228,727.187
62.5611,0.3017,3.2057749,10.4,0,7.13,417,89.02,0.0246,0.13726,5.907,5473.91,0.877273,0.96,0.0562,1012.48
63.0382,0.32185,3.12483349,9.93,0,11.8,465,89.98,0.81,0.06587,7.3269,5853.19,1.12865,1.06,0.2537,651.117
29.9221,0.1954,3.3769596,11.3,0,33.45,782,89.72,0.0103,0.03453,2.758,5878.3,1.06066,1.07,0.135,
22.064,0.1599,2.70216183,7.76,0,59.4,712,86.73,0.195,0.03887,3.493,6013.72,1.24959,1.11,0.108,735.369
147.974,0.5302,3.30422249,10.9,0,2.78,329,89.99,0.0235,0.12671,6.854,5754,0.834976,1.03,0,847.339
9.75376,0.0892,2.0692036,4.93,0,103.3,813,89.45,0.295,0.04308,2.331,5501,0.873196,0.96,-0.04,909.28
4.425391,0.056,1.46,2.73,0,725.064,1240,88.95,0.18,0.0179,3.514,6282,1.107,1.113,0.09,1343.6
13.193242,0.116,2.69,7.7,0,169.002,862,89.99,0.02,0.05857,4.936,6282,1.107,1.113,0.09,1343.6
8.77424,0.07642,1.35954736,2.42,0,49,771,86.06,0.0249,0.02619,2.1326,5021,0.723259,0.834,-0.07,310.315
69.8956,0.32,2.55321772,7.05,0,5.33,442,89.08,0.5146,0.05484,5.276,5756.4,0.759,0.893,0.1064,758.3
14.8334,0.1134,2.88940836,8.7,0,54.74,694,89.16,0.12,0.09647,4.436,5619.12,0.842301,0.99,-0.048,1159.85
15.0337,0.1182,1.87477762,4.17,0,47.32,669,89.98,0.01,0.03749,3.272,5429,0.900327,0.95,0.16,733.143
47.7055,0.2253,2.87084792,8.6,0,3.42,347,88.24,0.88,0.11615,5.959,4706.54,0.666755,0.75,0.1267,621.996
20.4905,0.1485,2.57673985,7.16,0,36.01,625,89.98,0.011,0.06618,4.961,5484,0.835451,0.96,0.21,1141.89
9.30987,0.08827,1.42553017,2.62,0,167.2,913,88.19,0.04,0.01145,3.455,5714.96,1.19951,1.02,0.0775,729.823
5.77954,0.0532,1.65623882,3.38,0,30.22,598,82.13,0.7593,0.03966,2.5213,4132,0.726119,0.65,-0.14,417.014
5.62012,0.0577,1.26174569,2.13,0,84.01,772,78.72,0.1793,0.02037,2.751,4632.11,0.746,0.814,-0.046,567.4468709
8.483,0.0784,0.94678642,0.799,0,149.3,879,88.5,0.0558,0.00691,2.485,5731.43,0.996208,1.023,-0.1455,294.122
3.250619,0.04,1.13,1.51,0,195.221,962,85.27,0.47,0.02184,2.135,4997,0.763,0.825,0.17,406.529
6.195469,0.062,1.21,1.92,0,82.853,776,87.06,0.04,0.02964,3.056,4997,0.763,0.825,0.17,406.529
8.348125,0.075,1.25,2.1,0,55.53,702,86.78,0.04,0.02941,2.79,4997,0.763,0.825,0.17,406.529
13.767102,0.105,2.2,5.48,0,28.548,595,87.99,0.79,0.06848,2.912,4997,0.763,0.825,0.17,406.529
87.090195,0.359,2.58,7.18,0,2.439,321,89.15,0.56,0.11667,6.313,4997,0.763,0.825,0.17,406.529
234.636,0.7097,2.81109223,8.3,0,1.2,267,89.99,0.025,0.09263,6.897,5404,0.862346,0.94,0,703.789
3.8482,0.0495,1.83470985,4.02,0,641.53,1283,88.47,0.368,0.02039,2.013,6000,1.13152,1.11,0.16,1267.67
5.95966,0.0646,1.11177184,1.42,0,153.48,897,89.03,0.26,0.01288,2.896,5146,0.866139,0.87,0.36,591.019
12.0999,0.1011,1.28938413,2.21,0,100.37,807,89.69,0.14,0.01655,3.358,5432.34,0.878295,0.95,0.026,760.065
5.363709927,0.0588,0.97698289,0.894,0,296.73,1059,89.97,0.008,0.01143,2.875,5553,1.098,0.941,0.16,760.065
3.89526,0.0449,1.17986031,1.76,0,197.66,956,89.26,0.224,0.0189,1.689,4954,0.756284,0.82,0.14,513.329
4.7329,0.0529,1.11948901,1.46,0,198.57,957,89.67,0.377,0.01516,1.5691,5473.19,0.987155,0.96,-0.0347,791.175
65.9409,0.3244,2.80982017,8.29,0,10.04,454,89.7,0.0108,0.05804,7.776,5712,1.19811,1.02,-0.04,1506.36
33.4969,0.2008,1.25954761,2.12,0,37.3,630,86.86,0.2291,0.01686,4.111,4681.53,0.772344,0.747,0.0341,247.771
1.2107,0.02065,1.07315686,1.25,0,697.6,1351,83.56,0.597,0.01591,1.434,4975.03,0.741698,0.822,0.08,222.345
3.49082,0.0418,1.56671124,3.08,0,245.65,1010,89.64,0.116,0.03368,1.4513,5575.53,0.725,0.81,0.225,818.759
1.4857108,0.02591,14.68,778.65,0.011,1481.766,1570,87.2,0.268,2.18019,2.2764,5781,1.01034,1.04,0.26,720.753
7.930592,0.08,3.2,82.6,0,136.522,899,87.79,0.76,0.08261,3.68,5679,1.035,1.066,0.39,738.657
16.665863,0.131,2.86,8.55,0,50.682,702,89.13,0.42,0.07542,4.2,5679,1.035,1.066,0.39,738.657
234.239,0.76094,2.90129941,8.76,0,2.2,329,89.02,0.944,0.04665,12.925,6031,1.0937,1.12,0.07,717.597
169.134,0.5738,2.22186207,5.57,0,1.3,273,89.57,0.1775,0.06716,8.614,5146,0.840217,0.87,0.03,584.142
18.5012,0.1275,1.60190793,3.2,0,22.4,555,88.72,0.2241,0.04211,3.179,5093,0.725742,0.85,-0.24,857.14
988.88112,2.027,11.94877343,1322.166173,0.92,0.342,253.8,89,0.37,0.506,6.007,5746,1.697,1.132,0.196,835.455
9.03502,0.08,2.03,4.47,0.033,91.74,789,88.79,0.32,0.01916,5.92,6312,1.259,1.139,-0.2,1633.49
11.28,,2.05,5.42,0.028,,,88.89,0.34,,,6312,1.259,1.139,-0.2,1633.49
737.1131,1.64,9.96,1462.010672,0.4,0.561,,,0.37,,,6157,1.117,1.088,0,1666.69
65.70459747,0.32704,3.12424875,9.93,0,11.7,472,89.68,0.942,0.06567,3.2645,5918,1.043,1.003,-0.04,273.946
4.166972,0.05,2.34,6.08,0,304.178,1053,89.89,0.05,0.08799,2.741,5642,0.839,0.978,0.17,863.855
11.463462,0.098,2.56,7.08,0,78.905,752,89.83,0.04,0.10245,2.566,5642,0.839,0.978,0.17,863.855
39.595519,0.223,1.89,4.23,0,15.103,497,89.8,0.58,0.04896,6.315,5642,0.839,0.978,0.17,863.855
14.91110039,0.11583,3.19744103,3.49494179,0,48.9,694,89.98,0.014,0.08959,3.3353,5650,0.899,0.932,-0.04,305.193
21.06080055,0.1463,1.923,4.36,0,47.39,669,89.67,0.0215,0.03012,5.2472,5706,1.034,0.94,0,590.268
13.81499958,0.0903,2.28372556,5.83,0,5.52,391,88.06,0.9,0.10751,2.3244,3732,0.509,0.515,0.02,156.264
18.01160049,0.14185,1.71673535,3.59,0,144.3,900,83.74,0.811,0.01029,6.7367,6477,1.459,1.3,0.1,295.293
10.27530003,0.10549,3.26437302,10.7,0,504.3,1211,88.49,0.742,0.02102,6.3195,6150,2.086,1.448,0.22,409.46
35.59730148,0.22429,4.14042267,16,0,53,646,87.51,0.41,0.0652,6.0844,6212,1.209,1.082,-0.04,522.605
35.58100128,0.18836,2.4247685,6.46,0,6.3,408,90,0.001,0.09881,3.9885,4894,0.684,0.753,-0.24,195.439
30.65279961,0.2014,2.98929758,9.21,0,87.69,780,88.89,0.751,0.02918,4.903,6200,1.64,1.158,-0.06,1008.79
135.1880035,0.48418,2.5685207,7.12,0,3.7,345,89.99,0.76,0.06634,8.8191,5731,0.906,0.846,-0.32,375.522
6.149559975,0.06868,3.95000623,14.8,0,686.9,1287,87.37,0.388,0.03337,5.5694,5687,1.775,1.08,0.04,905.406
2.940309,0.04,2.35,6.12,0,639.476,1256,80.64,0.14,0.04724,2.595,5526,1.085,1.081,0.39,828.592
6.388996,0.068,2.86,8.55,0,227.225,970,83.26,0.81,0.05433,3.389,5526,1.085,1.081,0.39,828.592
14.627119,0.118,2.25,5.69,0,75.29,736,84.97,0.05,0.03964,3.541,5526,1.085,1.081,0.39,828.592
35.118736,0.211,2.76,8.05,0,23.431,550,87.49,0.6,0.05424,3.559,5526,1.085,1.081,0.39,828.592
12.70639992,0.1043,3.21585295,10.4,0,55.86,697,88.29,0.965,0.08717,2.395,5573,0.839,0.939,-0.04,629.445
4.592380047,0.0519,3.11856756,9.9,0,172.6,924,89.93,0.02,0.10277,2.2748,5351,0.796,0.89,-0.04,641.374
9.178569794,0.0819,2.86719266,8.58,0,76.14,753,88.77,0.3185,0.07965,2.1421,5506,0.788,0.876,-0.2,772.283
39.75289917,0.2249,2.88046569,8.65,0,24.54,568,89.96,0.931,0.05493,4.9641,6072,1.01,0.96,-0.3,811.278
6.45442009,0.0683,2.83677238,8.43,0,234.98,999,86.67,0.88,0.05861,2.6772,6092,0.943,1.016,-0.22,1060.77
16.71990013,0.13263,2.8125177,8.31,0,84.1,767,89.3,0.0225,0.05306,3.2942,6020,1.085,1.049,0,558.652
18.39629936,0.12794,2.50861954,6.84,0,24,582,88.18,0.909,0.0713,2.7838,5316,0.804,0.876,0,390.552
9.029299736,0.0796,3.17321625,10.2,0,77.75,757,89.94,0.0207,0.10198,3.1323,5349,0.82,0.824,-0.12,894.187
4.782999992,0.0535,2.95501875,9.04,0,145.48,886,89.99,0.003,0.10087,2.3788,5170,0.807,0.891,0.18,651.783
4.220970154,0.0418,3.89404186,14.4,0,29.68,595,85.03,0.7126,0.226,3.0978,3837,0.517,0.544,-0.06,576.181
4.263742,0.048,1.29,2.21,0,599.495,1179,88.44,0.25,0.01831,2.261,6031,0.949,1.067,0.0357,833.165
8.005777,0.074,2.43,6.48,0,258.418,956,89.74,0.37,0.06578,3.129,6031,0.949,1.067,0.0357,833.165
13.81019974,0.1131,4.48524519,18.4,0,113.75,833,88.04,0.791,0.13097,3.048,5942,1.142,1.009,-0.04,1427.08
21.76129913,0.1399,2.93295657,8.92,0,13.3,486,89.95,0.916,0.12358,1.2657,4859,0.72,0.781,0,169.948
32.31240082,0.2015,4.09903273,15.7,0,27.05,699,86.72,0.928,0.06778,6.075,5821,1.494,1.043,0.04,1289.41
9.229579926,0.0933,3.63582354,12.8,0,257.11,1021,89.88,0.0469,0.04921,2.235,6320,1.252,1.273,0.24,2080.51
6.796850204,0.0714,3.08851092,9.74,0,222.91,985,87.32,0.929,0.03931,3.226,6061,0.97,1.05,-0.1,1482.83
7.71792984,0.0621,1.19429134,1.84,0,15.01,502,89.8,0.0912,0.03189,1.84,3975,0.509,0.535,-0.34,245.303
37.81029892,0.2188,3.8765856,14.3,0,24.27,566,89.9,0.423,0.05703,8.733,6085,0.973,0.976,-0.28,1430
64.61750031,0.297,5.395,25.1,0,5.09,383,88.9,0.8919,0.24866,5.796,5043,0.881,0.834,0.3,
7.674630165,0.0781,2.82472883,8.37,0,198.67,957,85.69,0.0562,0.0503,1.9374,6063,1.001,1.079,-0.02,1302.87
7.343709946,0.0697,2.43056832,6.48,0,117.5,839,89.78,0.0605,0.05744,1.1449,5757,0.762,0.865,-0.5,783.666
13.98179,0.1,1.96,4.5,0,24.418,553,89.24,0.22,0.10184,2.938,4880,0.622,0.602,-0.56,384.757
44.000529,0.214,1.49,2.83,0,5.296,377,89.97,0.11,0.05996,5.177,4880,0.622,0.602,-0.56,384.757
247.35373,0.677,2.19,5.43,0,0.53,212,89.99,0.09,0.12918,8.773,4880,0.622,0.602,-0.56,384.757
8.172400475,0.0779,3.32321414,11,0,127.95,858,82.8,0.942,0.08643,3.902,5705,0.905,0.943,-0.06,1061.77
2.757590055,0.0296,1.273,2.16,0,33.79,615,89.77,0.093,0.05631,1.0669,3683,0.424,0.454,-0.22,270.739
49.47819901,0.2587,2.1782413,5.38,0,10.73,462,89.98,0.048,0.052,2.479,5776,0.849,0.939,-0.18,669.573
7.649710178,0.084,1.59887007,3.18,0,515,1144,77.52,0.571,0.00554,6.625,5855,1.613,1.266,0.4,538.807
37.10110092,0.20945,3.76754004,13.6,0,21,532,89.52,0.55,0.13575,5.5556,5986,0.85,0.886,-0.5,1091.63
3.016190052,0.0408,1.92872921,4.38,0,1044.49,1449,82.72,0.0297,0.02225,2.8349,5611,1.4,0.995,0.16,996.105
321.2120056,0.94082,8.93504475,59.1,0,3.4,310,89.86,0.8577,0.24072,3.961,6018,1.286,1.09,0.06,979.541
6.230319977,0.066,4.26508,16.8,0,138.33,875,87.55,0.92,0.14492,1.6493,5477,0.865,0.983,0.21,1321.38
5.823520184,0.0615,2.71275017,7.81,0,196.33,955,85.35,0.931,0.08887,2.2441,5774,0.864,0.916,-0.22,1083.28
14.53409958,0.0956,1.61301783,3.23,0,7.34,420,88.07,0.44,0.05106,3.3094,3957,0.553,0.551,-0.16,268.2
11.903515,0.105,2.56,7.08,0,129.639,827,88.78,0.09,0.0633,4.215,6064,1.01,0.969,0.04,1312.34
34.035257,0.213,3.1,9.8,0,31.95,583,89.23,0.85,0.07278,7.057,6064,1.01,0.969,0.04,1312.34
205.9120026,0.6785,6.00434637,30.1,0,1.85,298,89.93,0.844,0.23788,9.992,5644,0.969,0.981,0.14,1497.33
7.017310143,0.0712,1.82417378,3.98,0,221.46,984,87.34,0.581,0.02555,3.567,6052,0.967,0.974,-0.26,1291.47
56.35850143,0.2698,4.54060463,18.7,0,7.29,419,88.46,0.906,0.25596,6.927,5446,0.821,0.824,-0.2,962.888
16.00460052,0.1179,2.22678077,5.59,0,27.41,583,89,0.0246,0.08319,3.9475,5180,0.769,0.86,0,707.688
8.195949554,0.0718,2.43996509,6.53,0,48.2,672,89.34,0.252,0.07928,2.824,4723,0.747,0.734,0.08,718.945
24.81209946,0.1668,5.91688317,29.4,0,37.43,631,89.96,0.957,0.20908,3.2245,6086,0.921,1.003,-0.26,982.383
2.355750084,0.0319,1.47199944,2.77,0,338.4,1093,86.77,0.2003,0.02669,1.759,4915,0.812,0.781,0.16,
19.65640068,0.1335,2.94660251,8.99,0,21.5,549,87.07,0.969,0.08432,2.57,5288,0.74,0.828,-0.24,807.308
9.977210045,0.0919,2.57059831,7.13,0,93.64,1028,89.99,0.812,0.02529,5.908,5557,1.616,1.035,0.16,1588.41
3.720230103,0.0429,0.9037791,0.676,0,195.7,954,88.63,0.42,0.01569,1.939,5017,0.797,0.76,-0.02,385.348
5.433074,0.058,1.43,290.537,0,123.802,841,86.69,0.07,0.03282,2.407,5232,0.891,0.86,0.13,527.321
12.759712,0.102,2.6,1.33,0,39.631,633,88.25,0.47,0.08821,3.541,5232,0.891,0.86,0.13,527.321
25.751974,0.163,2.51,1.72,0,15.536,501,89.53,0.66,0.07389,2.853,5232,0.891,0.86,0.13,527.321
51.16579,0.25654,1.45,0.52075,0,6.22,398,89.08,0.82,0.02592,4.715,5295,0.83,0.87,0.03,527.321
38.3260994,0.2084,2.28995546,5.86,0,12.56,480,88.34,0.963,0.03921,3.073,5229,0.903,0.821,0.08,
4.043540001,0.0413,1.39109603,2.51,0,33.34,613,78.42,0.154,0.04162,1.4572,3871,0.532,0.573,0.07,221.186
29.53910065,0.204,2.76022913,8.05,0,61.49,714,89.78,0.213,0.04033,4.139,6572,1.238,1.298,0.07,1663.74
1.480280042,0.0257,1.14651332,1.59,0,2597.27,1822,89.28,0.77,0.00605,2.486,5897,1.259,1.026,0.02,756.486
70.46829987,0.3512,4.55527871,18.8,0,16.17,511,89.98,0.0476,0.09224,6.618,6461,1.131,1.162,-0.14,1542.48
10.41889954,0.0917,2.49508857,6.78,0,126.48,855,86.74,0.1256,0.07146,3.0069,5692,1.064,0.946,0.04,764.456
105.0149994,0.4161,2.27904508,5.81,0,7.8,406,88.6,0.6112,0.0296,6.287,5868,1.042,0.915,-0.22,501.229
59.65829849,0.2873,3.01299077,9.34,0,5.66,393,88.38,0.9319,0.10438,5.239,5243,0.831,0.887,0.14,820.506
15.13589954,0.1286,2.23346338,5.62,0,179.16,933,89.44,0.983,0.02655,2.1846,6050,1.572,1.24,0.14,632.766
89.1934967,0.40598,4.465,18.2,0,8.9,483,89.99,0.015,0.08663,4.013,6071,1.295,1.061,-0.06,438.412
36.8601,0.21101,3.5,5.84,0,30.4,549,89.93,0.474,0.07141,7.495,5732,1.324,0.921,-0.11,1435.44
49.40926,0.25655,8.73,14.7,0,25.4,497,88.795,0.8848,0.3643,5.243,5732,1.324,0.921,-0.11,1435.44
16.84189987,0.1261,2.84141754,8.45,0,56.43,699,88.95,0.0299,0.08785,2.5751,5602,1.009,0.941,0.1,582.942
88.64399719,0.3815,4.05537256,15.5,0,5.51,391,89.34,0.883,0.06255,7.82,5661,0.934,0.941,0,565.752
3.215090036,0.04391,2.68609988,7.68,0,1485,1155,63.99,0.849,0.0158,3.9026,5541,0.934,0.942,0.12,871.564
40.80970001,0.24831,3.50469499,12.1,0,39.2,623,88.57,0.958,0.04361,2.7015,6183,1.3,1.241,0.26,681.255
59.77080154,0.29496,3.18179549,10.2,0,16.4,522,88.9,0.7411,0.0566,4.4935,6214,1.122,1.101,-0.02,816.592
85.65399933,0.39565,3.64762153,12.9,0,9.9,522,89.99,0.0491,0.04887,6.877,5818,1.647,1.149,0.24,657.023
35.01190186,0.2093,2.61157023,7.33,0,29.9,603,88.69,0.3865,0.04367,2.868,5872,1.153,1.041,0.1,690.336
12.18420029,0.10301,2.13189678,5.19,0,71.3,819,88.36,0.977,0.0515,2.4468,5771,1.068,0.984,0.06,619.146
10.08740044,0.0956,3.01665969,9.36,0,186.14,942,85.49,0.975,0.05681,2.9884,6310,1.095,1.143,-0.06,1276.29
16.34359932,0.1264,3.03295685,9.44,0,67.34,730,87.56,0.0295,0.08926,5.3072,5730,1.056,1.008,0.16,908.501
9.576694,0.085,2.9,8.75,0,84.571,846,89.89,0.49,0.07468,3.377,5676,1.066,0.852,-0.04,716.025
20.552802,0.142,2.88,8.65,0,30.546,656,89.47,0.37,0.07273,2.205,5676,1.066,0.852,-0.04,716.025
96.678988,0.397,3.95,14.8,0,3.874,392,89.85,0.87,0.09513,6.276,5676,1.066,0.852,-0.04,716.025
109.4449997,0.4276,3.60600667,12.7,0,3.14,340,89.96,0.149,0.12696,4.1532,5403,0.868,0.868,0,790.516
4.88752985,0.0574,2.38091029,6.26,0,239.11,1003,89.55,0.9,0.0729,1.9913,5568,0.957,1.053,0.44,962.63
5.756229877,0.05825,2.22927435,5.6,0,86,773,87.61,0.9274,0.06307,1.071,4931,0.734,0.794,0,305.792
8.277440071,0.07595,1.31946731,2.3,0,65.5,1088,89.35,0.1513,0.01859,2.7043,5129,1.781,0.887,-0.16,264.078
13.59049988,0.1072,2.79936489,8.24,0,64.8,724,89.51,0.232,0.06963,3.784,5442,0.974,0.887,0.1,883.045
19.58550072,0.13917,2.70422447,7.77,0,47.3,666,88.19,0.9917,0.05329,1.928,5618,0.996,0.911,0,745.74
78.5460968,0.35722,3.16305828,10.1,0,10.7,501,89.96,0.044,0.06587,8.684,5808,1.397,1.058,0.14,863.909
39.31370163,0.227,2.31898181,5.99,0,20.04,540,89.99,0.936,0.05001,4.8901,6060,0.925,1.008,-0.22,778.602
2.800120115,0.0343,2.37850461,6.25,0,197.81,956,86.54,0.0237,0.07067,0.9654,4786,0.704,0.686,-0.2,560.445
80.23190308,0.3543,2.83137505,8.4,0,4.91,380,89.19,0.93,0.08887,4.656,5436,0.888,0.92,0.12,611.461
2.735926,0.036,1.64,3.33,0,360.262,1075,89,0.57,0.04289,1.987,5302,0.759,0.893,0.12,605.68
6.40013,0.064,2,4.66,0,115.983,810,85.83,0.03,0.07432,1.842,5302,0.759,0.893,0.12,605.68
31.58889961,0.20989,3.1446145,10,0,49.2,682,89.84,0.194,0.03606,3.4026,5866,1.367,1.02,0,1070.17
7.720860004,0.0761,3.12103321,9.91,0,257.14,1021,84.91,0.5024,0.0265,1.5151,5887,1.177,0.985,-0.06,602.218
4.1957798,0.0488,2.51990972,6.89,0,283.78,1047,87.73,0.1988,0.09487,2.1421,5229,1.005,0.878,0.32,601.029
8.779999733,0.0787,3.79037518,13.8,0,61.24,713,88.54,0.938,0.07557,3.2201,5191,0.764,0.85,-0.06,1189.88
9.762980461,0.0821,1.79426276,3.87,0,57.59,703,88.68,0.499,0.05532,3.064,5052,0.816,0.773,0.02,561.229
13.36019993,0.1002,1.66301611,3.4,0,17.3,520,89.04,0.0249,0.06999,2.788,4500,0.688,0.768,0.28,
29.4557991,0.1879,2.75047868,8,0,30.3,598,89.98,0.018,0.05338,3.451,6036,0.949,1.018,-0.16,825.883
23.3593998,0.1637,3.05774442,9.58,0,51.68,684,86.07,0.002,0.05701,5.389,6244,1.009,1.069,-0.2,1338.49
16.85589981,0.1082,2.30911251,5.94,0,6.52,408,89.96,0.038,0.08715,2.309,3967,0.587,0.593,0.06,395.196
11.9296999,0.1028,4.12801189,15.9,0,83.04,770,89.99,0.823,0.07093,6.152,5831,0.921,1.016,0,2254.69
3.504725,0.0447,2,6.9,0,355.735,1165,84.92,0.771,0.0254,2.076,5345,1.108,0.972,0.19,433.047
7.64159,0.0752,5.49,17.3,0,126.081,899,87.68,0.593,0.22866,3.4872,5345,1.108,0.972,0.19,433.047
14.85888,0.1172,6.98,16.4,0,51.922,720,88.07,0.767,0.3265,3.679,5345,1.108,0.972,0.19,433.047
13.817124,0.109,1.5,2.86,0,72.119,781,83.04,0.18,0.02187,3.74,5731,1.063,0.95,0.03,695.65
41.885775,0.229,3.01,9.32,0,16.423,540,87.62,0.75,0.06874,6.241,5731,1.063,0.95,0.03,695.65
4.562029839,0.05098,0.99679734,0.961,0,242,1533,79.48,0.75,0.00816,2.8521,5343,2.506,1.33,0.08,350.455
10.44089985,0.0915,2.70926154,7.8,0,111.52,829,84.89,0.7893,0.08377,3.4464,5738,0.981,0.936,-0.06,839.332
116.583183,0.4572,2.91,8.8,0,4.47,371,89.74,0.586,0.0819,5.8,5738,0.981,0.936,-0.06,839.332
15.45020008,0.0662,1.671,3.43,0,26.91,581,84.97,0.4703,0.03822,2.042,4245,0.637,0.649,0,636.694
33.13610077,0.1748,2.322,6,0,3.86,357,88.87,0.444,0.08252,4.163,4245,0.637,0.649,0,636.694
12.28849983,0.1017,1.59615726,3.18,0,164.61,913,88.64,0.2477,0.03669,2.813,5109,1.671,0.929,0.1,434.456
8.847940445,0.0699,1.54502915,3,0,12.48,479,89.92,0.3878,0.0519,2.0876,3867,0.552,0.581,0.1,221.639
9.033320427,0.0813,2.35560189,6.15,0,66.89,729,88.82,0.42,0.06107,2.857,5311,0.788,0.884,-0.04,978.066
10.86060047,0.0988,2.70393215,7.77,0,356.24,1108,89.58,0.987,0.01896,2.2874,6455,1.496,1.087,-0.36,1299.32
23.3404007,0.1467,3.02511302,9.4,0,30.94,601,89.83,0.25,0.06151,2.1355,5530,0.892,0.773,-0.34,1022.01
3.7572999,0.04444,1.513,2.9,0,158.2,877,88.7,0.0192,0.02585,0.9205,4901,0.716,0.807,0.04,409.602
3.137873,0.04,1.27,2.15,0,255.584,1041,87.72,0.16,0.03057,1.888,5333,0.749,0.81,-0.04,609.283
4.302149,0.049,1.99,4.62,0,168.188,937,87.09,0.05,0.07472,1.965,5333,0.749,0.81,-0.04,609.283
101.1330032,0.4137,3.91815325,14.6,0,4.91,380,89.98,0.2031,0.15029,4.366,5492,1.016,0.921,0.16,1009.87
76.42230225,0.3462,3.84829873,14.1,0,10.11,455,89.99,0.912,0.05784,8.066,5561,1.19,0.946,0.16,1390.56
7.165219784,0.0765,2.3249424,6.01,0,270.34,1034,89.75,0.955,0.04338,1.6563,6174,1.103,1.162,0.1,1409.19
2.818160057,0.0364,1.413,2.58,0,298.2,1059,88.52,0.72,0.03703,1.7758,5167,0.787,0.812,-0.04,
2.935359955,0.03765,2.36961357,6.21,0,216.9,1022,84.29,0.0841,0.10773,1.5043,4922,0.823,0.79,0.2,726.346
0.626281766,0.0133,1.76,3.75,0,2011.27,1711,81.02,0.553,0.04331,1.1812,4922,0.823,0.79,0.2,726.346
12.19139957,0.0984,2.7489262,7.99,0,80.01,763,89.9,0.03,0.06658,1.8832,5516,0.967,0.856,-0.06,1006.63
91.50099945,0.35647,1.9679397,4.53,0,2,310,89.99,0.2249,0.07048,4.842,5051,0.706,0.786,-0.24,437.823
44.29919815,0.2348,2.27349126,5.79,0,10.85,463,89.46,0.683,0.07979,4.367,5316,0.915,0.878,0.16,748.569
4.644909859,0.055,1.71360684,3.58,0,504.23,1209,88.31,0.851,0.01474,3.366,6047,1.129,1.021,-0.08,1034.59
16.48690033,0.1337,3.90351256,14.5,0,78.99,760,87.38,1.6477,0.09879,1.431,6090,1.071,1.173,0.21,1363.19
9.825792,0.096,2.58,7.18,0,239.787,935,83.03,0.68,0.04333,4.961,6250,1.146,1.114,0.072,1549.09
20.684342,0.157,3.43,11.6,0,88.852,729,88.74,0.29,0.08585,6.416,6250,1.146,1.114,0.072,1549.09
31.03249931,0.1964,3.11883067,9.9,0,23.41,561,89.38,0.2847,0.07374,3.403,5841,0.931,1.047,0.07,1425.39
16.45809937,0.1244,2.59248115,7.24,0,40.61,644,89.9,0.3157,0.04358,1.8214,5475,0.884,0.946,0.14,799.699
22.13339996,0.1416,2.64755943,7.5,0,15.65,507,89.98,0.025,0.06546,2.02,5165,0.702,0.782,-0.32,897.597
21.10339928,0.15332,2.0861268,5,0,78,718,89.91,0.0629,0.01933,2.0047,6000,1.126,1.068,0.06,724.971
95.61100006,0.4267,2.38127597,6.26,0,7.45,421,89.97,0.1925,0.04874,7.374,6002,1.081,1.135,0.2,1040.1
1.025869966,0.0187,1.42200732,2.61,0,1264.7,1520,83.02,0.0385,0.02707,0.8069,5123,0.847,0.828,0.14,430.254
1.615360022,0.0213,1.47519116,2.78,0,99.32,806,78.69,0.931,0.04996,1.1435,3821,0.486,0.49,-0.28,336.952
3.700619936,0.04647,1.85644292,4.1,0,1113.4,1329,79.31,0.735,0.00686,5.408,5423,1.404,0.915,0.08,686.461
10.2737999,0.0924,2.11598626,5.13,0,96.27,799,89.71,0.847,0.03528,3.233,5806,0.899,0.996,-0.04,871.81
5.186719894,0.0559,2.47887001,6.71,0,129.37,860,88.44,0.825,0.07127,0.8023,5230,0.777,0.873,0,679.921
5.687945,0.064,2.06,4.9,0,281.845,1088,87.45,0.25,0.04764,2.214,5888,0.958,0.99,0.11,1050.64
11.637071,0.103,2.27,35.7,0,108.717,857,89.86,0.01,0.06043,3.289,5888,0.958,0.99,0.11,1050.64
56.49330139,0.31769,3.32992941,11.1,0,35.8,681,88.89,0.8,0.03883,8.473,6160,2.046,1.443,0.24,1056.88
5.78387022,0.0655,1.97019818,4.54,0,288.69,1051,89.59,0.0146,0.04133,1.3966,6063,1.012,1.117,0.07,1053.49
3.138789892,0.037,1.22719556,2.02,0,257.32,1022,88.1,0.98,0.01741,1.6594,5242,0.722,0.684,-0.54,486.174
6.892129898,0.07545,1.30027362,2.24,0,439.2,1177,88.81,0.541,0.00861,1.7137,6164,1.446,1.286,0.38,591.602
4.603010178,0.04911,1.4593834,2.73,0,105.2,848,89.69,0.89,0.03025,2.6848,4821,0.788,0.765,0.16,500.395
0.766691517,0.015,1.22,1.98,0,1334.22,1541,84.94,0.388,0.0244,1.2638,4821,0.788,0.765,0.16,500.395
11.96409988,0.0997,3.53387773,12.2,0,100.96,808,84.85,0.0552,0.07842,4.526,5903,0.961,0.922,-0.26,1404.38
5.254169941,0.0602,2.55303229,7.05,0,338.15,1093,89.97,0.007,0.04618,2.9878,6123,0.987,1.053,-0.14,1472.62
5.906089783,0.065,2.06673842,4.92,0,247.83,1012,89.93,0.2362,0.02196,2.392,5966,0.961,1.049,-0.02,1229.18
12.14680004,0.11082,1.66049425,3.4,0,271.6,1097,86.45,0.891,0.00707,6.401,5877,1.963,1.187,0.04,451.242
5.056759834,0.0583,1.9493759,4.46,0,286.32,1049,85.55,0.71,0.01379,3.926,5926,0.939,1.03,-0.04,1136.6
10.687576,0.092,2.36,6.17,0,70.361,780,86.89,0.2,0.07777,3.221,5788,0.873,0.872,-0.1958,610.326
20.303005,0.141,1.97,8.8,0,29.875,630,87.96,0.04,0.05334,4.348,5788,0.873,0.872,-0.1958,610.326
29.022358,0.179,2.49,6.76,0,18.557,559,88.09,0.89,0.06376,3.961,5788,0.873,0.872,-0.1958,610.326
131.1900024,0.46206,2.77771129,8.13,0,1.3,284,89.97,0.069,0.09159,7.548,4898,0.803,0.774,0.14,513.107
25.88599968,0.1606,1.48912557,2.82,0,20.35,542,87.16,0.909,0.02171,4.35,5190,0.899,0.823,0.12,631.7
14.02639961,0.116,2.35388681,6.14,0,108.07,822,88.86,0.2123,0.04036,1.2808,5970,1.131,1.057,0.06,923.551
25.54339981,0.17871,2.70909809,7.8,0,111.8,772,88.78,0.593,0.01386,8.567,5422,1.782,1.02,0.02,784.625
3.924510002,0.0478,3.03648191,9.46,0,314.25,1074,89.22,0.71,0.04635,3.708,5776,0.849,0.939,-0.18,1804.36
11.60649967,0.0885,2.43836702,6.52,0,27.47,584,89.97,0.3817,0.07717,2.229,4703,0.701,0.686,-0.14,710.724
14.82009983,0.11054,1.76378826,3.76,0,24.5,552,89.88,0.059,0.01849,3.902,4825,0.732,0.785,0.08,374.615
11.12969971,0.0989,2.74516914,7.97,0,119.44,843,88.66,0.5298,0.0371,2.771,6122,0.964,1.041,-0.18,1693.86
5.604020119,0.05835,1.4088539,2.57,0,94.3,774,88.25,0.2932,0.02249,1.0273,4847,0.737,0.756,0,309.696
57.29290009,0.2597,2.38685349,6.29,0,3.76,355,89.99,0.1064,0.07736,4.878,4806,0.729,0.709,-0.1,631.884
1.6329,0.026,1.17,1.71,0,475.507,1237,89.04,0.34,0.02092,1.559,5208,0.806,0.763,-0.14,466.735
20.729042,0.139,2.02,4.74,0,16.029,530,89.34,0.57,0.05617,2.781,5208,0.806,0.763,-0.14,466.735
1.385800004,0.0206,0.72909663,0.313,0,245.15,1008,86.72,0.52,0.00933,1.6449,4239,0.6,0.611,-0.22,250.199
12.02289963,0.1016,3.90012032,14.5,0,85.78,776,87.95,1.1579,0.07786,1.2667,5982,0.879,0.967,-0.28,1589.81
7.970940113,0.0762,1.88610592,4.22,0,79.1,760,87.65,0.3108,0.05266,1.2893,5237,0.826,0.927,0.24,772.481
48.88819885,0.2395,1.51862272,2.92,0,5.23,386,86.81,0.2675,0.03722,6.468,4821,0.788,0.765,0.16,562.348
39.83110046,0.20894,2.58746104,7.21,0,7.33,420,89.89,0.999,0.03888,2.442,5026,0.759,0.8,0,423.348
0.727330983,0.0115,1.216205,1.96,0,86.97,849,88.7,0.153,0.03976,0.9332,3460,0.356,0.385,0.07,
1.302000046,0.0215,1.73447868,3.66,0,772.73,1344,87.69,0.0786,0.02905,1.3804,4948,0.816,0.782,0.14,848.76
8.94340992,0.08308,1.96065412,4.5,0,217.4,946,89.66,0.0362,0.02151,2.469,6074,1.005,0.873,-0.54,853.275
88.07160187,0.3575,2.42168247,6.44,0,2.79,330,89.79,0.0242,0.0955,6.772,4939,0.819,0.785,0.16,833.055
2.729599953,0.0394,1.58313575,3.13,0,1056.15,1455,85.66,0.4515,0.01456,2.721,5887,1.235,1.09,0.16,1331.25
3.59645081,0.0473,1.66,3.39,0,732.82,1327,83.31,0.781,0.01496,2.661,5887,1.235,1.09,0.16,1331.25
3.8867907,0.0343,1.07,1.24,0,37.372,571,89.6,0.3,0.05142,1.8098,3788,0.472,0.478,-0.28,177.594
7.267302,0.0451,1.25,2.1,0,13.98,464,89.9,0.28,0.06591,2.2691,3788,0.472,0.478,-0.28,177.594
13.342996,0.0781,1.4,2.54,0,7.204,379,89.1,0.36,0.08728,2.9002,3788,0.472,0.478,-0.28,177.594
22.407704,0.11,1.27,2.15,0,3.608,319,89.84,0.31,0.07089,3.3199,3788,0.472,0.478,-0.28,177.594
129.9441,0.432,1.17,1.71,0.04,0.3,177,89.96,0.13,0.04666,5.62,3755,0.523,0.544,-0.26,177.594
12.73719978,0.10625,1.13863767,1.55,0,56.3,697,89.24,0.364,0.01063,3.382,5420,0.868,0.874,0,438.703
40.0306015,0.24082,2.20677414,5.5,0,31.5,617,89.7,0.907,0.02286,4.979,5855,1.373,1.161,0.26,829.985
16.05730057,0.1199,2.203,5.49,0,41.04,645,87.2,1.6947,0.0575,3.546,5644,0.806,0.9,-0.24,1232.19
44.99760056,0.23678,2.26309256,5.74,0,41.5,508,86.35,0.758,0.01702,9.686,5871,0.983,1.097,0.21,865.546
3.881510019,0.049,0.75408365,0.353,0,427.6,1156,88.66,0.252,0.00425,2.797,5854,0.979,1.03,0.06,298.894
2.524009943,0.0344,1.57686072,3.11,0,495.14,1203,89.73,0.2288,0.0303,1.1968,5420,0.871,0.849,-0.06,922.255
11.66009998,0.1016,2.08215108,4.99,0,114.36,834,76.07,0.9541,0.0181,4.921,5791,1.083,1.03,0.16,976.737
9.887359619,0.0872,1.15985997,1.65,0,82.32,768,88.68,0.383,0.0068,4.23,5693,0.816,0.911,-0.24,680.583
211.0339966,0.62348,3.14950109,10.1,0,0.5,215,89.69,0.8954,0.19534,7.119,4658,0.686,0.743,0,274.18
8.167360306,0.07976,1.11955354,1.46,0,138.5,865,86.03,0.2789,0.01054,3.286,5808,0.902,0.987,-0.06,113.025
1.716828304,0.028,0.74,0.33,0,1056.84,1455,81.38,0.7,0.00595,2.068,5808,0.902,0.987,-0.06,113.025
4.938864,0.059,1.41,2.57,0,902.239,1244,84.67,0.15,0.01235,4.279,6105,1.287,1.081,-0.04,1143
10.640263,0.099,2.67,7.61,0,324.134,963,85.61,0.09,0.04553,5.284,6105,1.287,1.081,-0.04,1143
3.606940031,0.0452,2.10143764,5.07,0,287.6,1046,86.68,0.109,0.04317,1.0258,5508,0.84,0.955,0.07,407.216
1.952700019,0.0308,2.42172881,6.44,0,917.15,1403,80.96,0.1595,0.0403,0.872,5741,0.946,1.02,0.12,854.623
3.825910091,0.0465,2.38421141,6.28,0,241.25,1005,81.86,0.96,0.09344,1.8057,5223,0.885,0.913,0.32,840.182
0.558842003,0.0128,1.62573811,3.28,0,2412.15,1787,86.65,0.307,0.02809,0.7848,5151,0.792,0.903,0.21,820.957
56.57320023,0.2633,2.21110724,5.52,0,3.79,356,88.76,0.927,0.07833,4.188,4701,0.775,0.758,0.24,408.007
34.45859909,0.2039,3.22686692,10.5,0,23.05,559,88.74,0.626,0.0431,7.434,6161,0.862,0.95,-0.5,1660.45
6.99205,0.0758,0.853,2.4,0.098,475,1299,89.13,0.063,0.00334,4.842,6104,1.477,1.187,0.01,259.935
2.377569914,0.03472,0.624086,0.179,0,691.1,1278,88.09,0.2306,0.00338,2.263,5615,0.936,1.022,0.24,285.312
4.445879936,0.0521,2.92019781,8.86,0,302.6,1063,86.18,0.6496,0.04414,2.3816,5918,0.865,0.956,-0.26,1494.3
10.61340046,0.0957,2.06512018,4.92,0,242.6,987,89.57,0.3418,0.01502,0.9829,5865,1.388,1.023,0,627.171
2.061897,0.032,1.68,3.46,0,1069.235,1463,85.54,0.18,0.0214,1.791,6021,1.141,1.021,0.15,968.544
5.996553,0.066,3.19,10.3,0,257.348,1025,87.63,0.66,0.07114,3.231,6021,1.141,1.021,0.15,968.544
6.309219837,0.054,2.11686218,5.13,0,31.73,606,89.82,0.118,0.06912,1.2831,4380,0.53,0.524,-0.92,611.041
159.3939972,0.53325,2.98104391,9.17,0,1.5,289,89.96,0.77,0.1033,8.395,5135,0.874,0.812,0.12,1057.21
13.78730011,0.11636,1.48674404,2.81,0,122.1,894,83.09,0.2071,0.00751,5.747,5691,1.458,1.068,0.26,443.371
103.427002,0.4438,3.25107395,10.6,0,7.08,416,90,0.03,0.09501,5.03,6208,1.024,1.086,-0.12,1377.61
8.988320351,0.0845,1.81406781,3.95,0,131.92,864,81.14,0.1213,0.01608,4.65,5984,0.906,0.993,-0.2,1443.09
2.522559881,0.036,1.51110555,2.89,0,499.07,1205,63.8,1.2325,0.02102,1.406,5591,0.86,0.977,0.07,818.482
24.2758007,0.16,2.58158428,7.18,0,26.68,580,89.32,0.1881,0.07022,4.59,5745,0.837,0.928,-0.2,1059.51
19.94750023,0.1421,2.92454357,8.88,0,36.14,625,89.94,0.02,0.08613,1.756,5749,0.864,0.961,-0.1,1366.18
11.39169979,0.0956,1.32578716,2.32,0,145.67,886,84.87,0.2265,0.00473,4.971,5557,1.249,0.897,0,402.947
37.30369949,0.2082,2.94360686,8.98,0,14,493,87.03,0.02,0.05517,7.793,5646,0.817,0.864,-0.28,1395.13
10.399931,0.088,1.21,1.92,0,45.389,678,87.28,0.23,0.02753,3.417,5235,0.75,0.803,-0.04,591.534
20.134866,0.137,2.38,22.7,0,18.811,544,88.28,0.13,0.10352,3.565,5235,0.75,0.803,-0.04,591.534
4.820590019,0.05712,0.86867375,0.587,0,493,1328,77.54,0.0158,0.00409,3.468,6046,1.396,1.024,-0.16,529.596
4.02229023,0.0473,1.52139156,2.93,0,253.28,1017,88.3,0.5867,0.02344,0.8605,5516,0.827,0.873,-0.14,596.24
6.331230164,0.0633,1.83707938,4.03,0,108.04,822,89.7,0.094,0.03066,2.688,5383,0.759,0.851,-0.22,851.595
4.179369926,0.0504,1.70557445,3.55,0,478.98,1194,88.44,0.317,0.01728,2.647,5633,1.162,0.973,0.16,1050.72
2.762660027,0.0385,1.20117759,1.87,0,544.05,1231,87.48,0.1841,0.0185,1.893,5772,0.901,0.999,0,935.191
5.05368985,0.0576,1.21,1.92,0,243.06,1007,87.71,0.53,0.01715,2.514,5772,0.901,0.999,0,935.191
6.070290089,0.0615,2.11934728,5.14,0,91.45,789,89.17,0.0245,0.03441,1.29,5076,0.763,0.86,0.1,984.187
44.87020111,0.2529,3.09935997,9.8,0,19.5,536,89.67,0.2951,0.06361,4.199,6122,0.996,1.07,-0.1,1732.91
24.22030067,0.1546,2.81407954,8.32,0,15.43,505,89.97,0.032,0.08063,3.271,5165,0.761,0.859,0.02,983.174
4.765620232,0.05063,0.93353523,0.76,0,204.6,1167,89.51,0.3305,0.00675,2.165,5702,1.125,0.837,-0.28,360.921
4.095779896,0.0457,1.55098292,3.02,0,124.3,851,86.6,0.752,0.04055,1.704,4791,0.742,0.759,0.07,711.509
9.28699,0.0846,2.209,6.1,0.41,87.6,851,89.94,0.02,0.06917,3.3652,5541,0.859,0.936,-0.13,218.562
28.731,0.1765737,3.68,13.1,0.21,,,,,,,5544,0.859,0.936,-0.08,218.562
62.95,,5.06,22.5,0.05,,,,,,,5544,0.859,0.936,-0.08,218.562
2.019999,0.03,1.56,3.05,0,417.238,1166,86.2,0.68,0.03417,1.821,5106,0.795,0.834,0.06,433.387
3.763024,0.045,1.46,2.73,0,181.699,948,86.43,0.16,0.03613,1.536,5106,0.795,0.834,0.06,433.387
2.986229897,0.042,1.62314676,3.27,0,798.35,1356,88.11,0.2445,0.01229,2.969,6173,1.041,1.104,-0.04,1540.43
3.484129906,0.0453,1.47418907,2.77,0,389.41,1132,89.68,0.03,0.01616,1.356,5696,0.921,1.022,0.14,1028.37
3.822220087,0.0385,1.17563613,1.74,0,30.84,601,86.19,0.0512,0.03627,1.859,3729,0.514,0.52,0.06,344.337
17.0678997,0.1321,2.28642395,5.85,0,82.56,769,89.72,0.106,0.02624,6.165,6347,0.996,1.053,-0.34,1775.44
4.577020168,0.0436,1.3904994,2.51,0,24.38,567,89.48,0.327,0.071,0.949,3805,0.497,0.526,-0.1,270.854
3.42392993,0.0451,1.4460734,2.69,0,508.75,1212,89.16,0.213,0.01531,1.794,5788,1.015,1.038,0.16,1051.53
7.362689972,0.0738,2.77615754,8.13,0,155.72,901,89.65,0.0498,0.04293,1.3287,5868,0.894,0.987,-0.12,1360.63
5.652450085,0.05444,0.86973029,0.589,0,75,856,85,0.1469,0.01264,2.062,5159,0.8,0.752,-0.16,292.111
14.86390018,0.10371,1.15547044,1.63,0,20.6,620,84.23,0.98,0.02206,2.806,5159,0.8,0.752,-0.16,292.111
2.391609907,0.0306,1.09217411,1.33,0,266.01,1031,88.15,0.0366,0.01892,1.916,4935,0.685,0.663,-0.42,763.662
9.939632,0.087,1.34,2.36,0,50.2,722,84.14,0.14,0.03001,2.917,5282,0.789,0.857,0.13,594.464
17.738506,0.128,1.86,4.12,0,23.2,596,88.16,0.14,0.06055,2.821,5282,0.789,0.857,0.13,594.464
5.945041017,0.06104,2.28,5.82,0,99.6,857,86.24,0.0501,0.08002,2.5711,5215,0.8,0.84,-0.05,594.464
5.688769817,0.0536,1.184,1.78,0,40.88,645,88.6,0.39,0.02415,2.55,4234,0.639,0.636,-0.02,
5.990799904,0.0636,1.011,1.01,0,223.93,987,84.42,0.253,0.00723,1.661,5721,0.972,0.954,0,269.912
6.059219837,0.06489,1.35670508,2.41,0,201.8,976,89.19,0.2004,0.01582,1.268,5734,0.962,0.977,0.04,297.017
14.1960001,0.1209,1.51852059,2.92,0,105.7,818,87.66,0.2025,0.01962,3.577,6214,1.076,1.169,0.07,876.3
30.82789993,0.1954,2.9429803,8.97,0,27.66,585,89.98,0.173,0.06413,4.192,5982,0.96,1.047,-0.04,1621.56
13.83539963,0.114,3.21798413,10.4,0,101.05,809,84.1,0.3927,0.08671,3.786,6020,1.057,1.03,-0.06,1514.66
31.25429916,0.2053,2.61757235,7.35,0,38.54,635,89.98,0.019,0.0438,5.662,6246,1.092,1.18,0.07,2055.82
12.90240002,0.103,1.88971288,4.23,0,48.99,675,89.42,0.382,0.03544,2.446,5530,0.788,0.882,-0.22,909.037
47.0564003,0.2524,2.29763023,5.89,0,14.43,497,89.71,0.361,0.09205,4.803,5889,0.924,0.967,-0.16,1030.11
37.88660049,0.2107,2.62390658,7.38,0,12.46,479,89.97,0.026,0.06722,5.165,5513,0.818,0.868,-0.16,1177.53
9.926746,0.09,2.74,7.95,0,105.297,803,87.77,0.38,0.07255,3.78,5479,1.007,1.028,0.357,651.674
21.2234,0.15,2.79,8.2,0,38.216,623,87.86,0.82,0.05829,4.94,5479,1.007,1.028,0.357,651.674
6.47027579,0.0686,1.02,1.04,0,186.076,926,85.94,0.63,0.01169,3.241,5487,0.94,0.94,0.13,651.674
30.2541008,0.2043,2.95415848,9.03,0,44.87,660,89.94,0.1143,0.05766,2.0875,6277,1.161,1.239,0.21,885.913
20.03479958,0.15865,2.89459458,8.72,0,216.2,967,89.53,0.3312,0.01244,6.627,6120,2,1.251,0.02,928.989
3.15722086,0.0454,1.41,2.57,0,2436.47,1791,89.99,0.001,0.00497,3.762,6120,2,1.251,0.02,928.989
13.22259998,0.1077,2.29064904,5.86,0,71.11,740,83.99,0.1342,0.02617,4.337,5931,0.863,0.953,-0.28,1344.29
52.60969925,0.2846,1.95958179,4.5,0,8.63,553,89.88,0.102,0.02037,8.202,5881,1.294,1.109,0.16,990.838
15.33170033,0.1216,2.65446572,7.53,0,107.44,821,86.55,0.0316,0.01792,5.239,5726,1.285,1.018,0.16,1910.77
46.71640015,0.2588,3.00177922,9.28,0,18.74,531,89.68,0.159,0.03455,7.353,5856,1.092,1.057,0.16,1771.31
42.87770081,0.2197,2.31495961,5.97,0,9.8,451,89.99,0.02,0.10688,1.991,5256,0.832,0.768,-0.16,667.405
73.75039673,0.38733,3.40627075,11.5,0,34.7,677,89.83,0.127,0.02299,13.234,6056,2.481,1.408,0.14,1091
19.57783,0.194,1.992,4.63,0.43,37.8,621,88.92,0.55,0.04326,2.3,5720,0.92,1.01,0.12,326.362
59.36249924,0.30883,3.07250761,9.65,0,37.2,566,90,0.001,0.02336,14.04,5786,1.471,1.006,-0.02,508.201
11.38848,0.106,2.39,6.3,0,117.303,979,89.4,0.12,0.04571,3.618,6335,1.147,1.051,0,1009.1
50.697494,0.286,2.75,8,0,16.026,595,89.88,0.06,0.06109,6.115,6335,1.147,1.051,0,1009.1
13.02680016,0.10233,1.52955541,2.95,0,31.6,643,89.01,0.3879,0.03566,0.785,5083,0.844,0.844,0.22,275.694
38.5760994,0.23329,2.65323514,7.53,0,51.7,619,89.94,0.015,0.02821,19.861,6167,1.221,1.174,0.12,620.091
0.524177015,0.0123,1.51482218,2.91,0,2799.9,1891,86.42,0.318,0.0236,0.7648,5278,0.815,0.911,0.14,713.733
4.943290234,0.05605,1.17984089,1.76,0,250.5,1058,79.91,0.004,0.01262,2.9334,5661,1.008,0.964,0.1,328.007
1.419759989,0.02466,0.91307734,0.702,0,1835.6,1700,83.77,0.6002,0.00581,1.5126,5925,1.035,0.968,-0.14,428.514
3.951400042,0.0463,2.50271696,6.82,0,324.78,1083,79.61,1.6426,0.04057,1.0582,5570,0.899,0.845,-0.18,904.702
126.5569992,0.52662,3.16615594,10.2,0,9.4,524,88.63,0.9623,0.03576,7.923,6501,1.854,1.419,0.1,871.096
9.688599586,0.0915,3.0229133,9.39,0,163.1,1014,89.82,0.118,0.06661,2,6457,1.196,1.19,-0.06,905.069
13.06260014,0.0938,1.82828927,4,0,18.25,527,89.76,0.3063,0.04643,3.244,4522,0.655,0.646,-0.22,421.152
2.790659904,0.0334,1.16480773,1.68,0,104.74,816,87.73,0.0437,0.02239,0.662,4353,0.603,0.648,-0.18,189.833
2.092281,0.032,1.51,2.89,0,953.173,1648,87.62,0.13,0.02076,2.351,6089,1.025,0.94,-0.03,1097.97
17.308032,0.131,2.59,7.22,0,56.955,815,90,0.08,0.0633,4.961,6089,1.025,0.94,-0.03,1097.97
52.814973,0.275,2.4,6.35,0,12.863,562,90,0.18,0.05537,7.3,6089,1.025,0.94,-0.03,1097.97
4.950610161,0.0525,1.54732469,3.01,0,145.23,885,88.69,0.458,0.03095,1.808,5431,0.717,0.802,-0.44,798.595
31.33510017,0.2054,2.64976949,7.51,0,46.53,666,88.6,0.706,0.02649,6.071,6404,1.142,1.175,-0.06,1494.39
4.626049995,0.0516,2.1170287,5.13,0,247.34,1012,88.9,0.302,0.03469,0.56,5834,0.797,0.852,-0.5,842.492
4.850180149,0.05975,1.54869189,3.02,0,724.2,1098,56.15,0.2278,0.00645,5.676,6032,0.973,1.055,-0.06,1004.55
9.842579842,0.0918,2.75971163,8.05,0,97.62,801,89.71,0.234,0.06264,1.5672,5585,0.972,1.064,0.48,1076.48
6.080039978,0.0597,1.289,2.21,0,100.72,808,89.58,0.254,0.0184,1.308,4991,0.804,0.767,0.04,
3.035190105,0.0394,2.48812698,6.75,0,403.53,1143,86.14,0.965,0.06969,0.6182,5505,0.873,0.887,-0.04,1002.12
6.963630199,0.07375,1.0101666,1.01,0,229.4,1298,89.69,0.0504,0.00681,3.176,6040,1.686,0.984,-0.44,468.771
15.57129955,0.1022,1.03283226,1.09,0,5.98,399,89.64,0.312,0.01774,2.155,3872,0.557,0.585,0.12,193.903
2.208280087,0.0352,2.21964541,5.56,0,2016.25,1709,88,0.205,0.00879,2.841,6028,1.454,1.194,0.14,2617.35
8.307872,0.077,2.03,4.78,0,74.148,751,89.95,0.05,0.08238,3.15,5329,0.775,0.867,0.04,652.051
34.096863,0.197,1.55,3.02,0,11.281,469,89.65,0.29,0.04727,3.904,5329,0.775,0.867,0.04,652.051
10.77690029,0.0871,1.52696349,2.95,0,75.83,752,89.87,0.069,0.01583,2.616,5455,0.852,0.759,-0.34,697.253
20.65780067,0.1435,2.32107188,6,0,66.27,728,89.39,0.188,0.00982,8.232,5468,1.306,0.923,0.14,1277.32
27.21080017,0.1724,1.23923346,2.07,0,65.27,725,80.02,0.1219,0.00979,10.515,5973,1.305,0.922,-0.34,852.062
6.245659828,0.0607,1.28574667,2.2,0,67.62,731,87.87,0.2714,0.0212,2.372,4858,0.707,0.786,-0.02,605.631
5.883430004,0.0625,1.80235934,3.9,0,192.09,949,88.75,0.362,0.02177,2.466,5840,0.849,0.942,-0.24,1373.83
14.26519966,0.11959,1.16654878,1.69,0,114.3,853,89.29,0.353,0.00663,3.601,5825,1.291,1.049,0.14,449.351
5.943719864,0.0563,1.08940238,1.32,0,48.82,674,89.54,0.121,0.0301,1.847,4391,0.682,0.671,0.04,360.468
2.186619997,0.0299,0.94374867,0.79,0,345.07,1099,82.31,0.2799,0.01178,1.585,4904,0.772,0.745,0,460.899
9.328619957,0.0856,2.05124311,4.86,0,99.6,806,89.96,0.035,0.03544,1.6632,5749,0.864,0.961,-0.1,1320.38
6.38669014,0.0617,1.14315727,1.57,0,102.25,811,89.98,0.0597,0.02296,1.2428,5071,0.811,0.768,-0.02,479.263
20.739886,0.138,1.9,4.27,0,20.735,536,88.68,0.29,0.063,3.014,5128,0.782,0.839,0.03,451.312
47.427737,0.24,2.24,5.65,0,6.88,407,89.27,0.09,0.08499,5.114,5128,0.782,0.839,0.03,451.312
122.0800018,0.4545,2.66065673,7.56,0,1.8,297,89.4,0.9605,0.08548,4.121,5132,0.77,0.805,-0.06,451.312
2.297940016,0.0354,1.30749704,2.26,0,1352.14,1547,89.01,0.108,0.00832,2.923,6371,1.072,1.117,-0.18,1527.56
5.604710102,0.0588,1.6187808,3.25,0,132.98,866,89.14,0.1771,0.021,2.885,5401,0.777,0.871,-0.16,1042.45
7.991459846,0.0783,1.21463929,1.95,0,155.95,901,81.62,0.94,0.0145,3.2,5700,1.006,1.003,0.16,866.826
1.962260008,0.02915,0.74437023,0.337,0,612.3,1448,89.06,0.169,0.00683,1.45,5726,0.979,0.915,-0.1,492.847
2.440829992,0.0322,1.7810587,3.83,0,223.8,986,75.89,1.1473,0.05095,0.54,4803,0.698,0.752,-0.08,
41.86869812,0.22971,1.35415138,2.4,0,13.8,492,87.73,0.4484,0.01507,5.783,5852,0.837,0.928,-0.3,521.791
8.617429733,0.0763,1.10479327,1.39,0,68.28,733,89.86,0.3399,0.01506,2.713,5009,0.84,0.797,0.16,484.601
7.281690121,0.06686,0.73022577,0.315,0,57.1,1086,84.96,0.1001,0.01116,1.723,4970,1.806,0.996,0.32,249.102
7.281099796,0.0696,1.50004034,2.86,0,72.16,744,89.72,0.1063,0.03338,2.716,5008,0.788,0.844,0.18,750.93
6.647520065,0.0717,1.68161001,3.47,0,235.89,999,89.47,0.235,0.02893,1.961,6046,1.007,1.111,0.07,1204.54
5.599308,0.06,1.02,1.04,0.02,431.256,1142,79.07,0.22,0.00848,3.681,6004,1.12,0.857,-0.441,330.575
10.349695,0.09,1.23,5.3,0.08,189.965,930,83.51,0.22,0.01252,4.251,6004,1.12,0.857,-0.441,330.575
15.677563,0.119,1.22,1.98,0.03,109.091,810,84.55,0.66,0.01044,5.326,6004,1.12,0.857,-0.441,330.575
25.209715,0.164,0.91,0.693,0.38,57.941,691,87.69,0.14,0.00621,6.298,6004,1.12,0.857,-0.441,330.575
7.54425,0.08006,0.802,2.02,0.067,341.3,1084,87.62,0.51,0.00173,6.926,5818,1.384,1.12,0.23,287.339
11.3295,0.10493,0.868,2.11,0.043,198.4,1215,87.13,0.81,0.00171,5.86,5818,1.384,1.12,0.23,287.339
4.959319244,0.0565,12.21,,0,349.4,1103,86.15,0.831,0.9802,2.22739,5712,1.082,0.976,0.1,1314.51
4.53702121,0.0486,1.66,3.39,0,95.61,798,87.14,0.706,0.05044,1.813,4805,0.688,0.769,-0.06,592.711
10.84969477,0.0914,2.67,7.61,0,49.3,676,88.49,0.55,0.11221,3.474,5251,0.778,0.869,-0.04,865.512
18.5084526,0.1383,29.33,,0,51.32,683,77.63,1.258,0.07589,6.596,5942,0.938,1.028,-0.06,1076.27
17.790037,0.131,2.82,8.35,0,44.549,655,89.66,0.03,0.09517,4.478,5574,0.94,0.995,0.1142,495.358
49.567416,0.259,2.47,6.66,0,11.354,465,89.06,0.4,0.07307,3.668,5574,0.94,0.995,0.1142,495.358
1.31184443,0.02342,1.53,2.96,0,1444.516,1562,88.78,0.38,0.02628,1.7729,5636,0.93,0.97,0.04,495.358
33.0257179,0.2049,2.21,5.52,0,23.95,564,89.94,0.044,0.05071,6.032,5819,0.99,1.049,0.14,1709.4
453.54212,1.3292,9.23,62.5,0,5.45,390,89.78,0.633,0.0861,17.026,5874,3.006,1.519,0.12,659.395
3.82315697,0.0511,0.77,0.381,0,638.38,1282,89.7,0.064,0.00472,2.388,6202,1.122,1.213,0.21,558.855
7.32851947,0.0689,2.33,6.04,0,100.13,807,85.76,0.983,0.02778,1.211,5135,0.874,0.812,0.12,424.428
1.992812339,0.0238,6.81,37.3,0,48.82,675,55.11,1.127,0.03148,2.066,3638,0.42,0.45,-0.14,
3.42064689,0.0426,2.27,5.77,0,382.68,1129,82.03,0.92,0.03568,1.767,5370,0.966,0.877,0.14,
19.5489666,0.1307,1.89,4.23,0,26.62,579,89.05,0.83,0.05238,1.78,5549,0.732,0.776,-0.54,912.085
2.345863002,0.0318,1.23,2.04,0,233.38,997,89.81,0.035,0.03167,1.6795,4769,0.714,0.799,0.12,595.683
3.64830183,0.0427,1.33,2.33,0,129.44,860,89.75,0.063,0.03717,1.9985,4769,0.714,0.799,0.12,595.683
5.644914154,0.0571,2.66,7.56,0,72.38,744,88.57,0.445,0.13979,2.2599,4769,0.714,0.799,0.12,595.683
8.74292005,0.0765,1.92,4.35,0,40.33,643,89.95,0.025,0.07795,2.6277,4769,0.714,0.799,0.12,595.683
11.49500229,0.1038,1.53,2.96,0,351.79,1105,79.67,0.911,0.00514,7.602,6033,1.788,1.127,-0.1,513.426
10.16102353,0.0918,4.62,19.3,0,157.97,904,87.78,0.716,0.16539,3.1627,6032,1.06,0.999,-0.14,1252.13
23.637604,0.158,3.11,9.85,0,31.679,595,89.97,0.15,0.11713,4.954,5644,0.967,0.96,0,521.054
67.093408,0.316,3.25,10.6,0,7.885,420,88.93,0.13,0.12939,6.931,5644,0.967,0.96,0,521.054
1.73513619,0.0286,3.27,10.7,0,1372.87,1554,89.57,0.045,0.09526,2.2741,5751,1.071,1.028,0.21,392.739
4.06844957,0.0504,0.98,0.904,0,442.08,1170,86.61,0.55,0.00798,2.8349,5751,1.071,1.028,0.21,392.739
13.26079792,0.1065,1.47,2.76,0,78.79,760,89.51,0.22,0.01994,3.912,5478,1.053,0.914,0.16,855.82
22.79020351,0.1528,2.57,7.13,0,38.27,634,89.94,0.036,0.06179,5.0394,5478,1.053,0.914,0.16,855.82
15.6112238,0.1169,0.91,0.693,0,38.99,637,89.03,0.468,0.01135,3.873,5383,0.842,0.874,0,532.955
26.6565737,0.1943,4.15,16.1,0,157.45,903,88.72,0.686,0.01634,4.954,5159,3.062,1.373,-0.04,1031.91
4.61225043,0.053,0.51,0.087,0,268.27,1032,89.95,0.012,0.00291,2.695,5495,0.961,0.932,0.16,241.991
73.7578875,0.3259,4.28,16.9,0,4.66,375,89.74,0.714,0.18369,2.69,5029,0.93,0.847,0.48,595.331
32.376183,0.1789,2.26,5.73,0,5.61,392,88.18,0.896,0.07454,4.4639,4580,0.675,0.748,0.08,440.561
92.7297248,0.3608,2.81,8.3,0,1.38,276,89.19,0.857,0.12575,6.83,4580,0.675,0.748,0.08,440.561
26.7575866,0.1815,2.28,5.82,0,44.86,660,89.29,0.407,0.04553,5.858,6215,1.052,1.111,-0.06,1502.34
3.03267135,0.0405,0.6,0.156,0,468.31,1187,88.93,0.238,0.00424,1.774,5640,0.921,0.962,0.06,340.965
8.7396758,0.0713,3.29,10.8,0,26.17,577,82.59,0.957,0.1431,3.866,4406,0.628,0.632,-0.24,701.255
3.6961049,0.04565,1.773,9.7,0.083,331,1187,87.36,0.633,0.03967,2.463,5495,0.9164,0.929,0.07,282.563
10.8540774,0.0936,2.894,11.1,0.076,78.7,828,89.815,0.594,0.1051,3.7768,5495,0.9164,0.929,0.07,282.563
77.611455,0.3474,2.606,13.4,0.082,5.71,430,89.708,0.588,0.08275,7.2566,5495,0.9164,0.929,0.07,282.563
6.0984882,0.0637,0.821,0.76,0.092,169.8,1004,87.63,0.63,0.00748,2.9815,5495,0.9164,0.929,0.07,282.563
19.578328,0.1387,0.952,1.4,0.094,35.9,681,88.788,0.727,0.01156,3.744,5495,0.9164,0.929,0.07,282.563
34.94,0.2055,4.71,19.96,0.15,,524,,,,,5495,0.9639,0.948,0.07,282.563
8.594805,0.08,2.13,5.18,0,159.069,854,87.84,0.93,0.03365,3.534,5678,0.944,0.972,-0.006,665.912
10.222157,0.09,1.59,3.15,0,126.361,806,88.23,0.74,0.02382,1.11,5678,0.944,0.972,-0.006,665.912
6.383159135,0.0562,2.73,7.9,0,18.73,530,89.61,0.197,0.23132,1.7504,3757,0.576,0.581,0.48,320.588
20.6180348,0.1228,1.57,3.09,0,3.92,359,89.82,0.155,0.07695,3.267,3757,0.576,0.581,0.48,320.588
1.090011003,0.0197,1.04,1.12,0,911.28,1402,83.71,0.531,0.01748,1.5,5081,0.77,0.864,0.12,776.55
14.09258319,0.1084,1.82,3.97,0,30.1,597,88.45,0.586,0.05304,4.1536,5081,0.77,0.864,0.12,776.55
25.672083,0.175,2.46,6.62,0,64.549,683,87.2,0.38,0.03871,5.627,6065,1.229,1.098,-0.0442,636.445
151.884058,0.573,2.85,8.5,0,6.033,378,89.27,0.92,0.03606,12.99,6065,1.229,1.098,-0.0442,636.445
4.069427,0.045,1.63,3.29,0,108.504,802,89.62,0.64,0.05491,2.067,4668,0.667,0.683,-0.21,285.111
16.282493,0.113,1.85,4.08,0,17.07,505,89.46,0.31,0.07926,2.853,4668,0.667,0.683,-0.21,285.111
3.162697,0.043,2.57,7.13,0,668.215,1308,85.47,0.52,0.05261,1.9,5821,1.114,1.06,0.08,703.302
5.370647,0.061,2.47,749.9,0,329.788,1096,87.46,0.1,0.05194,2.014,5821,1.114,1.06,0.08,703.302
11.32972,0.1,1.44,33.9,0,121.816,855,89.91,0.34,0.01743,3.992,5821,1.114,1.06,0.08,703.302
14.400974,0.117,2.53,6.94,0,79.703,828,86.44,0.57,0.03964,3.906,5812,1.238,1.038,0.07,686.723
25.660593,0.173,1.79,3.86,0,36.886,683,87.88,0.62,0.01692,4.383,5812,1.238,1.038,0.07,686.723
2.75564,0.032,1.51,2.89,0,102.562,757,85.06,0.87,0.05464,1.948,4321,0.546,0.592,-0.1254,159.72
20.306546,0.122,1.64,3.33,0,7.14,389,89,0.81,0.07109,2.873,4321,0.546,0.592,-0.1254,159.72
7.781987,0.078,1.2,1.87,0,192.273,983,84.82,0.33,0.01069,3.644,5764,1.185,0.957,0.0213,594.447
13.137471,0.111,1.77,3.78,0,95.51,825,86.45,0.35,0.02128,4.768,5764,1.185,0.957,0.0213,594.447
23.44281,0.163,1.19,1.81,0,44.17,681,85.83,0.1,0.0085,5.389,5764,1.185,0.957,0.0213,594.447
1.611865,0.029,1.57,3.09,0,4097.318,1930,73.17,0.38,0.00956,2.999,5920,1.588,1.313,0.29,875.519
3.071571,0.044,1.5,2.86,0,1742.715,1556,74.56,0.18,0.00908,4.077,5920,1.588,1.313,0.29,875.519
5.868075,0.068,3.31,11,0,732.604,1254,83.38,0.27,0.04356,3.97,5920,1.588,1.313,0.29,875.519
4.22864,0.054,1.63,3.29,0,639.576,1379,89.94,0.16,0.015,3.308,6092,1.314,1.082,-0.0423,775.328
7.466623,0.079,1.39,2.51,0,300.165,1141,88.98,0.27,0.01209,3.882,6092,1.314,1.082,-0.0423,775.328
11.131786,0.103,1.2,1.87,0,176.283,999,89.02,0.11,0.00955,4.118,6092,1.314,1.082,-0.0423,775.328
16.259458,0.132,1.48,2.79,0,106.345,880,89.29,0.21,0.01295,4.038,6092,1.314,1.082,-0.0423,775.328
16.087845,0.122,2.26,5.73,0,48.662,668,88.05,0.08,0.06125,2.878,5513,0.935,0.971,0.11,576.946
41.749882,0.231,3.1,9.8,0,13.637,486,89.77,0.58,0.10554,5.63,5513,0.935,0.971,0.11,576.946
2.7858212,0.0434,1.639,7.5,0,2749,2015,83.2,0.584,0.006217,3.4834,6305,1.902,1.408,-0.03,108.522
2.453234,0.032,2.94,8.96,0,122.139,737,77.86,0.73,0.17519,1.746,4559,0.65,0.77,0.2772,232.75
7.972513,0.07,3.62,12.8,0,25.44,497,85.73,0.4,0.3245,2.902,4559,0.65,0.77,0.2772,232.75
4.138575,0.048,1.26,2.13,0,158.188,954,89.23,0.02,0.02677,2.226,5123,0.816,0.867,0.151,309.353
6.04045,0.062,1.29,18.3,0,95.436,841,88.58,0.04,0.02732,2.053,5123,0.816,0.867,0.151,309.353
16.257582,0.133,1.09,1.32,0,133.866,830,89.61,0.19,0.00597,6.596,5852,1.455,1.166,0.22,687.194
31.805174,0.207,2.74,7.95,0,54.662,664,86.65,0.15,0.03606,8.316,5852,1.455,1.166,0.22,687.194
2.46236,0.036,1.62,3.26,0,833.469,1326,89.72,0.22,0.01801,1.768,5696,1.195,1.07,0.15,634.939
4.822962,0.057,2.34,6.08,0,339.536,1060,87.56,0.75,0.03321,0.828,5696,1.195,1.07,0.15,634.939
15.660544,0.13,2.61,7.32,0,196.402,758,89.17,0.03,0.03841,7.006,6169,1.352,1.11,-0.02,1208.44
28.7798,0.194,2.13,5.18,0,87.244,619,86.15,0.28,0.02532,7.803,6169,1.352,1.11,-0.02,1208.44
9.360672,0.084,1.62,3.26,0,105.073,784,86.69,0.58,0.02365,3.035,5739,1.027,0.788,-0.4425,485.997
14.667108,0.113,1.77,3.78,0,57.694,675,88.61,0.85,0.01981,3.855,5739,1.027,0.788,-0.4425,485.997
30.864423,0.185,2.39,23.6,0,21.404,527,88.93,0.15,0.05513,2.719,5739,1.027,0.788,-0.4425,485.997
68.16101,0.314,1.75,3.71,0,7.444,405,89.68,0.28,0.02956,5.654,5739,1.027,0.788,-0.4425,485.997
7.693641,0.079,2.35,6.12,0,540.034,1069,88.11,0.72,0.03036,5.05,6091,1.26,1.126,-0.1489,1187.47
17.406669,0.136,3.04,9.48,0,182.057,814,89.94,0.09,0.05818,6.869,6091,1.26,1.126,-0.1489,1187.47
5.374943,0.065,2.23,5.6,0,1366.477,1413,88.73,0.02,0.01544,4.011,6171,1.799,1.342,-0.07,1104.64
8.586004,0.089,1.85,4.08,0,730.808,1208,86.96,0.37,0.01021,3.356,6171,1.799,1.342,-0.07,1104.64
3.88689525,0.0534,1.32,2.3,0,2099.752,1574,89.75,0.825,0.00583,3.658,6341,1.76,1.37,0.09,1104.64
3.619337,0.046,1.48,2.79,0,460.656,1156,89.27,0.09,0.02066,3.014,5502,1.063,1.019,0.37,656.38
44.699576,0.248,3.14,10,0,16.147,500,89.46,0.52,0.08377,6.271,5502,1.063,1.019,0.37,656.38
124.5244647,0.49884,2.66,7.56,0,4.118,356,90,0.5,0.06899,9.598,5542,1.02,1.01,0.31,656.38
4.585512,0.057,2.95,9.01,0,456.732,1307,82.38,0.03,0.04012,3.272,5786,1.491,1.164,0.36,787.07
22.714613,0.165,3.58,12.5,0,54.105,766,87.36,0.01,0.05686,5.808,5786,1.491,1.164,0.36,787.07
47.903645,0.272,2.81,19.1,0,20.01,598,88.02,0.06,0.03769,5.719,5786,1.491,1.164,0.36,787.07
289.863876,0.812,2.1,9.1,0.72,1.013,279,89.764,0.768,0.05019,7.415,5596,0.869,0.857,-0.255,194.642
4.159807,0.046,0.81,0.457,0,105.001,759,87.37,0.09,0.01592,1.626,4632,0.666,0.729,-0.1738,171.109
9.034199,0.076,1.57,3.09,0,37.321,586,88.12,0.06,0.05841,1.486,4632,0.666,0.729,-0.1738,171.109
28.122397,0.163,0.98,0.904,0,8.208,401,89.34,0.14,0.02075,4.103,4632,0.666,0.729,-0.1738,171.109
45.902733,0.226,1.33,2.33,0,4.274,341,89.74,0.53,0.04029,5.088,4632,0.666,0.729,-0.1738,171.109
2.795906,0.037,1.71,5.95575,0,308.885,1090,85.58,0.61,0.04028,2.064,5243,0.821,0.854,0.0616,385.231
5.690586,0.059,2.93,9.3,0,119.836,860,87.76,0.04,0.1372,2.522,5243,0.821,0.854,0.0616,385.231
10.04156,0.087,2.73,3.61,0,56.293,712,87.8,0.36,0.11553,2.53,5243,0.821,0.854,0.0616,385.231
18.369917,0.13,2.63,7.86706,0,25.156,582,87.37,0.26,0.10756,2.245,5243,0.821,0.854,0.0616,385.231
3.936981,0.048,3.16,10.1,0,206.769,1004,85.63,0.57,0.13982,1.828,5433,0.869,0.933,0.33,758.854
10.08881,0.091,4.64,19.4,0,59.076,734,87.6,0.9,0.21758,1.714,5433,0.869,0.933,0.33,758.854
28.081912,0.18,3.69,13.2,0,15.087,522,89.46,0.44,0.20166,4.541,5433,0.869,0.933,0.33,758.854
7.38449,0.07525,2.99,7.4,0.078,444.053,1042,90,0.04,0.03498,5.7351,5803,1.72,1.125,0.1,1859.71
9.84564,0.09117,3.44,5.1,0.15,302.474,947,90,0.31,0.04367,5.7471,5803,1.72,1.125,0.1,1859.71
14.78869,0.11956,5.24,8,0.037,175.951,827,87.94,0.527,0.07818,6.1191,5803,1.72,1.125,0.1,1859.71
19.72567,0.14481,4.6,4.8,0.051,119.882,751,88,0.701,0.05779,7.202,5803,1.72,1.125,0.1,1859.71
3.132924,0.038,1.39,2.51,0,201.489,937,89.29,0.32,0.04797,2.034,5018,0.676,0.777,-0.06,782.088
5.925003,0.058,3.12,9.91,0,86.332,758,84.9,0.85,0.17361,2.843,5018,0.676,0.777,-0.06,782.088
11.349393,0.089,2.3,5.9,0,36.293,610,89.14,0.01,0.13899,3.114,5018,0.676,0.777,-0.06,782.088
18.643577,0.124,1.97,4.54,0,18.732,517,89.15,0.62,0.08525,1.846,5018,0.676,0.777,-0.06,782.088
6.738975,0.056,1.2,1.87,0,38.883,579,89.87,0.45,0.06013,3.018,3682,0.48,0.593,-0.04,561.101
18.794234,0.111,1.84,4.04,0,9.903,412,89.52,0.32,0.1529,3.279,3682,0.48,0.593,-0.04,561.101
3.940997,0.047,1.55,24,0,270.402,1018,88.88,0.15,0.03633,2.596,5571,0.802,0.904,0.09,980.138
5.349555,0.058,2.27,45.2,0,180.513,919,89.62,0.25,0.0831,3.051,5571,0.802,0.904,0.09,980.138
8.109044,0.076,1.22,1.98,0,103.645,800,89.92,0.06,0.02174,3.698,5571,0.802,0.904,0.09,980.138
9.488015,0.09,3.11,9.85,0,104.641,793,89.66,0.82,0.06158,3.113,5854,1.091,0.954,0.1,1083.06
54.418694,0.29,3.04,9.48,0,10.186,443,89.57,0.07,0.08748,4.511,5854,1.091,0.954,0.1,1083.06
2.566546,0.038,1.53,2.96,0,863.776,1360,82.17,0.45,0.02265,2.327,6043,1.014,1.006,0.18,1644.61
4.134444,0.052,2.7,7.75,0,457.318,1160,83.72,0.15,0.0686,3.123,6043,1.014,1.006,0.18,1644.61
11.094286,0.101,4.04,15.4,0,122.778,835,88.11,0.46,0.15175,4.591,6043,1.014,1.006,0.18,1644.61
6.252972,0.062,2.2,5.48,0,76.217,823,89.68,0.11,0.10369,2.64,5120,0.728,0.808,0.06,826.265
16.068638,0.117,4.92,21.5,0,21.637,600,89.92,0,0.49143,3.546,5120,0.728,0.808,0.06,826.265
41.194912,0.22,3.85,14.2,0,6.162,439,89.96,0.8,0.22139,5.02,5120,0.728,0.808,0.06,826.265
7.1,0.07212,1.638,2.56,0.017,446.107,1157,89.57,0.072,0.0131,5.1462,5828,1.548,1.078,-0.112,835.756
10.74,0.09501,3.005,7.81,0.021,257.39,1008,89.86,0,0.04152,6.0633,5828,1.548,1.078,-0.112,835.756
15.27,0.12012,2.206,4.44,0.01,161.038,896,89.54,0.241,0.02067,6.0765,5828,1.548,1.078,-0.112,835.756
32.625555,0.191,4.26,16.8,0,11.816,506,89.98,0.91,0.18048,5.783,5588,0.817,0.784,-0.21,740.754
91.773242,0.38,2.04,4.82,0,2.976,359,89.61,0.03,0.0652,6.034,5588,0.817,0.784,-0.21,740.754
10.065275,0.074,1.73,35.4,0,14.879,488,89.22,0.82,0.10533,1.44,3767,0.49,0.58,-0.1,316.618
19.271566,0.114,1.93,24.1,0,6.267,393,89.97,0.87,0.12198,3.209,3767,0.49,0.58,-0.1,316.618
4.431222,0.054,3.08,9.69,0,410.583,1104,87.72,0.35,0.10109,3.172,5847,0.968,0.97,0.03,1349.13
11.379349,0.101,3.83,14,0,116.524,806,86.8,0.92,0.10235,2.612,5847,0.968,0.97,0.03,1349.13
8.472382,0.077,2.43,6.48,0,85.131,751,89.95,0.08,0.11235,2.697,5360,0.758,0.855,-0.09,856.417
60.418955,0.287,2.71,7.8,0,6.195,390,89.94,0.86,0.09313,5.619,5360,0.758,0.855,-0.09,856.417
2.711506,0.04,3.7,13.2,0,1007.716,1420,89.81,0.85,0.08375,3.175,6224,1.113,1.129,0.22,1733.1
7.21205,0.077,3.51,12.1,0,273.304,1025,89.95,0.16,0.09504,4.039,6224,1.113,1.129,0.22,1733.1
3.340222,0.037,2.23,5.6,0,44,731,89.47,0.37,0.1844,1.925,4255,0.554,0.581,-0.51,428.018
7.824904,0.065,1.28,2.18,0,14.2,555,89.16,0.24,0.057,2.217,4255,0.554,0.581,-0.51,428.018
20.060548,0.122,2.05,4.86,0,4.03,401,89.576,0.11,0.14947,3.312,4255,0.554,0.581,-0.51,428.018
46.183669,0.213,2.22,5.56,0,1.33,306,89.9971,0.68,0.1619,4.833,4255,0.554,0.581,-0.51,428.018
8.295611,0.065,1.57,3.09,0,15.632,469,87.95,0.67,0.08243,1.328,3750,0.51,0.596005,-0.05,288.763
23.968127,0.132,2,4.66,0,3.802,329,89.47,0.84,0.11823,4.166,3750,0.51,0.596005,-0.05,288.763
4.715106,0.05,1.41,2.57,0,124.961,823,88.96,0.19,0.04175,2.351,4861,0.725,0.696,0.22,657.822
8.103636,0.071,2.08,4.98,0,60.642,687,89.87,0.14,0.08879,3.15,4861,0.725,0.696,0.22,657.822
2.090876,0.034,1.73,3305.02,0,2500.588,1642,77.03,0.78,0.01159,3.193,5751,1.43,1.229,0.34,1798.75
6.155557,0.069,2.39,152.522,0,592.298,1146,88.56,0.06,0.0285,4.837,5751,1.43,1.229,0.34,1798.75
13.233549,0.115,3.07,23.1,0,213.48,888,89.95,0.43,0.05046,6.642,5751,1.43,1.229,0.34,1798.75
23.654,0.17286,5.6,169.7,0,98.461,731,89.98,0.008,0.33418,8.2183,5800,0.96,1.06,0.34,1798.75
50.447,0.28635,2,13.5,0,35.869,568,89.57,0.906,0.03703,7.159,5800,0.96,1.06,0.34,1798.75
11.763051,0.095,2.33,6.04,0,34.746,616,89.91,0.17,0.10373,2.899,4914,0.763,0.757,0.17,648.109
56.228098,0.268,2.51,6.85,0,4.315,366,89.56,0.86,0.08627,3.7,4914,0.763,0.757,0.17,648.109
8.14,0.08045,2.348,11.14,0.023,252.246,1050,77.26,0.1134,0.04965,4.776,6028,1.099,1.06,-0.0708,1156.81
12.33,0.10612,2.514,9.99,0.014,144.827,915,78.63,0.0587,0.05666,6.487,6028,1.099,1.06,-0.0708,1156.81
4.244384,0.051,1.67,293.959,0,601.895,1305,75.07,0.29,0.02017,2.945,5897,1.289,1.046,-0.0708,1156.81
18.998355,0.138,2.78,26.2118,0,81.506,792,79.72,0.1,0.04683,2.963,5897,1.289,1.046,-0.0708,1156.81
4.144495,0.048,1.37,2.45,0,142.736,864,89.99,0.24,0.03918,2.368,4985,0.739,0.868,0.41,746.927
7.953528,0.074,2.2,102.3,0,59.838,696,89.24,0.36,0.09616,2.598,4985,0.739,0.868,0.41,746.927
12.718092,0.094,2.33,6.04,0,23.6,562,89.17,0.54,0.11494,3.117,4699,0.668,0.671,0.031,512
36.065978,0.189,2.57,7.13,0,5.88,397,89.77,0.07,0.15638,4.273,4699,0.668,0.671,0.031,512
8.20395,0.075,2.61,7.32,0,43.768,742,86.43,0.06,0.10783,2.74,5020,0.85,0.748,-0.02,600.241
14.496481,0.109,2,4.66,0,20.498,613,84.34,0.37,0.06571,3.222,5020,0.85,0.748,-0.02,600.241
5.715442,0.062,2.45,6.57,0,115.505,850,88.81,0.17,0.09081,2.484,5228,0.842,0.904,0.26,693.86
20.026218,0.142,1.99,4.62,0,21.72,559,88.43,0.77,0.04212,1.319,5228,0.842,0.904,0.26,693.86
4.311792,0.05,2.76,8.05,0,242.471,1038,89.08,0.52,0.1154,2.735,5554,0.803,0.933,0.07,1036.49
9.767292,0.087,2.05,4.86,0,81.574,791,87.68,0.49,0.05691,1.373,5554,0.803,0.933,0.07,1036.49
20.050401,0.14,2.31,15.2,0,31.267,622,89.31,0.11,0.08409,4.504,5554,0.803,0.933,0.07,1036.49
7.49019,0.071,2.57,146.78,0,77.749,753,89.95,0.2,0.12124,2.804,5100,0.795,0.856,0.12,861.527
17.460812,0.124,2.18,26.7,0,25.152,568,89.31,0.2,0.0875,2.244,5100,0.795,0.856,0.12,861.527
36.277108,0.202,3.03,21.6,0,9.492,445,89.97,0.18,0.16769,4.804,5100,0.795,0.856,0.12,861.527
3.219821056,0.04053,1.75,1806.36,0,240.151,998,89.72,0.0676,0.0504,2.1157,5174,0.8,0.86,0.05,861.527
4.60182,0.052,2.34,6.08,0,141.613,896,87.56,0.58,0.07559,2.227,5206,0.831,0.853,0.2,626.078
11.187161,0.095,1.5,2.86,0,43.208,667,89.1,0.04,0.03536,3.161,5206,0.831,0.853,0.2,626.078
3.33616,0.042,1.64,3.33,0,216.111,970,88.88,0.14,0.04593,2.077,5100,0.768,0.887,0.3,663.711
9.439452,0.084,4.09,15.7,0,53.899,686,89.89,0.14,0.30361,2.896,5100,0.768,0.887,0.3,663.711
20.477912,0.14,3.94,14.7,0,19.21,530,89.43,0.13,0.13824,3.068,5100,0.768,0.887,0.3,663.711
6.308205,0.066,3.02,9.38,0,79.311,819,89.9,0.38,0.14465,3.008,5190,0.831,0.838,0.17,738.792
16.239494,0.123,4.07,15.6,0,22.459,598,89.92,0.08,0.25907,4.03,5190,0.831,0.838,0.17,738.792
3.306539,0.035,1.09,1.32,0,24.26,554,90,0.26,0.05092,1.767,3568,0.482,0.510238,-0.34,190.401
7.113702,0.058,1.51,2.89,0,12.529,429,89.21,0.79,0.08076,2.219,3568,0.482,0.510238,-0.34,190.401
15.368459,0.097,1.57,3.09,0,4.474,332,89.86,0.9,0.07561,2.697,3568,0.482,0.510238,-0.34,190.401
6.238297,0.0695,2.748,8.7,0.0029,542.96,1185,92.827,0.54,0.04028,3.54393,6354,1.316,1.165,0.11,243.249
12.7207,0.1117,5.217,15.2,0.0061,210.172,934,92.764,0.88,0.107,2.862,6354,1.316,1.165,0.11,243.249
122.4,0.416422183,10,71.9,0.13,,,,,,,6354,1.316,1.165,0.11,243.249
4.148141,0.048,1.13,1.51,0,148.103,938,89.58,0.75,0.01752,2.403,5160,0.805,0.806,0.01,760.585
7.156804,0.069,2.28,5.82,0,71.499,782,88.68,0.05,0.0867,2.567,5160,0.805,0.806,0.01,760.585
17.648312,0.127,2.18,5.39,0,21.463,579,89.27,0.02,0.07633,1.98,5160,0.805,0.806,0.01,760.585
4.790936,0.053,1.33,2.33,0,203.169,990,89.55,0.25,0.02513,2.705,5526,0.89,0.891,-0.06,924.625
16.514043,0.122,2.77,8.1,0,38.953,655,89.22,0.2,0.09735,4.108,5526,0.89,0.891,-0.06,924.625
30.133001,0.182,2.77,8.1,0,17.477,536,88.21,0.3,0.10158,4.919,5526,0.89,0.891,-0.06,924.625
99.640161,0.404,2.77,8.1,0,3.548,360,89.99,0.23,0.09525,4.36,5526,0.89,0.891,-0.06,924.625
6.668391,0.058,1.23,2.04,0,39.264,587,88.24,0.78,0.04288,1.978,4208,0.549,0.61,-0.13,379.424
10.848463,0.08,2.15,5.27,0,20.507,499,89.57,0.17,0.17433,2.976,4208,0.549,0.61,-0.13,379.424
3.783986,0.046,1.63,3.29,0,194.346,949,86.54,0.27,0.04261,1.932,5208,0.786,0.86,0.15,838.595
10.281951,0.089,2.65,7.51,0,51.273,680,89.59,0.49,0.11107,3.517,5208,0.786,0.86,0.15,838.595
18.119869,0.13,3.17,10.2,0,24.084,563,89.64,0.65,0.15069,4.29,5208,0.786,0.86,0.15,838.595
5.826662,0.064,3.87,14.3,0,184.341,1013,89.88,0.74,0.15391,3.032,5957,0.91,0.849,-0.13,1389.48
12.412183,0.105,2.15,3.2,0,67.225,787,89.95,0.05,0.06113,3.362,5957,0.91,0.849,-0.13,1389.48
18.746477,0.139,2.5,6.8,0,38.844,686,89.11,0.15,0.07968,3.961,5957,0.91,0.849,-0.13,1389.48
5.714606,0.063,1.55,3.02,0,174.395,971,88.25,0.01,0.02978,2.238,5573,0.933,0.867,0.3386,1052.53
9.946047,0.092,2.99,9.22,0,83.264,807,89.91,0.33,0.09945,3.38,5573,0.933,0.867,0.3386,1052.53
1.045622658,0.0192,1.32,2.3,0,1686.09,1710,89.51,0.77,0.0213,1.8269,5431,0.86,0.9,0.02,1052.53
1.620493,0.027,1.59,3.15,0,1225.934,1681,87.2,0.07,0.01716,2.241,5551,1.301,1.037,0.26,1026.43
3.38802,0.045,2.15,5.27,0,457.066,1315,87.2,0.16,0.02801,2.628,5551,1.301,1.037,0.26,1026.43
5.839172,0.064,2.48,6.71,0,221.1,1097,88.54,0.84,0.02736,3.134,5551,1.301,1.037,0.26,1026.43
10.681572,0.096,2.35,6.12,0,98.9,897,87.92,0.04,0.03078,3.542,5551,1.301,1.037,0.26,1026.43
2.382667,0.034,2.61,7.32,0,343.6,1237,84.74,0.09,0.07943,1.812,5180,1.037,0.916,0.4,780.256
6.581484,0.066,5.41,25.2,0,88.6,881,89.53,0.76,0.25131,3.289,5180,1.037,0.916,0.4,780.256
24.664551,0.16,4.95,21.7,0,15.2,567,88.98,0.13,0.26249,2.655,5180,1.037,0.916,0.4,780.256
13.19722,0.103,4.06,15.5,0,27.791,642,88.71,0.11,0.21414,3.418,4942,0.915,0.82,0.3031,575.988
33.653079,0.193,3.61,12.7,0,7.985,470,89.42,0.85,0.11408,4.126,4942,0.915,0.82,0.3031,575.988
8.115317,0.079,2.8,8.25,0,113.451,879,84.3,0.75,0.08349,2.954,5938,0.898,0.867,-0.09,1002.14
36.924931,0.217,2.7,7.75,0,15.054,530,88.6,0.03,0.0902,4.723,5938,0.898,0.867,-0.09,1002.14
12.28,0.08551,2.78,5.12,0.021,7.6,431,89.93,0.475,0.27947,2.7096,3914,0.512,0.544,-0.13,335.307
17.2559,0.10725,2.72,6.2,0.013,4.82,385,89.09,0.828,0.20548,2.0371,3914,0.512,0.544,-0.13,335.307
3.543919,0.039,1.07,1.24,0,31.79,652,89.91,0.31,0.0507,2.012,4486,0.571,0.593,-0.21,335.307
46.827915,0.22,2.41,6.39,0,1.753,276,89.87,0.77,0.15377,2.084,4486,0.571,0.593,-0.21,335.307
8.187399,0.075,2.01,4.7,0,132.134,782,88.89,0.46,0.05707,3.027,5250,0.862,1.013,0.29,627.365
76.050178,0.332,1.74,3.68,0,6.775,372,89.99,0.66,0.03884,6.826,5250,0.862,1.013,0.29,627.365
10.381227,0.088,2.18,5.39,0,45.779,672,89.36,0.16,0.08697,2.759,5098,0.794,0.834,0.1621,317.499
24.570858,0.156,2,4.66,0,14.512,505,87.52,0.19,0.07537,2.761,5098,0.794,0.834,0.1621,317.499
13.060855,0.108,1.36,2.42,0,50.169,734,88.16,0.76,0.02366,3.278,5841,0.881,0.816,-0.3382,613.129
21.853722,0.152,1.64,3.33,0,25.26,618,88.95,0.07,0.03556,3.49,5841,0.881,0.816,-0.3382,613.129
16.568087,0.12,2.67,7.61,0,24.308,548,89.69,0.08,0.13224,4.143,5265,0.785,0.793,-0.0314,754.747
47.332773,0.242,2.47,6.66,0,5.994,386,89.8,0.06,0.09755,3.069,5265,0.785,0.793,-0.0314,754.747
40.806231,0.249,3.33,11.1,0,79.478,772,89.96,0.93,0.03139,14.253,6158,1.55,1.426,0.0469,942.173
140.101261,0.566,2.83,8.4,0,15.347,511,89.98,0.44,0.02668,17.933,6158,1.55,1.426,0.0469,942.173
6.846262,0.069,1.86,4.12,0,220.328,1022,89.71,0.64,0.02468,3.59,5835,1.103,0.97,-0.11,1280.25
17.028937,0.127,2.63,7.41,0,65.359,755,89.59,0.34,0.05689,4.732,5835,1.103,0.97,-0.11,1280.25
43.130617,0.236,2.49,6.76,0,18.941,554,89.52,0.69,0.04478,3.066,5835,1.103,0.97,-0.11,1280.25
67.831024,0.319,2.59,7.22,0,10.354,476,89.98,0.02,0.05078,7.066,5835,1.103,0.97,-0.11,1280.25
6.61833,0.071,2.48,6.71,0,230.403,1066,89.82,0.36,0.05491,3.717,5885,1.028,0.947,0.16,1370.79
107.723601,0.457,3.89,14.4,0,5.592,421,90,0.32,0.13962,8.08,5885,1.028,0.947,0.16,1370.79
3.353728,0.037,1.98,37.9,0,45.843,615,89.84,0.22,0.12647,1.494,4258,0.555,0.541571,-0.18,264.993
6.87745,0.06,2.13,5.18,0,17.583,484,88.26,0.19,0.16323,1.35,4258,0.555,0.541571,-0.18,264.993
28.464515,0.154,2.27,5.77,0,2.647,301,89.98,0.48,0.16298,2.742,4258,0.555,0.541571,-0.18,264.993
25.934138,0.18,2.55,7.04,0,64.933,695,89.98,0.07,0.04145,4.571,6081,1.274,1.109,0.0009,851.87
83.446393,0.391,3.38,11.4,0,13.662,471,89.97,0.91,0.0503,7.219,6081,1.274,1.109,0.0009,851.87
5.326718,0.061,2.47,6.66,0,604.9,1007,89.8,0.62,0.06114,3.387,5847,0.959,0.92,0.4,2257.32
8.127899,0.081,1.69,3.5,0,342.6,875,88.71,0.61,0.02241,3.899,5847,0.959,0.92,0.4,2257.32
15.3348,0.118,4,2895.31,0,28.681,610,87.95,0.839,0.30814,3.47,5400,0.59,0.65,0.41,1044.36
31.3309,0.191,4.9,4385.87,0,11.067,481,88.62,0.7923,0.50738,4.75,5400,0.59,0.65,0.41,1044.36
6.546289921,0.06578,2.7061946,7.78,0,88.2,810,87.46,0.804,0.0803,2.993,5251,0.817,0.926,0.21,1044.36
11.476094,0.107,2.01,4.7,0,178.362,984,86.33,0.14,0.01823,4.865,6067,1.461,1.17,0.15,948.781
25.262887,0.18,1.77,3.78,0,62.241,756,88,0.1,0.01255,3.698,6067,1.461,1.17,0.15,948.781
10.43547805,0.08784,1.23,2.04,0,75.957,759,89.57,0.51,0.02102,3.4047,5555,0.87,0.9,-0.13,404.542
7.41086267,0.06993,0.95,0.809,0,119.631,850,89.79,0.064,0.01241,3.2769,5555,0.87,0.9,-0.13,404.542
5.24972541,0.05554,0.66,0.219,0,189.343,954,89.01,0.48,0.00619,2.766,5555,0.87,0.9,-0.13,404.542
2.971353,0.038,1.43,78,0,801.741,1200,87.49,0.04,0.02333,2.648,5297,0.929,0.91,0.04,889.608
6.057342,0.061,1.79,97.8,0,310.76,947,88.98,0.03,0.03852,3.695,5297,0.929,0.91,0.04,889.608
10.937304,0.091,2.25,5.69,0,141.135,777,86.63,0.89,0.04216,3.084,5297,0.929,0.91,0.04,889.608
2.936532,0.037,1.5,2.86,0,285.636,1209,87.29,0.04,0.03523,1.704,5626,0.815,0.756,-0.28,713.964
8.014927,0.073,1.98,4.58,0,74.887,865,87.69,0.94,0.0363,3.379,5626,0.815,0.756,-0.28,713.964
11.634788,0.101,1.54,2.99,0,147.812,961,89.82,0.2,0.02923,5.541,6023,1.007,0.883,-0.2112,1333.62
33.197861,0.204,1.84,4.04,0,36.518,678,88.53,0.14,0.03367,4.544,6023,1.007,0.883,-0.2112,1333.62
10.300682,0.098,2.34,6.08,0,266.3,1015,89.99,0.57,0.02718,4.967,6165,1.383,1.189,0.08,2034.25
16.088134,0.132,3.38,11.4,0,146.5,875,87.82,0.06,0.05978,5.888,6165,1.383,1.189,0.08,2034.25
35.676062,0.224,3.33,11.1,0,50.7,671,88.84,0.73,0.04712,7.634,6165,1.383,1.189,0.08,2034.25
14.12841,0.119,2.87,731.209,0,58.586,739,87.47,0.85,0.06287,3.733,6105,1.046,0.845,-0.29,1144.86
31.884,0.18619,2.9,16.6,0,19.793,563,86.92,0.700831,0.091,5.099,5693,1.03,1.1,-0.29,1144.86
48.648,0.24666,2.8,16.3,0,11.274,489,87.42,0.89688,0.06211,4.563,5693,1.03,1.1,-0.29,1144.86
17.324,0.14168,2.92,87.3,0,198.245,964,86.03,0.0418,0.02413,8.045,5946,1.69,1.12,0.09,976.643
33.006,0.21781,3.36,64.2,0,83.898,778,89.33,0.6926,0.02781,7.201,5946,1.69,1.12,0.09,976.643
30.1556,0.202,3.955,56,0.696,110,586,85.11,0.544,0.01759,7.874,4965,2.861,1.227,0.22,443.03
51.111,0.287,3.268,34.9,0.616,54.3,492,88.58,0.27,0.01415,11.233,4965,2.861,1.227,0.22,443.03
12.309681,0.112,3.62,4180.93,0,249.021,1104,83.92,0.69,0.03791,5.868,6363,1.746,1.2,-0.1141,1037.4
35.736,0.2236,4.3,49.4,0,60.157,774,87.09,0.9169,0.07915,8.995,6689.45,1.07,1.1,-0.1141,1037.4
54.414,0.2901,3.1,37.5,0,35.739,574,87.09,0.9098,0.0598,8.559,6689.45,1.07,1.1,-0.1141,1037.4
98.3531,0.439,4.13,56,0,21.96,552,86.4,0.91,0.0423,24.708,6689.45,1.43,1.164,-0.1141,1037.4
5.91,0.05687,1.959,1.63,0,62.577,585,89.51,0.17,0.10629,2.3254,4499.3,0.664,0.684,0.1451,438.359
8.99,0.07519,1.857,2.06,0.017,35.898,509,89.98,0.008,0.09053,2.8606,4499.3,0.664,0.684,0.1451,438.359
2.139542,0.032,1.45,2.7,0,821.894,1425,87.19,0.33,0.02661,2.02,5744,0.886,0.962,0.1213,780.361
4.807091,0.056,2.01,4.7,0,279.085,1088,86.65,0.68,0.04505,0.901,5744,0.886,0.962,0.1213,780.361
14.646008,0.117,2.82,324,0,118.246,694,88.09,0.92,0.05935,6.293,5723,0.899,0.95,0.02,1745.45
36.337373,0.215,5.31,161.124,0,35.203,513,88.17,0.77,0.28284,6.809,5723,0.899,0.95,0.02,1745.45
148.2720032,0.5456,5.93747806,654,0,2.51,321,89.66,1.14,0.17074,4.192,5717,0.884,0.984,0,1745.45
9.220524,0.082,1.01,1.01,0,195.935,817,89.85,0.02,0.014,4.847,5602,0.904,0.86,-0.2,1337.61
13.638723,0.106,1.2,1.87,0,116.117,717,89.69,0.07,0.01627,5.573,5602,0.904,0.86,-0.2,1337.61
24.806,0.15837,2.46,61,0,52.348,588,89.99,0.763,0.06244,6.1513,5656,0.89,0.97,-0.2,1337.61
44.347,0.23332,3.1,56.2,0,24.114,484,89.7,0.778,0.07917,6.399,5656,0.89,0.97,-0.2,1337.61
11.008151,0.082,2.13,5.18,0,16.26,488,89.97,0.51,0.14625,2.087,4351,0.566,0.596,-0.17,468.094
92.743711,0.341,1.82,3.97,0,0.949,240,89.99,0.44,0.11051,6.279,4351,0.566,0.596,-0.17,468.094
12.699149,0.104,2.24,5.65,0,38.366,686,88.51,0.24,0.07974,2.819,5615,0.814,0.766,-0.26,1031.95
37.514456,0.213,2.61,7.32,0,9.042,478,89.6,0.62,0.0935,5.352,5615,0.814,0.766,-0.26,1031.95
2.633867,0.036,1.34,2.36,0,428.407,1131,88.82,0.09,0.02598,2.061,5411,0.808,0.915,0.17,824.31
6.186676,0.064,1.12,1.46,0,137.068,851,89.95,0.08,0.02026,2.908,5411,0.808,0.915,0.17,824.31
1.796302,0.027,1.24,2.07,0,850.1,1367,89.88,0.06,0.02109,1.974,5580,0.863,0.83,-0.25,1226.85
3.468095,0.042,1.37,2.45,0,353,1098,89.28,0.2,0.02439,2.305,5580,0.863,0.83,-0.25,1226.85
5.914323,0.061,1.33,2.33,0,173.9,919,89.87,0.06,0.02532,2.655,5580,0.863,0.83,-0.25,1226.85
29.221289,0.176,1.77,3.78,0,20.6,539,88.78,0.64,0.0394,3.93,5580,0.863,0.83,-0.25,1226.85
20.342199,0.145,2.33,83,0,35.75,667,88.83,0.24,0.05646,2.257,5806,1.032,0.963,0.117,835.86
44.851896,0.246,3.26,66,0,12.457,513,89.24,0.83,0.07808,3.584,5806,1.032,0.963,0.117,835.86
6.097326,0.065,1.67,3.43,0,247.301,1197,89.95,0.21,0.02176,3.306,5918,1.091,0.842,-0.24,1194.15
19.305772,0.14,2.85,8.5,0,53.148,815,90,0.06,0.07091,4.192,5918,1.091,0.842,-0.24,1194.15
56.633742,0.287,2.67,7.61,0,12.659,570,89.75,0.41,0.05897,6.039,5918,1.091,0.842,-0.24,1194.15
34.5383,0.21183,2.49,3.7,0,27.371,607,88.98,0.825,0.04298,3.178,5990,1,1.08,0.05,704.438
125.8723,0.50155,11.23,157.18,0,4.882,394,89.78,0.394,1.23895,9.0191,5990,1,1.08,0.05,704.438
66.0282,0.33,3.03,5.33,,,,89.31,0.05,,3.557,5990,1,1.08,0.05,704.438
330.0716,0.9342,2.94,17.4,0,1.58,286,89.91,0.68,0.06167,4.295,5990,0.985,1.061,-0.0098,704.438
10.33974,0.08482,2.55,5,0,55.9,777,89.13,0.379,0.102,3.041,5378,0.732,0.761,-0.44,832.532
13.28613,0.10027,2.34,4.5,0,34.4,715,89.97,0.929,0.10396,3.2825,5378,0.732,0.761,-0.44,832.532
14.589347,0.11,2.25,5.69,0,22.637,594,88.86,0.6,0.08313,2.404,5147,0.743,0.756,-0.1,694.627
36.77031,0.205,2.7,7.75,0,6.596,437,89.44,0.22,0.13466,4.278,5147,0.743,0.756,-0.1,694.627
0.764017553,0.0154,0.86,0.566,0,1503.79,1589,84.79,0.442,0.01282,1.103,5142,0.755,0.84,-0.06,694.627
3.546511,0.047,2.16,5.31,0,627.374,1212,86.2,0.33,0.04427,2.266,6002,1.016,1.023,0.23,1786.48
5.700786,0.065,1.88,4.19,0,332.737,1035,88.15,0.57,0.03798,1.647,6002,1.016,1.023,0.23,1786.48
2.580827,0.035,1.32,2.3,0,394.301,1130,89,0.09,0.02702,2.092,5299,0.826,0.865,0.04,1056.48
3.715335,0.045,1.47,2.76,0,242.416,1001,88.25,0.38,0.03317,2.32,5299,0.826,0.865,0.04,1056.48
7.055679,0.068,2.23,5.6,0,103.005,808,89,0.35,0.07056,3.145,5299,0.826,0.865,0.04,1056.48
11.97901,0.097,2.67,7.61,0,50.924,678,89.83,0.91,0.07079,4.094,5299,0.826,0.865,0.04,1056.48
20.834237,0.141,2.35,6.12,0,24.325,563,89.56,0.46,0.08031,4.341,5299,0.826,0.865,0.04,1056.48
19.254196,0.144,3.07,9.64,0,28.944,657,88.86,0.5,0.09877,4.533,5804,0.957,0.934,0.1,974.633
54.155743,0.286,3.83,14,0,7.287,466,88.78,0.91,0.11098,4.608,5804,0.957,0.934,0.1,974.633
3.701212,0.048,1.77,3.78,0,329.801,1087,89.09,0.05,0.03274,2.476,5913,0.976,0.947,0.11,1357.01
6.6264,0.071,2.71,7.8,0,151.491,895,89.61,0.14,0.08146,3.175,5913,0.976,0.947,0.11,1357.01
12.645164,0.099,1.22,1.98,0,287.5,741,77.82,0.02,0.02004,8.613,5603,0.898,0.89,-0.03,1699.19
21.526258,0.142,1.17,1.71,0,141.4,621,86.2,0.05,0.019,8.213,5603,0.898,0.89,-0.03,1699.19
33.884054,0.192,1.36,2.42,0,104.962,533,85.87,0.5,0.02241,5.373,5603,0.898,0.89,-0.03,1699.19
10.864384,0.079,1.61,3.22,0.33,6.5,495,88.58,0.65,0.07487,1.853,3740,0.48,0.498,-0.08,167
5.8416366,0.0521,2,4.66,0.33,14.8,606,89.94,0.25,0.13363,1.8734,3740,0.48,0.498,-0.08,167
19.850291,0.118,2.09,5.02,0.33,2.9,403,89.77,0.26,0.16075,2.8407,3740,0.48,0.498,-0.08,167
34.14211,0.169,1.53,2.96,0.33,1.41,337,89.89,0.34,0.0788,2.945,3740,0.48,0.498,-0.08,167
63.33627,0.255,1.8,3.89,0.33,0.62,274,89.95,0.55,0.0983,3.6,3740,0.48,0.498,-0.08,167
38.871826,0.217,2.87,48.5,0,16.464,509,89.97,0.46,0.10049,6.125,5619,0.915,0.927,-0.11,692.14
74.920137,0.336,6.54,42.1,0,6.86,409,89.47,0.81,0.41192,4.794,5619,0.915,0.927,-0.11,692.14
150.0189511,0.523,32.6,,0,2.62,325,89.4,1.252,0.43197,4.3823,5618,0.897,0.846,-0.22,692.14
10.475464,0.08,1.96,4.5,0,24.707,540,88.61,0.42,0.10707,2.32,4465,0.582,0.66,-0.21,518.204
22.92881,0.136,1.93,4.38,0,8.696,416,89.15,0.59,0.09089,2.398,4465,0.582,0.66,-0.21,518.204
77.473633,0.305,2.5,6.8,0,1.715,277,89.57,0.75,0.15436,4.433,4465,0.582,0.66,-0.21,518.204
2.927128,0.04,1.32,2.3,0,622.067,1258,89.72,0.38,0.01702,2.546,5617,1.032,1.004,0.12,1052.24
6.885875,0.07,2.65,7.51,0,198.554,946,78.69,0.95,0.04285,4.009,5617,1.032,1.004,0.12,1052.24
15.054786,0.118,1.86,4.12,0,69.96,729,89.2,0.52,0.02564,4.279,5617,1.032,1.004,0.12,1052.24
38.285489,0.22,1.87,4.16,0,20.174,534,89.85,0.22,0.03228,5.638,5617,1.032,1.004,0.12,1052.24
29.33434,0.18,3.9,11.3,0.042,16.379,524,90.179,0.38,0.165,4.8,5498,0.95,0.99,0.18,914.221
60.323105,0.3,12.3,640,0.0111,6.217,411,90.3227,0.4,1.62,5.7408,5498,0.95,0.99,0.18,914.221
143.34394,0.5,8.8,23.1,0.022,1.962,308,89.8406,0.38,0.83,7.728,5498,0.95,0.99,0.18,914.221
10.446347,0.094,1.67,3.43,0,265.186,812,84.3,0.33,0.03542,2.19,5986,0.9,1.07,0.04,1098.45
40.714955,0.232,2.25,5.69,0,43.248,516,88.74,0.7,0.05639,8.692,5986,0.9,1.07,0.04,1098.45
2.508553,0.036,1.35,2.39,0,665.437,1278,89.94,0.09,0.02116,2.294,5815,0.9,1.022,0.187,719.166
5.419026,0.06,1.35,2.39,0,238.481,989,87.99,0.11,0.0231,2.281,5815,0.9,1.022,0.187,719.166
13.751243,0.112,1.75,3.71,0,68.931,725,89.21,0.27,0.03485,3.958,5815,0.9,1.022,0.187,719.166
30.184104,0.193,4.06,15.5,0,31.247,634,89.98,0.73,0.09749,5.94,5740,1.22,1.021,0.16,1402.58
127.282184,0.503,12.45,,0,4.585,392,89.51,0.83,0.80886,7.16,5740,1.22,1.021,0.16,1402.58
1.937055,0.024,0.89,0.64,0,145.436,802,89.41,0.45,0.03123,1.535,3944,0.485,0.575,-0.4136,209.738
7.061149,0.057,1.14,1.55,0,25.851,521,88.38,0.68,0.04975,1.054,3944,0.485,0.575,-0.4136,209.738
3.295709,0.039,2.86,8.55,0,139.146,875,88.89,0.42,0.18579,1.797,4731,0.687,0.737,0.03,434.684
5.315946,0.054,2.17,5.35,0,73.598,746,88.47,0.49,0.10497,1.114,4731,0.687,0.737,0.03,434.684
9.653471,0.08,2.75,8,0,33.16,611,89.67,0.75,0.14322,2.987,4731,0.687,0.737,0.03,434.684
1.499146953,0.02317,1.2,1.87,0,397.254,1137,87.54,0.0624,0.0276,1.4421,4817,0.73,0.8,0.05,434.684
5.487,0.05746,3.6,10.5,0.005,112.914,836,84.98,0.806,0.13286,2.93,5080,0.8,0.76,0.09,868.477
8.291,0.07568,3.3,6,0,65.1,728,83.45,0.839,0.10339,3.613,5080,0.8,0.76,0.09,868.477
16.74,0.12091,2.76,6.2,0,25.523,576,89.27,0.935,0.09968,2.398,5090,0.792,0.827,0.09,868.477
3.20538,0.04017,1.7938153,3.87,0,220.4,1000,87.1,0.833,0.04536,2.143,4974,0.827279,0.82,0.09,868.477
4.646186,0.05,1.52,2.92,0,127.255,830,83.18,0.07,0.04465,2.316,4954,0.719,0.75,-0.13,775.679
7.240193,0.067,2.35,6.12,0,70.449,716,88.29,0.83,0.08649,3.052,4954,0.719,0.75,-0.13,775.679
17.326644,0.12,2.47,6.66,0,21.983,535,88,0.9,0.08,4.777,4954,0.719,0.75,-0.13,775.679
44.840975,0.227,2.27,5.77,0,6.185,390,88.5,0.31,0.10516,5.484,4954,0.719,0.75,-0.13,775.679
10.4208,0.09359,2.43,7.44,0,59.7,797,88.23,0.7038,0.08776,2.7791,5367,0.814,0.907,0.19,575.581
13.0729,0.10896,2.2,3.64,0,44,739,88.37,0.8052,0.07055,3.0401,5367,0.814,0.907,0.19,575.581
9.694928,0.09,2.12,5.14,0,108.64,833,89.36,0.3,0.05152,2.609,5895,0.941,0.92,-0.04,1335.92
15.38231,0.123,2.16,5.31,0,58.679,714,89.97,0.19,0.05505,3.951,5895,0.941,0.92,-0.04,1335.92
5.923653,0.059,1.56,3.05,0,99.493,531,89.85,0.81,0.04065,2.787,4713,0.721,0.816,0.27,544.568
105.356383,0.401,2.51,6.85,0,2.142,204,89.71,0.4,0.12102,3.658,4713,0.721,0.816,0.27,544.568
20.8613,0.16,5.5,36.7418,0,91.474,781,89.88,0.833,0.1895,4.992,6340,1.22,1.21,-0.076,1664.64
42.6318,0.26,5.3,1493.7,0,35.254,615,89.85,0.855,0.1729,6.024,6340,1.22,1.21,-0.076,1664.64
87.6451,0.4,3.9,2161.244,0,11.8,484,89.89,0.5,0.0959,8.256,6340,1.22,1.21,-0.076,1664.64
13.930698,0.111,1.19,1.81,0,45.97,665,87.46,0.21,0.01865,2.104,5797,0.876,0.854,-0.12,602.268
56.47542,0.281,3.38,11.4,0,7.109,417,88.81,0.89,0.10918,6.133,5797,0.876,0.854,-0.12,602.268
92.876125,0.392,2.47,7,0,3.664,353,88.82,0.79,0.06588,7.126,5797,0.876,0.854,-0.12,602.268
9.176092,0.087,1.7,3.53,0,201.362,960,89.63,0.01,0.02069,4.342,5905,1.188,0.994,-0.03,778.654
19.738286,0.145,1.43,2.63,0,72.456,744,88.06,0.42,0.01681,4.86,5905,1.188,0.994,-0.03,778.654
232.040326,0.7326,2.05,4.86,0,2.71,327,89.7,0.61,0.02908,12.235,5903,1.156,0.974,-0.1,778.654
1.772419,0.031,1.29,2.21,0,4124.022,1685,89.94,0.36,0.00792,2.453,6115,1.467,1.314,0.15,797.72
19.747412,0.153,3.15,10.1,0,165.824,754,89.06,0.18,0.04807,3.376,6115,1.467,1.314,0.15,797.72
14.970418,0.125,2.53,6.94,0,142.4,883,88.91,0.02,0.02905,5.858,5727,1.536,1.114,0.26,1079.395249
32.273273,0.208,2.57,7.13,0,51.1,683,88.5,0.74,0.02239,6.51,5727,1.536,1.114,0.26,1079.395249
2.461069,0.035,0.83,0.498,0,488.674,1195,85.4,0.21,0.00809,2.293,5378,0.95,0.99,0.322,268.881
5.960392,0.064,2.9,8.75,0,149.977,890,85.57,0.75,0.08239,2.765,5378,0.95,0.99,0.322,268.881
96.101141,0.402,3.77,13.7,0,6.674,409,88.26,0.74,0.09823,8.36,5796,1.037,0.831,-0.27,1160.63
265.469335,0.791,4.15,16.1,0,1.722,291,89.31,0.94,0.11475,10.184,5796,1.037,0.831,-0.27,1160.63
2.240508,0.027,1.06,1.2,0,164.776,837,87.63,0.14,0.04363,1.39,4204,0.52,0.587,-0.23,384.938
6.827766,0.058,1.16,1.65,0,37.377,577,89.09,0.18,0.05458,2.419,4204,0.52,0.587,-0.23,384.938
5.524242,0.061,2.09,109.8,0,151.652,976,87.89,0.3,0.0491,2.672,5497,0.941,0.865,0.13,940.584
8.77501,0.083,1.72,3.61,0,81.761,837,88.45,0.38,0.03519,2.857,5497,0.941,0.865,0.13,940.584
4.662715,0.056,4.71,19.9,0,333.149,1039,87.66,0.07,0.16194,2.746,5746,1.189,1.073,0.332,489.141
11.815007,0.105,3.68,13.1,0,96.513,762,87.15,0.01,0.09843,2.556,5746,1.189,1.073,0.332,489.141
4.362705,0.051,1.63,3.29,0,253.665,1023,86.03,0.26,0.03355,2.194,5526,0.903,0.933,0.06,503.436
6.941357,0.069,2.63,7.41,0,136.343,876,86.78,0.13,0.0867,1.791,5526,0.903,0.933,0.06,503.436
31.781925,0.191,2.29,5.86,0,17.962,528,89.85,0.55,0.062,3.863,5526,0.903,0.933,0.06,503.436
5.90124,0.05,2.2,1303,0,22.025,514,89.92,0.03,0.165,2.112,3900,0.53,0.58,0,323.847
8.7522,0.09,2,158.9,0,10.68,451,89.97,0.017,0.1453,2.328,3900,0.53,0.58,0,323.847
22.7802,0.13,2.7,39.9089,0,3.631,328,89.99,0.008,0.2181,2.976,3900,0.53,0.58,0,323.847
2.896,0.033,1.5,4.08181,0,56.649,652,89.65,0.082,0.0671,1.272,3900,0.53,0.58,0,323.847
0.74296,0.013,0.82,969.228,0,349.645,1026,88.93,0.16,0.0224,0.936,3900,0.53,0.58,0,323.847
8.371554,0.085,1.14,1.55,0,280.559,1292,71.53,0.67,0.0098,4.04,6435,1.108,1.072,-0.1228,826.613
17.934937,0.142,1.37,2.45,0,101.619,1002,80.93,0.22,0.01427,5.26,6435,1.108,1.072,-0.1228,826.613
4.915379,0.057,1.77,3.78,0,296.155,1042,87.7,0.06,0.02285,2.725,5740,1.194,1.024,0.121,384.542
13.093921,0.11,2.32,5.99,0,80.103,752,87.96,0.01,0.04031,2.14,5740,1.194,1.024,0.121,384.542
1.653888,0.027,1.01,1.01,0,735.179,1373,88.21,0.38,0.01352,1.672,5388,0.89,0.908,0.12,400.48
4.337234,0.051,1.67,3.43,0,203.406,996,89.77,0.23,0.03756,2.454,5388,0.89,0.908,0.12,400.48
1.678328,0.02778,1.381,3.9,0.095,1900,1838,88.3,0.701,0.01463,2.5123,6004,1.12,1.015,-0.14,454.883
3.5538229,0.0458,1.57,6.8,0.095,700,1431,88.7,0.692,0.01918,3.1029,6004,1.12,1.015,-0.14,454.883
4.385315,0.05,1.14,2414.4,0,194.34,935,88.5,0.38,0.01985,2.488,5194,0.84,0.901,0.18,501.574
51.805612,0.26,3.15,6.2,0,7.233,410,89.75,0.83,0.10039,6.589,5194,0.84,0.901,0.18,501.574
13.97939968,0.10972,2.03862444,235.014,0,38.9,635,88.6,0.968,0.03561,1.2325,5191,0.826,0.844,0.08,501.574
4.544439,0.053,2.91,8.8,0,210.554,1017,86.99,0.18,0.09072,1.756,5752,1.003,0.914,0.02,823.242
12.762172,0.105,2.54,6.99,0,53.044,721,87.01,0.4,0.0712,1.838,5752,1.003,0.914,0.02,823.242
38.715185,0.22,2.79,8.2,0,12.083,498,89.39,0.17,0.08795,3.458,5752,1.003,0.914,0.02,823.242
2.248329,0.032,1.52,44.6,0,783.449,1127,89.97,0.88,0.02632,2.071,5105,0.801,0.91,0.2385,487.675
4.580358,0.051,1.4,17.4,0,303.62,889,88.6,0.26,0.03083,2.142,5105,0.801,0.91,0.2385,487.675
6.766888,0.066,1.21,6.9,0,180.644,781,88.43,0.22,0.02493,1.631,5105,0.801,0.91,0.2385,487.675
2.549575,0.029,1.11,1.41,0,73.056,682,89.77,0.03,0.04951,1.667,3799,0.492,0.591913,-0.2,241.987
5.212333,0.047,1.03,20.3,0,28.272,537,89.44,0.22,0.043,2.129,3799,0.492,0.591913,-0.2,241.987
13.969457,0.09,1.73,3.64,0,7.59,387,88.5,0.71,0.111,1.408,3799,0.492,0.591913,-0.2,241.987
34.921,0.2199,2.3,28.5,0,57.079,602,89.96,0.03,0.05,9.874,6064,1.06,1.15,0.08,2213.19
71.312,0.354,5.4,39.4,0,22.025,475,89.97,0.928,0.2138,8.781,6064,1.06,1.15,0.08,2213.19
7.416397,0.061,1.4,2.54,0,40.689,547,88.86,0.89,0.05055,2.168,4257,0.523,0.602,-0.44,439.719
18.684737,0.113,1.93,4.38,0,11.869,402,89.35,0.64,0.12515,3.948,4257,0.523,0.602,-0.44,439.719
5.66793,0.0677,1.74,3.68,0,744.011,1336,86.39,0.5,0.00868,4.88,5904,1.82,1.291,0.025,1209.16
13.17562,0.1189,3.2,0.39,0,241.759,1009,88.19,0.44,0.02977,6.7,5904,1.82,1.291,0.025,1209.16
21.77596,0.1662,5.35,3.91,0,123.691,853,88.71,0.44,0.08314,8.011,5904,1.82,1.291,0.025,1209.16
31.7844,0.2138,4.02,5.57,0,74.72,752,88.94,0.47,0.0467,8.9,5904,1.82,1.291,0.025,1209.16
41.02902,0.2535,4.46,9.6,0,53.183,691,89.17,0.43,0.0579,9.87,5904,1.82,1.291,0.025,1209.16
8.25978,0.075,1.35,2.39,0,66.578,714,89.57,0.64,0.02984,3.005,5117,0.722,0.848,0.16,717.527
15.955387,0.116,1.95,4.46,0,27.676,573,89.4,0.22,0.07626,3.917,5117,0.722,0.848,0.16,717.527
8.457496,0.065,1.82,3.97,0,35.984,540,89.58,0.48,0.15176,2.304,4347,0.492,0.653,0.1179,580.119
17.28111,0.105,1.84,4.04,0,13.888,425,89.75,0.08,0.1599,2.772,4347,0.492,0.653,0.1179,580.119
32.134328,0.159,1.64,3.33,0,6.065,346,89.84,0.29,0.1316,2.815,4347,0.492,0.653,0.1179,580.119
7.626324,0.07,1.17,1.71,0,53.712,703,89.43,0.13,0.02961,2.37,4955,0.72,0.743,-0.13,344.19
15.995622,0.114,1.09,1.32,0,19.986,550,89.86,0.08,0.02217,3.379,4955,0.72,0.743,-0.13,344.19
34.21154,0.189,1.18,1.76,0,7.253,427,89.96,0.51,0.02738,4.709,4955,0.72,0.743,-0.13,344.19
12.551158,0.087,1.32,28.2,0,16.819,480,88.9,0.76,0.05545,3.216,4259,0.534,0.601,0.0465,324.413
24.08821,0.135,1.11,1.41,0,7.049,386,89.51,0.74,0.03992,3.99,4259,0.534,0.601,0.0465,324.413
5.470319,0.061,1.12,1.46,0,300.982,1090,89.68,0.11,0.01065,3.041,5828,1.068,1.022,-0.012,426.59
12.758005,0.107,1.43,2.63,0,97.21,822,89.97,0.03,0.01914,4.088,5828,1.068,1.022,-0.012,426.59
25.09849,0.168,1.41,2.57,0,39.475,656,88.88,0.07,0.01967,2.767,5828,1.068,1.022,-0.012,426.59
6.562331,0.075,3.39,11.4,0,721.124,1290,86.26,0.83,0.02697,4.035,5877,1.854,1.367,0.278,1278.97
67.844469,0.356,3.07,9.64,0,32.035,592,89.49,0.77,0.02472,12.157,5877,1.854,1.367,0.278,1278.97
2.024823,0.033,1.02,1.04,0,1652.5,1625,87.61,0.06,0.00633,2.762,5867,1.304,1.09,0.337,768.86
9.600001,0.092,2.1,5.06,0,206.91,967,89.79,0.05,0.02712,4.243,5867,1.304,1.09,0.337,768.86
20.678772,0.154,2.37,6.21,0,74.36,749,88.55,0.5,0.03239,4.515,5867,1.304,1.09,0.337,768.86
3.292781,0.045,1.54,2.99,0,1589.012,1458,80.59,0.03,0.00807,4.767,5684,1.761,1.081,0.07,677.975
9.693201,0.093,2.05,4.86,0,376.21,1017,85.39,0,0.01418,5.509,5684,1.761,1.081,0.07,677.975
13.726976,0.117,2.44,30.6,0.04,256.606,1005,89.9,0.14,0.01992,7.288,5923,1.735,1.105,-0.029,552.798
24.310856,0.172,2.34,6.08,0.03,119.648,831,89.61,0.03,0.01844,8.82,5923,1.735,1.105,-0.029,552.798
44.431014,0.257,3,9.27,0.03,53.556,680,89.96,0.79,0.02385,10.624,5923,1.735,1.105,-0.029,552.798
9.341,0.08979,1.56,8.5,0.05,428.524,1143,87.49,0.69,0.00817,6.18,5999,1.735,1.14,-0.029,552.798
4.977656,0.055,1.42,2.6,0,159.945,1023,87.96,0.6,0.02937,2.553,5631,0.802,0.87,0.033,616.637
6.988055,0.069,1.15,7.3,0,101.841,914,89.92,0.46,0.02148,3.15,5631,0.802,0.87,0.033,616.637
10.558345,0.091,1.17,14.7,0,58.651,796,89.23,0.25,0.02094,3.41,5631,0.802,0.87,0.033,616.637
288.822,1.0896,8.564,69.92,0.182,,,90.355,,,,5913,1.1618,1.0479,-0.07,1800.82
14.844387,0.134,2.53,6.94,0,274.318,1092,89.54,0.31,0.01779,5.626,6620,1.85,1.65,0.06,808.762
22.824669,0.178,3.37,11.3,0,154.653,946,89.38,0.12,0.03227,6.614,6620,1.85,1.65,0.06,808.762
5.195528,0.06,1.18,1.76,0,422.097,1085,89.71,0.15,0.01269,3.816,6012,1.024,0.976,0.07,1047.03
8.01041,0.08,1.7,3.53,0,237.43,940,89.82,0.21,0.02941,4.216,6012,1.024,0.976,0.07,1047.03
27.666313,0.182,1.85,4.08,0,45.423,622,88.98,0.27,0.0324,6.048,6012,1.024,0.976,0.07,1047.03
42.473269,0.242,1.99,4.62,0,25.667,539,89.51,0.74,0.0334,7.168,6012,1.024,0.976,0.07,1047.03
15.170318,0.128,2.25,5.69,0,160.261,905,85.52,0.01,0.02248,4.016,6175,1.472,1.213,-0.0006,781.611
26.234138,0.185,1.96,4.5,0,77.29,754,86.14,0.12,0.01965,2.435,6175,1.472,1.213,-0.0006,781.611
39.459357,0.242,2.49,6.76,0,44.828,658,84.57,0.75,0.02448,8.164,6175,1.472,1.213,-0.0006,781.611
1.644224613,0.02909,0.88,0.615,0,3111.322,1897,58.94,0.3188,0.00478,2.7822,6366,1.34,1.26,0.12,781.611
8.96855,0.088,2.41,6.39,0,206.072,1024,87.58,0.73,0.02343,4.326,5807,1.433,1.055,0.1445,927.193
23.22182,0.167,2.02,4.74,0,57.932,746,88.18,0,0.02104,2.708,5807,1.433,1.055,0.1445,927.193
21.963945,0.153,2.61,7.32,0,27.327,643,89.5,0.29,0.06934,2.676,5774,0.976,0.931,0.0399,1002.94
125.596809,0.488,2.95,9.01,0,2.673,360,89.97,0.03,0.09257,7.533,5774,0.976,0.931,0.0399,1002.94
7.415563,0.066,0.74,0.48,0,35.37,622,89.05,0.15,0.01669,1.971,4504,0.623,0.61,0.1905,260
9.387427,0.077,1.2,2.2,0,25.83,575,86.89,0.2,0.03959,1.555,4504,0.623,0.61,0.1905,260
6.511127,0.071,2.66,7.56,0,134.357,1008,86.75,0.32,0.06951,1.509,6033,1.021,0.943,0.1,984.105
23.851549,0.168,3.07,9.64,0,23.812,654,88.74,0.63,0.08337,2.385,6033,1.021,0.943,0.1,984.105
12.79836,0.11,1.97,4.54,0,180.549,908,86.06,0.71,0.03366,6.244,6088,1.005,0.922,-0.14,1298.88
27.320871,0.183,1.75,3.71,0,65.707,705,85.39,0.77,0.02796,3.927,6088,1.005,0.922,-0.14,1298.88
85.517344,0.3802,3.04,9.48,0,12.75,482,88,0.944,0.02702,9.331,5592,1.451,1,0.16,1298.88
7.05677,0.076,1.52,2.92,0,438.942,1196,88.28,0.05,0.01223,1.909,6177,1.359,1.189,-0.03,570.783
17.265427,0.138,1.33,2.33,0,133.259,888,89.99,0.62,0.00771,5.187,6177,1.359,1.189,-0.03,570.783
5.929778,0.065,1.9,94.5,0,248.274,972,89.85,0.48,0.04301,2.364,5956,0.927,1.083,0.1509,940.724
12.247629,0.105,1.96,4.5,0,94.491,763,89.77,0.15,0.04697,3.278,5956,0.927,1.083,0.1509,940.724
131.458,0.60347,8.16,40.363,0.042,,,90.76,,,,5606,1.0284,0.8877,-0.34,1819.17
11.189562,0.104,1.85,16.9,0,257.721,1037,87.76,0.38,0.01433,5.12,6186,1.534,1.19,0.041,956.859
17.849,0.1385,3.1,6.1,0,138.415,888,86.29,0.853,0.03912,5.8919,6492.3,1.25,1,0.041,956.859
26.136,0.1786,2.8,14.9,0,83.237,782,89.65,0.842,0.03622,6.613,6492.3,1.25,1,0.041,956.859
37.054919,0.214,3.06,4.8,0,11.983,498,88.19,0.86,0.10789,5.122,5643,0.854,0.81,-0.16,1083.91
57.24809,0.287,3.19,11.1,0,6.712,431,89.98,0.21,0.15332,5.923,5643,0.854,0.81,-0.16,1083.91
142.544247,0.5177,2.72,7.85,0,1.989,318,89.99,0.015,0.09054,8.949,5225,0.78,0.81,-0.16,1083.91
10.05537,0.085,0.86,0.566,0,50.389,694,89.87,0.26,0.01458,2.963,5212,0.781,0.798,-0.11,252.733
16.332995,0.118,1.24,2.07,0,26.373,591,88.19,0.12,0.0289,2.122,5212,0.781,0.798,-0.11,252.733
6.887279987,0.06574,0.80628032,0.449,0,81.3,788,88.66,0.208,0.00802,2.425,5208,0.772,0.796,-0.14,252.733
5.795278,0.051,0.89,0.64,0,27.189,534,87.11,0.27,0.03343,2.184,3903,0.504,0.553,-0.12,384.694
8.410894,0.065,1.38,2.48,0,16.561,472,85.99,0.46,0.07556,2.253,3903,0.504,0.553,-0.12,384.694
5.47666,0.054,1.84,4.04,0,64.845,741,85.82,0.73,0.0648,2.503,4648,0.674,0.652,-0.03,554.064
16.934402,0.115,1.31,2.27,0,14.404,508,89.21,0.63,0.03561,3.456,4648,0.674,0.652,-0.03,554.064
24.209842,0.146,1.24,2.07,0,8.949,451,89.38,0.16,0.0458,4.373,4648,0.674,0.652,-0.03,554.064
11.03189,0.102,1.46,2.73,0,154.803,840,88.59,0.38,0.01823,4.935,6184,1.066,0.933,-0.06,1432.17
25.762294,0.179,2.71,7.8,0,49.973,633,89.32,0.26,0.06195,6.816,6184,1.066,0.933,-0.06,1432.17
4.612696,0.057,1.57,3.09,0,844.979,1294,84.44,0.26,0.01332,2.972,6133,1.335,1.163,-0.0226,707.559
13.121632,0.115,1.81,3.93,0,209.368,913,87.29,0.16,0.01969,3.626,6133,1.335,1.163,-0.0226,707.559
6.475434,0.063,1.84,4.04,0,69.57,793,88.31,0.27,0.05306,2.651,5036,0.834,0.794,0.06,688.573
16.85837,0.12,2.67,7.61,0,19.404,576,88.98,0.82,0.07596,2.016,5036,0.834,0.794,0.06,688.573
49.499875,0.246,3.43,11.6,0,4.619,402,89.86,0.91,0.09652,6.594,5036,0.834,0.794,0.06,688.573
34.060467,0.21,2.72,7.85,0,21.805,554,89.36,0.38,0.08189,2.461,5908,0.954,0.94,0.035,1101.1
83.488369,0.381,2.85,8.5,0,6.599,411,89.75,0.25,0.09554,6.088,5908,0.954,0.94,0.035,1101.1
25.563222,0.178,3.53,12.2,0,23.9,671,88.02,0.21,0.11249,4.284,6248,1.086,0.827,-0.29,1443.21
57.68802,0.307,4.3,2.9,0,8.1,512,88.74,0.06,0.16266,4.161,6248,1.086,0.827,-0.29,1443.21
77.095691,0.372,4.01,2.7,0,5.5,464,88,0.92,0.09428,3.476,6248,1.086,0.827,-0.29,1443.21
13.86825,0.11419,1.498,3.83,0,247,978,90.01,0.82,0.00846,7.2783,5979,1.634,1.034,-0.18,527.956
16.21865,0.12692,3.679,7.13,0,191,928,89.36,0.186,0.04253,7.46,5979,1.634,1.034,-0.18,527.956
3.289672,0.044,1.65,3.36,0,415.434,1116,89.73,0.07,0.0246,2.312,6053,1.058,0.994,0.15,876.044
7.186434,0.075,2.1,5.06,0,146.5,860,87.2,0.19,0.0417,1.406,6053,1.058,0.994,0.15,876.044
8.486616,0.086,1.45,2.7,0,411.905,1060,89.96,0.27,0.01191,5.176,6169,1.343,1.191,0.04,930.32
55.188023,0.3,2.52,6.9,0,33.948,568,89.72,0.05,0.03594,9.167,6169,1.343,1.191,0.04,930.32
10.327186,0.087,0.88,0.615,0,207.336,838,88.47,0.42,0.01269,1.803,5788,0.722,0.904,-0.12,1090.51
37.866281,0.207,1.45,2.7,0,36.667,543,89.83,0.32,0.04202,4.769,5788,0.722,0.904,-0.12,1090.51
3.614568,0.048,1.16,1.65,0,1000.243,1347,86.02,0.06,0.00648,3.401,5593,1.485,1.226,0.3965,762.596
7.542427,0.079,1.69,66.4,0,376.29,1054,88.44,0.1,0.01325,4.9,5593,1.485,1.226,0.3965,762.596
11.932125,0.107,2.05,4.86,0,203.761,905,89.52,0.68,0.01785,6.35,5593,1.485,1.226,0.3965,762.596
25.745718,0.178,1.55,3.02,0,68.71,753,88.22,0.68,0.01403,6.983,6108,1.284,1.076,-0.031,891.462
59.980627,0.312,2.15,5.27,0,22.234,568,88.03,0.27,0.02824,6.582,6108,1.284,1.076,-0.031,891.462
10.664903,0.098,2.04,4.82,0,132.15,865,89.29,0.87,0.02926,3.293,6012,1.048,1.02,-0.218,1038.99
17.784129,0.137,1.64,3.33,0,66.87,729,89.81,0.22,0.02471,3.862,6012,1.048,1.02,-0.218,1038.99
3.281959,0.045,1.46,2.73,0,1873.311,1326,88.5,0.33,0.0191,2.851,6209,1.048,1.088,-0.06,1856.28
12.51616,0.11,1.79,3.86,0,286.6,848,89.93,0.2,0.0263,4.838,6209,1.048,1.088,-0.06,1856.28
37.815724,0.201,1.3,2.24,0,5.985,401,89.43,0.9,0.02758,4.631,4710,0.695,0.768,0.1974,188.027
53.578637,0.253,1.2,1.87,0,3.761,357,89.16,0.75,0.02761,5.236,4710,0.695,0.768,0.1974,188.027
26.84768,0.186,3.26,10.7,0,107.58,800,88.58,0.28,0.02541,10.085,5502,2.019,1.165,0.03,770.978
72.379334,0.36,3.88,14.3,0,28.681,575,88.95,0.46,0.03664,7.685,5502,2.019,1.165,0.03,770.978
2.732756,0.03,1.13,1.51,0,40.295,687,86.76,0.27,0.06131,1.037,3591,0.471,0.5,-0.09,214
14.871572,0.094,1.41,2.57,0,4.21,391,89.98,0.01,0.09449,2.427,3591,0.471,0.5,-0.09,214
13.36702,0.1019,0.3098,0.79,0.098,44.5,718,88.63,0.759,0.00122,3.733,5357,0.789,0.79,-0.36,63.9207
21.301848,0.139,0.755,1.3,0.099,23.9,615,89.07,0.43,0.00854,3.8131,5357,0.789,0.79,-0.36,63.9207
39.7922622,0.2109,2.03,2,0.1,10.39,499,89.335,0.535,0.06044,4.4474,5357,0.789,0.79,-0.36,63.9207
51.196,0.25,0.37,8.1,0,,401,89.95,0.02,0.0027,8.99,5288,0.772,0.8,-0.25,63.9207
4.57953,0.054,1.59,3.15,0,361.514,1040,89.72,0.91,0.02071,3.282,5852,0.9,0.982,0.1323,1167.94
19.02293,0.14,1.91,4.31,0,54.197,647,88.73,0.35,0.04016,3.418,5852,0.9,0.982,0.1323,1167.94
34.763278,0.2,1.89,4.23,0,41.737,554,89.04,0.62,0.02937,4.174,5666,0.992,0.876,-0.1975,813.192
67.968015,0.313,1.78,3.82,0,17.063,443,89.71,0.1,0.03218,7.802,5666,0.992,0.876,-0.1975,813.192
6.849692,0.075,1.36,2.42,0,384.627,1081,75.35,0.2,0.01392,4.12,6509,1.137,1.202,-0.13,1493.95
20.053763,0.154,2.09,5.02,0,91.881,755,83.71,0.23,0.03054,6.031,6509,1.137,1.202,-0.13,1493.95
30.092568,0.201,1.69,3.5,0,53.471,660,86.73,0.3,0.02426,7.499,6509,1.137,1.202,-0.13,1493.95
5.535309,0.06,1.36,2.42,0,453.872,1054,89.81,0.16,0.02606,2.864,5787,0.845,0.981,0.14,1090.45
16.725948,0.126,1.24,2.07,0,103.756,729,89.32,0.48,0.01949,2.875,5787,0.845,0.981,0.14,1090.45
1.897806,0.029,1.03,1.08,0,2014.661,1761,87.55,0.05,0.01324,2.641,5977,0.911,1.033,0.1111,1265.61
3.282807,0.042,1.1,1.37,0,966.591,1467,88.82,0.29,0.01425,3.309,5977,0.911,1.033,0.1111,1265.61
5.028219,0.056,1.31,2.27,0,548.099,1272,88.37,0.69,0.01813,3.44,5977,0.911,1.033,0.1111,1265.61
12.125934,0.101,1.45,2.7,0,64.444,851,87.38,0.32,0.03275,3.04,5826,0.837,0.891,-0.04,1238.81
19.986326,0.141,2.65,7.51,0,33.152,720,85.75,0.93,0.0648,3.81,5826,0.837,0.891,-0.04,1238.81
4.920199,0.057,1.07,1.24,0,689.912,1242,88.48,0.34,0.0081,3.915,5900,1.175,0.968,-0.1038,923.067
14.172327,0.115,1.79,3.86,0,168.29,873,87.71,0.19,0.02468,2.61,5900,1.175,0.968,-0.1038,923.067
12.509529,0.109,1.39,2.51,0,139.112,875,88.36,0.06,0.01553,4.022,5949,1.224,1.043,0.05,823.804
27.014976,0.182,2.06,4.9,0,49.855,677,89.99,0.34,0.02876,5.776,5949,1.224,1.043,0.05,823.804
16.092361,0.112,0.75,0.347,0,17.819,503,87.69,0.54,0.01369,1.937,4661,0.671,0.78,0.1369,152.094
28.906009,0.166,0.7,0.271,0,8.166,414,88.68,0.35,0.01051,3.043,4661,0.671,0.78,0.1369,152.094
20.09838,0.152,1.66,3.39,0,90.346,775,89.96,0,0.01578,5.105,6054,1.306,1.125,0.09,731.274
62.784697,0.326,2.29,5.86,0,19.793,530,89.84,0.18,0.0325,4.678,6054,1.306,1.125,0.09,731.274
105.599,0.4632,4.3,122,0.032,,475,89.442,,0.05,,5623,1.752,0.941,-0.11,1174.59
3.930821,0.05,1.19,1.81,0,808.093,1317,88.74,0.19,0.01014,2.962,6045,1.224,0.99,-0.16,813.713
7.630004,0.078,1.27,2.15,0,333.565,1056,87.84,0.04,0.0124,2.949,6045,1.224,0.99,-0.16,813.713
5.629021,0.066,0.99,0.937,0,716.085,1576,88.8,0.29,0.00383,3.913,6152,1.568,1.144,-0.2016,267.323
13.391635,0.117,1.12,1.46,0,225.331,1180,88.8,0.49,0.00461,3.417,6152,1.568,1.144,-0.2016,267.323
8.256299973,0.08364,1.0667865,1.23,0,436.7,1387,87.44,0.9,0.00395,1.9904,6197,2.188,1.198,-0.32,267.323
5.262155,0.055,1.32,2.3,0,381.465,1166,85.48,0.6,0.01945,3.229,5600,0.945,1.002,0.082,935.446
12.162701,0.097,1.59,3.15,0,124.743,882,85.65,0.03,0.03063,1.958,5600,0.945,1.002,0.082,935.446
12.904532,0.095,1.32,2.3,0,20.91,545,88.77,0.33,0.04124,3.322,4710,0.672,0.669,-0.1785,470
31.200751,0.172,1.24,2.07,0,6.44,406,89.04,0.36,0.03601,3.718,4710,0.672,0.669,-0.1785,470
22.597053,0.148,1.12,1.46,0,101.549,670,89.87,0.02,0.01429,6.031,5577,0.882,0.882,-0.29,895.678
45.348269,0.236,1.13,1.51,0,40.099,531,88.78,0.1,0.01629,4.657,5577,0.882,0.882,-0.29,895.678
10.043686,0.097,2.73,12.8,0,143.919,951,79.64,0.84,0.04379,4.597,6326,1.126,0.992,0.01,1432.61
15.163161,0.127,3.04,13.2,0,83.155,829,80.54,0.94,0.04798,6.804,6326,1.126,0.992,0.01,1432.61
56.4159,0.2872,2.6186448,7.36,0,15,535,87.94,0.2265,0.04801,8.075,5829,1.157,1.05,0.01,1432.61
12.31043,0.096,1.39,2.51,0,43.262,651,87.21,0.8,0.02637,3.939,5178,0.767,0.825,0.07,882.462
25.193458,0.155,1.58,3.12,0,16.657,513,88.78,0,0.04812,4.634,5178,0.767,0.825,0.07,882.462
6.791636,0.068,1.03,1.08,0,304.081,994,89.55,0.03,0.01026,3.197,5774,1.046,0.85,-0.3,801.052
11.837549,0.098,0.89,0.64,0,144.963,826,88.58,0.13,0.00929,3.256,5774,1.046,0.85,-0.3,801.052
3.173315,0.036,0.81,0.457,0,112.21,830,89.62,0.2,0.02045,2.042,4498,0.586,0.635,0,425
13.297004,0.093,0.86,0.566,0,16.64,515,89.95,0.18,0.02197,3.277,4498,0.586,0.635,0,425
3.244107,0.041,1.51,2.89,0,167.058,1047,84.86,0.25,0.03719,2.094,5376,0.792,0.765,-0.1,816.559
14.51143,0.11,1.46,2.73,0,22.735,636,85.38,0.31,0.03558,2.967,5376,0.792,0.765,-0.1,816.559
21.08721,0.164,13.9,6388.1,0.112,90.22,897,89.07,0.36,0.88947,5.96,6350,1.4,1.29,0.1,1057.41
6.738088,0.065,0.82,0.477,0,99.972,786,89.57,0.37,0.00929,2.377,5166,0.776,0.787,-0.0443,435.277
13.060022,0.101,0.79,0.418,0,41.351,630,89.08,0.48,0.01068,2.665,5166,0.776,0.787,-0.0443,435.277
7.4175,0.083,2.5,1100,0.46,690,930,85.5,0.38,0.00726,7.12,5038,2.879,1.27,0.04,869.236
20.501,0.164,2.88,450,0.27,179,662,87.27,0.561,0.00895,10.229,5038,2.879,1.27,0.04,869.236
5.341853,0.059,1,0.972,0,450.654,1125,89.65,0.24,0.00705,3.043,5938,1.129,0.874,-0.4362,681.428
10.423118,0.093,1.1,1.37,0,185.098,901,87.72,0.08,0.00825,2.266,5938,1.129,0.874,-0.4362,681.428
9.182417,0.091,1.29,2.21,0,429.813,1052,89.07,0.63,0.00847,4.343,6189,1.382,1.256,0.0322,881.404
14.613612,0.124,1.33,2.33,0,231.213,901,89.77,0.76,0.00746,5.401,6189,1.382,1.256,0.0322,881.404
8.005013,0.083,1.6,3.19,0,164.78,1035,89.83,0.24,0.01875,3.419,6402,1.132,0.87,-0.3,1058.72
12.130686,0.11,1.66,3.39,0,94.528,901,89.8,0.45,0.02112,3.819,6402,1.132,0.87,-0.3,1058.72
5.613580227,0.05904,1.50066814,2.86,0,302,1165,89.54,0.2618,0.01623,2.95,6398,1.101,1.141,-0.14,1058.72
7.054346,0.061,1.03,1.08,0,17.8,576,88.36,0.09,0.0423,1.909,4262,0.556,0.622827,-0.02,421.382
34.989262,0.177,1.32,2.3,0,2.11,341,89.96,0.4,0.0593,4.459,4262,0.556,0.622827,-0.02,421.382
42.994,0.24067,3.5,75.5,0,13.731,496,89.34,0.48,0.11081,4.6011,5656,1.06,0.85,0.1558,223.757
88.505,0.38946,5.3,17.9,0,5.244,390,90,0.8056,0.26364,7.4072,5656,1.06,0.85,0.1558,223.757
22.250949,0.144,2.46,6.62,0,20.01,539,89.33,0.94,0.06187,1.689,5307,0.767,0.844,-0.24,969
135.498527,0.48,6.18,31.6,0,1.8,295,89.58,0.84,0.50381,6.901,5307,0.767,0.844,-0.24,969
4.081423,0.044,0.93,0.749,0,81.287,755,82.74,0.87,0.01633,2.287,4493,0.613,0.649,0.0528,177.355
11.419412,0.087,1.01,1.01,0,20.556,536,85.38,0.9,0.01537,3.342,4493,0.613,0.649,0.0528,177.355
6.83437001,0.0618,0.88,0.615,0,40.831,636,85.83,0.3201,0.01726,2.1537,4557,0.67,0.72,-0.06,177.355
14.425281,0.103,0.96,0.84,0,35.63,773,89.98,0.21,0.02189,3.686,5502,0.68,0.902,0.14,740.537
26.67569,0.155,1.43,2.63,0,15.69,630,89.26,0.18,0.04748,2.758,5502,0.68,0.902,0.14,740.537
58.034616,0.261,1.89,4.23,0,5.57,486,89.98,0.19,0.08071,5.435,5502,0.68,0.902,0.14,740.537
3.21346,0.0456,4.002,24.472,0,1245.431,1650,89.76,0.022,0.087,3.98235,5857,1.487,1.223,0.17,487.916
6.87349,0.08,13.11,699.2,0,1187.965,1620,89.7,0.045,0.37538,6.86,6510,2.13,1.48,0.1,2305.01
9.024389,0.087,1.65,3.36,0,183.39,939,89.97,0.01,0.02149,3.128,5886,1.145,1.08,0.0844,845.97
17.340824,0.134,1.49,2.83,0,76.86,755,89.19,0.17,0.01708,3.425,5886,1.145,1.08,0.0844,845.97
14.383035,0.122,1.71,3.57,0,254.25,889,85.84,0.54,0.01785,8.729,6117,1.333,1.173,0,965.56
47.318218,0.269,2.15,5.27,0,51.996,598,89.69,0.24,0.02469,10.579,6117,1.333,1.173,0,965.56
184.256405,0.66886,2.27,5.77,0,8.485,380,89.15,0.0687,0.02922,11.283,6184,1.29,1.17,0.02,965.56
4.028751,0.051,1.22,1.98,0,619.844,1311,88.85,0.06,0.01007,2.985,6090,1.264,1.072,-0.08,625.339
6.124821,0.068,1.56,3.05,0,353.973,1140,84.71,0.59,0.01484,3.467,6090,1.264,1.072,-0.08,625.339
8.921099,0.087,1.38,2.48,0,214.277,1006,89.6,0.11,0.01057,3.838,6090,1.264,1.072,-0.08,625.339
11.242861,0.102,1.46,2.73,0,157.481,931,88.3,0.21,0.01417,4.194,6090,1.264,1.072,-0.08,625.339
7.031462,0.076,1.25,2.1,0,689.457,1194,89.91,0.11,0.00854,5.848,6090,1.329,1.299,0.079,840.269
54.280749,0.297,1.75,3.71,0,45.154,604,88.82,0.53,0.01478,5.373,6090,1.329,1.299,0.079,840.269
13.61159129,0.12178,1.42,2.6,0,285.295,958,89.53,0.112,0.00955,7.508,6209,1.45,1.25,0.16,840.269
11.829851,0.102,1.27,2.15,0,44.534,730,89.38,0.56,0.0191,5.635,5654,0.884,0.86,-0.03,812.524
14.751166,0.118,1.72,3.61,0,33.153,678,88.81,0.85,0.02611,1.166,5654,0.884,0.86,-0.03,812.524
10.613839,0.095,2.08,4.98,0,55.623,785,89.94,0.45,0.05598,3.538,5818,0.893,0.873,-0.06,1065.08
29.726682,0.188,4.66,19.6,0,14.086,557,89.09,0.88,0.10102,1.534,5818,0.893,0.873,-0.06,1065.08
2.42629,0.03599,1.43,6.35,0,826.933,1302,82.34,0.1,0.01854,2.6339,5538,1.07,1.07,0.18,364.03
4.62332,0.05531,0.85,2.71,0,349.769,1050,87.96,0.36,0.0062,3.0364,5538,1.07,1.07,0.18,364.03
0.6693124,0.01531,1.19,1.93,0,4102.008,1983,87.19,0.685,0.01324,1.6015,5487,1.04,0.99,0.35,338.368
3000,3.27090369,12.3,4000,0.221479,,,,,,,5476,1.01,1,0.33,338.368
2.46502,0.03592,0.82,5,0,1503.581,1561,87.51,0.92,0.00306,1.231,6104,1.23,1.08,-0.2,88.7832
68.9583216,0.3192,1.199,6,0.69,6.15,438,86.3,0.9,0.01238,3.0854,5421,0.897,0.913,0.05,68.173
1.8555582,0.03101,14.46,177.98,0,2036.749,1790,82.51,0.672,1.10373,2.4341,5750,1.29,1.15,0.38,1093.08
17.833648,0.1226,2.838,8.44,0.17,159.5,866,87.72,0.773,0.03279,4.5403,6273,1.352,1.214,0.01,147.527
3.005156,0.0375,2.401,25.6,0.146,201.3,1138,87.4,0.574,0.069,1.9686,4974,0.82,0.87,0.21,153.676
7.834435,0.0739,4.421,26.4,0.108,56,838,88.61,0.62,0.20181,2.7856,4974,0.82,0.87,0.21,153.676
58.02035,0.279,3.319,15.2,0.128,3.9,410,89.43,0.7193,0.12968,5.669,4974,0.82,0.87,0.21,153.676
31.509728,0.186,3.28,10.8,0.016,,503,88.04,1.688,,,4974,0.82,0.87,0.21,153.676
1.7208604,0.02897,15.031269,299.07803,0.0038,2144.307,1850,80.559,0.7942,1.05413,2.03459,5750,1.287,1.167,0.27,1086.24
66.262,0.3553,4.347,67,0.1181,,,89.929,,,,4700,0.7761,0.82,-0.2,847.536
4.7,0.0543,1.71,3.5,0,241.171,1024,89.45,0.73,0.03514,2.553,5536,0.946,0.89,0.18,413.46
7.171,0.07195,3.01,29.9,0,137.086,890,89.43,0.74,0.08633,2.9225,5536,0.946,0.89,0.18,413.46
4.176,0.0426,1.21,119.9,0,69.834,694,89.41,0.142,0.05315,2.358,4362,0.643,0.67,0.01,530.487
8.708,0.0695,2.01,4.7,0,26.237,543,89.87,0.1556,0.14196,2.532,4362,0.643,0.67,0.01,530.487
6.319,0.0674,2.48,58.2,0,224.089,986,85.42,0.46,0.05983,3.2023,5718,1.075,1,0.1259,690.819
12.209,0.10454,2.352,6.13,0,93.072,791,86.99,0.35,0.05591,3.9286,5718,1.075,1,0.1259,690.819
3.07644709,0.0407,1.61,3.22,0,583.25,1253,83.78,0.708,0.02167,2.6326,5670,1.022,0.949,0.06,690.819
12.331,0.1006,2.31,11,0,43.624,671,89.98,0.42,0.08722,3.0549,5177,0.806,0.9,-0.204,973.989
15.943,0.1194,2.69,7.7,0,30.968,616,89.96,0.44,0.10937,3.4926,5177,0.806,0.9,-0.204,973.989
86.67856,0.39249,13.45,349.6112477,0.2,8.877,434,89.952,0.23,0.82441,10.224,5820,1.09,0.98,-0.05,1002.53
12.21829987,0.10632,5.22108654,23.7,0,107.6,835,88.15,0.885,0.18434,2.5724,5822,1.081,0.957,-0.06,1002.53
69.7546,0.37,10.8,794.5,0.833,37.416,613,88.95,0.019,0.44912,3.7177,6430,1.74,1.39,0.176,1011.36
675.47,1.68,12.6,2320.1,0.184,,,88,,,,6430,1.74,1.39,0.176,1011.36
1.2137672,0.0116,0.78,0.705944,0.04,22.388,519,85.57,0.711,0.1821,0.5532,3068,0.17,0.13,-0.33,40.0595
0.45328509,0.006,0.73,60.337,0,82.125,720,81.11,0.52,0.156,0.4445,3068,0.17,0.13,-0.33,40.0595
1.865169,0.0154,0.57,0.357785,0.02,12.538,450,88.02,0.681,0.11248,0.4279,3068,0.17,0.13,-0.33,40.0595
704.1984,1.219,4.16,16.1,0.041,0.2,185,89.965,0.21,0.23191,15.79,5308,0.757,0.794,-0.25,348.558
7.8914483,0.082,12.89,136.66,0,264.983,1028,88.3,0.416,1.06126,4.2854,5972,1.24,1.15,0.23,722.795
2.6843285,0.03585,13.361,189.101,0.019,649.148,1605,87.828,0.3006,1.5872,2.722,5560,0.95,0.85,-0.1,758.753
3.3118644,0.044,9.98,327.35,0,470.754,1116,84.68,0.934,0.59765,1.3944,5460,0.94,1.01,0.44,698.646
223.3,0.73,12.7,2215.18,,,,,,,,5460,0.94,1.01,0.44,698.646
3.79701816,0.0464,10.962,79.45,0.33,229.036,1070,87.02,0.602,1.44312,2.353,5170,0.86,0.93,0.24,646.647
3.21751883,0.0414,12.22,108.06,0.18,410.723,1300,85.74,0.718,1.43194,2.191,5725,0.92,0.91,-0.21,843.695
10.290994,0.091,13.79,92.17,0.57,208.721,1100,89.5,0.09,0.96557,4.286,5800,1.35,0.96,-0.19,1017.8
3.52563254,0.0433,12.11,403.63,0.22,195.088,1070,89.36,0.13,2.2335,2.614,5150,0.8,0.87,0.09,686.284
3.0240949,0.046,13.663771,1026.5909,0.017,1138.115,1620,84.646,0.6508,0.80048,2.9,6041,1.42,1.32,0.33,1005.84
35.968,0.2244,3.25,10.6,0,40.844,667,88.97,0.954,0.02697,2.839,5884,1.485,1.166,0.2,917.477
110.979,0.4757,1.75,3.71,0,9.096,458,89.94,0.2964,0.01502,12.388,5884,1.485,1.166,0.2,917.477
6.803,0.0719,0.764,0.37,0,577.545,1032,80.51,0.295,0.00327,4.608,6004,1.092,1.071,0.07,486.546
8.703,0.0847,0.668,0.229,0,415.545,951,82.35,0.0865,0.0032,4.807,6004,1.092,1.071,0.07,486.546
11.922,0.1045,1.11,1.41,0,272.838,856,82.51,0.1852,0.00432,4.932,6004,1.092,1.071,0.07,486.546
52.501129,0.301,12.834305,1719.4603,0.5134,97.846,812,88.17,0.503,0.09467,14.9066,4995,4.06,1.32,-0.07,848.023
406.2,,13.3,772.3269,0.498,,,,,,,4995,4.06,1.32,-0.07,848.023
5.33408384,0.0679,16.25,896.24,0.119,1682.66,1776,89.21,0.082,0.51061,6.178,6360,2.26,1.46,-0.01,1878.31
12.8747099,0.1143,12.67,908.96,0.131,158.285,1000,86.46,0.979,0.38607,2.288,5977,1.38,1.198,0.25,1222.54
8.6001536,0.0948,22.31,266.97,0.114,677.917,1729,85.51,0.448,0.45102,9.003,6161,3.21,1.538,-0.18,1418.77
64.00205,0.339,2.73,7.9,0.19,1.69,322,89.93,0.09,0.11125,4.67,4651,0.697,0.729,0.01,588.867
16.79713874,0.11452,2.33,6.04,0,14.52,503,87.02,0.0491,0.10238,3.238,4685,0.71,0.75,0.02,588.867
66.65062,0.288,2.14,5.22,0.02,2.15,308,89.9,0.56,0.05106,5.59,4551,0.68,0.707,0,304
35.23319,0.166,1.12,1.46,0.03,1.4,288,89.86,0.9,0.03528,3.48,3748,0.52,0.544,0.16,195.9428718
178.1396,0.563,2.24,5.65,0.03,1.83,291,89.95,0.1,0.06788,9.59,5431,0.866,0.884,0.02,757.048
3.2467293,0.0446,12.22,317.82,0.066,1109.223,1544,84.96,0.62,0.69982,3.124,5800,1.35,1.12,0.15,1188
101.11141,0.242,1.86,4.12,0.34,1.2,229,89.93,0.09,0.08781,7.95,4134,0.559,0.575,-0.3,301.03
207.2482,0.64,1.64,3.33,0.1,0.21,189,89.97,0.25,0.08092,6.05,4340,0.55,0.572,-0.57,268.003
112.3053,0.409,1.34,2.36,0.04,0.66,241,89.94,0.22,0.05021,5.62,4402,0.598,0.609,-0.37,365.965
177.6693,0.495,2.33,6.04,0.11,0.86,233,89.94,0.26,0.09014,8.95,4723,0.706,0.738,-0.01,802.271
3.6001053,0.04178,0.403,0.0374,0.16,225.735,938,88,0.4,0.00275,2.0452,5046,0.752,0.758,-0.55,36.4396
4.5458841,0.04881,0.497,0.0793,0.31,165.73,868,88.2,0.42,0.0044,1.7367,5046,0.752,0.758,-0.55,36.4396
6.189392,0.06,0.53,0.2,0.18,109.638,783,88.16,0.53,0.00475,2.2112,5046,0.752,0.758,-0.55,36.4396
7.743493,0.0696,0.546,0.1,0.1,81.344,727,89.13,0.29,0.00513,2.7852,5046,0.752,0.758,-0.55,36.4396
9.740486,0.0811,0.741,0.332,0.29,59.915,673,87.96,0.79,0.00756,1.6909,5046,0.752,0.758,-0.55,36.4396
2.984151,0.0217,1.58,3.12,0,17.657,401,89.74,0.001,0.2598,1.0304,3157,0.21,0.18,0.27,127.201
4.871229,0.0301,2.51,6.85,0,9.177,341,89.91,0,0.6462,1.2287,3157,0.21,0.18,0.27,127.201
8.15275,0.0439,1.25,2.1,0,4.314,305,89.61,0.011,1.6536,1.386,3157,0.21,0.18,0.27,127.201
1.565409,0.0182,1.5,2.86,0,16.213,648,87.42,0.601,0.27546,0.6456,3359,0.24,0.22,-0.3,96.339
3.036179,0.0283,1.11,1.41,0,6.705,520,88.97,0.025,0.18205,0.9432,3359,0.24,0.22,-0.3,96.339
5.148921,0.0403,1.35,2.39,0,3.307,436,88.72,0.705,0.2355,0.8832,3359,0.24,0.22,-0.3,96.339
7.79430132,0.0769,18.49,435.41,0.123,119.039,882,86.55,1.076,0.33874,1.135,5493,1.05,1,0.07,268.041
2500,4.2,12,6992.26,0.65,,,,,,,6635,1.4,1.5,0.0815,399.398
12.58242,0.1027,2.056,4.88,0.03,167.41,917,89.83,0.789,0.01187,6.3287,5649.18,1.467,1.02,-0.1651,241.949
33.6727,0.1979,2.764,8.07,0.05,45.09,661,89.41,0.806,0.01709,8.2267,5649.18,1.467,1.02,-0.1651,241.949
2.455239,0.03,10.76,160.497,0.11,68.37,1000,87,0.6,3.204,1.72722,3820,0.55,0.59,0.28,381.949
28.454851,0.20092,6.14,19.4,0.02,94.325,769,88.82,0.0243,0.14298,8.1223,6197.21,1.64162,1.19,0.1278,455.982
15.413135,0.13351,2.62,12.5,0.02,213.731,944,88.73,0.315,0.02468,6.6095,6197.21,1.64162,1.19,0.1278,455.982
7.51464,0.0827,0.837,17.6,0.14,557.205,1199,87.91,0.4,0.00316,4.965,6197.21,1.64162,1.19,0.1278,455.982
1460,,13.5,511.7037353,0.29,,,,,,,29564,0.203,0.48,-0.092,396.332
43,,13.5,559.3779963,0,,,,,,,29564,0.203,0.48,-0.092,396.332
384.843,1.046,1.63,3.29,0,1.1,265,89.806,0.69,0.0199,10.63,5757,1.11,1.037,0.21,551.727
240.503,0.7903,6.204,16,0.0359,,,89.4429,,,,5527,0.833,0.944,0.09,442.846
10.5737534,0.09528,2.37,5.4,0.32,117.7,916,87.9,0.9288,0.03024,1.7259,5687,1.066,1.03,0.32,230.869
524.19,1.287,12.9,1433.406116,0.0053,,,,,,,5687,1.066,1.03,0.32,230.869
4073,5.1,13.3,734.1836202,0.089,,,,,,,5687,1.066,1.03,0.32,230.869
10.6906004,0.0996,2.98467257,9.19,0,244.47,1008,86.62,0.734,0.04084,4.657,6474,1.242,1.148,-0.16,1072.3
20.74028413,0.17012,4.2,16.4,0,279.787,798,88.27,0.7495,0.10233,10.3853,6117.21,2.21562,1.15,0.1436,1594.74
33.60134,0.1968,9.057,1907,0.01,10.9,543,89.038,0.757,0.74259,4.4539,5155,0.938,0.902,0.41,777.06
57.011,0.2799,13.5,119.499,0.0146,,455,87.4,1.483,,,5155,0.938,0.902,0.41,777.06
6.766589,0.067,1.64,3.33,0,92.346,845,88.51,0.24,0.04507,2.598,5309,0.79,0.883,0.17,777.06
220.1303357,0.75318,5.52,26.1,0,7.4,389,89.99,0.0468,0.17964,21.445,6146,1.26,1.17,0.06,1274.01
8.313783059,0.07895,2.58,7.18,0,254.906,886,89.99,0.75,0.08103,2.9927,5634,0.91,0.98,0.04,692.158
84.6866,0.4172,3,53.9,0.042,31.269,611,89.34,-0.31,0.03477,10.0248,7500,1.57,1.59,0.05,596.625
207.62,0.7584,4,6,0.11,9.97,453,89.63,0.89,0.05051,6.733,7500,1.57,1.59,0.05,596.625
8.981016833,0.07925,3.05,9.53,0,166.039,880,89.85,0.097,0.10593,1.8737,5661,0.9,0.87,-0.28,394.804
7.256965224,0.07931,3.3,10.9,0,495.005,1163,85.51,0.831,0.04632,4.8639,5933,1.59,1.21,0.19,667.604
9.940672466,0.09195,2.95,9.01,0,227.82,996,89.94,0.754,0.05238,3.9006,6310,1.29,1.23,0.09,553.077
51.07926307,0.26769,2.85,8.5,0,12.5,503,89.98,0.615,0.07368,6.3729,5927,1.05,1.04,-0.01,530.122
3.709213846,0.04658,1.25,2.1,0,410.4,1206,89.73,0.595,0.01311,2.5575,5927,1.05,1.04,-0.01,530.122
24.99324193,0.16848,2.25,5.69,0,72.749,712,88.37,0.762,0.02696,5.9083,5809,1.37,1.05,0.06,466.265
38.47875707,0.2213,13.34,,0,11.241,484,90,0.0154,2.353,5.05845,5498,0.87,0.96,0.1,442.871
49.4643,0.2877,3.05,2.07,0.021,,,89.752,,,,5636,0.936,0.957,-0.25,1025.02
303.227,0.9638,4.65,3.17,0.044,,,90.1925,,,,5636,0.936,0.957,-0.25,1025.02
187.366,0.6992,7.04,19.02,0.024,,,90.395,,,,5636,0.936,0.957,-0.25,1025.02
5.014234575,0.0626,14.96,,0,1146.878,1308,89.58,0.0124,0.67886,4.61153,6733,1.8,1.49,0.07,1249.41
4.176255514,0.04823,3.22,10.5,0,139.236,876,83.75,0.596,0.13601,3.7012,4996,0.78,0.85,0.16,306.602
14.55731705,0.12048,4.08,15.6,0,243.376,879,89.86,0.07,0.09569,7.7724,5816,1.34,1.06,0.12,905.937
5.660672935,0.06092,3.06,9.59,0,671.064,1115,86.77,0.663,0.07378,4.6722,5785,1.08,0.99,-0.01,841.496
3.105508189,0.03989,2.49,6.76,0,215.462,980,84.85,0.8,0.09109,1.721,5009,0.79,0.86,0.21,280.069
14.00640607,0.1126,3.08,9.69,0,100.09,807,88.33,0.5014,0.07164,4.6809,5837,1.09,1.03,0.04,813.535
11.11990653,0.0911,2.07,4.94,0,38.71,649,87.75,0.68,0.06363,3.3296,5240,0.79,0.87,-0.04,367
13.2217576,0.1032,2.71,7.8,0,39.56,640,89.23,0.451,0.08765,2.9069,5210,0.8,0.85,-0.03,420
12.49341307,0.09636,2.12,5.14,0,37.753,649,89.04,0.0775,0.07157,2.2382,5247,0.81,0.86,-0.02,344.901
4.778,0.05394,1.88,3.94,0,173.12,932,89.91,0.17,0.0473,2.7361,5194,0.89,0.88,0.17,306.738
9.67395,0.08633,2.71,14.61,0,67.593,736,89.51,0.38,0.09527,3.287,5194,0.89,0.88,0.17,306.738
42.8961,0.23302,2.04,7.93,0,9.292,448,89.99,0.2,0.05553,5.625,5194,0.89,0.88,0.17,306.738
982,1.898274748,13.4,657,0.003142,,,,,,,5194,0.89,0.88,0.17,306.738
5219.681854,5.719187877,13.8,298.5809968,0.015283,,,,,,,5190,0.836,0.916,0.26,306.738
4.919583795,0.06024,2.78,8.15,0,764.078,1312,88.43,0.586,0.04257,4.1876,6322,1.34,1.25,0.11,847.508
10.06082567,0.08926,2.5,6.8,0,183.842,899,87.02,0.05,0.04602,4.5782,5802,1.09,1.01,0.03,813.724
56.35418576,0.25787,2.36,6.17,0,4.436,352,89.37,0.0293,0.1037,3.29,4871,0.72,0.75,-0.13,313.068
30.229104,0.19471,3.21,10.4,0,61.495,755,88.1,0.708,0.04434,6.4658,6346,1.47,1.28,0.09,860.355
10.04556931,0.09036,2.28,5.82,0,90.629,766,89.82,0.68,0.06739,3.1986,5668,0.87,0.96,-0.1,382.136
3.243259796,0.04401,14.41,,0,622.014,1243,89.27,0.0013,1.75123,3.03598,5958,1.09,1.07,0.04,1140.95
15.3587684,0.11819,11.42,,0,51.492,662,89.02,0.5156,1.46381,4.1452,5444,0.88,0.91,0,872.343
38.6519976,0.21864,2.68,7.65,0,15.038,487,89.96,0.52,0.05665,6.336,5444,0.88,0.91,0,872.343
2.418390036,0.03445,2.77513568,8.12,0,550.8,1226,89.89,0.556,0.06654,2.0744,5422,0.887,0.874,0.02,872.343
17.27629612,0.12109,7.72,46.1,0,20.618,538,89.87,0.0127,1.0458,3.94332,5014,0.76,0.82,0,369.645
7.2,0.05929,2.579,9.77,0,21.481,509,89.9,0.91,0.17659,2.5418,4095.6,0.618,0.607,0.03,311.222
10.91,0.07821,2.444,8.38,0.008,12.341,443,88.68,0.9458,0.13872,2.1801,4095.6,0.618,0.607,0.03,311.222
2.576549,0.031,1.6,235.982,0,64.39,717,89.14,0.06,0.08528,1.597,4252,0.559,0.549,0.03,311.222
18.596108,0.116,1.56,1.03815,0,6.063,371,89.99,0.27,0.08138,2.164,4252,0.559,0.549,0.03,311.222
3.268695154,0.0453,11.65,,0,1059.522,1597,89.53,0.0509,1.00914,3.45315,6045,1.12,1.08,-0.02,1523
4.225384512,0.05191,8.92,59,0,312.514,1111,89.66,0.015,0.7563,2.81829,5582,1.03,1.04,0.37,630.785
3.003876581,0.0439,15.13,,0,1414.329,1438,87.33,0.057,0.95322,3.2585,6457,1.54,1.36,0.11,1745.77
3.413036221,0.0427,5.23,23.8,0,310.021,1200,89.75,0.046,0.38687,2.60753,5346,0.83,0.86,-0.07,658.924
5.896609783,0.0614,1.21936414,1.98,0,108.13,1000,89.84,0.1272,0.0144,3.154,5392,1.087,0.888,0.18,658.924
8.30864937,0.0747,2.32,5.99,0,62.926,747,88.99,0.0993,0.08361,3.221,5293,0.82,0.86,-0.03,605.274
3.573203671,0.0457,6.04,30.4,0,1129.272,1210,89.69,0.26,0.2975,2.8837,5834,1.11,1.09,0.24,1291.98
9.61375356,0.0897,3.03,9.43,0,202.775,931,87.37,0.07,0.07979,4.7305,5744,0.96,0.98,-0.04,938.844
5.632528453,0.0598,2.17,5.35,0,148.456,844,88.58,0.455,0.06539,2.153,5312,0.83,0.87,0,556.726
3.5484657,0.0538,15.984034,670.93913,0,1822.758,1750,89.14,0.0968,0.72515,4.56904,6297,1.793,1.374,0.04,899.777
7.81254,0.077,1.71,8.9,0,494.705,1196,89.88,0.74,0.0099,3.8,6225,1.58,1.24,0.03,250.11
9.37647,0.087,2.17,8.2,0,388.444,1125,87.6,0.94,0.0159,2.06,6225,1.58,1.24,0.03,250.11
8.508324398,0.08361,2.58,7.18,0,193.68,909,89.99,0.72,0.06521,3.5033,5813,1.03,1.02,0.03,807.48
5.640677572,0.0627,4.3,17.1,0,324.856,1125,89.88,0.76,0.14533,2.9016,5904,1.04,1.03,-0.03,1125.24
3.622760057,0.0467,1.68119739,3.47,0,683.84,1304,89.96,0.75,0.01806,2.7868,5794,1.216,1.032,0.14,1125.24
4.28686431,0.0535,4.77,20.4,0,859.509,1217,81.72,0.8303,0.13219,4.4231,6125,1.22,1.15,0.05,1591.04
9.549275422,0.0646,1.59,3.15,0,5.991,374,89.92,0.0309,0.18269,1.7722,3519,0.33,0.33,-0.31,99.0688
27.52197994,0.1445,2.6,7.27,0,3.641,314,89.61,0.1244,0.23128,4.0704,3931,0.53,0.55,-0.19,283.41
6.8834055,0.07437,2.73,7.9,0,330.547,1080,89.82,0.0225,0.05034,2.0651,6236,1.19,1.19,0.09,228.439
3.568096926,0.04781,1.3,5.69692195,0,877.327,1407,85.83,0.816,0.00984,3.2455,6113,1.32,1.16,0.06,391.644
25.30889748,0.17274,1.64,3.33,0,60.372,710,87.81,0.7101,0.01554,5.6829,6025,1.25,1.16,0.18,324.618
41.74600392,0.23702,2.49,6.76,0,28.481,584,89.96,0.0211,0.04218,4.6058,6060,1.2,1.1,0.01,332.443
45.154,0.2514,7.1,2.1,0.04,10.119,543,89.78,0.251,0.62087,5.797,6018,0.94,1.04,0.05,783.831
85.312,0.384,9,4,0.014,4.331,439,89.44,1.017,0.19026,2.702,6018,0.94,1.04,0.05,783.831
130.194,0.509,9.7,7.6,0.008,2.466,381,89.91,0.25,1.15709,8.4534,6018,0.94,1.04,0.05,783.831
264.284,,2.18,5.4,0.02,,,,,,,5674,0.87,0.96,0.047,783.831
19.55659418,0.1352,2.47,6.66,0,114.389,797,87.7,0.713,0.02981,8.0855,5746,1.41,0.91,-0.35,386.177
296.637865,0.85672,6.35,33.1,0,4.208,332,89.81,0.423,0.281,16.2231,5770,1.2,1,0.01,651.999
26.62949944,0.17177,4.20964327,16.5,0,101.6,742,89.97,0,0.04928,7.8308,5866,1.417,0.958,-0.2,651.999
34.43587975,0.21395,2.69,7.7,0,32.329,652,89.98,0.811,0.04197,5.8266,5997,1.3,1.17,0.22,467.375
28.86235584,0.1779,2.2,5.48,0,36.527,623,88.35,0.72,0.04492,5.2042,5849,1.06,1.02,-0.01,468.258
5.65179605,0.06559,1.72,3.61,0,506.412,1248,81.85,0.815,0.0137,2.9289,6106,1.44,1.28,0.36,455.336
19.96371318,0.1333,1.46,2.73,0,47.97,564,88.51,0.918,0.02709,2.4825,5293,0.83,0.9,0.08,255
24.85462415,0.1992,5.74,27.9,0,174.58,1095,87.08,0.6578,0.07501,8.9587,7099,2.02,1.62,0.01,687.094
60.92832271,0.28682,2.67,7.61,0,10.555,467,89.99,0.789,0.07444,6.3262,5690,0.98,0.95,-0.06,289.907
8.512035877,0.07996,2.11,5.1,0,133.317,839,89.99,0.852,0.05738,2.1916,5842,0.88,0.96,-0.23,337.901
24.3078946,0.15932,2.1,5.06,0,19.87,532,89.63,0.0881,0.06956,2.5981,5260,0.8,0.89,0.01,246.61
7.8773565,0.0637,2.1,135,0,22.72,553,89.92,0.04,0.14616,2.4223,4075,0.52,0.54,0,321.542
16.3850021,0.10379,1.84,45.4,0.012,8.55,433,90,0.0953,0.11655,3.1252,4075,0.52,0.54,0,321.542
36.445171,0.182,1.95,88.8775,0,2.945,332,89.98,0.76,0.11556,4.153,4263,0.556,0.577,0,321.542
19.67416124,0.14628,1.66,3.39,0,59.77,711,87.05,0.85,0.02113,3.5985,6112,1.09,1.1,-0.03,623.901
5.21104261,0.06035,1.07,1.24,0,351.69,1107,83.02,0.66,0.01038,3.3011,6112,1.09,1.1,-0.03,623.901
22.20813214,0.17116,3.18,10.2,0,160.612,803,89.96,0.757,0.04632,7.3225,6406,1.46,1.34,0.25,830.638
38.58422849,0.25029,6.91,38.2,0,63.855,761,85.76,0.905,0.1244,10.3683,6392,1.98,1.54,0.41,639.239
5.835983111,0.06159,1.96,4.5,0,149.135,884,89.66,0.129,0.05468,2.0601,5515,0.86,0.93,-0.03,253.295
7.97419807,0.07955,1.91,4.31,0,434.237,974,89.36,0.7963,0.02931,5.3605,6014,1.1,1.09,0.02,1058.24
1.88897906,0.03046,0.96,0.84,0,2959.338,1574,89.84,0.834,0.0059,3.246,6014,1.1,1.09,0.02,1058.24
18.68404933,0.14386,2.63,7.41,0,176.232,832,85.7,0.878,0.03815,6.907,5573,1.15,0.95,0.11,992.852
5.458498316,0.06518,1.99,4.62,0,584.354,1099,85.39,0.7022,0.02559,4.0346,5894,1.14,1.15,0.34,666.146
13.28535633,0.11646,2.84,8.45,0,147.046,1157,85.87,0.731,0.03827,6.1801,6388,1.45,1.28,0.03,750.04
19.78297415,0.14219,2.08,4.98,0,68.971,708,89.97,0.746,0.03732,5.4661,5807,1.06,1.01,0.02,784.23
1.980357663,0.0309,1.86,4.12,0,1808.41,1662,80.89,0.766,0.02719,2.4332,6087,1.14,1.07,-0.1,799.008
12.8345022,0.1075,2,4.66,0,149.42,891,83.97,0.902,0.0281,3.2666,6087,1.14,1.07,-0.1,799.008
35.86619949,0.2134,2.79502603,8.22,0,37.92,633,85.14,0.717,0.02509,7.216,6078,1.189,1.005,-0.16,799.008
18.6489525,0.1361,2.89,111,0,60.997,701,89.86,0.76,0.08936,4.4815,5858,0.89,0.98,0,1366.07
38.5583038,0.22091,3.17,36,0,23.176,550,87.91,0.833,0.0993,5.0162,5858,0.89,0.98,0,1366.07
9.751962,0.091,2.12,37.1907,0,144.852,870,80.97,0.81,0.0418,4.19,6085,0.958,0.966,0,1366.07
39.30941904,0.21491,3.01,9.32,0,14.238,488,89.97,0.028,0.11321,5.7832,5697,0.89,0.97,-0.08,457.709
29.88485741,0.17446,2.78,8.15,0,10.007,453,89.06,0.71,0.12757,4.5608,4893,0.75,0.78,-0.03,252.762
12.92491623,0.10151,2.57,7.13,0,34.089,620,88.26,0.5981,0.09874,2.6225,5192,0.79,0.87,0,312.798
28.51120525,0.16704,3.38,11.4,0,8.769,423,88.68,0.65,0.18967,4.5784,4758,0.72,0.78,0.01,302.955
15.95994513,0.1272,2.24,5.65,0,63.95,721,88.78,0.0814,0.05441,4.3653,5884,0.98,1.05,0.01,570.659
7.378689766,0.0761,1.227,2.02,0,178.68,933,88,0.52,0.01178,3.207,5936,0.965,1.075,0.07,570.659
4.903321551,0.06011,2.36,6.17,0,601.891,1247,89.93,0.72,0.03425,2.8699,6123,1.27,1.18,0.13,685.599
1.827082299,0.02835,3.1,9.8,0,892.812,1877,89.74,0.63,0.11647,1.95666,5524,0.89,0.92,0,462.322
3.247555219,0.04317,1.41,2.57,0,442.522,1181,88.14,0.78,0.02097,2.4836,5763,0.99,1.07,0.23,439.4
81.73778,0.3554,2.215,12.9,0.21,5.07,417,89.73,0.0373,0.06416,6.7005,5534,0.8717,0.892,-0.09,155.956
125.63243,0.4988,8.373123,308.2951,0.39,3.681,387.6,89.845,0.0167,0.80459,9.299,5820,0.952,1.048,-0.01,307.318
1000,2.42,13.3,762.792,0.5,,253,,,,,5820,0.952,1.048,-0.01,307.318
8.0109434,0.0619,2.1,0.98,0.022,12.357,453,89.59,0.9461,0.13336,3.4129,3705,0.5,0.51,-0.27,271.701
12.0717249,0.0809,1.23,0.7,0,3.07,395,89.96,0.868,0.07592,4.9738,3705,0.5,0.51,-0.27,271.701
20.995694,0.126,1.53,12.0946,0,3.425,328,89.79,0.23,0.07673,2.698,4252,0.554,0.518,-0.27,271.701
172.7049784,0.58822,2.71,7.8,0,4.525,355,90,0.06,0.06301,11.2793,5946,1.08,1.02,-0.1,390.374
5.08005848,0.06447,3.36,11.2,0,1452.904,1673,83.85,0.427,0.02228,5.2587,6166,2.06,1.41,0.07,1060.68
13.14497566,0.10703,1.57,3.09,0,61.573,698,88.51,0.946,0.03008,3.5964,5526,0.9,0.93,0.02,436.016
13.89961966,0.1023,2.5,6.8,0,23.081,521,87.8,0.728,0.11462,3.5633,4671,0.67,0.7,-0.19,221.802
21.41616926,0.15482,2.12,5.14,0,126.031,748,89.8,0.778,0.03145,7.089,6206,1.22,1.16,0.02,963.18
13.24934059,0.11248,2.69,7.7,0,101.143,806,88.07,0.3503,0.06476,4.4634,5882,1.07,1.04,0.03,818.001
4.147020258,0.0502,7,39.1,0,690.13,1258,88.7,0.5,0.36807,2.8969,5967,1.15,1.11,0.14,1019.65
6.010384289,0.058,4,15.1,0,87.713,768,88.75,0.436,0.27389,2.2243,4828,0.73,0.78,0.01,378.972
4.454194338,0.0495,11.99,,0,237.035,1017,88.16,0.4894,1.60415,2.3198,5535,0.9,0.93,0,751.776
42.9495649,0.23236,2.57,11,0,9.549,487,89.99,0.758,0.09591,5.3469,5360,0.84,0.88,-0.03,635.145
117.040498,0.45332,2.93,8.91,0,2.51,349,89.92,0.613,0.07704,8.545,5360,0.84,0.88,-0.03,635.145
24.61480613,0.1575,4.2,16.4,0,27.93,586,89.63,0.435,0.1798,2.6602,5312,0.986,0.859,0.16,635.145
27.9481449,0.1593,2.43,43,0,6.642,400,89.94,0.063,0.09425,3.4932,4362,0.58,0.62,-0.01,578.796
42.1516418,0.2095,2.21,69.8,0,3.84,349,89.96,0.16,0.08955,5.0617,4362,0.58,0.62,-0.01,578.796
2.211099,0.029,1.59,3.15,0,195.005,931,84.94,0.02,0.06617,1.644,4503,0.619,0.631,-0.01,578.796
4.617534,0.048,1.55,3.02,0,73.157,728,86.99,0.72,0.05758,2.132,4503,0.619,0.631,-0.01,578.796
10.198545,0.081,1.59,3.15,0,25.438,559,88.27,0.46,0.06341,2.173,4503,0.619,0.631,-0.01,578.796
8.600104109,0.0747,4.42,17.9,0,77.258,760,89.84,0.0265,0.2946,4.0251,5322,0.83,0.87,-0.02,531.944
12.3764661,0.0893,2.73,7.9,0,14.386,483,89.17,0.6375,0.1771,2.7534,4286,0.63,0.65,-0.09,311.175
5.263415765,0.0612,3.95,14.8,0,358.994,1103,85.55,0.75,0.10668,2.1778,5863,1.04,1.03,0.01,843.689
4.030467,0.04766,4.74139884,116.0073686,0,235,1089,88.94,0.21,0.2331,2.7761,5191,0.902,0.889,0.152,728.525
328.24017,0.898,11.57887706,2129.450327,0.346,0.589,251,89.8314,0.751,1.387,12.25,5191,0.902,0.889,0.152,728.525
1.902208556,0.03022,4.29,17,0,877.945,1346,89.03,0.0433,0.23435,2.20773,5447,0.92,0.93,0.14,690.525
16.21775407,0.1201,2.83,8.4,0,129.374,664,89.21,0.875,0.07583,4.9296,5894,1.04,1.03,0,973.121
11.72292176,0.09833,2.24,5.65,0,81.641,766,89.97,0.71,0.04922,4.175,5740,0.98,1,0.03,674.598
3.705989551,0.0469,2.67,7.61,0,2885.663,1281,82.05,0.601,0.05014,5.1039,6068,1.16,1.11,0.02,2097.12
29.00790538,0.1759,2.37,6.21,0,15.227,498,88.57,0.937,0.09063,4.8259,5242,0.81,0.85,-0.06,661.876
17.58752333,0.1277,3.61,12.7,0,42.543,706,89.81,0.106,0.13778,4.3821,5630,0.95,0.96,0.03,776.708
10.5016,0.1028,6.51,22.1,0.04,819.245,1378,89.66,0.741,0.01834,14.522,4840,4.23,1.32,0.2,912.994
21.40239,0.1652,9.8,181,0,317.206,1087,80.4,0.943,0.04093,11.721,4840,4.23,1.32,0.2,912.994
1002,2.16,12.8,1784,0.2,,,,,,,4819.44,4.21799,1.29,0.3631,912.994
18.47764449,0.0899,1.72,3.61,0.17,2.46,298,89.606,0.506,0.2779,1.8777,3556,0.33,0.34,-0.39,109.308
58.3620495,0.29256,6.96,38.7,0,7.565,446,89.67,0.0467,0.56353,6.2859,5646,0.94,0.96,0.02,621.378
5.350161983,0.05947,2.68,7.65,0,183.166,989,89.98,0.58,0.07648,2.243,5646,0.94,0.96,0.02,621.378
18.00931444,0.1333,5.21,23.7,0,67.435,658,88.73,0.58,0.30044,4.9713,5575,0.9,0.93,-0.04,992.769
22.18432708,0.1418,3.09,9.75,0,18.738,546,89.97,0.032,0.1593,3.0563,5066,0.77,0.8,-0.08,565.207
3.750832285,0.0484,4.63,19.4,0,389.404,1129,90,0.0902,0.23979,1.95913,5626,0.92,0.95,-0.01,863.037
4.243747226,0.0501,3.64,12.9,0,301.46,1063,89.82,0.0243,0.14782,3.368,5735,0.95,0.98,-0.02,1041
18.42794624,0.1247,2.15,5.27,0,16.879,526,88.81,0.2867,0.07066,2.8702,5132,0.79,0.83,-0.01,564.277
16.54297375,0.1229,2.25,5.69,0,26.137,611,89.41,0.329,0.08101,3.8725,5148,0.79,0.84,0,558.81
11.02347475,0.0794,2.26,5.73,0,8.37,429,89.03,0.907,0.18422,1.421,3768,0.53,0.55,0.11,130.645
34.18890521,0.19784,3.16,10.1,0,19.314,526,89.93,0.836,0.10632,5.3184,5616,0.93,0.95,0.01,638.301
5.72,0.05988,3.135,25.06,0.0162,124.349,850,88.9,0.9155,0.08654,1.1816,5187.9,0.826,0.859,0.1166,644.14
11.6,0.09588,2.196,6.86,0.0725,48.574,671,89.96,0.03,0.04893,2.2603,5187.9,0.826,0.859,0.1166,644.14
4.301662003,0.0497,2.45,6.57,0,214.04,1009,87.69,0.1786,0.07605,2.0699,5496,0.9,0.93,0.06,568.148
4.798599388,0.0546,2.64,7.46,0,219.036,978,86.64,0.3144,0.08174,2.9979,5527,0.9,0.93,0.01,723.875
17.20523483,0.1192,2.58,7.18,0,26.889,553,89.98,0.0431,0.10806,3.6211,5212,0.79,0.83,-0.1,504.667
22.18329658,0.14527,2.79,8.2,0,46.44,646,89.96,0.0253,0.07481,5.0606,5746,1.02,0.99,0.02,771.471
7.65880414,0.0723,2.39,6.3,0,120.47,858,89.95,0.854,0.06682,3.0576,5612,0.91,0.95,-0.01,682.896
9.37891944,0.0788,2.39,6.3,0,141.987,803,87.68,0.5162,0.05635,3.3044,5710,0.95,0.97,0,853.977
29.91136794,0.179,3.27,10.7,0,16.817,541,89.93,0.68,0.0942,6.836,5672,0.97,0.99,0.09,617.55
25.69578251,0.1348,2.55,7.04,0,5.688,314,88.97,0.5133,0.11308,3.9289,4984,0.73,0.78,-0.14,524.247
1.616883696,0.0266,2,4.66,0,496.898,1774,78.6,0.7883,0.04599,1.5845,5334,0.83,0.87,-0.03,541.432
9.66857723,0.0854,2,4.66,0,60.609,730,87.59,0.2078,0.04117,2.3709,5636,0.96,0.99,0.13,530.765
10.2184954,0.09291,2.78,35.5,0.04,112.992,920,88.76,0.779,0.04453,4.3967,5843,1.03,0.95,0.1,969.252
15.5741568,0.12307,2.86,53,0,64.389,799,83.89,0.775,0.04681,5.1013,5843,1.03,0.95,0.1,969.252
40.101371,0.236,2.94,245.343,0,18.244,583,88.44,0.9,0.055,5.443,6099,1.127,1.024,0.1,969.252
4.45814897,0.0533,1.61,597.796,0,511.6,1212,84.65,0.754,0.01881,2.867,6100,1.083,1.017,-0.12,969.252
8.222419656,0.0683,2.57,7.13,0,24.063,558,89.39,0.246,0.14686,2.7045,4298,0.64,0.67,-0.06,323.899
40.6069821,0.2259,2.63,7.41,0,12.39,521,89.41,0.0279,0.06964,5.719,5772,1,1,0.03,703.758
18.49235668,0.1254,3.68,13.1,0,25.056,603,89.95,0.0294,0.16789,3.5297,5564,0.91,0.93,0.01,613.179
6.5100253,0.0689,2.28,5.82,0,178.699,1017,89.91,0.1747,0.06028,3.3302,5523,0.91,0.94,0.07,867.271
35.1810304,0.2281,4.21,16.5,0,76.339,664,88.18,0.799,0.10246,7.373,6195,1.24,1.17,0.02,1848.84
2.752359753,0.03841,2.83,8.4,0,489.149,1178,87.36,0.78,0.08194,2.1154,5593,0.93,0.96,0.03,585.187
2.104722184,0.0331,2.79,8.2,0,705.051,1365,89.99,0.8,0.09055,1.7575,5575,0.92,0.94,0,693.766
10.94027841,0.0952,2.23,5.6,0,70.965,764,88.85,0.5044,0.05386,2.2868,5549,0.89,0.92,-0.05,787.894
4.221625357,0.052,2.63,7.41,0,718.075,1176,82.12,0.72,0.0658,2.8959,5835,1,1.01,0,1209.4
16.54964934,0.1196,2.27,5.77,0,32.142,656,86.74,0.0374,0.07445,4.0043,5296,0.83,0.88,0.01,612.803
3.52466011,0.0426,1.11727238,1.45,0,344.61,1098,71.95,0.0697,0.01297,2.484,5372,0.916,0.832,-0.02,612.803
11.8681707,0.09943,1.1,4.1,0,187.51,864,86.93,0.729,0.01019,5.977,6074,0.94,1.04,-0.2,1163.22
17.9801235,0.13114,1.98,3.81,0,107.741,752,88.06,0.814,0.02139,4.1249,6074,0.94,1.04,-0.2,1163.22
5.85296257,0.0647,4.02,15.2,0,782.415,1056,88.11,0.316,0.11465,4.6003,6000,1.15,1.1,0.07,1421.81
81.1694299,0.3554,3.39,11.4,0,5.615,436,88.79,0.5484,0.11832,7.709,5677,0.94,0.97,0.01,785.137
2.820192408,0.0397,2.39,6.3,0,935.827,1367,84.91,0.484,0.04675,2.5077,5913,1.04,1.04,-0.03,1153.13
21.21708973,0.1508,2.87,8.6,0,61.02,706,86.39,0.841,0.0636,5.3643,5967,1.1,1.08,0.04,973.76
13.64618192,0.1089,2.18,5.39,0,59.396,678,89.79,0.91,0.0633,3.374,5485,0.87,0.91,-0.03,769.2
25.3029092,0.1582,3.708,17.4,0,17.382,535,89.95,0.828,0.21057,4.5204,5138.5,0.821,0.93,0.406,643.009
12.38602,0.0983,1.009,3.3,0,50.23,679,89.01,0.54,0.01513,2.604,5138.5,0.821,0.93,0.406,643.009
21.30022655,0.15161,3.46,11.8,0,82.302,725,89.89,0.861,0.06598,4.0882,6267,1.32,1.21,0.03,1023.85
13.02365861,0.10916,2.37,6.21,0,76.375,743,89.93,0.883,0.06224,3.9714,5683,0.95,0.97,-0.01,663.418
3.70175428,0.04487,1.5,2.86,0,265.407,1050,84.83,0.257,0.02985,2.6262,5307,0.86,0.87,0.02,681.086
86.4945,0.36672,3.02420941,9.4,0,3.7,367,89.33,0.0202,0.10455,7.284,5245,0.900316,0.9,0.03,681.086
15.65562652,0.1128,2.84,8.45,0,24.467,623,89.42,0.78,0.09559,4.1075,5127,0.79,0.83,-0.02,558.517
3.2346996,0.04852,14.616536,212.31044,0,792.218,1460,88.93,0.141,1.08141,3.59385,5647,1.391,1.209,0.34,587.039
7.1334,0.07255,1.71,4.19,0,318,1102,86.52,0.896,0.0145,4.368,5905,1.257,1.041,-0.09,1025.1
8.9187,0.08422,1.9,3.85,0.039,236,1023,87.32,0.9,0.01806,4.146,5905,1.257,1.041,-0.09,1025.1
11.8981,0.10203,1.99,4.16,0.002,161,929,87.21,0.974,0.01309,3.015,5905,1.257,1.041,-0.09,1025.1
23.67517607,0.1536,2.9,8.75,0,20.182,528,88.06,0.858,0.10197,4.612,5279,0.81,0.84,-0.09,619.723
5.378868441,0.05494,1.9,4.27,0,110.619,833,85.81,0.758,0.04834,2.7154,5160,0.79,0.85,-0.02,414.825
15.28469497,0.1224,2.09,5.02,0,128.783,852,86.51,0.796,0.03213,5.901,6062,1.13,1.08,-0.02,1159.31
21.05358596,0.16052,2.65,7.51,0,97.8,731,89.98,0.8731,0.04966,7.2144,5808,1.01,1.01,0.03,1539.63
127.9075774,0.53439,6.5,34.5,0,8.8,401,89.58,0.8791,0.40206,13.498,5808,1.01,1.01,0.03,1539.63
6.2171292,0.07117,1.32,2.3,0,497.4,1098,88.14,0.94,0.02112,3.701,5808,1.01,1.01,0.03,1539.63
25.85501786,0.1735,2.59,7.22,0,46.982,637,89.7,0.265,0.06105,3.9263,5890,1.03,1.02,-0.02,1026.49
3.383538066,0.04244,1.44,2.67,0,316.718,1133,87.54,0.8,0.02557,1.4365,5462,0.88,0.91,0.02,556.58
2.358951515,0.03336,0.86,0.566,0,513.03,1278,87.91,0.385,0.00941,1.633,5462,0.88,0.91,0.02,556.58
24.31575992,0.17,3.31,11,0,71.843,683,88.94,0.653,0.06433,4.1383,6161,1.22,1.13,0.01,1215.11
0.638163204,0.0137,0.87,0.59,0,2302.613,1874,88.69,0.2775,0.01097,1.1839,5196,0.8,0.84,-0.02,519.122
39.67679977,0.21507,2.76001201,8.05,0,8.8,473,89.24,0.9403,0.06112,5.04,5244,0.888,0.808,0.02,519.122
6.412515037,0.0685,3.64,12.9,0,270.162,1069,86.11,0.679,0.11564,5.3087,5820,1.01,1,-0.02,946.683
6.521210666,0.0682,3.35,11.2,0,258.059,932,88.14,0.907,0.07604,2.8091,5971,1.14,1.09,0.06,1065.82
59.87756,0.24861,2.15,5.27,0.25,1.69,273,89.8,0.29,0.13848,4.845,4017,0.62,0.635,0.03,335.079
6.996926554,0.0719,4.19,16.3,0,139.072,888,89.94,0.0232,0.13823,2.7377,5943,1.13,1.1,0.12,845.824
151.86392,0.5594,3.3,10.9,0,2.297,318,89.99,0.016,0.08412,8.622,5943,1.13,1.1,0.12,845.824
2.437033302,0.0351,1.65,3.36,0,1825.301,1513,89.87,0.745,0.0244,3.201,5761,1.01,1.01,0.06,1395.56
3.722156413,0.0452,2.84,8.45,0,997.089,1046,86.76,0.6393,0.07574,1.9911,5693,0.96,0.98,0.04,1445.53
15.77979614,0.1232,2.29,5.86,0,66.269,713,89.95,0.025,0.05414,4.0334,5723,0.96,0.98,-0.01,861.494
14.03491514,0.1027,2.39,6.3,0,37.2,641,88.37,0.865,0.08518,3.5795,5268,0.81,0.85,-0.07,527.995
10.35584657,0.085,1.74,3.68,0,19.18,620,89.64,0.921,0.06812,2.8121,4655,0.69,0.73,-0.07,330
9.99761851,0.0927,2.43,6.48,0,129.18,860,86.18,0.2341,0.06436,3.2429,5753,0.97,0.98,-0.02,945.775
90.4113556,0.4024,3.41,11.5,0,6.86,413,89.16,0.1992,0.11868,6.523,5753,0.97,0.98,-0.02,945.775
51.06740189,0.2749,2.653,7.52,0,14.69,499,89.66,0.4648,0.06921,4.407,6004,0.977,1.061,-0.02,945.775
1.682696148,0.0219,1.32,2.3,0,100.295,750,89.85,0.1187,0.07038,1.38,3712,0.48,0.51,-0.07,173.354
3.595769645,0.0449,2.6,7.27,0,677.569,1296,86.34,0.911,0.03837,3.3249,5860,1.08,1.05,0.08,1221.96
5.404272197,0.06014,3.16,10.1,0,224.146,1073,89.2,0.76,0.07703,2.4748,5980,1.11,1.09,0.05,900.678
1.208465026,0.02216,1.69,3.5,0,1652.907,1767,76.66,0.78,0.02402,1.5105,5980,1.11,1.09,0.05,900.678
11.67894236,0.1021,4.17,16.2,0,112.07,830,88.28,0.94,0.11851,1.2641,6122,0.964,1.041,-0.18,900.678
5.714932,0.0553,1.31,9,0,80.326,750,89.2,0.25,0.043,2.31,4925,0.64,0.69,-0.37,300.874
12.4417,0.0929,0.54,4,0,28.489,578,89.7,0.16,0.007,3.02,4925,0.64,0.69,-0.37,300.874
18.16406,0.12,1.95,14,0,17.21,510,89.7,0.22,0.092,2.97,4925,0.64,0.69,-0.37,300.874
122.3874,0.427,1.61,36,0,1.352,270,89.98,0.06,0.07,6.92,4925,0.64,0.69,-0.37,300.874
267.291,0.718,1.41,35,0,0.5,208,89.9,0.41,0.042,7.46,4925,0.64,0.69,-0.37,300.874
12.91375431,0.1053,3.32,11,0,219.051,849,85.45,0.912,0.04879,6.042,6155,1.22,1.15,0.03,1355.28
2.628113746,0.031,2.3,5.9,0,69.56,737,86.15,0.58,0.09368,1.8548,4521,0.68,0.72,-0.02,389
14.28226676,0.0978,2.13,5.18,0,12.486,446,89.97,0.019,0.09832,2.7398,4201,0.61,0.64,-0.09,284.761
9.07097734,0.0854,3.01,9.32,0,77.098,825,89.97,0.013,0.10262,2.7085,5443,0.86,0.9,-0.03,737.702
14.58649607,0.11638,2.31,5.95,0,130.757,852,88.22,0.37,0.03787,4.0393,6117,1.18,1.1,-0.06,748.188
7.75192492,0.08137,1.99,4.62,0,407.833,852,87.83,0.54,0.0406,3.4849,5789,0.96,1.04,0.1,760.708
4.1653651,0.05379,1.05,1.16,0,932.132,1048,87.83,0.0903,0.01226,3.2895,5789,0.96,1.04,0.1,760.708
14.48585199,0.10913,2.29,5.86,0,69.795,784,86.48,0.0151,0.04571,2.7143,5813,1.05,1.01,0.01,635.643
40.6994443,0.22661,3.73,13.4,0,39.303,685,88.02,0.51,0.04299,7.208,6424,1.49,1.3,0.05,984.307
7.2385854,0.07107,1.38,2.48,0,103.147,816,89.53,0.147,0.02758,3.1069,5444,0.84,0.93,0.01,372.05
9.4341505,0.08,6.11,120,0.45,100.371,791,87.806,0.732,0.40243,2.903,5576,0.901,0.984,0.05,194.033
161.4743937,0.56201,3.18,10.2,0,5.568,343,89.48,0.882,0.08282,10.598,5829,1.04,1.02,0.03,839.784
17.97979059,0.14017,2.9,8.75,0,94.137,828,89.84,0.758,0.04759,5.6021,6185,1.33,1.24,0.23,761.966
30.99660733,0.1885,2.21,5.52,0,14.72,500,89.14,0.791,0.06553,2.7959,5322,0.84,0.91,0.11,349
8.50340718,0.08185,1.63,3.29,0,454.5,1021,86.36,0.952,0.01889,2.8346,5899,1.15,1.02,-0.05,680.54
23.78319931,0.16246,2.296,5.89,0,115.4,725,89.98,0.783,0.02565,7.939,5877,1.265,0.997,-0.04,680.54
5.16950177,0.05765,1.89,4.23,0,808.844,1309,88.44,0.3,0.02106,4.507,6075,1.24,1.03,-0.18,888.027
23.44971004,0.18332,2.64,7.46,0,193.927,802,89.46,0.8,0.03156,8.6525,6174,1.51,1.33,0.41,1141.08
16.08066115,0.1185,4.45,18.1,0,67.509,614,89.93,0.0448,0.31974,2.8707,5203,0.8,0.85,-0.02,310.301
23.20584623,0.16619,4.75,20.2,0,63.805,1002,89.92,0.059,0.03479,4.2998,6096,2.56,1.64,0.38,786.091
6.07972888,0.06695,1.83,4.01,0,872.567,1111,85.43,0.784,0.02898,7.3431,5382,0.93,0.88,0.04,991.214
10.21420496,0.09358,2.38,6.26,0,295.826,957,89.93,0.8859,0.03038,5.8558,5896,1.29,1.14,0.23,850.242
22.24813967,0.15418,2.56,7.08,0,35.062,609,87.79,0.7533,0.06137,3.9565,5653,0.94,1.01,0.15,557.787
9.48961571,0.0895,1.85,4.08,0,311.788,926,86.44,0.4764,0.02622,3.5282,5713,1.13,1.02,0.15,969.918
4.41745855,0.05631,2.9,8.75,0,719.373,1810,89.58,0.73,0.0292,2.9563,6570,1.66,1.4,0.06,781.582
16.33889626,0.13485,10.16,321.0083,0.37,211.711,963,88.91,0.8108,0.17184,9.3575,4908,2.52,1,0.13,1063.58
3.173917103,0.04641,3.15,10.1,0,2381.77,1655,78.65,0.629,0.0303,3.5066,6747,1.81,1.49,0.08,1318.05
3.275822621,0.04541,2.1,5.06,0,1364.762,1730,82.54,0.49,0.02749,2.9721,6170,1.21,1.13,-0.01,1173.57
15.87364565,0.11251,1.99,4.62,0,38.229,632,89.3,0.395,0.04156,3.6124,5634,0.91,0.93,-0.07,451.794
16.2254649,0.12237,1.17,1.71,0,162.794,788,89.16,0.761,0.01204,6.493,6020,1.07,1.03,-0.14,1087.87
29.6663,0.18291,4.00135002,15.1,0,69,644,89.96,0.724,0.0668,8.412,5906.74,1.54571,1.07,-0.4146,1087.87
17.4211749,0.13324,3.22,10.5,0,47.336,674,88.24,0.752,0.09281,5.0323,5741,0.98,1.05,0.21,636.03
29.90722674,0.17522,2.26,5.73,0,25.147,564,89.97,0.1119,0.05974,4.812,5871,0.94,0.97,-0.17,513.748
2.15491,0.035,1.42,2.4,0.028,2316.095,1740,92.2,0.16,0.0085,3.077,6211,1.41,1.25,0.17,303.728
5.859944,0.068,2.58,5.4,0.02,609.992,1246,92.33,0.42,0.0282,3.928,6211,1.41,1.25,0.17,303.728
8.13123,0.084,1.52,4.14,0.014,394.549,1117,92.35,0.53,0.0098,4.1,6211,1.41,1.25,0.17,303.728
258.8,0.853930754,13.9,260,0.283,,,127,,,,6220,1.437,1.248,0.13,303.728
3.032145588,0.0421,2.96,9.06,0,1218.88,1507,76.77,0.843,0.04886,3.6764,5849,1.35,1.08,0.13,884.378
21.38521506,0.14078,2.37,6.21,0,27.223,574,89.16,0.518,0.06694,4.0311,5522,0.87,0.92,-0.04,509.408
4.182002531,0.04958,2.49,6.76,0,211.884,974,89.94,0.0601,0.08616,2.2165,5490,0.88,0.97,0.17,394.55
14.70748976,0.11945,1.95,4.46,0,90.384,819,89.8,0.127,0.0262,3.1584,5665,1.19,1.02,0.23,595.634
0.900376476,0.01855,0.78,0.399,0,3743.275,2078,89.04,0.75,0.00414,1.393,5665,1.19,1.02,0.23,595.634
13.72465129,0.11664,2.07,4.94,0,229.311,831,85.87,0.71,0.02818,6.9296,5865,1.11,1.04,0.04,974.124
46.4063358,0.25697,2.71,7.8,0,28.767,588,89.98,0.843,0.04735,6.9941,6170,1.24,1.15,0,752.562
1.260259094,0.02231,3.12,9.91,0,924.374,1569,77.17,0.791,0.11307,1.8742,5281,0.82,0.86,-0.04,890.352
5.25449393,0.0602,1.41,2.57,0,213.25,975,83.61,0.837,0.0169,3.078,5550,0.954,1.05,0.46,890.352
24.54350418,0.17337,3.52,12.2,0,62.2,616,89.91,0.788,0.11513,7.3096,5808,1.01,1.01,0.03,1691.88
1.287076762,0.0188,1.63,3.29,0,223.745,871,89.98,0.0873,0.07294,1.5086,4103,0.6,0.63,-0.04,388.384
17.671796,0.1204,2.5,6.8,0,21.309,513,87.81,0.6682,0.09186,3.2554,4870,0.74,0.79,0.02,722.64
17.815815,0.1352,2.8,8.25,0,62.845,699,87.08,0.56,0.0906,3.3668,5962,0.966,1.038,-0.2,1202.96
9.27358194,0.0759,2.57,7.13,0,44.09,649,88.93,0.387,0.12883,3.3004,4779,0.71,0.75,-0.07,568.431
6.029301321,0.0585,3.07,9.64,0,45.528,678,89.5,0.89,0.19127,1.5798,4483,0.67,0.7,-0.05,534.788
21.67697486,0.1408,2.18,5.39,0,23.824,530,87.91,0.895,0.08572,3.1263,4897,0.74,0.79,-0.03,815.637
4.99678284,0.0559,2.6,7.27,0,167.979,917,86.9,0.3083,0.09347,2.09,5264,0.82,0.86,0.03,1063.09
2.525593315,0.0374,2.66,7.56,0,652.435,1406,85.41,0.183,0.06033,1.5882,5754,1.02,1.01,0.07,1210.12
16.01310205,0.1148,2.6,7.27,0,20.719,593,88.14,0.1874,0.12632,3.0654,4913,0.74,0.79,-0.03,612.838
4.49876092,0.0542,2.4,6.35,0,575.644,1133,88,0.834,0.046,3.8308,5887,1.05,1.03,0.01,1508.71
41.43962808,0.2288,4.73,20.1,0,71.817,516,89.31,0.47,0.27931,10.6468,5327,0.87,0.91,0.15,2302.45
8.35390639,0.0768,2.7,7.75,0,77.619,790,89.95,0.023,0.10416,2.2712,5352,0.82,0.87,-0.06,784.618
4.125546869,0.0529,4.83,20.8,0,826.765,1243,85.95,0.67,0.14873,3.1389,6038,1.2,1.15,0.14,2063.41
15.7259,0.1171,2.94,8.96,0,30.6,602,89.78,0.37,0.14227,3.839,5331,0.778,0.865,-0.2,1131.19
2.816504852,0.0383,13.18,,0,528.223,1219,89.37,0.0073,1.68137,2.50522,5709,0.99,0.99,0.07,939.744
4.280958588,0.0503,2.69,7.7,0,331.438,1012,87.72,0.3248,0.07508,2.8753,5624,0.95,0.97,0.08,1168.26
38.3774623,0.2163,2.5,6.8,0,16.36,529,89.44,0.162,0.07242,5.55,5627,0.92,0.95,-0.01,1033.93
3.728731093,0.0455,6.54,34.8,0,253.456,1023,86.7,0.558,0.52265,2.6734,5355,0.84,0.88,0,918.21
2.243381847,0.028,1.69,3.5,0,146.511,822,82.88,0.1408,0.08217,1.0205,4192,0.57,0.6,-0.27,342.254
2.33743801,0.0325,2.44,6.53,0,308.547,1070,88.19,0.4935,0.09712,2.014,4945,0.75,0.79,-0.05,665.68
11.59822172,0.0798,3.04,9.48,0,8.241,396,88.62,0.798,0.28045,2.6256,3701,0.49,0.51,-0.02,295.196
6.57531678,0.067,5.38,25,0,683.274,1015,88.03,0.3,0.27933,4.2837,5723,0.99,1,0.06,1954.08
7.27503724,0.0732,5.14,23.1,0,113.64,833,85.29,0.5956,0.3001,7.5206,5520,0.91,0.94,0.07,1826.15
12.39358604,0.0983,3.01,9.32,0,56.002,677,86.13,0.8214,0.09166,3.7222,5403,0.84,0.87,-0.09,922.244
5.39875259,0.06135,2.357,8.03,0.09,441,1275,87.23,0.48,0.03458,3.43422,5847,1.2564,1.057,0.11,144.166
9.605027,0.09008,0.979,1.3,0.099,204,1052,87.071,0.77,0.00558,3.0045,5847,1.2564,1.057,0.11,144.166
632.62,1.469,13.9,267,0.102,,,,,,,5847,1.2564,1.057,0.11,144.166
3455,4.6,11.2,86.4493267,0.33,,,,,,,5847,1.2564,1.057,0.11,144.166
3.689926291,0.0469,2.42,6.44,0,706.62,1147,89.19,0.1166,0.04267,2.6286,5890,1.11,1.08,0.13,1492.48
26.39435646,0.1635,3.08,9.69,0,14.151,489,89.28,0.1304,0.15109,3.4785,5021,0.76,0.8,-0.04,686.923
12.61190667,0.1058,7.37,42.6,0,306.102,753,88.17,0.5409,0.61056,5.1636,5559,0.89,0.92,-0.05,1979.25
2.539183179,0.0355,1.97,4.54,0,702.281,1332,88.28,0.852,0.03821,2.383,5703,0.95,0.96,-0.03,1023.07
6.770302008,0.064,3.36,11.2,0,102.87,812,86.84,0.838,0.1304,1.9398,5493,0.86,0.89,-0.11,1731.27
1.6255222,0.0265,10.58,78.8,0,1137.124,1579,89.22,0.076,0.7969,2.38785,5963,1.16,1.11,0.15,938.715
1.594745463,0.0258,12.15,,0,2132.903,1539,85.25,0.514,1.50445,1.9561,5649,0.92,0.94,-0.07,1490.94
20.50586978,0.1326,3.52,12.2,0,15.648,518,89.62,0.79,0.21055,4.0602,4841,0.73,0.77,-0.04,633.66
3.895936844,0.046,9.76,68.7,0,458.912,1005,87.56,0.541,0.85448,2.3389,5715,0.96,0.98,0.02,1357.75
22.36656079,0.1449,2.89,8.7,0,35.337,536,89.26,0.815,0.09868,5.151,5518,0.88,0.91,-0.01,1131.73
13.722341,0.094,2.24,5.65,0.16,123.517,779,89.62,0.15,0.0597,5.126,5638,0.93,0.81,-0.29,730.625
242.4613,0.64,1.71,3.57,0.14,2.687,299,89.85,0.12,0.035,13.1,5638,0.93,0.81,-0.29,730.625
7.748094374,0.081,5.95,29.6,0,225.701,964,88.02,0.3857,0.24721,3.5631,5913,1.16,1.11,0.19,1665.31
8.114379,0.0649,2.09,5.02,0,12.995,460,88.61,0.0565,0.1558,2.258,3715,0.5,0.53,0.04,279.115
21.81293494,0.1495,3.11,9.85,0,28.504,639,89.92,0.0574,0.11754,4.3891,5440,0.86,0.9,-0.01,991.336
15.37563332,0.1121,10.18,73.8,0,31.641,600,88.73,0.692,1.5337,3.2673,4881,0.72,0.76,-0.1,1151.51
6.365841612,0.0659,2.8,8.25,0,206.438,914,87.92,0.524,0.07807,2.9697,5700,0.95,0.97,0,1023.06
3.040330424,0.0374,9.21,62.3,0,499.064,1021,85.95,0.7264,1.14054,1.8394,5181,0.8,0.84,-0.01,842.947
4.190425575,0.0535,6.14,31.3,0,607.525,1234,87.52,0.689,0.28774,2.8403,5903,1.08,1.06,0.07,1416.44
3.709870645,0.0471,4.13,16,0,472.236,1151,89.86,0.1237,0.20203,3.1,5513,0.88,0.92,-0.01,1277.33
16.32976218,0.1255,3.68,13.1,0,172.557,727,86.59,0.596,0.11875,6.373,5612,0.91,0.94,-0.03,1995.57
4.8854892,0.06067,18.180998,140.16303,0,1375.11,1630,85.161,0.5599,0.75693,5.1313,5933,1.966,1.359,0.11,922.562
80.8720639,0.3577,5.99,30,0,12.071,452,89.4,0.632,0.36046,11.114,5692,0.96,0.98,0.04,1491.76
10.35533177,0.0895,2.84,8.45,0,75.623,777,89.93,0.029,0.07506,3.4276,5343,0.84,0.88,0,774.152
10.52629406,0.088,9.17,61.8,0,88.906,713,88.69,0.644,0.9768,2.5212,5419,0.86,0.9,0,992.071
4.583521756,0.0535,8.2,51.1,0,373.108,1038,89.81,0.0383,0.42475,2.715,6185,1.27,1.18,0.05,1156.83
3.76182115,0.047,2.61,7.32,0,514.124,1121,75.62,0.59,0.05106,3.3906,5616,0.96,0.97,0.09,1228.83
56.0560538,0.232,2.11,5.1,0,0.729,265,89.99,0.018,0.1851,4.595,3722,0.51,0.53,0.07,276.881
2.237492751,0.0325,1.33,2.33,0,336.673,1160,89.23,0.961,0.03309,1.8241,5099,0.76,0.8,-0.12,591.776
3.167891938,0.0426,2.93,8.91,0,684.765,1221,89.87,0.026,0.07812,2.1875,5692,0.96,0.97,0.01,1394.22
16.08524954,0.1173,2.92,8.85,0,28.216,613,87.21,0.1067,0.15586,3.5655,5071,0.77,0.8,-0.08,664.843
4.347285527,0.0524,1.88,4.19,0,710.872,1174,89.91,0.2089,0.04516,2.0739,5611,0.91,0.94,-0.04,1448.34
23.58914398,0.1429,3.41,11.5,0,15.569,487,86.86,0.908,0.12007,4.7592,5222,0.8,0.84,-0.04,624.575
21.02247699,0.13615,3.41,11.5,0,15.801,521,89.95,0.76,0.17725,4.0906,5148,0.78,0.84,-0.03,872.493
226.89047,0.66479,4.85,21,0,0.662,236,89.76,0.85,0.31364,7.525,5148,0.78,0.84,-0.03,872.493
7.411141,0.0748,2.48,6.71,0,228.283,905,87.54,0.0062,0.06205,2.4852,5785,0.99,0.98,-0.03,1089.87
8.098887986,0.0832,9.67,67.6,0,484.006,986,89.93,0.054,0.69111,4.21479,5995,1.12,1.09,0.04,2083.37
10.00652995,0.0933,3.75,13.5,0,181.408,876,83.94,0.769,0.09361,5.218,5871,1.04,1.04,0.02,1327.44
10.37168453,0.08628,2.9,8.75,0,42.493,720,88.66,0.537,0.12549,3.0479,5099,0.78,0.83,0,635.009
3.96999,0.04548,1.39281536,2.52,0,151.8,992,86.81,0.115,0.02992,1.1857,5012,0.742183,0.83,-0.06,635.009
4.40840023,0.052,2.42,6.44,0,398,1139,74.9,0.04,0.05494,4.933,5485,0.85,0.88,-0.12,2805.48
2.052349905,0.0322,16.56,,0,1324.2,1497,86.76,0.437,1.42806,2.0801,6191,1.3,1.18,0.06,1302.33
5.007317779,0.0556,8.52,54.5,0,234.28,998,87.87,0.341,0.76301,4.2223,5777,0.98,0.99,-0.02,2497.51
4.708326542,0.0539,8.41,53.4,0,384.561,1162,89.71,0.0078,0.79127,3.17455,5618,0.92,0.95,0,1065.37
5.392025388,0.0583,2.64,7.46,0,138.751,850,88.67,0.79,0.11514,2.981,5075,0.78,0.82,-0.01,926.598
4.093573252,0.0514,2.63,7.41,0,414.601,1182,79.95,0.1554,0.05386,2.2856,5863,1.05,1.03,0.02,1239.5
105.144749,0.4471,2.82,8.35,0,5.48,401,88.39,0.964,0.06854,7.239,5863,1.05,1.03,0.02,1239.5
4.082275068,0.0479,12.19,,0,251.48,1016,89.51,0.0101,1.88151,3.23796,5539,0.89,0.92,0,1071.8
3.314946338,0.0433,3.29,10.8,0,339.401,1155,85.11,0.895,0.13982,1.7069,5437,0.86,0.9,-0.02,853.119
39.64372,0.2238,10.8,81.6,0.231,12.1,514,89.8,0.14,1.266,6.504,5395,0.88,0.95,0.14,758.469
207.541,0.6744,3.08,9.7,0.436,1.4,268,,,,,5395,0.88,0.95,0.14,758.469
21.80451088,0.1406,3.26,10.7,0,25.296,543,88.76,0.751,0.11449,3.3931,5452,0.85,0.88,-0.09,762.081
5.154484417,0.0546,2.53,6.94,0,176.685,964,80.1,0.7713,0.07459,2.8866,5441,0.86,0.89,-0.01,831.842
5.743477265,0.0625,3.34,11.1,0,484.51,982,90,0.64,0.12402,3.4527,5660,0.93,0.95,-0.03,1765.23
3.166353714,0.0432,3.58,12.5,0,1089.549,1273,89.76,0.0645,0.14734,3.3039,5633,0.91,0.94,-0.05,1921.15
6.491682808,0.0694,12.3299,,0,418.797,1219,86.96,0.561,0.71633,4.33,5620,1.411,1.047,0.21,1935.04
2.85188338,0.03997,1.56926,3.09,0,903.77,1607,83.81,0.659,0.01149,2.76,5620,1.411,1.047,0.21,1935.04
3.855603551,0.0505,13.88,,0,456.703,1212,87.96,0.0007,1.74707,3.20969,5849,1.06,1.03,0.04,1257.16
9.467814048,0.0691,2.18,5.39,0,8.559,407,89.85,0.081,0.2237,2.4437,3631,0.46,0.49,-0.01,174.826
0.893041236,0.0143,1.27,2.15,0,199.846,893,89.92,0.0468,0.07417,1.1042,3631,0.46,0.49,-0.01,174.826
20.83424726,0.1483,2.82,8.35,0,24.507,595,89.63,0.256,0.09884,4.0748,5418,0.86,0.9,0.01,916.706
6.104852856,0.0583,3.56,12.4,0,89.25,784,89.78,0.018,0.20903,4.676,5326,0.78,0.85,-0.17,1157.21
11.51516988,0.0965,2.95,9.01,0,32.679,657,89.59,0.2438,0.14304,2.0189,5107,0.8,0.85,0.07,695.059
3.60147201,0.0428,2.93,8.91,0,233.031,996,89.9,0.021,0.07777,2.522,5217,0.81,0.86,0.03,1005.43
28.59915399,0.1422,1.96,4.5,0,2.297,298,89.99,0.894,0.15851,3.6632,3813,0.48,0.51,-0.24,205.118
24.58721573,0.1552,2.5,6.8,0,27.644,530,89.02,0.1088,0.09075,3.8669,5327,0.82,0.86,-0.09,1113.65
12.53248465,0.1054,3.32,11,0,115.963,775,87.96,0.0247,0.11459,4.0098,5601,0.9,0.93,-0.08,1370.65
7.340711,0.0781,10.76,200.22,0,337.682,1078,87.46,0.685,0.86795,3.082,6000,1.12,1.18,0.42,1177.55
3.584101216,0.0462,4.57,18.9,0,432.866,1131,89.76,0.66,0.26081,2.7445,5438,0.87,0.91,0.03,1442.02
7.03902374,0.0744,2.97,9.11,0,461.993,1051,89.94,0.862,0.05298,3.8898,6129,1.24,1.16,0.07,1661.87
8.360868238,0.0744,3.24,10.6,0,38.101,690,88.69,0.3826,0.20397,2.7016,4642,0.71,0.76,0.07,489.253
3.179262921,0.04166,1.21,1.92,0,397.252,1101,89.59,0.2924,0.02064,1.0248,5486,0.85,0.94,0.01,278.987
12.06222443,0.09735,1.62,3.26,0,62.955,750,89.47,0.392,0.03032,2.1007,5594,0.93,0.94,0,449.964
9.93143556,0.0915,2.16,5.31,0,286.026,931,89.84,0.792,0.03986,5.659,5849,1.04,1.04,0.06,1780.38
3.48159251,0.0435,1.11,1.41,0,421.61,1156,89.71,0.076,0.01352,1.8389,5418,0.93,0.91,0.09,450
35.61760587,0.1916,5.27,24.1,0,10.19,456,89.98,0.054,0.46349,8.4208,5096,0.78,0.82,-0.03,3347.16
7.40742793,0.0745,2.52,6.9,0,439.778,938,89.89,0.042,0.0442,3.5804,5934,1.1,1.07,0.08,1705.99
17.31716585,0.1054,3.1,9.8,0,24.631,454,88.8,0.4912,0.1473,3.1599,5009,0.75,0.79,-0.11,721.027
8.8849116,0.0818,11.77,3209.9,0.57,106.484,767,89.12,0.13,1.76704,2.0778,5200,0.89,0.91,0.3,835.356
9.42887179,0.08742,3.07,9.64,0,255.74,1163,89.96,0.011,0.05654,4.4123,6160,1.23,1.15,0.03,1296.02
4.08899022,0.05009,1.62,3.26,0,778.592,1537,87.39,0.374,0.01579,3.465,6160,1.23,1.15,0.03,1296.02
17.44490636,0.1263,2.46,6.62,0,39.01,679,86.98,0.2495,0.08561,4.0988,5387,0.84,0.87,-0.06,760.43
18.82747265,0.1353,2.81,8.3,0,45.278,632,89.96,0.025,0.10062,4.732,5373,0.83,0.87,-0.08,1232.29
5.747725012,0.054,1.91,4.31,0,41.674,641,88.33,0.5717,0.08201,1.8222,4346,0.65,0.68,-0.03,274.767
14.5596237,0.116,2.01,4.7,0,216.473,758,89.93,0.895,0.02906,5.76,5935,1.08,1.06,0.05,1770.27
1.269090374,0.02156,1.76,3.75,0,889.888,1331,86.18,0.6,0.03409,1.5736,5043,0.77,0.82,-0.01,399.034
2.853133644,0.037,1.26,2.13,0,302.574,1016,86.37,0.82,0.02771,1.4352,5043,0.77,0.82,-0.01,399.034
1.224866322,0.0219,1.12,1.46,0,2174.33,1741,86.94,0.67,0.0196,1.7027,5282,0.79,0.82,-0.19,852
1.022678821,0.019,1.36,2.42,0,3345.453,1734,89.81,0.6,0.01292,1.3395,6014,1.13,1.08,0.02,1068.68
12.1097104,0.10754,2.48,6.71,0,349.193,1005,81.62,0.41,0.02847,5.8,6228,1.42,1.16,-0.1,1502.32
4.75793986,0.05768,1.69,3.5,0,1211.822,1372,84.31,0.6614,0.01245,4.677,6228,1.42,1.16,-0.1,1502.32
20.4966197,0.1527,2.12,5.14,0,173.171,843,80.73,0.42,0.02429,6.38,6228,1.42,1.16,-0.1,1502.32
8.1934719,0.0829,1.53,2.96,0,588.402,1144,83.51,0.5,0.01154,5.047,6228,1.42,1.16,-0.1,1502.32
41.805985,0.2329,2.27,5.77,0,19.02,533,89.97,0.875,0.04947,6.132,5860,1.04,1.04,0.06,1073.48
1.5449298,0.0274,15.24424,638.8383,0,3583.673,2140,77.55,0.96226,0.5915,1.42784,6409,1.32,1.2,-0.1,822.96
8.70419416,0.08087,3.06,9.59,0,84.406,748,88.6,0.5,0.10749,2.9741,5322,0.85,0.89,0.08,792.336
2.46697439,0.03489,1.48,2.79,0,453.648,1139,86.61,0.83,0.03087,1.5646,5322,0.85,0.89,0.08,792.336
10.12804789,0.0874,2.03,4.78,0,95.447,767,87.16,0.882,0.04774,3.3632,5706,0.93,0.95,-0.09,830.707
3.770552098,0.0493,12.68,,0,1065.734,1302,89.64,0.0236,1.38917,3.8277,5944,1.08,1.06,0.02,1898.26
1.19655156,0.0205,1.22,1.98,0,974.089,1414,87.27,0.2353,0.02246,1.1901,5166,0.8,0.84,0.01,962.459
4.09667624,0.0466,1.42,2.6,0,182.9,938,89.43,0.142,0.03023,2.19,4999,0.843,0.8,0.18,962.459
6.50327035,0.0634,1.67,3.43,0,98.81,804,89.76,0.08,0.04183,2.591,4999,0.843,0.8,0.18,962.459
7.33683936,0.0724,1.64,3.33,0,160.457,875,89.93,0.018,0.03258,3.512,5557,0.89,0.92,-0.06,1047.84
27.6655226,0.1754,2.43,6.48,0,48.947,641,89.99,0.51,0.04692,6.508,5901,1.06,1.05,0.04,1076.28
6.10027804,0.066,3.39,11.4,0,227.15,990,89.92,0.817,0.07666,4.7487,5992,1.15,1.1,0.09,2297.62
161.5280101,0.5874,6.64,35.7,0,9.365,366,90,0.0287,0.46536,3.6935,5694,0.94,0.96,-0.05,2251.03
11.3910025,0.092,1.79,3.86,0,40.589,618,88.44,0.0917,0.04486,2.297,5108,0.78,0.82,-0.03,784.56
7.42608998,0.0778,2.92,8.85,0,241.128,1037,89.65,0.64,0.04433,3.7017,6186,1.28,1.19,0.06,1169.57
15.9870174,0.1297,1.79,3.86,0,86.761,803,88.79,0.63,0.01785,4.279,6186,1.28,1.19,0.06,1169.57
3.57878087,0.04501,10.761,136.661,0,432.871,1440,88,0.341,0.9849,2.93376,5520,0.99,0.95,0.2,639.411
18.92540274,0.1694,2.3,5.9,0,27.736,1171,88,0.826,0.06409,3.7409,5598,0.92,0.94,-0.01,930.457
1.475322314,0.0309,1.2,1.87,0,833.588,2740,88.41,0.58,0.01549,2.326,5598,0.92,0.94,-0.01,930.457
4.15244722,0.0616,1.4,2.54,0,209.752,1941,86.24,0.71,0.02234,2.5916,5598,0.92,0.94,-0.01,930.457
8.73485836,0.0843,1.82,3.97,0,339.296,890,88.75,0.293,0.02707,4.444,5906,1.05,1.03,0.01,1393.85
12.99207337,0.11153,1.82,3.97,0,264.576,866,89.69,0.74,0.02706,5.9838,5714,1.11,0.98,0.03,1130.21
3.749100061,0.04682,1.43,2.63,0,490.707,1160,80.24,0.1203,0.01826,1.8438,5850,1.01,1.04,0.05,547.026
11.0895723,0.1082,3.17,10.2,0,451.177,1422,89.92,0.768,0.01481,6.3412,6403,2.42,1.57,0.04,917.804
0.974868926,0.01834,1.19,1.81,0,1496.75,1612,88.53,0.82,0.01976,1.5975,5468,0.84,0.92,-0.04,398.676
4.89718784,0.0523,1.28,2.18,0,135.082,904,87.63,0.1207,0.02744,1.799,5071,0.78,0.83,0.05,727.904
5.72812599,0.0519,1.47,2.76,0,33.953,569,89.42,0.0557,0.06434,1.9804,4043,0.56,0.58,-0.17,443.106
3.75574426,0.0453,1.68,3.46,0,216.568,977,89.43,0.127,0.04174,2.2971,5102,0.77,0.81,-0.09,938.168
7.09714223,0.0533,0.92,0.721,0,15.028,425,89.89,0.05,0.03695,2.244,3804,0.44,0.46,-0.43,283.155
0.35500745,0.00901,1.201,1.68,0,4070,2223,75.2,,0.0217,0.814,5058,0.7475,0.779,-0.18,124.376
0.677375164,0.015,0.89,0.64,0,4572.56,2099,87.38,0.864,0.00767,1.8243,5769,1.02,1.01,0.05,557.652
13.2140732,0.1019,2.89,8.7,0,44.397,629,87.44,0.85,0.11548,3.4241,5162,0.78,0.81,-0.1,1064.47
158.6853308,0.54494,3.21,10.4,0,3.987,350,89.98,0.8756,0.08983,11.677,5867,1.01,0.98,-0.14,446.844
4.29264638,0.04958,0.78,0.399,0,229.104,991,87.62,0.64,0.00625,2.622,5521,0.89,0.93,0.01,516.09
7.05395,0.06903,2.33153725,6.04,0,113.3,840,86.66,0.92,0.05211,1.7244,5411.49,0.872088,0.94,-0.03,516.09
31.5922646,0.22111,1.58,3.12,0,194.385,688,89.06,0.283,0.01451,13.84,5674,1.32,1,0.07,1303.72
17.157236,0.1309,1.55,3.02,0,119.87,844,88.81,0.238,0.01104,11.284,5676,1.487,1.016,0.1,1303.72
1.973760926,0.025,13.02,,0,163.862,753,87.9,0.286,3.02224,1.82916,4739,0.71,0.77,-0.02,642.051
53.5293487,0.25483,2.43,6.48,0,3.658,348,89.72,0.0963,0.10861,5.577,4838,0.74,0.81,0.09,485.318
0.928310498,0.0159,1.28,2.18,0,493.553,1115,88.27,0.181,0.03762,1.3,4248,0.62,0.65,-0.09,503.568
8.39846269,0.0835,2.55,7.04,0,357.191,984,86.16,0.804,0.03401,6.488,6159,1.23,1.16,0.05,1775.8
8.63847725,0.0951,2.12,5.14,0,312.34,1419,89.77,0.86,0.03959,5.4301,5870,1.02,1.01,-0.06,1480.16
13.4845,0.117,3.47,10.9,0.015,205.404,929,88.78,0.41,0.06751,5.0575,6174,1.302,1.165,-0.0731,1020.72
27.4029,0.187,3.72,5.9,0.03,79.765,734,89.48,0.278,0.07899,6.8491,6174,1.302,1.165,-0.0731,1020.72
52.0902,0.287,7.16,6,0.025,33.874,592,89.93,0.056,0.2968,8.6329,6174,1.302,1.165,-0.0731,1020.72
81.0659,0.386,3.49,4.1,0.012,18.78,511,89.13,0.963,0.0453,3.001,6174,1.302,1.165,-0.0731,1020.72
13.73469807,0.101,2.18,5.39,0,38.274,634,86.64,0.0596,0.07464,2.3574,5208,0.8,0.84,-0.05,703.168
14.5539759,0.1256,3.05,9.53,0,140.057,939,80.57,0.863,0.03197,6.254,6383,1.47,1.3,0.06,1266.34
11.30119217,0.0988,1.96,4.5,0,176.032,852,89.69,0.1604,0.02771,3.98,5971,1.12,1.09,0.08,1425.47
4.24153639,0.0491,1.37,2.45,0,617.407,1177,88.62,0.257,0.01881,3.115,5745,0.97,0.98,0,985.699
11.13125132,0.10036,2.11,5.1,0,299.97,952,89.97,0.67,0.02112,4.1751,5839,1.38,1.19,0.34,931.192
29.6193421,0.1803,1.68,3.46,0,28.9,580,89.94,0.902,0.03147,4.9768,5631,0.96,0.94,-0.02,492.122
6.40087618,0.07317,1.3,2.24,0,962.264,1109,85.17,0.0158,0.01408,2.5038,5475,1.09,0.93,0.09,817.584
27.07237711,0.181,2.17,5.35,0,90.1,605,89.97,0.015,0.05142,6.943,5680,0.95,0.96,-0.02,1315.26
13.71933369,0.1174,2.39,6.3,0,141.888,864,89.93,0.694,0.03164,5.5426,6224,1.29,1.19,0.03,972.274
133.4605235,0.5167,6.88,37.9,0,6.356,433,89.84,0.629,0.50329,11.611,5681,0.93,0.95,-0.07,1509.084
15.19419956,0.1214,2.78068551,8.15,0,150.25,893,87.06,0.895,0.03678,3.106,5588,1.593,1.031,0.14,1509.084
3.5224991,0.0474,15.871944,187.5197,0,1444.881,1680,83.978,0.7191,0.91457,3.19061,6213,1.486,1.213,-0.055,1021.87
7.05246,0.0648,2.67,6.93,0.0049,54.382,547,89.34,0.422,0.14801,2.3982,4540,0.678,0.73,0.04,369.451
9.52355,0.0792,2.74,6.74,0.0079,36.482,495,89.33,0.609,0.14913,2.3569,4540,0.678,0.73,0.04,369.451
3.07222,0.0372,1.53,6.75,0.0041,164.625,722,88.35,0.192,0.0539,1.8732,4540,0.678,0.73,0.04,369.451
4.64489,0.0491,1.6,4.13,0.0035,94.781,629,88.79,0.478,0.05655,2.0271,4540,0.678,0.73,0.04,369.451
0.9867873,0.0175,1.21,4459.73,0.186,750.964,1054,86.5,0.056,0.045,1.1879,4540,0.678,0.73,0.04,369.451
14.64558,,1.13,0.065,0.1303,,418,89.35,0.52,,2.12,4540,0.678,0.83,0.04,369.451
14.13176026,0.1106,2.85,8.5,0,44.872,675,86.95,0.883,0.1033,3.854,5315,0.82,0.85,-0.09,1019.26
11.41928253,0.0795,2,4.66,0,14.442,419,89.36,0.799,0.09156,3.9867,4435,0.63,0.67,-0.17,440.426
40.0587473,0.2265,3.54,12.3,0,13.508,489,88.65,0.952,0.12394,5.533,5507,0.9,0.93,0.06,780.585
50.28638192,0.26721,3.79,13.8,0,20.882,543,89.98,0.1226,0.11193,6.3668,5919,1.12,1.05,0.02,639.771
14.37457351,0.11287,1.94,4.42,0,83.427,779,89.91,0.035,0.03358,4.782,5817,1.05,1.01,0,649.65
9.65185017,0.08654,1.14,1.55,0,141.839,890,89.59,0.122,0.01032,4.457,5817,1.05,1.01,0,649.65
30.8638931,0.19852,2.89,8.7,0,86.473,743,85.76,0.0312,0.02565,8.421,6112,1.65,1.19,-0.06,638.49
8.09219642,0.07684,1.14,1.55,0,413.603,1089,75.28,0.799,0.00653,5.455,5770,1.16,0.99,0,361.896
0.631332353,0.01314,1.46,2.73,0,1428.3,1322,76.59,0.12,0.04345,1.1076,4653,0.71,0.76,0.05,321
55.63934,0.2901,3.01,9.32,0,13.155,478,88.74,0.5319,0.0853,7.119,5734,0.98,0.99,0.04,961.405
5.955,0.0522,2.42,17.2,0,39.95,635,89,0.81,0.15051,2.3691,4385,0.59,0.64,-0.18,348.291
12.04,0.08347,2.37,4.3,0,15.62,502,89.51,0.85,0.13169,2.7363,4385,0.59,0.64,-0.18,348.291
20.837846,0.128,1.21,1.92,0,7.507,418,89.18,0.71,0.03984,2.57,4500,0.595,0.648,-0.18,348.291
4.59725385,0.055,1.93,4.38,0,350.597,1105,89.85,0.3034,0.0313,2.823,5803,1.04,1.03,0.1,1458.59
23.58447697,0.15911,2.7,7.75,0,78.59,730,88.28,0.859,0.04292,5.464,5747,1.24,1.01,0.05,985.041
10.11716531,0.1024,3.55,12.3,0,421.917,1163,88.95,0.848,0.02887,4.939,6761,1.71,1.45,0.02,1482.74
19.12947337,0.1439,2.14,5.22,0,56.04,817,87.58,0.5396,0.04512,3.757,5743,0.93,0.95,-0.13,840
6.1469851,0.0695,2.12,5.14,0,935.124,1164,89.67,0.083,0.02496,3.392,6162,1.22,1.15,0.01,2055.77
8.57503552,0.09473,4.11,15.8,0,979.136,1374,89.03,0.351,0.01606,8.545,5028,3.42,1.25,-0.03,1259.28
10.50682565,0.0895,10.24,74.5,0,50.563,668,88.93,0.407,1.33555,3.7432,5286,0.85,0.9,0.16,983.697
3.990106229,0.0493,9.03,60.2,0,550.203,1124,87.09,0.733,0.61549,2.4269,5861,1.03,1.03,0.02,1484.46
10.03538581,0.0886,5.11,22.9,0,100.779,786,89.81,0.0282,0.28297,3.4185,5638,0.92,0.94,-0.08,925.037
33.1995648,0.1894,2.76,8.05,0,9.913,485,89.98,0.876,0.11789,5.0135,5279,0.81,0.86,-0.06,664.306
26.44,0.1683,4.07,12.15,0.0033,19.558,562,89.052,0.641,0.18435,3.9783,5401,0.898,0.91,0.2107,904.326
51.54,0.2626,5.34,13.9,0.007,8.035,450,90.15,0.0291,0.36443,6.3994,5401,0.898,0.91,0.2107,904.326
2.382961,0.034,1.77,885.098,0,484.351,1253,86.85,0.05,0.0369,2.026,5428,0.945,0.946,0.2107,904.326
5.902206,0.063,2.47,254.02,0,144.337,926,89.23,0,0.07023,2.827,5428,0.945,0.946,0.2107,904.326
75.732,0.3395,4.84,20.9,0.0014,,,86.3,,,,5401,0.898,0.91,0.2107,904.326
127.8338098,0.56004,6.09,30.8,0,16.228,554,89.72,0.8869,0.19185,10.8773,6260,1.36,1.23,0.09,1387.2
1.92279873,0.029,1.31,2.27,0,496.82,1215,89.74,0.1332,0.02597,1.9191,5191,0.8,0.84,-0.03,614.571
3.222969273,0.04078,1.77,3.78,0,535.188,1239,87.67,0.0347,0.02327,2.8575,5928,1.08,1.06,0.04,860.391
4.16809082,0.0507,1.57,3.09,0,803.353,1277,85.09,0.0971,0.0263,2.723,5643,0.96,0.98,0.06,1389.27
4.51436633,0.055,1.87,4.16,0,454.604,1231,89.42,0.118,0.02307,2.956,6035,1.22,1.15,0.14,1201.4
3.77360059,0.0453,1.53,2.96,0,734.464,1270,90,0.25,0.0176,2.6854,5976,1.08,1.03,-0.08,807.85
8.1818246,0.0759,1.84,4.04,0,261.628,981,88.11,0.787,0.02996,2.4596,5976,1.08,1.03,-0.08,807.85
4.48758907,0.05202,1.25,2.1,0,827.221,1305,87.03,0.54,0.0112,2.8308,6079,1.15,1.05,-0.12,779.596
51.92927591,0.2742,5.63,27,0,23.602,574,89.69,0.1656,0.34258,5.3083,5602,0.91,0.93,-0.06,2046.68
0.567857136,0.01228,1.51,2.89,0,1835.159,1848,85.49,0.4563,0.03348,0.9869,5039,0.77,0.81,-0.02,575.322
6.88337562,0.0678,2.11,5.1,0,247.47,857,89.82,0.075,0.04584,2.2442,5698,0.97,0.98,0.03,1073.76
9.77,0.07295,2.83,2.94,0,15.412,460,89.84,0.09,0.18978,2.4764,4082,0.61,0.66,-0.2,400.409
20.09,0.11796,2.36,2.03,0,5.9,362,87.49,0.2174,0.14321,3.5881,4082,0.61,0.66,-0.2,400.409
5.169796,0.051,1.94,4.1,0,28.81,569,88.87,0.37,0.10374,2.163,4648,0.594,0.58,-0.2,400.409
11.29695137,0.1033,1.7,3.53,0,160.18,907,87.54,0.852,0.01985,4.583,6037,1.11,1.07,-0.02,1122
5.62153941,0.05984,1.27,2.15,0,266.249,992,86.54,0.0812,0.01723,2.3638,5732,0.97,0.99,0.02,593.54
7.1396941,0.075,2.06,4.9,0,256.828,965,89.89,0.869,0.05129,3.929,5596,0.9,0.92,-0.08,1688.12
18.7546998,0.1139,2.02,4.74,0,8.313,382,89.96,0.034,0.09953,3.0681,4339,0.62,0.64,-0.18,467.37
13.32388301,0.0862,2.02,4.74,0,11.845,378,89.87,0.073,0.07813,3.2768,4554,0.66,0.7,-0.13,633.937
11.41909375,0.107,2.79,8.2,0,170.33,921,81.99,0.4568,0.05092,4.382,5954,1.11,1.08,0.08,2406.33
11.36112327,0.1013,2.73,7.9,0,135.797,869,87.16,0.854,0.05695,4.2053,5895,1.04,1.03,-0.01,980.035
16.56059504,0.1144,2.56,7.08,0,55.966,701,86.99,0.97,0.07008,2.2611,5403,0.81,0.85,-0.18,901.907
15.74957994,0.1266,2.73,7.9,0,61.089,777,88.24,0.6256,0.06595,4.6942,5770,0.96,0.98,-0.06,1104.04
37.8144514,0.2316,2.57,7.13,0,46.303,626,87.34,0.9052,0.04125,8.5785,6058,1.31,1.22,0.29,944.561
8.726,0.0827,2.23,40,0,222.19,985,82.52,0.42,0.04467,4.473,6039,1.43,1,-0.07,1023.9
12.883,0.1072,2.36,20.2,0,132.23,865,81.13,0.9611,0.04605,5.661,6039,1.43,1,-0.07,1023.9
4.224537,0.052,1.38,2.48,0,584.24,1254,82.31,0.02,0.01591,3.172,6031,1.169,1.06,-0.07,1023.9
27.434389,0.181,2.6,7.27,0,48.29,672,88.99,0.09,0.04726,5.121,6031,1.169,1.06,-0.07,1023.9
44.552169,0.25,2.2,5.48,0,25.3,572,89.07,0.34,0.03621,5.86,6031,1.169,1.06,-0.07,1023.9
124.4198398,0.479,5.23,23.8,0,1.648,416,90,0.0143,0.4107,3.6612,5324,0.81,0.85,-0.09,998.961
1.21956827,0.0204,1.6,3.19,0,588.95,1252,89.37,0.1661,0.04949,1.5672,4848,0.73,0.78,-0.02,532.726
2.053879821,0.0313,2.59,7.22,0,890.333,1523,87.74,0.891,0.05467,2.1809,5830,1.03,1.02,0.05,1165.66
2.613020856,0.0298,1.68,3.46,0,89.652,713,80.29,0.8551,0.05997,1.93,4128,0.57,0.59,-0.24,431.776
0.927859821,0.01668,2.04,4.82,0,772.498,1361,76.15,0.29,0.05153,1.4398,4913,0.75,0.79,0.01,431.051
19.80792185,0.1399,2.48,6.71,0,35.276,624,89.93,0.1913,0.06163,3.524,5579,0.91,0.94,0,1127.12
2.343231895,0.0315,1.18,1.76,0,292.31,1054,89.7,0.047,0.02465,2.0391,4940,0.77,0.83,0.15,513.103
6.91134416,0.07586,1.7,3.53,0,794.778,1086,88.37,0.26,0.02017,5.6555,5695,1.2,1.01,0.15,1378.47
394.62508,1.137,8.08167508,298.7587026,0.078,2.86,362.7,89.923,0.19,0.1651,24.01,5950,1.822,1.259,0.145,822.134
8.3,0.07885,1.778,1.84,0.02,107.028,809,88.14,0.921,0.04022,3.8786,5505.2,0.875,0.928,0.12,765.025
12.51,0.10363,1.978,2.15,0.027,61.929,706,88.14,0.925,0.0441,4.572,5505.2,0.875,0.928,0.12,765.025
17.91323,0.13,1.2,8.69679,0,38.39,626,87.39,0,0.01978,4.51,5436,0.893,0.947,0.12,765.025
25.216751,0.163,1.27,0.6,0,24.318,559,88.74,0.2,0.01948,4.083,5436,0.893,0.947,0.12,765.025
7.19303878,0.0744,1.78,3.82,0,329.283,995,89.94,0.0294,0.02553,3.435,5932,1.09,1.06,0.03,1661.28
8.50699658,0.0802,1.68,3.46,0,103.828,900,86.53,0.8031,0.02955,3.026,5455,0.85,0.89,-0.07,839.255
44.9309804,0.27967,2.54,6.99,0,92.131,565,89.42,0.895,0.044,6.498,6100,1.16,1.19,0.22,1619.03
7.16892463,0.079,1.69,3.5,0,499.301,1187,86.64,0.39,0.01116,4.5907,6350,1.55,1.3,0.07,568.676
7.886631104,0.0762,8.35,52.7,0,405.183,996,89.78,0.001,0.66815,5.21906,5835,1.03,1.03,0.06,1506.58
8.027680595,0.0787,9.3,63.3,0,153.497,824,88.52,0.5635,0.87254,3.1401,5535,0.93,0.96,0.12,1351.17
85.35129427,0.3751,6.8,37.2,0,5.747,390,89.97,0.684,0.48748,6.7568,5773,0.99,0.99,0.02,983.502
76.13602028,0.33939,4.87,21.1,0,6.338,399,89.97,0.011,0.29495,7.9602,5653,0.91,0.96,-0.04,298.532
20.38177573,0.13157,3.09,9.75,0,14.897,528,89.59,0.52,0.15971,3.7429,5020,0.77,0.81,-0.02,839.903
5.101379454,0.058,3.24,10.6,0,233.621,1050,89.9,0.027,0.08946,2.5932,5836,1.06,1.04,0.09,1056.36
3.949631375,0.0463,2.28,5.82,0,197.29,966,89.86,0.02,0.08072,1.5788,5047,0.78,0.82,0.01,850.327
3.148664534,0.039,2.21,5.52,0,547.293,1097,85.68,0.652,0.05505,2.1794,5333,0.84,0.88,0.04,1039.03
15.59461874,0.122,2.9,8.75,0,117.828,718,89.35,0.6,0.08677,5.0872,5678,0.95,0.96,-0.03,1499.66
5.83376092,0.0687,2.4,6.35,0,464.765,1143,84.6,0.2653,0.05329,3.8589,5754,1,1,0.04,2022.9
2.42150341,0.0382,1.62,3.26,0,1305.04,1532,84.11,0.55,0.01715,2.965,6213,1.195,1.27,0.36,2022.9
14.16399294,0.1057,2.49,6.76,0,46.362,694,89.94,0.027,0.07281,4.3241,5570,0.92,0.93,-0.01,586.137
6.20920207,0.061,0.89,0.64,0,164.98,914,89.11,0.272,0.01019,2.637,5440,0.885,0.782,-0.24,586.137
2.617032536,0.0331,1.63,3.29,0,196.127,996,89.15,0.146,0.04994,2.0451,4751,0.71,0.75,-0.07,646.667
150.242127,0.5375,4.64,19.4,0,2.72,327,89.81,0.345,0.23785,10.979,5541,0.91,0.92,-0.02,1195.54
5.03251791,0.0575,2.05,4.86,0,417.034,1047,72.3,0.864,0.04391,3.3066,5614,0.89,0.93,-0.08,1593.13
40.4287755,0.2244,3.61,12.7,0,17.234,494,87.92,0.89,0.09161,7.553,5664,0.95,0.97,0.02,939.455
114.73635,0.481,13.49,324.2,0.036,9.203,478,89.274,0.727,0.485,11.878,5600,1.82,1.1,-0.17,1232.9
191.2318,0.676,6.14,6.4,0.039,4.656,403,89.588,0.579,0.10612,16.942,5600,1.82,1.1,-0.17,1232.9
21.3587621,0.1539,2.78,8.15,0,54.869,691,89.81,0.847,0.06401,5.905,5857,1.02,1.01,-0.01,1259.46
22.0459018,0.1572,3.74,13.5,0,79.722,640,87.53,0.918,0.08048,5.06,5993,1.14,1.11,0.09,1976.05
2.578855068,0.0362,1.99,4.62,0,553.056,1230,84.69,0.1264,0.03552,2.3296,5902,1.08,1.05,0.04,879.683
20.5533844,0.1542,3.75,13.5,0,68.015,749,87.62,0.68,0.06783,5.0988,6163,1.27,1.18,0.07,1182.22
40.0686727,0.2234,3.94,14.7,0,31.624,560,89.97,0.0192,0.09709,6.0815,6020,1.13,1.09,0.03,1082.16
27.5073799,0.1771,2.9,8.75,0,41.431,569,86.79,0.0166,0.05807,5.239,5958,1.11,1.06,0.03,1242.62
5.14438011,0.0549,1.43,2.63,0,152.746,923,89.88,0.1171,0.03107,2.72,5060,0.77,0.81,-0.03,820.913
18.45847097,0.1301,2.12,5.14,0,37.81,632,88.09,0.7896,0.05353,3.3077,5261,0.81,0.85,-0.06,602.176
25.9422033,0.165,1.93,4.38,0,27.009,501,89.2,0.1281,0.05697,4.0442,5044,0.77,0.81,-0.03,791.625
33.3855938,0.2012,2.57,7.13,0,29.128,580,89.26,0.562,0.05532,5.0514,5792,1.02,1.02,0.05,802.672
0.646716,,0.4,0.0364,,,,,,,1.7,5456.75,1.022,0.974,0.05,802.672
1403,2.466329866,13.1,965.1469966,0.41,,,89,,,,5466,0.897,0.99,0.27,376.863
7.71468975,0.0915,2.66,7.56,0,586.169,1622,81.59,0.609,0.02145,4.2955,6761,1.74,1.46,0.03,601.324
11.8061737,0.1216,2.87,8.6,0,926.72,1407,84.28,0.905,0.00881,4.472,6900,2.599,1.714,0,601.324
4.44448017,0.0552,1.78,3.82,0,538.569,1217,74.94,0.8847,0.0163,3.35,5961,1.09,1.06,0,1375.18
3.989539666,0.04741,1.23,2.04,0,259.029,903,89.75,0.085,0.019,1.5403,5476,0.87,0.9,-0.03,504.605
12.98495573,0.10288,1.78,3.82,0,163.052,818,89.91,0.046,0.02572,3.4569,6116,1.09,1.06,-0.13,627.455
5.69919514,0.06116,1.23,2.04,0,139.5,964,89.98,0.76,0.01613,2.3878,5715,0.94,1,0.05,476.733
18.11472949,0.14403,2.5,6.8,0,124.646,830,85.95,0.74,0.02415,5.2269,6187,1.35,1.21,0.11,651.318
6.24146367,0.06428,1.52,2.92,0,231.432,1111,89.89,0.915,0.01637,3.0771,6098,1.16,1.1,-0.01,711.297
20.42228798,0.15431,1.84,4.04,0,109.842,785,89.87,0.646,0.01893,6.192,6194,1.29,1.19,0.08,886.588
7.63846023,0.0801,1.13,1.51,0,407.977,1089,88.3,0.728,0.00717,3.971,6194,1.29,1.19,0.08,886.588
70.6979061,0.31481,1.76,3.75,0,7.854,417,89.98,0.026,0.03831,6.624,5875,0.9,0.97,-0.21,420.817
3.744439,0.04975,1.09,1.32,0,954.588,1328,89.01,0.938,0.00733,2.9492,5961,1.25,1.14,0.19,598.313
52.75875577,0.2944,8.89,58.6,0,30.227,540,89.68,0.0728,0.58058,6.6068,5954,1.13,1.09,0.09,1712.12
53.44945593,0.2881,6.41,33.6,0,44.326,486,89.93,0.0533,0.3437,5.3228,5887,1.07,1.06,0.09,2340.58
13.7521072,0.1015,2.81,8.3,0,18.196,556,87.86,0.89,0.12156,2.7024,4747,0.72,0.75,-0.04,570.727
6.33855761,0.0699,3.03,9.43,0,266.271,1034,82.42,0.894,0.07217,3.2833,5820,0.99,1,-0.03,1285.59
9.803224,0.0916,2.78,8.15,0,119.881,896,87.12,0.7431,0.08134,4.4934,5603,0.85,0.87,-0.25,1162.91
2.806242328,0.0328,1.54,2.99,0,106.585,771,89.82,0.0196,0.05996,1.717,4315,0.61,0.65,-0.16,540.134
144.547396,0.56378,2.53,6.94,0,1.99,303,88.57,0.752,0.10352,14.962,5262,0.81,0.84,-0.1,2334.93
29.5422566,0.1792,3.15,10.1,0,16.56,515,81.44,0.959,0.08799,13.902,5510,0.803,0.877,-0.16,2334.93
8.0472642,0.077,2.39,6.3,0,354.221,855,79.3,0.837,0.0486,4.5,5839,1.04,1.03,0.04,1519.25
5.8706191,0.0545,1.49,2.83,0,37.11,616,87.35,0.642,0.05056,2.4983,4223,0.62,0.65,-0.06,484.891
19.17891293,0.1392,2.68,7.65,0,62.198,640,89.99,0.004,0.07528,5.2,5595,0.91,0.93,-0.06,1246.43
19.23891,0.143,8.29,43.4,0.0609,48.229,661,88.982,0.59,0.66605,4.243,5774,0.958,1.022,0.05,628.257
38.9853,0.227,8.08,29.9,0.06691,18.903,523,89.188,0.74,0.61591,4.565,5774,0.958,1.022,0.05,628.257
1.592851,0.0273,1.64,8.41466053,0,1339.658,2026,89.38,0.02,0.02483,1.97,5777,1.02,1.07,0.12,628.257
14.44912,0.120138084,1.32,2.3,0,,709,89.2,0.5,,2.8,6015,1.29,1.12,0.098,848.254
6.9913086,0.0679,2.08,4.98,0,54.109,716,87.58,0.8508,0.05554,2.2124,4836,0.73,0.78,-0.01,487.525
3.517494394,0.0378,1.37,2.45,0,68.723,704,86.49,0.027,0.0561,1.4847,4184,0.57,0.59,-0.3,253.867
40.1099547,0.223,2.54,6.99,0,24.875,556,89.98,0.845,0.0732,5.1836,5647,0.93,0.95,0,1165.34
10.3507721,0.09081,2.01,4.7,0,274.845,842,84.43,0.844,0.02731,6.565,5682,0.97,0.98,0.05,1369.24
62.9228557,0.30249,2.53,6.94,0,24.791,462,87.02,0.848,0.04178,11.298,5682,0.97,0.98,0.05,1369.24
3.021668632,0.0417,1.77,3.78,0,875.419,1332,87.43,0.92,0.01719,2.758,6160,1.25,1.16,0.05,978.125
5.082746517,0.05689,1.41,2.57,0,185.771,928,89.84,0.063,0.02767,1.7354,5461,0.86,0.95,0.09,529.268
41.6979976,0.22363,2.11,5.1,0,21.987,537,90,0.747,0.04408,5.6754,6035,1.02,1.06,-0.09,757.791
15.86621821,0.1225,1.2,1.87,0,137.66,879,86.77,0.872,0.00773,4.1503,6106,1.38,1.08,-0.15,352
1.340597468,0.02526,1.22,1.98,0,3304.101,1783,89.94,0.583,0.01098,1.6085,5973,1.12,1.11,0.15,290.843
13.93290318,0.11873,1.47,2.76,0,127.24,852,87.14,0.2992,0.01316,2.5119,6154,1.23,1.17,0.08,309.596
6.24658,0.0731,15.322703,257.4423,0.0519,3273.324,2040,69.68,0.8667,0.03968,11.261,4550,6.3,1.31,0.11,1294.69
2.364369015,0.03752,0.82,0.477,0,2108.073,1752,88.44,0.812,0.00288,3.2852,6230,1.5,1.26,0.12,400.289
20.310501,0.15594,2.6,7.27,0,198.725,931,89.9,0.833,0.01682,5.3585,6112,1.99,1.34,0.03,556.168
2.534756273,0.0339,2.8,8.25,0,519.95,1218,68.67,0.673,0.0463,4.4149,5998,1.11,1.07,0.02,2004.72
10.29672521,0.1009,2.06,4.9,0,58.9,1129,89.4,0.298,0.10118,2.7238,4687,0.61,0.63,-0.52,991.618
5.939119816,0.0699,3.8580709,14.2,0,122.82,1357,89.7,0.107,0.04245,2.236,6068,1.797,1.294,0.16,991.618
4.40966548,0.05454,1.38,2.48,0,568.378,1192,85.07,0.0419,0.01327,2.1066,5877,1.15,1.1,0.22,753.723
4.59489604,0.05655,1.5,2.86,0,844.751,1319,76,0.69,0.0109,2.853,6173,1.38,1.21,0.08,849.036
32.2968798,0.1885,1.76,3.75,0,14.683,503,89.78,0.207,0.04722,4.617,5248,0.81,0.85,-0.05,830.712
2.970414375,0.0378,1.91,4.31,0,228.11,991,87.75,0.884,0.05307,2.2161,5418,0.76,0.8,-0.38,3460.51
4.85386933,0.0569,1.74,3.68,0,258.702,1052,77.94,0.2258,0.01964,2.799,6028,1.14,1.11,0.06,1025.03
11.04603384,0.0981,2.25,5.69,0,153.915,869,89.79,0.064,0.03083,4.799,6113,1.21,1.15,0.07,1119.87
13.749,0.12232,3.51,64.3,0.17,257.776,975,87.19,0.81,0.04141,6.0538,5883,1.7,1.21,0.1381,477.992
26.723,0.19054,2.6,6.1,0.04,106.207,781,89.92,0.7323,0.01948,8.5096,5883,1.7,1.21,0.1381,477.992
49.3568,0.28682,2.067,11.8666806,0.07,46.844,637,89.53,0.677,0.01383,10.916,5904.34,1.81719,1.07,0.1381,477.992
6.53192704,0.065,2.42,6.44,0,153.138,907,84.79,0.2007,0.07719,3.1164,5403,0.85,0.89,0,1001.68
100.8274113,0.4029,3.8,13.8,0,3.986,364,89.47,0.5291,0.17788,8.281,5403,0.85,0.89,0,1001.68
51.300634,0.2716,2.87,8.6,0,15.007,492,90,0.928,0.05814,6.987,5663,0.91,0.93,-0.12,934.49
0.938466832,0.01795,1.42,2.6,0,2142.634,1876,89.45,0.63,0.02174,1.271,5671,0.93,0.95,-0.05,536.323
6.93366476,0.07592,1.38,2.48,0,390.636,1104,80.2,0.803,0.01196,4.322,5988,1.26,1.11,0.07,1000.28
61.0370117,0.31318,3.07,9.64,0,19.997,610,89.93,0.0304,0.04375,8.851,6167,1.23,1.14,0.01,1053.04
33.8678531,0.1805,2.34,6.08,0,5.833,394,89.02,0.6804,0.08948,3.682,4673,0.72,0.77,0.12,611.115
52.0688601,0.2739,2.31,5.95,0,17.883,524,89.88,0.83,0.05213,3.0436,5806,1.01,1.01,0.03,921.361
9.1149903,0.0866,1.72,3.61,0,129.534,906,86.67,0.0189,0.03012,4.4852,5743,0.99,0.99,0.03,831.685
3.932461302,0.0444,1.59,3.15,0,111.11,894,88.15,0.416,0.04555,2.1982,4700,0.7,0.73,-0.11,508.809
0.921032135,0.01982,1.11,1.41,0,8159.933,2362,89.49,0.852,0.01015,2.5345,5869,1.02,1.01,-0.04,1311.23
4.72673978,0.05343,1.478,4.66,0,275,1133,89.183,0.1765,0.02731,2.8898,5669,0.919,0.911,-0.18,95.9115
1460,,,954,,,,,,,,5669,0.92,0.91,-0.18,95.9115
71.4517775,0.34593,2.13,5.18,0,16.851,561,89.99,0.0884,0.02169,6.024,6335,1.4,1.25,0.04,848.396
8.03755877,0.0719,1.33,2.33,0,72.44,744,86.29,0.1116,0.02865,2.7866,5241,0.81,0.86,-0.01,490
1.921437396,0.02876,1.37,2.45,0,562.217,1276,74.86,0.45,0.02787,1.7519,5331,0.84,0.87,-0.01,465.612
14.20443009,0.1041,2.46,6.62,0,61.323,602,89.98,0.011,0.08006,3.979,5346,0.84,0.87,-0.02,1017.2
55.6738309,0.2658,2.09,5.02,0,4.716,384,89.86,0.274,0.07651,3.805,5001,0.77,0.81,0.01,608.738
4.88083852,0.0527,1.35,2.39,0,94.607,879,89.1,0.972,0.0343,2.5102,4830,0.73,0.78,-0.01,471.782
10.56134221,0.0954,1.45,2.7,0,133.56,867,83.33,0.0708,0.02384,2.759,5482,0.89,0.92,0.05,823.399
67.668827,0.3214,3.72,13.4,0,20.627,495,89.61,0.783,0.09611,9.623,6095,1.22,1.15,0.08,1571.46
153.343364,0.5545,2.67,7.61,0,6.93,377,89.84,0.261,0.0388,10.715,6095,1.22,1.15,0.08,1571.46
52.6298417,0.2689,2.22,5.56,0,8.57,544,89.72,0.828,0.06368,5.964,5533,0.89,0.92,-0.03,1182.05
14.878296,0.1153,1.75,3.71,0,54.19,692,85.91,0.701,0.03228,7.504,5471,0.85,0.88,-0.12,2093.62
2.50806,0.03377,3.51,10.84,0,216.094,997,86.61,0.85,0.15076,1.0724,4781,0.76,0.81,0.34,191.904
820.3,1.596806621,12.5,3126,0.345931,,,,,,,4781,0.76,0.81,0.34,191.904
59.6225257,0.3059,3.34,11.1,0,10.519,486,88.63,0.77,0.09934,6.425,5769,0.96,0.97,-0.08,1260.78
17.42395198,0.1311,3.08,9.69,0,47.032,722,85.65,0.906,0.07709,4.873,5539,0.86,0.89,-0.15,1088.36
44.96417488,0.22737,2.13,5.18,0,4.957,379,89.91,0.5005,0.08116,5.0412,4861,0.75,0.81,0.09,216.354
49.7701438,0.2559,5.93,29.5,0,10.16,455,88.8,0.779,0.35292,10.085,5612,0.91,0.93,-0.07,2300.53
43.3167737,0.2288,2.63,7.41,0,20.174,459,89.97,0.923,0.09875,5.065,5409,0.83,0.86,-0.11,1349.43
31.0033814,0.2037,2.63,7.41,0,31.702,616,89.81,0.151,0.06452,5.204,5718,0.97,0.97,-0.01,1651.25
11.79162572,0.1002,1.93,4.38,0,124.072,857,89.94,0.034,0.04154,3.007,5665,0.93,0.94,-0.09,1137.29
26.9644317,0.1773,2.28,5.82,0,51.95,573,89.99,0.006,0.06017,3.949,5508,0.87,0.9,-0.07,1730.78
7.76846622,0.0749,1.85,4.08,0,126.203,841,88.68,0.353,0.02178,4.385,5679,0.94,0.96,-0.02,868.017
8.689307296,0.07739,2.91,8.8,0,58.442,782,89.94,0.2037,0.1117,2.5913,5403,0.86,0.89,0.01,486.105
20.99757968,0.1394,2.97,9.11,0,27.2,582,89.76,0.277,0.11318,2.454,5211,0.895,0.817,0.08,486.105
11.5231,0.10232,3.42,13,0,178.832,927,90,0.74,0.05048,3.8853,5699,1.41,1.08,0.3,445.656
98.7180406,0.3982,8.98,59.6,0,3.97,360,89.68,0.588,0.732,6.4184,5857,1.02,1.02,0.02,2161.6
71.52530845,0.3091,5.59,26.7,0,2.472,340,89.96,0.015,0.62794,5.9273,4834,0.73,0.77,-0.01,382.509
130.3546919,0.5183,7.65,45.4,0,5.046,369,89.7,0.675,0.51287,6.382,5730,0.99,1,0.06,1304.25
88.40655258,0.392,4.21,16.5,0,5.84,410,89.37,0.5668,0.17244,12.3073,5416,0.99,0.95,0.26,258.893
9.10967112,0.0862,1.19,1.81,0,121.04,873,85.02,0.3443,0.01264,5.3021,5416,0.99,0.95,0.26,258.893
16.78176602,0.1202,2.32,5.99,0,21.531,545,89.07,0.5185,0.0908,3.7533,4990,0.76,0.82,0.02,215.814
14.53244172,0.1083,3.13,9.96,0,33.091,664,90,0.1427,0.14263,3.1732,5350,0.84,0.89,0.02,550.383
5.248672631,0.06017,3,9.27,0,307.058,1056,86,0.6528,0.06212,1.8418,6040,1.15,1.1,0.02,544.939
5.907413537,0.0559,5.5,25.9,0,124.911,769,89.78,0.2815,0.5383,1.0864,4963,0.75,0.81,-0.01,824.688
9.7678805,0.08631,2.06,4.9,0,73.59,749,86.73,0.938,0.06003,1.9474,5421,0.86,0.91,0.01,449.773
14.80074836,0.1633,4.38,17.6,0,165.868,1912,88.88,0.9705,0.05014,5.6698,7005,2.01,1.6,0.02,807.729
16.2385,0.1261,2.67,8.46,0,57.524,711,87.94,0.54,0.06433,3.817,5690,1.02,1,0.04,122.881
3.12686223,0.03807,2.29,5.86,0,129.223,1391,87.93,0.7251,0.07946,1.1975,4755,0.72,0.77,0.02,284.916
16.87727414,0.12585,2.55,7.04,0,40.4,642,89.02,0.0703,0.08336,3.7835,5582,0.9,0.96,0.05,574.314
12.05707239,0.09874,1.97,4.54,0,53.823,689,89.07,0.3058,0.05198,2.2598,5478,0.86,0.93,0.01,411.486
9.97683705,0.0849,2.66,7.56,0,83.494,802,89.94,0.899,0.09922,3.419,5461,0.87,0.91,-0.02,771.494
0.919783,,0.6,0.156,,,,,,,1.4,5169.47,0.928,0.821,-0.02,771.494
13.5225106,0.1073,2.12,5.14,0,43.916,652,89.52,0.8,0.06697,3.8931,5427,0.84,0.93,0.03,454.626
134.2527298,0.50998,3.38,11.4,0,4.98,393,90,0.0253,0.08321,9.105,5886,1.15,1.05,0.03,582.828
99.747622,0.3907,4.13,16,0,10.972,391,89.32,0.78,0.1287,6.744,5840,1.02,1.02,0.04,1027.8
13.22713379,0.1027,2.35,6.12,0,39.1,638,89.98,0.013,0.0886,3.2928,5178,0.8,0.84,-0.03,568.546
198.7112502,0.6253,3.65,12.9,0,1.05,258,89.99,0.0803,0.21708,8.5374,5178,0.8,0.84,-0.03,568.546
3.692983728,0.0389,2,4.66,0,103.909,745,85.88,0.2074,0.079,1.7291,4598,0.7,0.76,0.13,290.324
5.709404918,0.052,1.69,3.5,0,58.15,644,87.7,0.2106,0.06116,1.5769,4598,0.7,0.76,0.13,290.324
34.1731714,0.19726,2.07,4.94,0,10.166,465,88.63,0.711,0.06309,4.4751,5214,0.82,0.92,0.22,390.354
1.682934604,0.0265,0.99,0.937,0,564.581,1270,82.42,0.4643,0.01462,1.8737,5214,0.82,0.92,0.22,390.354
2.58664,0.03563,1.48,3.51,0,767.964,1328,87.61,0.41,0.02242,2.253,5779,0.98,0.94,-0.2,400.907
789,,,344,,,,,,,,5779,0.98,0.94,-0.2,400.907
16.736525,0.139,2.609,7.31,0.34,11.111,464,88.74,0.7,0.12892,2.2,4290,0.71,0.67,0.04,331.545
9.59070716,0.08679,2.13,5.18,0,82.766,1087,88.99,0.838,0.05548,3.4847,5431,0.85,0.88,-0.06,338.522
7.03932553,0.0734,4.65,19.5,0,266.514,1060,81.05,0.956,0.09005,3.448,6146,1.22,1.15,0.04,1198.03
49.6077331,0.2489,1.96,4.5,0,7.892,402,89.5,0.0037,0.06267,2.8424,5213,0.78,0.86,-0.06,328.52
4.194496514,0.0419,1.57,3.09,0,28.511,577,85.09,0.8237,0.0745,1.8482,3687,0.5,0.52,0.07,134.311
1.970342457,0.02898,1.48,2.79,0,328.698,1599,79.56,0.83,0.04032,1.7381,4897,0.75,0.8,0.07,426.088
5.05821338,0.0567,10.69,80.2,0,439.8,1168,85.01,1.004,0.07483,1.132,4883,1.667,0.951,0.56,426.088
105.9564148,0.4217,3.96,14.9,0,2.661,324,89.84,0.322,0.22864,6.986,5232,0.83,0.87,0.07,1012.41
26.85328322,0.162,2.62,7.37,0,13.955,544,89.99,0.01,0.10036,4.5063,5315,0.83,0.87,-0.01,568.751
49.6221509,0.2726,2.99,9.22,0,20.99,546,87.52,0.67,0.04911,7.093,6002,1.09,1.07,-0.01,682.522
8.0880135,0.0753,2.72,7.85,0,77.841,792,88.23,0.5932,0.09529,1.7768,5310,0.83,0.87,-0.02,576.503
1.54168,0.02614,1.99,3.55,0,1107.389,1592,86.47,0.56,0.02965,1.9874,5539,1.11,0.99,0.18,350.315
11.55102504,0.09993,2.67,7.61,0,170.137,845,88.79,0.914,0.04028,3.714,5935,1.06,1.05,0.01,961.468
4.469757736,0.0535,2.31,5.95,0,337.471,1103,88.32,0.0062,0.05928,1.8062,5718,0.96,0.98,0.01,878.082
15.7738221,0.1277,2.25,5.69,0,185.203,955,89.92,0.895,0.03127,4.9443,6139,1.29,1.16,0.05,801.479
60.0855082,0.3148,2.36,6.17,0,30.997,485,88.93,0.79,0.04322,6.929,6052,1.08,1.13,0.12,714.437
43.0342272,0.23688,2.12,5.14,0,13.991,484,88.07,0.2622,0.0509,6.0726,5610,0.93,0.96,0.04,460.188
116.331901,0.44664,2.98,9.17,0,2.4,323,89.99,0.032,0.15863,6.865,5434,0.85,0.91,0,679.361
56.4349938,0.29131,2.36,6.17,0,10.857,465,89.99,0.019,0.05691,4.7029,5642,0.98,0.96,0.04,548.364
105.3033148,0.4238,3.26,10.7,0,3.853,351,89.99,0.027,0.13304,6.12,5637,0.91,0.97,0.01,914.126
17.76080053,0.1085,2.07,4.94,0,6.56,368,89.46,0.627,0.12872,1.686,4005,0.53,0.55,-0.32,304.889
7.964315352,0.0734,2.21,5.52,0,74.35,805,89.73,0.189,0.0746,1.498,5074,0.78,0.82,0.01,491.978
4.60358,0.05071,1.48,6.15,0,108.042,810,89.05,0.21,0.04498,2.3499,4782,0.73,0.79,0.18,208.369
9.91723428,0.08595,2.6,7.27,0,108.3,903,87.06,0.786,0.04579,3.2597,5948,1.08,1.05,0.01,802.163
0.538354308,0.01232,1.53,2.96,0,5272.4,2386,82.87,0.1093,0.01902,1.4801,5948,1.08,1.05,0.01,802.163
82.5342519,0.3104,2.54,6.99,0,1.371,260,89.99,0.033,0.18954,4.8336,4392,0.61,0.64,-0.25,389.561
20.16034462,0.13372,1.62,3.26,0,15.291,510,86.39,0.8887,0.03364,3.8215,4944,0.74,0.8,-0.04,259.639
22.08557563,0.13,2.97,9.11,0,3.954,352,89.41,0.0088,0.31574,2.1619,3843,0.54,0.57,0.03,324.423
1.151166506,0.0177,1.6,3.19,0,243.984,957,89.8,0.029,0.06059,1.1881,3934,0.54,0.56,-0.13,188.158
28.26731672,0.1701,2.7,7.75,0,11.92,517,89.99,0.1203,0.12083,4.5693,5206,0.8,0.83,-0.07,609.638
3.770590584,0.0474,1.98,4.58,0,723.081,1272,89.02,0.24,0.03144,2.0254,6014,1.14,1.09,0.03,1216.58
2.707306716,0.04022,1.36,2.42,0,1900.131,1709,89.93,0.608,0.00737,3.4623,6150,1.56,1.22,0.05,467.568
5.65377733,0.0626,2.32,5.99,0,409.917,1020,88.77,0.3062,0.03668,1.9612,6058,1.18,1.12,0.07,986.364
5.991857017,0.06918,2.34,6.08,0,740.173,1355,85.77,0.1644,0.01843,1.622,6237,1.65,1.29,0.05,545.063
1.40152604,0.0208,1.63,4.07,0,149.3748,998,84.27,0.74,0.05937541,1.02,3842,0.604,0.614,-0.03,25.1496
8.781,0.048,2,4.67,,,330,,,,,3129,0.274,0.21,,10.2295
2.253114,0.0223,0.837,0.46,0.031,24.5,620,88.08,0.51,0.0589,1.01,3415,0.3155,0.2923,-0.46,10.6194
3.6906764,0.0309,1.329,2,0.002,12.7,526,88.88,0.41,0.1486,1.28,3415,0.3155,0.2923,-0.46,10.6194
7.450729,0.0494,1.627,1.64,0.006,4.97,416,88.44,0.921,0.1445,0.84,3415,0.3155,0.2923,-0.46,10.6194
12.8278,0.0712,1.49,2.82,0.012,2.4,347,80,,,,3415,0.3155,0.2923,-0.46,10.6194
23.064,0.1052,1.48,2.8,0.044,1.1,285,74,,,,3415,0.3155,0.2923,-0.46,10.6194
24.73723,0.0946,1.73,5.6,0.043,0.43,226,89.86,0.23,0.538,2.15,3096,0.2159,0.1844,-0.15,14.9861
3.77794,0.027,1.272,1.91,0.05,5.3,422,89.8,0.09,0.29,1.13,3096,0.2159,0.1844,-0.15,14.9861
1.9495378,0.01848,1.242,2.33,,23.3722,595,87.452,0.717,0.20892444,0.705,3381,0.246,0.236,-0.13,18.2276
0.8602325,0.01239,0.685,0.35,0.033,94.3,830.44,88.53,0.21,0.07195358,0.801,3490,0.329,0.345,,19.8782
3.694284,0.0327,0.941,1.4,0.039,13.5,510.9,88.82,0.44,0.08328226,1.23,3490,0.329,0.345,,19.8782
4.9652229,0.04,0.981,0.907,0.036,9.1,462.95,88.31,0.76,0.06330581,1,3490,0.329,0.345,,19.8782
3.814334,0.0404,1.088,1.58,0,26.3712,617,88.125,0.51,0.04577909,1.3793952,3643,0.501,0.502,-0.12,29.8424
2.1555098,0.02656,1.382,3.28,0.015,66.66,796,,0.174,0.0553,1.562,3664,0.539,0.538,-0.11,35.6917
6.226185,0.05387,2.046,4.55,0.089,16.2,559,,0.513,0.121,1.986,3664,0.539,0.538,-0.11,35.6917
12.566287,0.08604,2.5,5.96,0.112,6.35,442,,0.329,0.1808,2.762,3664,0.539,0.538,-0.11,35.6917
29.31773,0.15135,1.732,5.79,0.014,2.05,333,,0.12,0.0868,3.78,3664,0.539,0.538,-0.11,35.6917
3.71778,0.02262,3.69,13.15,0.076,,,,,,,2861,0.1405,0.1118,,15.7606
0.462929709,0.00624,1.286,2.37,0,73.67,816,88.9,0.137,0.45073269,0.5242,3080,0.189,0.151,0.22,14.8846
2.029088,0.02037,0.991,0.941,0,20.8,586,87.194,0.701,0.1101,0.725,3300,0.2789,0.262,,12.4814
,450,12.1,6674.396547,,,1500,,,,,3138,0.308,0.22,,33.928
4.052037,0.0417,4.7,30.8,0.04,38.5441,700,87.3,0.757,0.55124033,1.5605128,3950,0.584,0.59,0.41,52.616
0.9479981,0.00978,1.212,1.94,0,24.14,564.3,88.37,0.33,0.42005289,0.6195,2960,0.182,0.139,-0.09,26.4927
4.98991,0.02961,2.488,7.16,0.0001,2.637,324.4,89.94,0.0367,1.89314106,1.167,2960,0.182,0.139,-0.09,26.4927
2.75485,0.01992,1.032,0.91,0.0011,5.83,395.5,89.34,0.27,,0.9152,2960,0.182,0.139,-0.09,26.4927
2.7299025,0.01875,1.32,13.2,,4.09,396,89.67,0.15,0.6238,0.8457,2850,0.1556,0.118,-0.028,32.4298
8.457463,0.03984,1.367,25.3,,0.906,272,89.287,0.697,0.6659,0.9593,2850,0.1556,0.118,-0.028,32.4298
14.4399,0.0876,3.71,13.3,0.183,,,,,,,3475,0.431,0.43,-0.05,17.6297
5.3587635,0.0381,1.34,2.73,0.18,5.7,431,89.53,0.25,0.23,1.366,3562,0.271,0.257,-0.34,6.86929
3.1239035,0.02661,1.147,1.54,0.223,10.9,508,87.43,0.937,0.157,0.482,3340,0.265,0.257,-0.34,6.86929
0.76837931,0.01195,1.325,2.46,0,111,903,86.1,0.462,0.1032,0.7883,3358,0.38,0.381,0.06,21.9814
12.252284,0.0757,2.39,8.04,0.024,2.76,359,88.958,0.794,0.3355,1.54,3358,0.38,0.381,0.06,21.9814
0.792052,0.01679,4.72,29.32,0,1781.1556,1978,76.39,,0.15617799,0.3656119,5443,0.949,1.02,0.27,80.4373
,14.7,,,,,,50,,,,4194,1.60711,,0.26,158.152
,18.6,,,,,,50,,,,4194,1.60711,,0.26,158.152
9697,3.52,11.9,9344.155166,0.344,,,79.92,,,,,,0.0338,,
3.91405,0.0464,9.976,257.431,0,,,88.3,,,,5000,0.82,0.87,,773.409
0.132935028,,,785.0361653,,,,,,,,,,1.4,,
2.14877381,0.040352,17.90074218,1175.971,0.00034,38711.5,2594.3,88.45,0.113,0.6216,4.226,7490,2.082,1.9,0.15,182.273
2.8240932,0.0474,16.98160576,532.3625817,0,4913.69,2250,86.89,0.309,0.897,3.97,7800,1.79,1.75,0,170.696
,2.02,3.58,12.49,,,,,,,,,,0.28,,2160
,5.9,13.5,540.3082919,,,34,,,,,,,0.69,,6890
,1.1,5.18,23.4,,,,,,,,,,0.21,,7700
,2.7,13,1300,,,,,,,,,,0.56,,3300
2800,3.2,3.21,10.4,,,,,,,,,,0.56,,3040
,2.03,9.64,67.3,,,,,,,,,,0.524,,7050
1980,1.8,13.2,830,,,,52,,,,,,0.19,,5690
,1.21,12.4,3500,,,,,,,,,,0.16,,2800
,2.42,14.2,170,,,,,,,,,,0.58,,3500
,0.92,2.99,9.2,,,,,,,,,,0.11,,810
,1.72,11.1,86,,,,,,,,,,0.18,,6430
,2,13.6,480,,,,,,,,5950,,0.67,,2300
,4.14,5.99,30,,,,,,,,,,0.75,,7380
,0.95,4.29,17,,,,,,,,,,0.11,,7200
,0.69,4.43,18,,,,,,,,,,0.15,,4400
3000,1.1,12.9,1500,,,,,,,,,,0.86,,7720
,4.3,12.4,3690,,,,,,,,,,0.39,,7560
,10.2,12.6,2700,,,,,,,,,,0.49,,5300
,0.9,2.48,6.7,,,,,,,,,,0.1,,7210
,3.03,13.2,871,,,,,,,,,,0.88,,6720
,0.93,1.62,3.24,,,,,,,,,,0.024,,850
,0.24,6.42,33.7,,,,,,,,,,0.0094,,7100
,1.39,13.2,890,,,,,,,,,,0.29,,6500
,0.95,14.1,200,,,,,,,,,,0.15,,6800
,2.07,3.97,14.93793513,,,,,,,,,,0.37,,6930
,,12.2,5720.911326,,,,,,,,,,0.9,,2700
,1.11,3.37,11.3,,,,,,,,,,0.23,,7900
,2.74,7.71,46,,,,,,,,,,0.43,,7490
,2.15,3.52,12.15,,,,,,,,,,0.51,,1840
,3.44,13,1141.003981,,,,,,,,,,0.75,,4250
,1.63,2.04,4.83,,,,,,,,,,0.18,,2000
,2.15,14,127.1313628,,,,,,,,,,0.48,,6530
,8.3,13,1200,,,,,,,,,,0.75,,5100
,0.48,14.1,190,,,,,,,,,,0.03,,7120
,100,,,,,500,,,,,7314,2.01446,1.5,,159.537
760,1.613,12,7532.571,,,,,,,,,,1.98,,
77.48,0.384,13.4,572.0911326,0,,683,,,,,6000,2.13,1.26,-0.013,852.793
511.21,,13.3,692.8694,0.16,,,,,,,4200,21.017414,1.37,-0.02,821.918
6.959,,12.3,101.7056,0.3,,,,,,,5780,0.99,1.01,0.023,872.92
5.118,,14,127.132,0.28,,,,,,,5725,0.89,0.96,0.03,914.221
4.087,,14.3,146.2018,0.15,,,,,,,6165,1.215821,1.14,-0.046,830.822
2.647298,0.0326,14.90797,258.07796,0.016,65.3,790,85.27,0.9948,2.13678825,1.23,3916,0.573,0.617,0,218.121
0.7668944,0.0143,13.506845,687.14846,0,3716.1785,1332,,0.8523,2.70112229,1.091,4600,0.697,0.696,-0.02,324.6986504
35.45533,0.201,9.157753,109.33352,0.13,9.242,435,89.16,0.81,0.989,3.59,5050,0.832,0.862,0.22,190.422
7.532806,0.0757,11.747032,66.10864,0,416,1257,88.9,0.2,0.46971753,5.85,5690,1.589,1.021,-0.03,446.442
4.119027,0.0549,12.800678,1538.2972,0.086,1096,1605,88.7,0.156,0.43,5.2224,5819,1.788,1.3,0.25,647.595
3.5357173,0.0403,4.976796,29.24036,0,191.782,1143,86.7,0.59,0.3116,2.24,5187,0.842,0.898,0.1,322.148
3.27623,0.0441,12.32987877,238.6891337,0,425,1146,,0.509,1.1304975,2.504,5600,0.954,0.995,0.15,786.485
4.84532,0.0523,14.57167491,211.9915475,0,480,1177,,0.807,,3.061,5550,1.213,1.002,0.35,898.168
3.24253,0.0391,13.89913607,242.820903,0,1160,1457,,0.688,0.80330221,3.391,5650,1.337,1.025,0.15,1040.28
3.05125,0.0448,13.56286665,129.9918185,0,845,1381,,0.183,0.94030926,3.601,5610,1.392,1.003,0.15,1096.19
4.511164,0.063,17.878355,235.1942,0,1085.35,1468,88.5,,1.117,4.651,6478,1.702,1.64,-0.06,356.391
54.18915,0.313,11.99360935,947.1286529,0.432,6.7645,688,88.4,0.846,0.3708,4.55,5980,1.78,1.47,0.15,382.898
1.5433897,0.0236,14.90794433,750.0750405,0,514.2853,1357,83.85,0.63,2.54656223,1.95,4660,0.86,0.72,-0.26,592.891
4.0764326,0.0504,14.20177855,194.8288135,0,815.7013,1327,89.12,0.134,1.30331862,3.919,6057,1.24,1.01,-0.26,1074.95
3.4678796,0.0479,13.60770257,165.2707716,0,391.83,1499,82.61,0.821,0.477,2.929,5820,1.64,1.26,0.27,683.062
2.823093,0.0388,11.46678726,203.0923521,0,,1101,89.34,0.113,,2.466,5321,0.86,0.91,0.12,521.233
4.5199279,0.049,14.88552637,92.80589484,0,523,1331,86.43,,,3.719,5550,1.16,0.96,0.2,1093.69
3.3704181,0.0446,15.64773706,188.4722454,0,1680,1783,86.2,,0.561,4.888,5700,1.77,1.07,0,942.122
1.6753728,0.023,16.58932,756.4354,,1000.5679,1434.44,89.56,0.05,2.68,2.3,5600,0.93,1.017,0.12,743.972
98.29838,0.408,10.40193409,305.1152707,0.294,172.857,500,89.483,0.777,1.0056,6.13,5455,0.913,0.94,-0.03,238.377
4.162734,0.064,18.04645893,355.9678158,0,643,1410,85.6,0.63,1.287,3.319,5710,1.7,0.96,0,497.376
3.31211,0.044,15.91675259,181.162192,0,1554,1750,86.9,0.29,,,5680,1.85,1.07,-0.03,837.457
2.827972,0.048,18.38272835,1153.717117,0,2620,1991,83.94,0.74,1.4846,2.62,7437,1.47,1.6,-0.11,437.855
43.12655,0.257,3.65,19.1,,,624,88.874,0.796,,5.255,6134,1.367,1.266,0.228,120.475
25.241192,0.16,10.9,152,0.192,9.8437,451,88.816,0.812,1.6102969,2.958,4717,0.753,0.789,0.085,183.078
1.3373508,0.019,3.18,20.6,0,886.9841,1650,82.5,0.35,0.12266761,1.8,5143,0.84,0.75,-0.28,280.555
3.3569866,0.0382,12.733424,72.78307,0,101.253,952,86.6,,2.624,2.21,4987,0.739,0.661,0.12,306.779
0.882059,0.01677,14.863134,425.57437,0,983.4246,1283.9,78.231,0.976,1.17554509,0.5759672,4730,0.754,0.767,0.11,308.262
2.4997,0.035,12.21781,295.5819,0.01,503,1345,86.9,,1.30270636,2.61,5241,0.98,0.89,0.24,428.976
4.43527,0.058,11.99363,921.707,0.06,729,1448,84.1,,0.641,2.05,6330,1.38,1.34,0.31,609.128
6987,5.35,12.6,2329.6,0.089,,,,,,,57000,,0.535,,515.818
2880,3.39,13.3,724.622,0.24,,,,,,,57000,,0.535,,515.818
3225,3.12,12.3,4497.2945,0.12,,,,,,,40000,0.188,0.419,,820.877
3160,3.3,13.3,730.978,0.15,,,,,,,32780,0.151,0.459,,544.024
8799,,12.8,1760.7782,0.15,,,,,,,32780,0.151,0.459,,544.024
,4.3,13.2,830,,,,,,,,,,0.63,,5800
,3.6,13,1200,,,55,,,,,,,0.46,,3200
,3.5,3.84,14.1,,,,,,,,,,0.69,,4100
3285,2.6,2.21,5.5,,,50,,,,,,,0.22,,6600
1788.5,2.3,14,231,,,82,,,,,,,0.51,,1510
4927.5,4.5,11.1,86,0.15,,59,64,,,,,,0.51,,1510
,2.17,14.3,144,,,,,,,,,,0.35,,4000
2557,2.59,10.7,80,,,,,,,,,,0.41,,2760
,2.8,4.72,20,,,,,,,,,,0.64,,5900
,15,8.74,57,,,,,,,,,,0.71,,8100
,1.7,12.9,1500,,,,,,,,,,0.37,,6800
,8,9.01,60,,,,,,,,,,0.41,,6100
,2.72,14.2,170,,,,,,,,,,0.26,,2570
,1.89,13.9,280,,,,,,,,,,0.211,,4380
,4,7.72,46.1,,,,,,,,,,1.06,,4019
,4.8,13.9,270,,,,,,,,,,1.06,,4019
,0.87,13.4,588,,,,,,,,,,0.022,,1760
,3.45,13.2,868,,,,,,,,,,0.44,,4970
,0.74,13.6,120,,,,,,,,,,0.34,,1300
,1.6,14.3,150,,,,,,,,,,0.29,,6700
,4.43,8.39,53.1,,,,,,,,,,0.4,,6320
,2.6,6.56,35,,,,,,,,,,0.57,,2600
,0.8,12.3,4100,,,,,,,,,,0.096,,3040
,3.6,11.6,92,,,,,,,,,,0.54,,3900
,0.702,1.16,1.66,,,,,,,,,,0.1127,,911
,0.39,12.5,3020,,,,,,,,,,0.29,,3220
,2.6,14.1,200,,,,,,,,,,0.46,,6300
,1.8,13.2,860,,,,,,,,,,0.33,,6900
,3.48,14.1,206.5884646,,,,,,,,,,0.9,,3500
,3.76,12.9,1382.55357,,,,,,,,,,0.69,,3680
,3.49,14.1,181.162192,,,,,,,,,,0.52,,7730
,4.53,13,1169.608538,,,,,,,,,,0.73,,2670
,1.5,8.59,55.3,,,,,,,,,,0.4,,6400
,1.7,11,83.7,,,,,,,,,,0.4,,6400
,1.887,13.8,295.8982469,,,,,,,,,,0.803,,7056
,0.73,14,230,,,,,,,,,,0.1,,8200
,1.6,13.1,1100,,,,,,,,,,0.3,,1200
,2.7,4.86,21,,,,,,,,,,0.38,,3300
,,10.4,76.27881768,,,,,,,,,,0.17,,3300
,2.07,13.2,807,,,,,,,,,,0.34,,4230
,2.62,4.42,17.9,,,,,,,,,,0.55,,6700
,0.85,14.3,138,,,,,,,,,,0.077,,7070
14200,10.1,1.09,1.32,,,,,,,,,,0.59,,4300
,5.4,13,1300,,,,,,,,,,0.13,,6500
,6.4,13,1330,,,,,,,,,,0.72,,3410
,1.7,14.3,140,,,,,,,,,,0.3,,3730
,2.13,14,225.658169,,,,,,,,,,0.46,,8120
1220,2.17,12.3,4253,0.42,,,41.2,,,,,,0.88,,6770
,1.16,1.11,1.43,,,,,,,,,,0.078,,3910
,3.4,13.9,250,,,,,,,,,,0.1,,
,0.43,12.4,3813.940884,,,,,,,,,,0.015,,3080
,2.5,13.6,120.7747947,,,,,,,,,,0.55,,5910
,1.88,13.2,823.1755741,,,,,,,,,,0.41,,6480
,3.913,1.62,3.269,,,,,,,,,,0.396,,4705
,3.79,10.3,75.8,,,,,,,,,,0.49,,7860
,2.424,14,127,,,,,,,,,,0.248,,5915
,3.5,14.2,130,,,,,,,,,,0.56,,5200
,5.75,4.08,15.6,,,,,,,,,,0.5,,7530
,1.8,2.95,9,,,,,,,,,,0.2,,5800
,4.06,14.2,160,,,,,,,,,,0.7,,3950
,1.14,13.5,514.8820193,,,,,,,,,,0.32,,6630
,3.92,12.8,1760,,,,,,,,,,0.55,,5670
,2.73,13.1,959.8417891,,,,,,,,,,0.45,,7250
,1.02,13.5,505,,,,,,,,,,0.211,,
,2.53,13,1207.747947,,,,,,,,,,0.46,,6030
,2.09,12.8,1875.187601,,,,,,,,,,0.63,,7690
,3.04,12.4,3585,,,,,,,,,,0.81,,3930
,1.18,1.94,4.43,,,,,,,,,,0.234,,860
,0.59,14,240,,,,,,,,,,0.045,,7490
,2.41,3.92,14.62010672,,,,,,,,,,0.45,,7290
,1.75,2.15,5.27,,,,,,,,,,0.38,,6400
,2.86,7.56,44.49597698,,,,,,,,,,0.69,,6540
,1.8,2.41,6.4,,,,,,,,,,0.1,,7700
,3,4.18,16.3,,,,,,,,,,0.63,,5600
,2.2,4.73,20.1,,,,,,,,,,0.47,,7000
,1.064,2.37,6.228,,,,,,,,,,0.195,,773
,2.72,12.3,101.7050902,,,,,,,,,,0.25,,7060
,0.97,3.81,13.93,,,,,,,,,,0.231,,5650
,0.63,1.82,3.96,,,,,,,,,,0.12,,7580
5480,5,12.9,1500,0,,,,,,,5912,,1,-0.24,3200
,1.28,10.9,82.63538582,,,,,,,,,,0.093,,4050
,1.75,13.9,282.8672822,,,,,,,,,,0.72,,6620
,3.59,13.6,425.8900654,,,,,,,,,,0.54,,6500
,2,2.41,6.4,,,,,,,,,,0.47,,6500
,1.8,13.5,570,,,,,,,,,,0.18,,7100
,0.8,13.2,890,,,,,,,,,,0.18,,7100
,4.06,13.9,289.2238504,,,,,,,,,,0.48,,5760
,3.23,4.41,17.79839079,,,,,,,,,,0.69,,5700
,1.54,2.83,8.4,,,,,,,,,,0.37,,7400
,1.68,9.32,63.5656814,,,,,,,,,,0.16,,1550
,4.51,14.1,210,,,,,,,,,,1.11,,2510
,1.21,13.8,301.9369867,,,,,,,,,,0.28,,5370
,3.3,14,240,,,,,,,,,,0.43,,6220
,1.36,13.8,308.2935548,,,,,,,,,,0.092,,7880
,2.8,12.9,1400,,,,,,,,,,0.42,,7600
,1.84,12.7,2262.938258,,,,,,,,,,0.91,,6370
,2.8,12.7,1976.892692,,,,,,,,,,0.59,,5830
,1.23,14.2,162.0924876,,,,,,,,,,0.27,,6980
,2.18,13.1,1036.120607,,,,,,,,,,0.42,,5830
,3.29,13.1,1090.151436,,,,,,,,,,0.92,,4400
,2.77,12.5,3248.20632,,,,,,,,,,0.92,,4400
,6.99,13.1,1061.546879,,,,,,,,,,0.66,,5630
,2.65,12.3,4513.163379,,,,,,,,,,0.8,,3630
,1.9,1.39,2.5,,,,,,,,,,0.5,,980
,3.4,1.38,2.48,,,,,,,,,,0.61,,6800
,5.19,13.5,555.246227,,,,,,,,,,0.545,,6070
,3.2,13.3,699.2224954,,,,,,,,,,0.57,,5900
,2.7,6.79,37.1,,,,,,,,,,0.68,,5600
,3.7,12.9,1385.731855,,,,,,,,,,0.71,,5120
3.101278,0.0434,14.011,197.046,0,,1702,90,0.28,1.21,3.072,5950,1.17,1.14,0.28,1344.97
4.0144463,0.0473,11.421971,174.799,0,,1019,88.3,0.35,1.687,2.6797,5040,0.83,0.82,0.19,1068.33
1.4324752,0.02289,12.251,400.449,0,528.4147,1342,87.8,0.4,2.103,2.0718518,4790,0.774,0.779,0.09,566.459
1.689868,0.03035,13.45,375.02,0.6,,2013,83.4,0.56,0.917,2.27424,6210,1.32,1.305,0.37,2012.62
3.9791,0.051,12.666,320.995,0,,1550,85.7,,1.04,,5924,1.14,1.14,0.37,2501.75
3.67724,0.051,15.244,327.351,0,,1686,87.2,,0.723,4.4112,6325,1.64,1.33,0.11,1515.26
1.2119189,0.02383,15.278,441.77,0,,2212,77.6,0.817,0.9168,2.2032,6050,1.363,1.228,0.25,282.8391387
2.4855335,0.0308,18.046,1430.175,,4135.4482,2034,79.8,,1.177,2.7385746,6933,1.53,1.52,-0.05,1627.63
7300000,243,12.3,4449.62,,,2175,,,,,2375,0.232692,0.016,,136.165592
43500,20.8,21.96960217,1017.050902,0.17,,1392,131,,,,4109,1.26,0.982,-0.11,113.064
,34.3,22.19378179,2383.713053,0.037,,1054,130.5,,,,4109,1.26,0.982,-0.11,113.064
138.317,0.652,6.18,169,0.0702,,481,90.05,,,,6407,1.734,1.528,0.21,1033.16
282.52542,0.833,9.33708092,87.08498352,0.215,1.2,295.1,89.898,0.297,0.8154,10.81,5734,0.949,0.966,0.017,343.863
3.1606296,0.03734,10.548,734.16,,,,88.06,0.459,,,4400,0.588,0.695,-0.03,747.959
10140,10.26,1.22,1.97,0.236,,,,,,,,,1.44,,504.9331206
25.262,0.19,0.338,0.02,0,,,50,,,,,,1.4,,600
66.5419,0.36,1.91,4.3,0.0186,,,53,,,,,,1.4,,600
98.2114,0.46,1.8,3.9,0.0264,,,47,,,,,,1.4,,600
,23,13.3,794.575,,,,,,,,,,1.35,,
0.090706293,0.0044,,382.8,0.06,,,,,,,4500,,1.4,,1200
0.322963997,0.0102,13.9,252.643067,0.0017,,,,,,,,,1.4,,230
44000,27,11.9,8581.366989,0.52,,,91.73,,,,5169,1.25646,1.36,,47.0648
4.4264,0.06,14.2,171.6282,0,,,,,,,6174,1.15,1.24,0.19,180.64
2.1461,0.03176,13.4,597.5204,0.011,,,,,,,5300,0.827,0.935,0.18,182.714
4850,5.5,12.6,2475.8957,0.71,,,,,,,5300,0.827,0.935,0.18,182.714
11.18465,0.04848,1.02,1.055,0,0.641,218,,,,,2900,0.141,0.1221,,1.30119
5.12338,0.02881,0.692,0.26,0,1.814,282,,,,,2900,0.141,0.1221,,1.30119
1.4200242,0.02332,12.811887,411.27202,0,382.328,1418,84.08,0.645,2.14,1.66104,5013,0.803,0.838,0.171,185.615
1.645321,0.0286,17.295487,233.92288,0,1816.48,1955,85.87,0.379,1.931,2.772,6124,1.254,1.156,0.016,559.068
1.33711647,0.02153,14.056,792.635,0,,1344,86.12,0.115,3.3335,1.809816,4645,0.776,0.743,0.02,181.374
2.5079204,0.03783,12.285064,1369.8473,0,1330,1681,86.8,0.35,0.789,3.1104,6007,1.272,1.145,-0.041,735.601
1.8053564,0.02803,12.722215,1938.763,0,614,1385,87.5,0.31,1.902,2.1384,5215,0.849,0.896,0.103,329.036
2.8792319,0.04127,12.408363,1373.0256,0,669,1415,88.74,0.18,1.126,2.9088,5747,1.076,1.128,0.377,367.658
3.506195,0.0423,11.903958,212.31044,0,174.9015,1006,86.01,0.878,1.8379436,1.5888,5052,0.722,0.822,-0.025,100.848
2.032046,0.0352,19.0553,597.5204,0,2886.2922,2053,89,0.08,1.22730057,3.5784,6387,1.564,1.409,0.276,705.981
3.71495,0.0474,14.403565,117.91493,0,698.148,1457,89.29,0.096,1.262,4.0272,5738,1.315,1.029,0.025,281.498
1.540731,0.0234,11.309881,378.2177,0,210.669,1134,89.23,0.097,2.731,1.8672,4309,0.696,0.719,0.252,213.771
,210,12.2,5085,0.83,,,,,,,3850,1.06627,0.87,0.14,136.65
,157,12.5,2860,0.58,,1975,,,,,3433,1.33658,1,,143.59
4343.5,5.3,13,1334.886,0,,,17.6,,,,3904,0.193119,0.44,,21.1916
9.8658,0.0496,1.11,1.4,0.116,1.38,301,,,,,3192,0.1967,0.168,-0.02,3.37454
5.0066338,0.0464,1.84,4.57,0.25,36.2,682,89.42,0.17,0.129,1.66,4041,0.569,0.577,-0.19,46.4488
,1100,14.01125,1906.98,,,,,,,,3965.42,0.562566,0.556419,,11.5094
10.77,0.05366,1.83,4,0.33,,,,,,,3071,0.2113,0.1774,-0.2,11.2103
0.71912603,0.00733,0.977,0.894,,15.54,553,89.44,0.124,0.5291,0.456,2800,0.123,0.1009,0.07,
,,12.3,4131.62,,,,,,,,3828.93,1.103075,,,112.3172158
1.796,0.03,12.666,3082.82,,,,,,0.6,,,1.45,1.1,,8500
4.2,0.055,9.079,1207.7,,,,,,0.5,,,1.18,1.24,,8500
10.79,0.0968,13.5,527.5978,,,,,,,,4620,1.17,1.04,-0.1992,121.402
,0.94,4.72,20,,,,,,,,5805,1.42487,0.586,,505
4.944590602,,2.82716337,8.38,,,,86.90564,0.516869,,3.5188411,5719.98,1.08102,1.06,,188.758
23.624,0.163,7.22979255,147.1545524,0.105,40.3,703,89.76,0.16,0.425,5.94,5844,1.016,1.035,0.156,189.875
1010,2,12.9,1554.18091,0.566,0.21,200,,310,,,5844,1.016,1.035,0.156,189.875
6.836019034,,2.45316949,6.59,,,,88.84021,0.437736,,2.2345072,5742.35,1.25423,0.9,-0.28,91.7884
2.095184663,,2.67899519,7.65,,,,86.70598,0.587297,,1.35875,4396.27,0.713832,0.641,,168.933
44.40523,0.274,10.92875618,346.4329636,0.127,,863,89.52,0.23,0.22,15.9,6410,2.136,1.406,-0.08,457.186
2.105104923,,2.70601108,7.78,,,,87.54484,0.424458,,1.5674012,4137.16,0.591697,0.581261,,132.33
7.969874713,,3.09467466,9.77,,,,88.18504,0.638127,,2.5223426,4739.58,0.724328,0.828,,226.463
6.729522621,,3.49015778,12,,,,88.61162,0.508909,,2.322794,4817.31,0.789834,0.76,,200.156
8.8557719,,2.24566738,5.67,,,,88.29234,0.435641,,4.199239,5683.87,1.07976,1.04,0.188,162.246
200.452,0.90281,11.25,942,0.0271,,,91.79,,,,6050,1.3842,1.2384,0.34,250.956
4.373181614,,2.80405322,8.27,,,,86.82269,0.682622,,2.151506,5405.59,0.84345,0.91,,178.137
5.05907,,14.03364384,177.9839079,0.506,,1379,,0.48,,4.351,5768,1.344,0.853,-0.39,1208.75
6.218604331,,3.64811843,12.9,,,,88.35928,0.547199,,2.2121116,5369.46,0.786574,0.929,,300.743
0.998178381,,2.00021315,4.66,,,,85.23412,0.500918,,1.1440808,4360.11,0.825257,0.652,0.0118,115.169
7.948049107,,2.92284949,8.87,,,,88.9679,0.408514,,2.5882759,4377.53,0.640675,0.638,,130.035
9.104868652,,2.14817673,5.26,,,,88.67499,0.556057,,2.5585481,4620.3,0.667193,0.76,,127.837
0.907204487,,1.52831855,2.95,,154.97,982.91,80.06934,0.810103,0.078019,0.9668435,3451.32,0.492584,0.490679,,50.2408
15.168865,0.1207,12.520453,617.22586,0.575,83.3856,974,87,0.9,0.78185476,2.0633315,5788,1.088,1.026,0.14,306.063
165.7719,0.641,13.29385111,1582.785467,0.9412,,,85.17,0.581,,,6166,1.397,1.271,0.09,324.448
21.61389,0.157,10.87271128,162.0924876,0.428,,845,89.77,0.106,0.599,9.2,6130,1.288,1.117,0.02,303.96
3.59159193,,2.43722231,6.51,,,,87.65911,0.478051,,2.1482521,4545.43,0.713599,0.69,,178.146
10.14385271,,3.09028272,9.75,,,,88.4348,0.555699,,3.4281866,4545.43,0.713599,0.69,,178.146
2.257196815,,4.79568155,20.6,,,,86.41999,0.359625,,2.9281998,5567.58,1.2084,1,,396.46
3.66003639,0.04922,17.26183028,201.50321,0.039,1804.5549,1775,84.55,0.556,0.785,4.74168,5993,1.863,1.187,0.054,505.703
8.48584502,,2.22686612,5.59,,,,88.75946,0.542556,,2.2696952,4572.94,0.68988,0.75,,121.222
10.45623257,,2.75029559,8,,283.9789,1147.1,88.81091,0.436952,0.07806368,3.516496,5271.39,0.997091,0.9,-0.09,182.104
76.8,0.369,11.2089807,1951.466419,0.448,,,89.59,,,,5951,1.06,1.13,0.2,285.584
155.3,0.591,12.6,2548.983824,0.254,,,90,,,,5951,1.06,1.13,0.2,285.584
3.400818229,,6.63777941,35.7,,,,84.38549,0.681224,,3.0772025,5328.97,0.943767,0.92,0.0959,395.574
9.756587618,,2.07692266,4.97,,,,88.31142,0.575168,,3.2516091,5201.93,0.920172,0.89,0.228,189.333
13.83460488,,3.47739942,11.9,,,,88.98178,0.47321,,3.6873543,5567.93,1.00188,1.05,,507.858
5.263756516,,2.77280763,8.11,,,,87.59684,0.512286,,2.945711,5703.36,0.952319,1.056,,288.893
3.477933685,,3.91982296,14.6,,,,87.2174,0.464173,,2.6276341,4694.84,0.809951,0.733,,149.12
7.94044635,,2.82626313,8.38,,,,88.60793,0.610354,,2.0599713,5098.6,0.818771,0.89,,241.105
2.961474487,,2.39024009,6.3,,,,86.89858,0.442666,,2.5830627,5731.86,0.959792,1.02,,387.609
4.21285367,0.0622,6.21,19.2,0.406,,,,0.704,,5.52,4900,3.13,1.17,0.09,555.546
3.31336981,,2.18869476,5.43,,,,86.67564,0.647831,,1.8494548,4375.52,0.664503,0.64,,165.638
4.855589848,,2.62701629,7.4,,,,87.4626,0.641866,,2.1393358,5046.63,0.741147,0.84,,286.415
2.747037558,,2.86009388,8.55,,,,88.01119,0.340547,,2.1270472,4434.81,0.726565,0.648,,114.558
16.24921,0.1291,12.18416202,1379.375286,0.6058,2.28,805.5,89.57,0.119,1.06,4.1506,5756,1.086,1.082,0.318,93.7345
4.03712712,,2.77230429,8.11,,,,88.37961,0.421411,,1.9926733,4540.37,0.729825,0.691,,136.191
3.685504,0.04641,3.51,12.1,0.04,,1250,88.2,,,2.76,5638,0.909,0.992,-0.081,217.011
6.210291,0.06572,5.63,27,0.013,,1050,87.79,,,3.04,5638,0.909,0.992,-0.081,217.011
3.823014215,,2.21526814,5.54,,,,87.34578,0.557321,,2.1217414,5224.36,0.961092,0.931,0.2428,246.6
11.10862603,,2.47771211,6.7,,,,88.63522,0.455969,,4.2066479,5408.25,0.850041,0.95,0.0292,235.655
1.44044527,0.02065,13.31626907,1017.050902,0.009,115.1312,872,84.35,0.825,4.71516469,1.195,3572,0.5299,0.563,0.323,90.5369
69.048,0.33,11.5004142,4049.133905,0.018,,517.2,,0.9,,,5757,1.15,1.01,0.14,253.385
2.839854343,,3.49391667,12,,,,86.91509,0.445081,,2.4833628,5520.79,0.874291,0.98,0.0985,294.857
10.22467975,,5.07802804,22.7,,,,88.26641,0.357172,,6.3976853,5692.29,1.73709,1.06,,151.624
3.521635296,,2.59125922,7.23,,,,88.31448,0.430484,,1.7374808,5090.09,0.820458,0.86,,249.203
7.548307651,,3.10879526,9.85,,,,87.65397,0.498286,,4.223389,5961.52,1.18439,1.16,,267.62
3.510259049,,5.69176189,27.5,,,,87.79345,0.42469,,2.4109865,4981.07,0.886956,0.83,,373.415
6.040864346,,2.4123612,6.4,,,,87.94298,0.480929,,3.1347908,5723.74,0.989724,1.07,,244.68
11.364929,0.106,10.8615023,409.998645,0.124,140.925,1110,87.32,0.718,0.447,3.6,6150,1.489,1.239,0.16,384.758
2.649094368,,1.81295951,3.94,,,,88.13323,0.380498,,1.6702651,3483.17,0.532473,0.529218,,73.5258
10.508843,0.08432,5.03,22.3,0.131,,635,88.97,,,4.1,3998,0.911,0.724,-0.08,122.386
2.470498,,1.45,4.04,0,575.597,1364,,0.24,0.02730272,2.3016,5475,0.92,0.91,0.03,52.62
3.779521255,,6.28499593,32.5,,466.528,1294,88.176,0.284019,0.2761,3.2904618,5664.68,1.17554,1.03,,184.015
9.139703,0.09103,2.87,16.9,0.18,246,1135,87.53,0.808,0.03584158,3.0912936,6146,1.264,1.204,0.14,129.804
35.806,0.2263,6.48,34.3,0.237,39.7,719,,,,,6146,1.264,1.204,0.14,129.804
15.5077855,,2.43432,6.5,,88.0718,853,,,0.0513,4.565,6122,1.17,1.14,,88.4343
4.11296,0.052,2.265,10.15,0.177,232,1077,85.913,0.861,0.0487,1.08,5328,0.84,0.94,0.14,82.1733
7.972,0.08,3.1,9.78,0.14,95,859,,,,,5328,0.84,0.94,0.14,82.1733
6.443868,0.06152,2.587,13.5,0.047,62.9,784,87.709,0.728,0.1067,1.98,4734,0.726,0.748,0.05,68.0726
12.226574,0.09429,2.651,2.5,0.088,26.8,634,88.455,0.753,0.12063693,2.37,4734,0.726,0.748,0.05,68.0726
0.6047328,0.01159,1.791,9.95,0,509.2,1323,84.67,0.4,0.10276833,1.0702171,3875,0.581,0.604,-0.08,61.4592
3.9652482,0.0272,1.2,10.7,,4.35,368,89.26,0.38,0.36807544,1.02,3065,0.2019,0.1667,-0.09,25.559
10.86818411,,3.05823658,9.58,,20.7383,594,88.95536,0.497938,0.1553,2.8568849,4678.46,0.755833,0.74,,79.5225
4.0782387,0.0561,14.57167491,1064.725163,0.025,532,1728,88.63,0.154,0.6046696,4.8475616,6311,1.81,1.35,-0.1,281.314
2.22816,0.033,2.46,8.9,0,928,1538,88.2,0.17,0.063,2.015,5635,1.05,0.97,0.136,167.598
4.579,0.0534,2.91,8.78,0,355,1210,,,,,5635,1.05,0.97,0.136,167.598
8.665,0.0817,3.27,10.71,0,152,978,,,,,5635,1.05,0.97,0.136,167.598
4.074554,0.0453,3.66,19.8,0.052162,78.1,825,87.49,-0.518,0.2650095,1.8373729,4360,0.697,0.745,0.11,58.2609
8.3501898,0.0731,13,336,0.0398,30,650,87.61,-0.941,1.668,2.02,4360,0.697,0.745,0.11,58.2609
8.0277327,0.0815,9.91994792,58.79825529,0.062,310,1171,89.3,0.176,0.5705,4.4616,6320,1.202,1.119,-0.039,114.048
4.1727,0.05106,1.9,3.5,0.027,,1216,86.4,0.705,,2.07,5770,0.968,1.022,0.07,84.5362
6.2574,0.0669,2.879,6.32,0.11,232.392,1062,88.8,0.15,0.0813,3.4880319,5770,0.968,1.022,0.07,84.5362
12.5199,0.1062,4.627,8.35,0.042,626.362,843,89.2,0.24,0.232,4.1313918,5770,0.968,1.022,0.07,84.5362
18.801,0.14,2.639,6.07,0.0425,48.4771,737,89.2,0.37,0.04706732,4.4632032,5770,0.968,1.022,0.07,84.5362
26.321,0.174,3.73591482,9.7,0.001,26.4328,658,89.3,0.42,0.08,5.1779232,5770,0.968,1.022,0.07,84.5362
39.545,0.229,2.53,5.6,0.04,,574,89.5,0.31,,5.8,5770,0.968,1.022,0.07,84.5362
7.06466,0.0696,9.19,27.4,0.023,132,868,87.228,0.771,0.8268,2.586,5350,0.934,0.911,0.139,132.353
8.953487683,0.07994,2.562,32,0,52.02,713.83,,0.382466,0.1136,3.0631,5030,0.76,0.85,-0.002,94.6375
9.686760378,0.080799,3.072,10,0,36.97,638.18,89.20777,0.494562,0.1669,2.749,4738,0.73,0.75,0.067,72.0238
2.103189,0.0364,17.02644168,374.7196919,0.011,14140,1942.12,87,0.329214,0.7142,4.1218716,6054,1.961,1.467,0.38,302.819
5.748433803,0.056027,2.39,6.8,0,57.54,715.47,89.00938,0.690501,0.1041,1.8879,4534,0.69,0.71,0.017,58.5946
2.3106446,0.034,8.71664516,120,0,203.685,1264.29,83.98,0.828766,0.6717,1.6276453,5394,0.9608,0.9835,0.348,149.667
3.671463,0.04988,10.5140239,75.96098927,0.03,324.114,1486,,0.849,0.434,2.149,5710,1.45,1.23,0.44,248.427
2.4919863,0.0287,2.415,6.28,0,40.6,703,88.11,0.404,0.20939594,1.747,3476,0.508,0.512,0.05,37.8871
4.1572888,0.04869,1.52,3.51,0.067,572.2,1361.2,84.29,0.847,,1.911,5737,1.179,0.886,-0.39,64.9943
13.0766,,2.2,5.46,0.092,,,,,,,5737,1.179,0.886,-0.39,64.9943
204.59,,7.31,42.1,0.152,,,,,,,5737,1.179,0.886,-0.39,64.9943
25.502672,0.1632,2.918,7.39,0.032,51,743.6,89.22,0.407,0.05583759,6.153,5737,1.179,0.886,-0.39,64.9943
5.07803,0.0392,2.72,7.85,0,8.8,471,88.4,0.72,0.56,1.2100353,3403,0.334,0.312,,62.118
91.68278,0.387,2.91,1112.399425,0.21,6.06,440,89.75,0.25,0.072,8.12,5592,1.031,0.93,0.06,138.411
4.1782745,0.0355,2.104,5.08,,13.9295,541,89.19,0.27,0.228,1.675904,3326,0.404,0.4,,37.3312
17.945466,,2.884,8.67,0,1.9952,303.12,,0.487,0.54806849,3.0740072,3326,0.404,0.4,,37.3312
3.928808816,,2.4101112,6.39,,376.4613,1123.44,88.20342,0.497137,0.04859763,1.7153279,5434.91,0.986943,1.01,0.129,257.93
27.36397,0.0886,9.57246952,66.5,,3.21,243.77,88.571,0.849,2.06906684,4.831,3072,0.56,0.17,,100.641
25.05713123,,3.23968384,10.6,,53.1389,688.61,,,0.0533486,7.5424225,5696,1.15281,1.14,,143.138
24.245586,0.1288,3.65,15.4,0.087,1.93,329.6,89.73,0.27,0.492,3.24,3553,0.476,0.485,0.041,27.6227
14.256,0.117,10.92875618,220.5729145,0.065,90.0659,785.71,89.44,,0.7899694,4.7250029,5823,1.072,1.058,0.18,328.604
30.356,0.194,8.88,58.48042689,0.027,,,87.99,,,,5823,1.072,1.058,0.18,328.604
14.175685,0.1074,2.539,6.98,0.055,53.8795,708,89.06,0.423,0.0705,3.85,5660,0.877,0.869,-0.28,64.5978
3.444714,0.03845,1.69,6.69,0.049,60.3,775,88.9,0.25,0.0645,2.094,3997,0.619,0.63,0.33,39.6345
0.764597,0.0139,1.21,3.76,0.25,442,1133,86.51,0.32,0.036634,1.09,4089,0.58,0.59,0.31,70.7145
3.294736,0.037,2.11,8.32,0.15,63,695,88.38,0.39,0.111342,1.75,4089,0.58,0.59,0.31,70.7145
4.6594779,,2.33,7.7,,17.2664,450,88.24,0.78,0.17251706,0.9011821,3515,0.511,0.515,-0.2,43.1865
6.400316483,0.060694,2.467,6.6,0,56.63,714.86,88.74831,0.454823,0.10266019,2.2098,4599,0.721,0.73,0.034,102.551
4.30744,0.049,3.01,8.1,,196,955,87.9,0.49,0.10948419,2.3379196,5151,0.86,0.87,0.17,169.422
5.904137,0.061,2.45109846,9.1,0,129,862.49,89.3,0.363994,0.07739266,2.8928243,5213,0.8649,0.8889,0.168,169.422
18.654874,0.132,3.43139739,5.4,0,28,587.77,89.5,0.425159,0.14954449,3.9484217,5213,0.8649,0.8889,0.168,169.422
37.92548,0.212,3.5141875,14.5,0,11,463.98,89.3,0.565603,0.13707889,3.5440768,5213,0.8649,0.8889,0.168,169.422
4.3601561,0.051,6.8084859,27.4,0,202.0739,952.09,,0.595805,0.55922909,2.3141338,5205,0.8686,0.9042,0.223,168.735
13.079151,0.109,3.2710301,11.9,0,48.6058,726.89,,0.635473,0.1143,3.1451019,5497,0.9785,1.0062,0.297,139.49
4.65382,0.05186,2.726,9.5,0.194,185,1037,88.92,0.27,0.087,2.9616,5320,0.848,0.859,-0.02,111.059
9.15059,0.0814,2.759,6.63,0.066,77.59,827.8,88.54,0.522,0.0891,2.9544,5320,0.848,0.859,-0.02,111.059
19.98,0.137,2.93,13.6,0.168,26.7,638.1,88.795,0.652,0.1,3.1128,5320,0.848,0.859,-0.02,111.059
3.477978,0.0407,11.45557828,140.1623275,0,153.1389,963,89.7,0.065,2.6759,2.4754,4775,0.711,0.744,-0.5,118.106
3.127463,0.0367,2.41,8.56,0,95.58,871,89.03,0.2,0.1082,2.06,4227,0.672,0.679,-0.1,73.5977
7.493134,0.0657,2.76,13.2,0,29.81,651,87.97,0.75,0.1421,1.97,4227,0.672,0.679,-0.1,73.5977
16.608164,0.1116,3.12,11.84,0,10.32,499,89.14,0.53,0.1808,3.19,4227,0.672,0.679,-0.1,73.5977
10.8945,0.073,2.52,4.46,0.039,4.72,415,89.13,0.549,0.31683854,2.1288,3563,0.4232,0.437,-0.109,36.0118
18.8027,0.105,1.98,3.17,0.071,2.42,346,89.17,0.747,0.16867881,1.951,3563,0.4232,0.437,-0.109,36.0118
32.509,0.1513,1.74,3.68,0.087,1.3,288,,,,,3563,0.4232,0.437,-0.109,36.0118
8.1577094,0.0711,9.1,96.4,0.105,91.0972,918.9,88.63,0.423,0.8186,4.001,5300,0.92,0.96,0.36,109.557
4.2529913,0.0496,2.40144286,6.4,0,231.2034,1004.9,,0.354559,0.0758585,2.6216334,5499,0.8521,0.9027,-0.049,172.138
9.237861442,,2.22999162,5.6,,54.6767,757,88.74605,0.50881,0.066,2.7438438,5554.02,0.848906,0.9027,-0.049,172.138
3.31599,0.0417,4.13204907,27,0.35,120.595,975,,0.5003,0.277,1.5708493,5065,0.7934,0.8772,0.182,137.572
8.6811,0.079,4.95,21.7,0.12,,697,,,,,5065,0.7934,0.8772,0.182,137.572
4.631296,0.0549,11.09689089,70.55790635,0.055,225.013,1211,,0.958,0.486,1.435,5690,1.06,1.06,0.07,177.118
14.47567,0.095,12.21778896,5879.82553,0.013,6.5402,407.87,88.3,1.04,0.96185799,1.6182484,3799,0.573,0.54,-0.01,75.5759
9.61419,0.085,2.66146528,10.6,0,74.7359,759,,0.497766,0.09336533,2.7649671,5457,0.8426,0.8784,-0.079,107.055
4.9404681,0.05381019,2.21898,5.56,,182.406,1344.51,,,0.0455,1.966,6086,1.13,0.851969,,68.4727
2.6998279,0.0374,4.96846551,44.1,0,1198.41,1203.44,89.5,0.290584,0.2798,2.3792512,5388,0.9583,0.9552,0.257,114.865
416,1.07,11.1,85.7,0,,,,,,,5388,0.9583,0.9552,0.257,114.865
7.162009755,,5.63826391,27.1,,1230.42,1649,88.38393,0.193425,0.08,8.0974658,6139.95,1.8109,1.2,,428.123
3.915292,0.051,10.12369881,63.9,0,311.498,1392.74,,0.859948,0.335,3.0331397,5718,1.5566,1.1578,0.283,332.648
159.9,0.61,14.3,147,0,,,,,,,5718,1.5566,1.1578,0.283,332.648
3.1968838,0.047,15.69257298,451.3163379,0.024,1800,2360,,,0.79589807,6.2,6280,1.7,1.38,0.26,388.227
3.9443736,0.051,14.11645916,95.3,0,1078.5987,1414.84,88.81,0.243028,0.67324885,4.8636539,5567,1.7031,1.1576,0.405,323.265
4.537143,0.057,9.65807033,99,0,732.0077,1278,88.96,0.272206,0.41997559,4.029272,5752,1.4536,1.2187,0.397,319.036
6.096407209,0.059866,2.477,6.7,,72.55,737.36,88.12711,0.54994,0.11424892,2.3326,4820,0.732,0.77,,90.8693
2.1097019,0.026,3.42,22.4,0.059,860,1395,85.03,0.533,0.13097297,2.1344043,5397,0.9,0.97,0.16,163.678
4.720219,0.0626,15.647764,753.2571,0.073,1112.85,1679,85.7,0.504,0.555,4.6416,6274,1.925,1.464,0.119,200.492
95.4001,0.4607,7.661,11.3,0.0331,0.9938,254.65,90.494,,0.26000616,11.6316864,5723.2,1.313,1.0936,0.01,399.017
215.79,0.794,10.3,75.4,0.037,,,97,,,,5723.2,1.313,1.0936,0.01,399.017
1.7622538,,2.39,6.3,,468.5415,1324,82.83,0.9261,0.07335551,0.8779711,5099,0.78,0.82,-0.01,115.45
5.502558,,2.23,5.6,,102.6644,928,89.39,0.16,0.08447023,3.1711008,5099,0.78,0.82,-0.01,115.45
0.84742346,0.0171,1.8,11.1,0,1876.1315,1400,79.5,0.82,0.04243933,0.8769615,5464,0.83,0.913,0.04,147.476
4.841962,0.0546,1.6,6.4,0,183.6642,1000,87.5,0.73,0.03186638,2.2428837,5464,0.83,0.913,0.04,147.476
25.8401,0.173,6.2163865,45.8,0,34.68,615.03,89.69,0.293789,0.1806,5.6703771,5735,1.0235,1.0363,0.149,146.858
232,0.75,10.3,75.2,0.38,1.771,327.4,,,,,5735,1.0235,1.0363,0.149,146.858
11.07085,,2.4566,6.6,,22.4219,561.17,89.32,0.395,0.11497328,2.1937617,4570,0.7007,0.69,-0.238,42.4061
4.42587,0.05778,25,593,0.0023,465.179,1293,82.4,,0.2447,1.65,6117,1.53,1.312,0.25,139.484
2.1664,0.03587,2.22,7.6,0.1353,2005.35,1864,82.6,,0.0087,2.67,6117,1.53,1.312,0.25,139.484
47.56,0.239,5.63,27,0,,,,,,,4635,0.7558,0.7941,0.328,72.7512
1.21687,0.0207,3.10083009,12.5,0,565.5415,1236.7,,0.565234,0.124,1.1120799,4635,0.7558,0.7941,0.328,72.7512
1.4520527,0.02122,1.19880592,2,0,266.85,976.4,,0.255404,0.0393,1.5088724,4115,0.614,0.6045,0.012,32.4778
1.0697568,0.019,1.62,3.48,0,883,1517,85.7,0.39,0.0455,1.5,4884,0.793,0.798,0.08,55.0135
6.9561063,0.071,11.89,25.1,0.17,139,957,88.58,0.412,1.396,3.372,5510,0.923,0.987,0.28,201.918
12.99894,0.107,3.83,9.5,0.2,90.5151,870,89.53,0.19,0.13395838,4.46,5840,1.019,0.9903,-0.028,155.141
34.5633,0.205,2.61,14,0.2,,628,89.77,0.17,,6.12,5840,1.019,0.9903,-0.028,155.141
2.650237,0.046,16.70138124,991.6246298,0.0022,5300,2370,80.13,0.881,0.5797,2.489,7690,1.92,1.9,0.09,148.925
18.840942,0.14,2.24,9.6,0.17,82,794.23,89.53,0.24,0.0331,4.65,6008,1.17,1.1,-0.4924,103.297
5.13967,0.0553,3.04,9.4,0,145,971,86.21,0.956,0.07695997,1.04,5230,0.82,0.876,0.03,110.513
9.428089,0.083,2.75,10.6,0,65,794,87.61,0.902,0.0799,1.67,5230,0.82,0.876,0.03,110.513
27.644,0.192,4.2427861,38.5,0.157,68.4355,748.4,,0.570412,0.056,5.6278203,5841,1.6184,1.2313,0.226,230.306
0.4090677,0.0071,1.17,1.71,,207.0242,1072,,0.33,0.12812295,0.6165726,3330,0.31,0.29,,41.1659
23.540678,0.147,2.30381001,30,0,16.8576,520.66,,0.318654,0.0956,4.260461,5224,0.7511,0.7663,-0.294,85.8034
0.4702743,0.0116,1.41792246,3.58,0,5028.6263,2130.02,82,0.333121,0.02094931,1.282804,5460,0.9105,0.9513,0.146,125.463
8.112245,0.0567,2.749,19.5,0.36,5.45,426,89.62,0.21,0.47230724,3.127852,3412,0.38,0.372,0.37,73.3345
2.0439274,,1.13,1.258,,44.9493,722,86.245,0.737,0.0465193,0.988,3437,0.483,0.48,-0.12,22.4467
5.0688,,1.13,1.527,,,533,,,,,3437,0.483,0.48,-0.12,22.4467
16.537944,0.127,2.61143902,15.2,0,53.0216,723.33,,0.506807,0.0608,3.0940434,5801,1.0162,1.0022,0.019,91.9362
11.06201,0.061,1.672,4.82,0,1.8,326,89.77,0.19,0.309,1.7587777,3185,0.275,0.249,-0.07,30.5212
4.3135225,,1.173,2.32,0,132.6,944.2,87.65,0.569,0.0274,1.998,4975,0.72,0.715,-0.31,78.7415
6.5886982,,2.224,2.95,0,75.3,819.8,87.61,0.767,0.0852,1.874,4975,0.72,0.715,-0.31,78.7415
1.871906022,,2.46741991,6.65,,167.099,1001,86.22085,0.526051,0.092,1.6130211,4435.39,0.749646,0.66,,86.5783
5.97114713,0.050748,1.92,9,0,18.13,506.07,88.98,0.48,0.14371086,1.5784,3834,0.491,0.489,-0.062,37.4418
1.8805201,0.02107,1.401,3.04,0.0099,36.4,683.5,87.82,0.465,0.1198,1.09,3376,0.3714,0.3527,-0.01,24.7399
15.532477,0.08608,2.126,4.1,0.111,2.13,338.1,89.22,0.664,0.276,1.86,3376,0.3714,0.3527,-0.01,24.7399
2.527093,0.0285,2.18,7.32,0.3,46.3,734,87.42,0.59,0.1814,1.28,3709,0.469,0.471,0,51.9503
18.08816,0.106,2.47,7.24,0.5,3.35,373,89.47,0.47,0.2315,2.7,3709,0.469,0.471,0,51.9503
6.36338574,0.064,4.058,18.05,0.041,110.0201,891,89.954,0.014,0.23686952,2.74,5100,0.84,0.87,0.27,121.84
15.5381747,0.116,3.334,21.13,0.172,,662,88.906,0.657,,2.83,5100,0.84,0.87,0.27,121.84
10.1802117,0.0818,11.99360935,279.6889982,0.055,261.013,918,87.63,0.636,0.10936,4.131,5597,1.048,0.947,0.078,152.892
5.857487,0.07037,14.067295,797.7533,0.262,750.922,1404.5,88.09,0.33,0.64897302,5.12,6255,1.526,1.351,0.28,336.267
2.056014,,15.24421375,1004.337766,,1899.83,1839,90,0.09,1.7453,2.826,6520,1.14,1.14,-0.05,247.054
1.90261131,0.03712,21.05046575,581.6259848,0.01,7010,2546,77.626,0.8806,0.988,2.395,7299,1.942,1.88,-0.1,225.888
2.0845435,0.03138,14.414774,375.0394,0,1062,1588,82.01,0.8045,1.283,2.14584,5404,1.167,0.948,0.24,355.683
3.7628396,0.056,18.18,1110,0.24,1797.8272,1891,88.5,0.18,1.136,4.22,7287,1.62,1.661,0.3,347.593
5.33175,0.069,14.19902343,387,0,1071.42,1493.97,88.84,0.358842,0.422,6.4852265,5982,2.195,1.5055,0.343,336.608
4.231306,0.058,16.690201,387.7526,0,1489.1126,1669,87.24,0.365,0.72612759,4.93,6495,1.648,1.4352,0.22,411.719
12.05573473,0.101151,2.417,6.42,,55.58,584,,,0.0807,2.0871,5504,0.83,0.95,,66.0929
0.98934551,0.01544,1.759,4.9,0,121,900,86.66,0.4307,0.1323,0.9747,3550,0.45,0.502,0.23,35.2736
103,,,,0,,,,,,,3472,0.45,0.451,0.19,35.2736
7.331602,0.0694,2.54,7.4,0.178,27.4026,799,88.29,0.736,0.0893,1.54,4850,0.81,0.83,0.2,69.835
5.877556328,0.065757,2.255,5.71,,268.44,1031.14,,,0.04122881,2.8907,5977,1.006,1.1,,122.494
500,1.27,14.1,191,0,,,,,,,5497,1.0561,0.9867,0.274,111.276
2.6800535,0.0376,2.2963977,13,0,342.997,1285.16,,0.560039,0.0456,1.9284255,5497,1.0561,0.9867,0.274,111.276
10.98462,0.103,2.06,41.31769291,0.59,196.694,1062,86.87,0.61,0.0315,2.8,6170,1.316,1.21,0.09,168.067
40.74976,0.249,11.06326395,200.2318964,0.09,14.5514,684,88.84,0.76,0.6026,5.4,6170,1.316,1.21,0.09,168.067
4.8026345,0.03144,1.466,2.75,,4.41,404,89.58,0.23,0.407,1.186,3225,0.2106,0.1798,0.04,37.2209
3.0575356,0.036507593,2.6382,7.45,,163.056,929.25,,,0.11179638,1.318,4402,0.7,0.694661,,51.1884
0.66913923,0.01164,1.421,3.07,0,213,1000,86.62,0.31,0.12543712,0.904,3470,0.462,0.466,0.01,37.6153
2.2554477,0.03524,12.172974,251.40353,0,1443,1715,80.98,0.9221,0.75,1.7064,5880,1.288,1.147,0.24,407.84
16.73688894,0.129365,3.66,14.6,0,59.13,703.49,,0.259467,0.0989,4.9804,5759,1,1.03,0.052,111.445
1.7666957,0.0226,1.41,2.57,,57.0208,764,,0.3,0.08305083,1.4196682,3499,0.46,0.49,,30.7947
3.770107,0.045,5.3422266,31.3,0,195.2882,943.19,88.17,0.266055,0.43611801,2.8696267,5058,0.8036,0.853,0.131,124.68
393.1,0.1,13.8,297,0,,,,,,,5058,0.8036,0.853,0.131,124.68
3.1342791,0.033548,1.9,6.36,0.097,39,698,87.2,0.69,0.1236,1.311,3690,0.515,0.513,0,45.1309
2.500311,0.0229,3.09,48.8,0,13.5,489,88.461,0.59,1.25793505,1,3185,0.2775,0.255,0.336,64.9172
24.283377,0.166,5.20315158,22.4,0,33,602.99,89.8,0.135157,0.2844,5.2551434,5684,0.9574,1.0258,0.147,81.2271
8.082376554,0.080496,3.143,10,,254.83,959,,,0.0559,3.5635,5879,1.24,1.07,0.096,104.158
5.587037686,,4.10824994,15.8,,134.155,948,87.88296,0.484959,0.1907,3.000777,5304.91,0.939285,0.93,0.2,52.3044
9.47725,0.0914,10.816685,1722.6386,0.3806,299,1198,88.2,0.22,0.312,4.7136,5645,1.777,1.128,0.148,342.831
9.605232069,,4.38298108,17.6,,136.86,952,87.8782,0.584782,0.1437,4.072321,5999.55,1.09414,1.162,,136.419
13.72701264,0.113496,3.435,10.4,0,92.36,782.98,,0.352837,0.0901,4.2326,5777,1.09,1.04,0.159,100.727
3.49151,0.0391,5.05,26.78,0.057,57.78,767,88.31,0.39,0.54,1.96,3980,0.6243,0.646,0.25,60.798
4.119236783,,2.49549787,6.78,,44.2458,657.79,88.22898,0.427607,0.12365042,2.1826809,4201.93,0.632571,0.613891,,74.7599
7.073076,0.073,3.18175535,12.3,0,329.6,1099.79,87.3,0.425537,0.0439,3.9825962,5636,1.4286,1.0373,0.148,88.9482
571.25,1.37,12.5,2800,0.3685,0.9,249,69,,,,5636,1.4286,1.0373,0.148,88.9482
8.303341406,0.073872,1.946,4.45,,53.91,755.55,89.27,0.41,0.043,1.8708,4814,0.781,0.78,0.07,70.9819
21.269084,0.154,2.36507598,9.7,0.3,58.618,694.09,,0.264781,0.035,6.2918286,5815,1.131,1.0861,0.193,72.8871
4.266046,0.03589,1.83,4.01,,10.8837,485,87.92,0.827,0.17,0.9235,3277,0.338,0.339,0.22,41.2758
22.34170293,0.164086,2.68,7.65,,63.31,598,,,0.0472,2.7826,6179,1.14,1.18,,114.39
2.38839,0.0291,1.39,57,0.14,83.8379,831,86.4,0.75,0.05698512,1.032409,3985,0.55,0.58,-0.26,99.5561
4.4929,0.0443,2.12,14,0.019,36.1539,673,88.8,0.36,0.12711867,1.8833377,3985,0.55,0.58,-0.26,99.5561
9.0497,0.0707,2.52,15,0.062,14.2074,533,88.53,0.717,0.1611001,1.7653148,3985,0.55,0.58,-0.26,99.5561
11.3372713,,2.78943837,8.19,,33.352,612.92,88.95634,0.500207,0.11940452,2.8857877,4683.75,0.768675,0.767,,162.46
37.46852,0.215,2.9507845,19.5,0.327,192.521,651.64,,0.389551,0.0429,7.6512325,5970,1.3137,0.9382,-0.373,113.335
0.9351861,0.01624,1.693,3.51,,194.1729,1036,86.75,0.375,0.11502871,1.041,3762,0.53,0.524,-0.11,103.021
32.71443,0.1614,2.29,5.86,,1.6973,291,89.63,0.43,0.14692599,3.59,3762,0.53,0.524,-0.11,103.021
5.3846104,0.059,2.47852533,16.6,0,237.996,1005.43,,0.270951,0.06306901,3.1784345,5621,0.9715,0.9483,0.026,226.671
2.783017363,,1.94225664,4.43,,55.5824,696.39,87.43642,0.491948,0.09162641,1.81644,3891.86,0.562607,0.556454,,86.7159
20.70507469,0.141409,3.62,6.9,0,21.05,551.44,,0.51475,0.1822,3.6727,5169,0.81,0.88,-0.02,96.6215
18.85019,0.1177,3.14,10.8,0,6.39,443,89.72,0.21,0.261,3.23,4065,0.597,0.606,0.05,40.0654
7.337703649,0.076381,3.453,11.8,,240.87,1566,,,0.0795,4.5639,5994,1.1,1.1,,157.597
8.054246874,0.078375,2.905,8.78,,140.93,877.67,,,0.07068165,3.4202,5583,0.995,0.99,0.1282,97.7562
16.70988,,2.78,8.5,0.05,73.7609,824,89.4,0.24,0.06152874,5.41,5746,1.1303,0.991,-0.02,53.974
10.2405549,0.08,8.04728896,96,0,55.4426,707.89,,0.175107,0.995,3.6638722,5284,0.8288,0.9218,0.162,149.234
2.799868,0.0378,1.21612741,1.4,0,560.3349,1269.21,,0.507245,0.02048553,1.9316857,5785,0.9356,0.9196,-0.193,44.647
14.65011197,0.119466,2.246,5.67,,71.34,580,,,0.033,2.6433,5859,0.98,1.06,,79.7665
1.9145601,0.02607,1.2,0.96,,,1040,88.8,0.336,0.02766,1.692,4316,0.662,0.647,-0.23,62.699
3.238486,0.037,1.754,4.64,0.00032,97.6159,873,88.4,0.394,0.05908,1.95,4316,0.662,0.647,-0.23,62.699
6.557569,0.0592,2.695,5.2,0.0068,24.9125,690,88.58,0.501,0.13964,2.346,4316,0.662,0.647,-0.23,62.699
9.96318,0.0783,2.301,3.48,0.00038,21.8202,600,88.71,0.574,0.10181,2.501,4316,0.662,0.647,-0.23,62.699
15.23335,0.1039,2.417,5.63,0.00045,0.6071,521,88.723,0.734,0.11231,2.348,4316,0.662,0.647,-0.23,62.699
20.71663,0.1275,2.939,4.4,0.00043,19.4978,470,88.823,0.8549,0.16605,2.167,4316,0.662,0.647,-0.23,62.699
4.987641028,0.05024,2.368,6.2,,56.25,697.84,87.93861,0.49522,0.11923398,2.3276,4336,0.669,0.68,,95.2649
1.829024227,0.025739,1.839,4.04,,214.17,974.95,,,0.07048494,1.5441,4336,0.669,0.68,,95.2649
3.208664,0.04882,16.14093221,222.4798849,,2300,1927,78.41,0.972,0.463,2.3,5991,2.168,1.507,0.373,229.067
8.765528,0.082,3.29701268,8.7,0,228.913,992.91,88.60828,0.493868,0.05726987,3.9154065,5631,1.3162,0.9698,0.035,155.791
8.021522331,0.074984,2.448,6.5,0,69.26,734.31,88.43515,0.267731,0.08823089,3.1324,5165,0.78,0.87,0.073,113.181
0.437811822,0.010789,1.464,5.6,0,3345.44,1935.83,,0.316123,0.02908856,1.2152,5165,0.78,0.87,0.073,113.181
7.094570865,0.072502,1.642,4,0,164.26,922.72,,0.37157,0.02842381,2.5704,5690,0.957,1.01,-0.064,62.1274
10.64387,0.075,2.079,5.738,0,10.7276,493.7,89.507,0.265,0.124,2.6991119,3863,0.547,0.556,-0.19,30.6796
6.293287,0.06,2.99,10.32,0,58,747,88.9,0.34,0.181,2.59,4687,0.715,0.756,0.014,119.24
12.885779,0.097,4.29,8,0,22,588,88.48,0.779,0.317,2.4,4687,0.715,0.756,0.014,119.24
15.1454693,0.087735044,3.4095367,11.5,,2.1473,337.47,,,0.49553043,2.5830151,3272,0.401575,0.392935,,55.5211
0.54937097,0.0122,1.49681583,2.44,0,1407.22,1694.1,77.7,0.489226,0.037,0.9772115,4914,0.746,0.8048,0.044,42.5775
4.532,0.0539,6.9559,46.1687,0.1543,102.43,895.1,88.28,0.5348,0.73,1.99,4994,0.745,0.822,0.272,96.2338
3.7130765,0.04389,11.14172682,308.9292116,0.052,55.9743,962.2,86.48,0.7393,1.761,1.951,4766,0.769,0.817,0.306,128.23
6.368610105,,5.18536642,23.5,,216.0619,977.83,87.45512,0.324149,0.04612507,6.4190878,4872.84,2.3895,,,362.522
4.860674,0.061,12.778238,731.0053361,0.043,292.245,1375,84.4,0.84,0.614,2.92,5734,1.51,1.04,0.14,248.504
38.8,0.212,7.5406241,67.4,0,9.2972,423.63,,0.186166,0.9593,5.923377,4927,0.8049,0.8414,0.243,71.6456
22.808533,0.151,2.7438269,16,0,14.6287,528.67,,0.376844,0.0977,4.1100011,5165,0.8123,0.8801,0.124,59.4314
20.380799,0.1597,8.00321222,38.45723725,0,153.5185,966,88.74,0.48,0.2164,6.653,6380,1.577,1.307,-0.101,191.649
1.7727471,0.03089,2.59987579,8,0,2981.98,2007.6,,0.623403,0.0243,1.7866633,6237,1.6454,1.2518,-0.136,191.649
1.423784409,,2.21895097,5.56,,921.8467,1405.35,85.13206,0.472229,0.07210459,1.7875652,5315.91,0.848099,0.934,0.252,116.086
4.023938542,,2.40867246,6.39,,,,86.8958,0.608422,,2.3034727,5315.91,0.848099,0.934,0.252,116.086
9.5739181,0.1,12.3485023,89.4,0.276,354.639,1199.55,88.4,0.781926,0.317,4.3070829,6039,2.032,1.4643,0.332,223.465
3.9306737,0.03646,1.792,3.87,,17.35,568.1,88.65,0.464,0.1712,1.419,3568,0.397,0.418,0.169,47.2496
1.2436258,0.0213,3.46,73.2,0.03,435.33,1479,84.7,0.52,0.179,1.19,4985,0.808,0.837,0.11,165.105
1.36414864,0.02398,18.49481816,360.0995851,0.033,852.162,1701,78.1,1.024,0.707,1.194,5359,1.041,0.987,0.399,176.833
63.48347,0.337,9.75181321,68.6,0.57,23.786,615,88.64,0.61,0.5357,5.457,6341,1.36,1.287,0.12,224.385
1.0662107,0.0204,1.31,2.27,,876.703,1885,,0.69,0.0151,1.142,5752,0.94,0.99,0.04,45.864
7.005727088,,2.86356397,8.57,,171.8936,923.5,87.74915,0.574816,0.07668945,3.1364584,5597.99,0.971675,1.015,,182.014
4.50638,0.0468,5.65,27.2,,17.9436,524.92,89.37,0.21,1.25229614,2.0392007,3477,0.494,0.492,,115.369
45.52234,0.269,9.39553231,129,0.485,51.0074,674.54,87.531,0.699826,0.30285453,4.2704237,6241,1.6131,1.2484,-0.095,79.6682
29.090312,0.1525,11.09689089,212.9450327,0.044,3.4,378,89.64,0.35,3.75623333,4.7,3926,0.607,0.632,0.28,128.438
0.94667944,0.01932,13.97759893,638.8350981,0,3230,2097,77,0.8653,1.41,1.377,5814,1.08,1.072,0.196,415.135
10.215213,0.0675,1.36,3.17,0.15,7.2,456,89.63,0.22,0.08929,2.26,3801,0.418,0.417,-0.66,23.7262
104.854,0.4254,9.07927437,54.03082919,0.09,8.5419,476.27,90,0.45,1.18501557,6.6885919,5255,0.82,0.936,0.22,102.27
273.69,0.807,11.4,88.99195396,0.096,,,90,,,,5255,0.82,0.936,0.22,102.27
4.0337142,0.0613,13.67495645,7024.007795,0.341,1910.26,2290,85.5,0.32,0.2969,4.044,7700,2.3,1.86,-0.01,515.603
3.09833,0.04271,2.7,11,0,628,1488,84.59,0.77,0.0496,1.959,5611,1.134,1.082,0.439,175.713
9.127055,0.0878,8.14,81.7,0.063,149,1038,87.86,0.631,0.4568,3.654,5611,1.134,1.082,0.439,175.713
17.305904,0.16,11.99360935,2034.101805,0.597,525.9409,1221.39,87.1,0.52,0.28070669,2.249,7130,2.02,1.59,0,328.475
52.9786,0.303,11.4,164,0.275,68.4513,759,91.18,0.729,0.65689621,4.79,6423,1.31,1.32,0.24,113.825
2890,4.37,10.4,4990,0.651,,,89.92,0.44,,14,6423,1.31,1.32,0.24,113.825
5.84889,0.0698,1.39,5.8,0.3,389.669,1237,91.7,,0.0109,3.257,6423,1.31,1.32,0.24,113.825
141.834025,0.5516,11.81426566,408.7273314,0.212,4.09,400.2,89.903,0.147,1.16,8.681,5929,1.079,1.112,0.168,109.19
3.348237,0.029322,3.309,9.2,0.0789,13.185,530.9,87.61,0.74346,0.87,0.9876,3297,0.3273,0.3041,-0.31,47.3444
5.582796,0.041232,2.93,8.91,0.00033,6.68,448,85.7,2.02,,,3297,0.3273,0.3041,-0.31,47.3444
7.435583,,2.268,9.2,0,26.0758,576.34,88.52,0.546,0.13106803,2.36,4174,0.62,0.57,-0.58,27.9956
15.3444,0.128,5.33275337,34.4,0,126.052,917.46,,0.312316,0.0665,7.5729251,5626,1.7457,1.1832,0.409,198.007
8.8720982,0.0892,11.89272852,1144.182265,0.394,343.7178,1166,88.65,0.19,0.5578,3.601,5977,1.459,1.199,0.15,335.985
5.71548654,0.066,14.20177855,254.2627256,0.076,567,1358,88.32,0.336,1.101,4.027,6490,1.241,1.174,-0.24,276.105
1.4971842,,16.14093221,731.0053361,,2643.655,1828.82,83.6,0.51,1.62662492,2.41,6250,1.21,1.13,-0.06,289.668
13.79019,,2.61,7.32,0.13,29.035,646,89.41,0.33,0.114,3.301,5185,0.79,0.83,0.02,116.567
4.253007738,,2.50121142,6.81,,1740.9224,1799.55,86.62587,0.500661,0.02611394,3.3953599,6302.74,1.45382,1.2,0.13,177.759
0.7363104,0.0112,1.3,2.24,,117.7582,910,,0.66,0.13225461,0.6736853,3383,0.35,0.35,,47.7465
7.768915,0.0632,1.821,3.97,,12.23,520.62,89.01,0.46,0.097,2.06,3710,0.535,0.559,0.27,52.9328
5.67395387,,2.56484195,7.1,,265.3025,1029.33,88.30859,0.418759,0.06412779,2.8641894,5755.41,1.00286,1.063,0.048,231.311
10.35504,0.08781,2.59,6.7,0.0114,49.4,736,89.75,0.342,0.1047,3.251,5187,0.758,0.849,-0.09,41.9091
21.01447,0.1407,3.54,7.2,0.036,32.7,581,89.76,0.07,0.2072,4.186,5187,0.758,0.849,-0.09,41.9091
35.12803,0.1982,3.27,7.3,0.027,16.5,490,89.164,0.78,0.2066,3.046,5187,0.758,0.849,-0.09,41.9091
3.0223753,0.03863,1.301,4.7,0,,1110,89.46,0,,2.16,5187,0.758,0.849,-0.09,41.9091
10.50534,0.0752,2.04,4.82,,8.1,488,89.34,0.35,0.13206016,2.4850401,3800,0.534,0.54,-0.5,62.3446
6.0784247,0.05006,2.47,6.66,,12.8,527,89.15,0.336,0.195,2.03,3551,0.475,0.453,-0.13,114.549
124.72997,0.472,3.6831179,37,0,1.7338,300.33,,0.359163,0.1781916,7.361987,5081,0.8481,0.9027,0.339,126.46
4.379435874,,2.3947209,6.32,,120.936,845.78,88.76584,0.416858,0.09696958,1.6504345,4806.66,0.742779,0.81,,113.387
4.303255281,,2.94892961,9,,195.793,1042,87.00941,0.59593,0.07107657,2.4191037,5842.06,1.0519,0.956,-0.1221,176.759
12.836,0.097,3.25,10.6,0,,535,,,,,4426,0.729,0.745,-0.08,82.7982
53.81149,0.257,2.3,15.8,0,3.0647,329,89.577,0.56,0.0841,4.68,4426,0.729,0.745,-0.08,82.7982
18.793193,0.136,1.9,4.27,,0.98,276,89.387,0.818,0.2073,1.221,3435,0.384,0.425,-0.06,50.0248
17.66484,0.101,1.25,4.1,0,3.43,347,89.67,0.285,0.07363925,2.7644951,3759,0.44,0.44,-0.24,41.9176
28.17232,0.137,1.33,7.4,0,1.84,297,89.91,0.104,0.09505654,3.3983448,3759,0.44,0.44,-0.24,41.9176
3.1190633,0.025,1.243,2.08,0.15,9.4,445,89.24,0.3,0.266,1.072,3300,0.235,0.231,-0.03,48.4809
6.38784,0.04,1.914,4.32,0.1,3.7,349,89.56,0.28,0.636,1.354,3300,0.235,0.231,-0.03,48.4809
5.904370457,,1.52898127,2.95,,85.3357,846,88.27552,0.468359,0.0351,2.6272026,4856.13,0.723757,0.8,,76.7418
2.4545467,0.03515,13.57407563,263.7975778,0.033,508.468,1397,89.44,0.078,2.131,2.5956,5627,0.932,0.961,0.07,236.705
0.67247414,0.01791,15.098497,1595.498603,,14429,3646,70.74,0.7481,0.6651,1.801,6540,1.698,1.453,0.068,262.041
5.7998164,0.0377,2.122,6.8,0.32,3.61,384,88.67,0.55,0.8567339,1.014374,3131,0.245,0.211,0.39,32.1755
16.34136,0.127,2.08874836,4.5,0,86.2315,780.53,,0.374601,0.03720971,4.6981114,5968,1.1174,1.0251,-0.07,36.578
3.8266472,0.041,2.37,6.21,,81.1072,798,89.5,0.12,0.11818154,2.113,4250,0.62,0.644,-0.01,75.1973
9.2292005,0.078,2.69,9.13,0.06,32,666,89.49,0.21,0.1606,2.995,4580,0.709,0.744,0.12,22.6202
95.5,0.371,7.27,41.89,0.67,1.4,306,89.08,0.464,0.5975,5.267,4580,0.709,0.744,0.12,22.6202
7.851928,0.057,2.19,6.37,0,4,395,89.4,0.35,0.38739591,1.66,3342,0.34,0.34,0.03,33.3631
18.261608,0.1322,3.147,20.1,0.21,47.3,728,88.755,0.65,0.0971,4.9,5635,0.95,0.896,-0.14,77.682
5.4624,0.0585,2.35,6.14,,241,1095,,,,,5635,0.95,0.896,-0.14,77.682
60.45,0.2906,3.97,14.9,,9.8,491.4,,,,,5635,0.95,0.896,-0.14,77.682
10.261128,0.1117,12.24020692,1805.265352,0.214,515.939,1484,88.6,0.165,0.19,7.4683854,6206,2.75,1.71,0.28,224.731
3.3773512,0.05064,14.35870428,899.4543918,0.057,2195.7879,1802,86.42,0.415,0.666,3.715,6630,1.612,1.516,0.282,303.006
3.8240801,0.0513,16.28664896,292.4021344,0.117,1005.8946,1580,83.37,0.8636,1.143,2.465,6280,1.396,1.233,0.011,296.46
8.60077,0.075,10.76062147,260.6192937,0.07,81.4989,1188,85.7,0.86,0.509,3.77,5673,1.41,1.12,0.47,198.473
34.525528,0.2069,10.1,177.9839079,0.0046,10.1,497,89.84,0.14,1.831,3.8206653,5026,0.748,0.77,0.32,177.945
17.16073,0.1293,8,18.75187601,0.16,25.9,628,88.6,0.98,0.475,2.062,5026,0.748,0.77,0.32,177.945
8.2148282,0.0896,12.50922246,329.5880581,0.045,577,1364,85.8,0.775,0.397,4.337,6270,1.82,1.42,0.123,351.487
260.79,0.828,11.32107051,875.6172613,0.3683,2.71,348,89.955,0.1,0.47479596,24.096,5695,1.636,1.111,0.253,116.685
6.90683,,11.39953337,206.5884646,0.08,1429,1676.05,,0.67,0.17517779,6.78,5966,2.9,1.53,0.14,788.317
2.1225735,0.03319,19.83989584,298.7587026,0,1600,1763,79.96,0.99,0.0191,1.64688,5966,1.248,1.082,0.027,337.064
15.337597,,1.9892,4.61,,14.2526,590.88,89.27,0.412,0.0683,2.736,4756,0.6909,0.74,-0.372,19.5711
1.1947268,0.02234,3.51,26,0,2000,1860,81.11,0.712,0.11272345,1.504,5634,1.043,1.032,0.14,259.947
10.695264,0.08911,3.03,13.8,0.032,137.7252,805,87.88,0.836,0.09277985,2.239,5298,0.858,0.825,-0.217,90.7402
2.936028365,,6.96310517,38.7,,288.087,1147,88.6445,0.247004,0.679,2.2530649,5036.17,0.826247,0.85,0.2733,251.245
11.9126075,0.09564,10.95117414,287.3168799,0.022,42.7254,652.07,89.29,0.323,1.93042778,3.768,5169,0.808,0.841,0.059,235.933
24.6744,0.15544,13.4,117.2786822,0.0622,,,84.7,,,,5144,0.794,0.823,0.04,235.933
8.001968,0.0854,11.1529358,203.4101805,0.174,406,1259,88.84,0.2,0.4273,4.632,6101,1.564,1.296,0.181,373.345
3.092686757,0.04011,1.561,3.06,,296.13,1056.92,87.169,0.505094,0.02726778,2.0586,5253,0.834,0.9,,70.2932
4.221758156,,3.09885187,9.79,,305.107,1164,87.52822,0.466098,0.0594,2.7429639,5889.54,1.20847,1.03,-0.0503,165.441
3.5315902,0.05009,14.36991326,502.1688831,0,1356,1688,83.58,0.766,0.7011,3.048,6248,1.573,1.343,0.119,355.59
35.189346,0.145,2.194,5.45,0.496,0.6703,256,89.786,0.374,0.413,3.846,3430,0.313,0.328,-0.27,57.7911
0.3524728,0.0097,1.62,3.26,,1844.98,2609,,0.77,0.0305,0.578,5534,0.94,0.99,0.22,101.251
2.326318,0.02,1.54,2.99,,13,550,88.51,0.64,0.41536144,0.98,3200,0.24,0.23,,51.6004
2.28909,0.0205,1,0.972,,8.4,424,90.35,-0.13,0.223,0.815,3030,0.2075,0.171,0.164,22.55
3.4950412,0.0263,1.14,1.55,,4.7,374,89.66,0.19,0.282,0.893,3030,0.2075,0.171,0.164,22.55
2.0344671,0.0145,1.77,3.78,,5.3,422,89,0.449,0.11420994,0.708,3022,0.13,0.0989,0.164,22.55
2.67963,0.05,2.45,6.57,,83.7078,771.46,87.37,0.78,0.08275424,0.9028948,3943,0.631,0.612,,48.876
13.635109,0.1363,1.77,19.5,0.3,3.91,358,89.66,0.44,0.11543279,2.4164839,3491,0.464,0.454,-0.05,42.409
30.033302,0.1992,16.47720163,278.0998561,0.334,42.0912,747,88.16,1.056,1.07,3.01,5730,1.459,1.168,0.316,126.279
966.5,2.018,12.8,1783.017363,0.194,,234.9,,,,,5730,1.459,1.168,0.316,126.279
11.30717,0.0924,0.994,2.31,0,22.04,603.1,89.57,0.23,0.0264,2.8,4664,0.662,0.703,-0.12,59.861
20.225528,0.1362,1.874,18.1,0,10.15,496.8,88.98,0.787,0.0712149,2.307,4664,0.662,0.703,-0.12,59.861
17.10197,0.127,9.97599282,50.85254512,0.057,20.0982,842,88.66,0.688,1.143,3.357,5525,0.9,0.95,0.09,231.782
2.99432,,10.08808263,508.5254512,0.019,619.5809,1272.46,,0.52,0.11206492,6.9172309,4780,3.22,1.325,0.39,536.046
22.65398,0.158,11.2089807,1900.613874,0.676,13.8485,799,89.52,0.26,1.153,3.468,5581,1.05,0.99,0.22,313.996
1.0528573,0.01705,1.504,3.49,,791,1478,86.9,0.27,0.03585076,1.5268551,4687,0.729,0.727,-0.1,81.6541
21.064302,0.1257,2.451,7.27,,14.57,544,89.914,0.056,0.09616559,4.6130523,4687,0.729,0.727,-0.1,81.6541
3.3312029,0.0473,16.11851425,394.1072247,0.086,1360,1689,89.01,0.13,1.147,3.797,6480,1.38,1.271,-0.03,437.484
4.0197517,0.04871,8.60849718,71.51139158,0,237,1091,88.98,0.21,0.794,2.7751,5306,0.886,0.954,0.344,219.614
5.1750073,0.05649,10.83908434,206.5884646,0.061,162.7267,1000,86.61,0.8239,1.283,2.025,5360,0.846,0.897,0.1,210.915
5.436098,0.0341,1.44,2.67,0,3.7,388,89.5,0.3,0.38,1.5419673,3212,0.211,0.179,,38.0749
13.33668,0.112,10.42435205,2955.804185,0.112,69.8726,860,89.2,,0.821,4.384,5651,1.102,1.041,0.3,508.686
4.3136193,0.04818,7.48759911,61.65871096,0.13,122.9,926,87.2,0.711,0.933,1.892,5002,0.711,0.802,0.128,134.655
5.4693827,0.05263,11.72459381,1830.691624,0.342,25.3,624,88.85,0.242,3.2411856,1.867,3707,0.622,0.645,0.501,211.247
1.273099,0.0212,1.559,3.37,0.18,753.1,1378,85.78,0.23,0.0414,1.587,5059,0.756,0.781,-0.114,80.5407
8.465651,0.0749,2.18,6.7,0.36,58.3,696,87.938,,,,5059,0.733,0.79,-0.114,80.5407
4.6612061,0.059,12.25141591,235.1930212,0.18,689,1426,84.11,0.918,0.628,2.27,6033,1.417,1.26,0.249,434.92
2.13570304,0.02793,11.48920522,624.8506482,0,104.3,889.7,88.37,0.28,2.92726185,1.891,3943,0.6113,0.635,0.332,191.51
3.0766891,0.02267,2.86,15.6,0.17,6.69,449,89.8,0.09,1.88485607,1.2491751,3100,0.204,0.166,-0.26,55.419
2.702969,0.033,4.26,16.8,0.08,41,705,88.83,0.25,0.51326783,1.7,3530,0.567,0.548,0.21,92.4366
0.7826942,0.0144,1.68,3.46,,1051.1379,1355,,0.39,0.05268677,1.0403706,4099,0.68,0.65,,59.5362
8.275479,0.0831,9.86390302,953.485221,0.32,130.93,1080,90,,0.651,3.755,5808,1.236,1.118,0.32,557.733
5.842641,0.0684,15.02003414,294.6269333,0.055,1017,1571.6,82.07,0.849,0.267,4.554,5707,2.369,1.158,,435.174
4.3474032,0.0543,10.36830715,105.8368595,0,923.6,1534,86.49,0.409,0.2949,4.8624,5607,1.75,1.131,0.19,327.927
1.3060011,0.0202,1.8,3.89,,62.7136,1117,,0.87,0.056,0.634,4072,0.65,0.64,,28.5147
0.22419578,0.0063,1.534,6.2,0,2649.15,2063,74,0.573,0.054,0.292,4109,0.651,0.661,-0.02,36.0559
7.397225,0.0559,1.52,2.68,,7.3,458,88.32,0.61,0.106,1.7,3433,0.426,0.428,-0.39,22.0337
15.66858,0.105,2.363,4.8,0.301,13.2931,519,89.72,0.22,0.13933815,4.548,4375,0.631,0.642,-0.29,23.9258
0.3711281,0.0064,1.25,2.1,,204.4874,1060,,0.27,0.23226218,0.4918187,3333,0.27,0.25,,48.582
69.33684,0.347,9.60609646,124.906564,0.17,44.5933,414,,0.277,0.8735,7.16,5730,1.006,1.034,0.18,148.987
106.14468,0.45,11.24,222,0.098,362.642,400,89.55,0.704,1.0168,8.26,6021,1.065,1.079,-0.03,156.786
4.441434632,,3.24380341,10.6,,21.749,550.78,87.95086,0.681271,0.33758183,1.462524,3720.23,0.502498,0.500519,,81.9043
3.73659,0.0482,2.83,13.31,0.087,865,1509.4,84.03,0.847,0.03918,2.13,6005,1.31,1.05,-0.1,112.958
16.553,0.129,3.18,10.22,0.29,,,,,,,6005,1.31,1.05,-0.1,112.958
19.104718,,2.9531,9.03,,8.5187,445.01,89.59,0.321,0.19060596,3.2516728,4195,0.6751,0.66,,36.6113
11.23479,0.1093,12.1393261,766.6021177,0.0341,275.6,1134,89.49,0.121,0.478,6.567,6016.4,1.72,1.163,0.097,397.953
10.655669,0.1166,11.14172682,1531.932922,0.195,997.8085,1595,88.16,0.35,0.1877,7.838,7360,2.36,1.859,0.094,285.289
3.738252,0.0491,6.06,34.62,0.089,790.4759,1443,87.12,0.42,0.13164623,2.975208,5905,1.26,1.12,0.167,275.265
4.93777,0.05741,2.74,317.83,0,277.7462,1041.19,87.52,0.607,0.08448199,2.232,5875,0.881,1.036,-0.106,99.523
6.897974252,,2.26838675,5.77,,239.133,1095,87.95748,0.472136,0.055,3.6388174,5751.2,0.993374,1.11,,160.825
7.18585,0.073,11.2089807,203.4101805,0,210.609,1100,89.4,,1.11924995,4.2542613,5831,1.119,1.007,0.06,438.842
23.2856,0.1511,8.67575106,26.69758619,0.17,16.3643,512.97,89.5,,0.64736022,4.05,5096,0.785,0.849,0.14,395.398
49.2519,0.249,10.13291855,208.8132634,0.157,6.0478,399.96,89.97,,1.56064615,5.502,5096,0.785,0.849,0.14,395.398
64.5949,0.327,11.54525012,743.7184724,0.021,70.9731,636,,0.68,0.424,8.943,5802,1.7,1.11,0.1,296.271
94.1022,0.3715,11.25381662,415.401728,0.364,7.4445,338,89.592,0.48,1.791,4.937,4870,0.771,0.771,0.08,184.986
1920,2.78,12.7,2297.899383,0.287,,123.1,,,,,4870,0.771,0.771,0.08,184.986
7.994037,,2.75,8,,258.8217,1022.99,,,0.04046194,4.271047,5846.29,1.25324,1.055,-0.2729,107.118
5.983944,0.0672,10.92875618,63.88350981,0,558,1352,88.3,0.26,0.3537,5.4576,5611,1.686,1.13,0.241,504.775
18.38818,0.1528,7.16253867,43.86032017,0,186,1027,87.91,0.643,0.124,6.485,6095,1.867,1.407,0.175,76.9028
2.9887615,0.04145,13.64132951,260.6192937,0,699,1431,87.73,0.32,1.304,3.00648,5771,1.095,1.063,0.191,361.857
3.39775,0.048,17.37392009,200.2318964,0.08,1730,2410,,,0.996,8.38,6120,1.81,1.33,0.26,379.253
4.5207265,0.0571,14.4595851,79.45710175,0,750.9,1456,88.16,0.27,0.806,4.406,5936,1.477,1.215,0.158,566.189
5.45664,0.0635,12.07207221,69.28659273,0,728,1445,84.81,0.716,0.411,4.162,5760,1.726,1.15,0.13,373.675
61.6277,0.3,12.10569916,1112.399425,0.522,21.7464,592,89.17,0.878,0.8878,6.401,5579,1.07,0.93,0.12,200.273
13.475853,0.0943,1.71,4.23,0,10.1838,493,88.84,0.679,0.07089462,2.37,4026,0.607,0.616,-0.47,20.1852
3.3639254,0.034792189,3.0449863,9.51,,874.7956,1722.49,,,0.04220611,3.3430495,5890.3,1.28018,0.496728,-0.35,114.495
13.03935862,,3.34822227,11.2,,243.5261,1007.53,,,0.06255996,4.9218325,5890.3,1.31383,1.069,-0.35,114.495
11.14529,0.163,2.07,4.94,,56.9133,584,89.011,0.719,0.0484,1.501,5310,0.853,0.913,0.26,43.932
4.880974,0.0607,18.10250383,122.6817651,0.18,602,1387,83.75,1.043,0.33855527,1.68,6100,1.336,1.16,-0.15,344.045
2.967604259,,7.94454164,48.4,,75.0167,819,87.79259,0.478171,1.041,1.8137941,4594.08,0.756095,0.69,,248.964
6.2034,,19.72780603,193.8753283,0.09,375.554,1226,,0.858,0.081,5.715,4800,4.1,1.19,0.1,393.443
3.6977104,0.0345,2.77,8.8,0.425,19,531,88.14,0.55,0.47556707,0.9308263,3514,0.398,0.3917,-0.29,57.0225
3.35992,0.03197,1.28,1.48,0.0167,131.7935,600,89.39,0.48,0.09766941,1.294,3506,0.38,0.386,-0.17,22.4793
5.66051,0.04526,2.33,6.2,0.0044,47.0639,489,89.36,0.35,0.3451844,1.682,3506,0.38,0.386,-0.17,22.4793
11.38194,0.0721,2,4.2,0.0066,9.2135,383,89.68,0.23,0.2645,2.117,3506,0.38,0.386,-0.17,22.4793
2.499387,0.036,13.72,228,0.164,945.55,1603,86.3,0.41,1.061,3.14,5665,1.25,1.07,0.3,597.873
3.37594,,5.98,29.9,,874.29,1710,83.07,0.685,0.127,3.538,5762,1.69,1.02,0.27,588.368
1.50801,0.027,2.63,7.41,,89.0458,855,87.78,0.34,0.179,1.032,4008,0.657,0.63,,78.4525
3.994,0.0269,2.65,7.51,,28.236,587.92,88.9,0.36,0.58018957,1.9693065,4031,0.362,0.16,-0.01,64.6692
4.8084983,0.0569,17.26183028,139.8444991,0,352,1205,85.22,0.97,2.24,1.96,5764,1.069,1.063,0.239,350.343
1.96229325,0.03185,18.11371281,309.8826968,0,2150,1893,89,0.097,1.781,3.091,6280,1.245,1.118,-0.105,494.818
4.039709,0.0493,15.27784069,225.658169,0,598,1376,87.73,0.34,1.3,3.804,5721,1.229,0.977,-0.02,312.674
17.61745,0.123,2.34,6.54,0,30.4,661,89.12,0.476,0.06598868,3.635468,5213,0.85,0.8,-0.09,82.7013
3.5514058,0.0475,12.84549188,117.5965106,0,781.8,1471,84.42,0.785,0.867,2.575,5910,1.265,1.135,0.233,460.995
4.5117244,0.0503,1.42,4.53,0,889.5827,979,87.52,0.6,0.030613,2.04,5152,0.78,0.832,-0.05,59.2293
39.361826,0.213,1.88,3.72,0,22.4437,475,89.69,0.32,0.0552,4.97,5152,0.78,0.832,-0.05,59.2293
6.2996431,0.0654,9.6397234,54.03082919,0.13,124.2,929,87.13,0.806,1.025,2.249,5271,0.873,0.939,0.353,225.744
1.60200105,0.02871,18.6405349,444.9597698,0.11,2560,1978,87.8,0.19,1.897,2.784,6240,1.241,1.229,0.284,413.673
1.8237146,0.0261,12.32987877,368.6809521,0,382,1186,84.9,0.713,2.292,1.846,4738,0.7,0.71,0.08,163.996
2.3505614,0.03386,13.15934334,533.9517238,0,947.8,1544,89.19,0.097,1.265,2.934,5691,1.073,0.936,0.013,
3.601501,0.048,13.4,638,0.035,556.616,1358,87.98,0.34,1.363,3.07,5940,1.08,1.03,-0.11,527.789
3.2783662,0.04489,9.292245,96.61983573,0.14,1156,1622,88.8,0.14,0.3415,3.958,5906,1.458,1.122,0.095,563.149
3.122832,0.0384,12.55405838,953.485221,0,124,1001,88.1,0.36,2.806,2.68,4672,0.76,0.77,-0.04,195.795
3.007812,0.0434,13.75341932,1058.368595,0.089,1484,1726,86.1,0.41,0.666,3.84,6000,1.545,1.21,0.084,542.026
3.9014971,0.0505,16.43236571,197.0536123,0,1084,1596,88.9,0.13,0.815,4.961,5760,1.668,1.12,0.085,389.916
1.266938,0.0249,7.16,68.2,0.09,2579.61,2155,82.1,0.56,0.258,1.85,6177,1.31,1.29,0.35,485.219
1.926907,,3.6621,13,,131.648,1032.78,87.63,0.355,0.226,1.763179,4263,0.6847,0.664,0.17,113.048
3.7065585,0.04756,13.65253849,327.3632592,0.24,464,1292,85.69,0.7796,1.616,2.23,5890,0.985,1.044,0.071,221.673
3.971281,0.0505,13.7646283,378.2158043,0.18,933,1539,84.63,0.755,0.878,2.995,6190,1.346,1.088,-0.114,567.678
2.59261842,0.02709,11.39953337,211.3558907,0.029,13.8883,604,88.14,0.511,7.821,1.48,3388.8,0.3697,0.3939,0.264,72.811
0.8831331,0.01714,3.82,30.3,0,1466,1722,87.8,0.17,0.20680675,1.618,5068,0.849,0.861,0.138,300.141
1.4338647,0.02285,12.24020692,536.1765226,0.021,213.8,973,89,0.128,3.136,1.737,4072,0.672,0.643,0.65,200.5
5.70439,0.0638,4.94057819,40.4,0.39,576.8749,1213.02,,0.464615,0.09409863,4.2082686,5614,1.5326,1.0678,0.205,284.388
0.777038,0.0159,3.2,57.2,0,4180.32,1871,86.4,0.25,0.083,1.52,5251,0.87,0.88,0.256,222.852
3.6525145,0.047,15.55806521,176.0769375,0.054,967.919,1616,86.33,0.42,0.966,4.31,5850,1.549,1.041,-0.103,285.895
3.7852503,0.049,4.26,20.1,0,650.4959,1445,89.26,0.12,0.13388791,3.2,6241,1.1,1.2,0.01,352.269
2.0180231,0.03144,12.97999965,721.4704839,0,818.5,1488,85.4,0.569,1.559,2.12304,5609,0.952,1.016,0.148,217.193
4.6657965,0.060118218,2.6667555,7.59,,313.0426,1264.36,,,0.0565,3.0411764,6365,1.0207,1.332089,,78.7577
18.09547,0.153,12.80065596,1598.359059,0.815,37.2117,688,89.14,0.27,0.41,2.627,6532,1.83,1.445,0.017,366.987
5.8768918,0.0675,12.22899794,530.7734397,0,425,1264,88.79,0.22,0.624,4.646,5706,1.419,1.186,0.387,277.899
3.6515568,0.0515,13.7646283,397.2855088,0.25,1370,1693,82.89,0.877,0.654,2.508,6370,1.56,1.363,0.045,597.774
3.8795105,0.0502,14.67255574,193.8753283,0.13,740,1451,89.33,0.1,1.148,3.799,6020,1.256,1.121,0.146,420.123
2.21778105,0.03138,10.5700688,99.16246298,0.078,334,1190,85.2,0.718,1.515,1.717,4930,0.788,0.837,0.283,154.715
8.1594667,,3.22,8.97,,245,1102,89.25,0.18,0.07571865,4.3972747,5844,1.228,1.023,0.03,96.7224
2.30458952,0.03559,15.9727975,435.4249176,0.047,2590,1984,88.3,0.16,1.022,3.65,6450,1.448,1.131,-0.366,645.294
3.119999,0.04289,23.53885947,375.0375203,0,841.3,1498,81.93,1.073,0.023,1.9008,5810,1.228,1.081,0.176,
4.417965,0.0485,5.3,26.4,0.035,130.1481,899,89.2,0.5,0.67901682,2.45,4969,0.719,0.78,-0.01,197.906
3.8212867,0.0481,11.02963701,565.7345645,0.105,308,1170,88.09,0.34,1.21,2.486,5550,0.918,1.015,0.384,226.63
3.936551,0.043,8.29464572,82.63538582,0.05,39,690,89.1,0.2,1.5461,2.2,3870,0.6,0.63,0.4,130.091
3.3462406,0.048,12.80065596,69.28659273,0.22,1258,1657,85.51,0.464,0.4576,4.176,5703,1.735,1.32,0.416,404.211
3.246075,0.0456,13.08088048,311.4718389,0,924.3,1534,87.9,0.27,0.85,3.482,5950,1.302,1.199,0.262,396.378
9.088516,0.0813,12.59889431,324.1849751,0,68.6,801,89.57,0.17,2.134,3.5568,5321,0.791,0.867,0.071,176.436
2.154849,0.027,11.32107051,222.4798849,0.03,54,750,88.7,0.26,4.95521823,1.66,3660,0.51,0.53,0.1,112.71
9.45469,0.099,10.77183045,236.7821632,0.087,593.3,1373,,0.1767,0.13549262,9.84,5259.9,2.9,1.441,0.084,396.213
115.5,0.524,13.4,669.3466251,,21.07,596,,,,,5259.9,2.9,1.441,0.084,396.213
297.9,0.984,13.6,445.5954266,,5.96,434,,,,,5259.9,2.9,1.441,0.084,396.213
3.438753,0.03845,12,85.3,0.14,55.4,759,86.76,,3.29144087,1.92,3913,0.62,0.64,0,181.139
4.6747373,0.043,5.14,14.95,0.11,19.1,582,88.1,0.6,0.9254,1.7,3576,0.5,0.52,0.099,79.7634
2.8989727,0.0421,18.49481816,330.5415433,0,1230,1646,80.81,1,1.36,1.78,5772,1.468,1.181,0.278,421.745
3.2443141,0.04611,13.13692538,352.7895318,0,1186,1633,82.79,0.808,0.613,2.779,5859,1.538,1.242,0.273,558.141
11.88865,0.099,10.87271128,187.5187601,0.221,138.065,1178,88,0.745,0.78,4.803,5905,1.2,0.89,-0.26,311.705
2.04360352,0.0325,13.59649359,171.6273398,0.083,949,1544,82.94,0.8141,1.397,1.825,5622,1.055,1.096,0.454,314.443
1.55745774,0.02539,5.53,53.7,0.0232,358.839,1539,89.15,0.135,0.39,1.409,5300,0.92,0.9,0.11,249.02
4.123596,0.0529,11.67975789,99.7981198,0.22,729,1445,83.97,0.824,0.55,2.784,5731,1.445,1.16,0.269,493.77
4.5445828,0.0361,6.43,32.59,0.06,6.29,441,89.81,0.089,3.55986327,1.6,3180,0.302,0.298,0.04,43.1448
4.33454,0.05354,15.27784069,260.6192937,0.05,546.903,1531,84.63,0.7,0.8978,3.595,6000,1.502,1.138,0.021,417.365
4.377303697,,3.14949237,10.1,,144.988,966,87.74842,0.503445,0.143,2.3689451,5110.91,0.747752,0.86,,181.653
3.4936264,0.0463,14.28024141,129.0383332,0,872.2,1512,85.64,0.544,0.885,3.557,5725,1.392,1.088,0.187,465.992
7.433234,0.0795,12.31866979,1233.174219,0.259,184.322,1198,86.98,0.835,0.695,3.854,6100,1.319,1.208,0.175,604.591
6.607662,0.0743,12.27383387,55.61997123,0,469,1295,87.28,0.505,0.562,4.517,5975,1.501,1.254,0.182,516.087
3.6089254,0.0494,14.4595851,187.5187601,0.16,1153,1621,81.95,0.928,0.67,2.359,5840,1.626,1.24,0.188,486.721
4.353326,0.041,7.9,44,0.23,16.7,563,89.5,0.18,2.174,2.01,3476,0.47,0.49,0.18,108.883
1.348335,0.0229,3.02,11,0.03,714,1441,88.1,0.19,0.12063536,1.77,4960,0.83,0.88,0.37,177.504
5.414654,0.058,5.93,20.31,0.03,112,907,88.8,0.31,0.49830756,2.77,4960,0.83,0.88,0.37,177.504
14.70886,0.113,6.18,38.15,0.07,30,650,89,0.51,0.50479326,3.6,4960,0.83,0.88,0.37,177.504
762,1.57,13.3,692,0.26,0.15,174,,,,,4960,0.83,0.88,0.37,177.504
5.884982346,,6.73756618,36.6,,282.509,1142,87.20391,0.51211,0.303,3.9572737,5662.53,1.17834,1.018,0.1007,274.436
2.509001995,,5.8462559,28.8,,609.961,1384,86.89273,0.384905,0.297,2.6675173,5640.37,0.991737,0.98,,571.615
3.307441,0.0322,1.32,2.08,0.032,19,584,87.6,0.73,0.10605716,1.05,3392,0.41,0.408,-0.02,31.0597
13.175682,0.0809,2.08,6.57,0.056,3,368,89.4,0.43,0.24793477,2.17,3392,0.41,0.408,-0.02,31.0597
3.1774835,0.04469,13.04725353,232.0147371,0,753.9,1458,87.82,0.328,1.1565,2.9842,6060,1.112,1.178,0.237,301.676
4.040295,0.05727,1.362,13.71,0.126,495.139,1241,88.3,0.21,0.01435196,3.074,6169,1.117,1.098,-0.08,62.7792
9.573083,0.1017,2.328,9.72,0.16,156.75,931,88.57,0.504,0.02880909,3.684,6169,1.117,1.098,-0.08,62.7792
56.3987,0.303,12.07,743.7184724,0.7484,22.3,556,89.39,0.15,0.906,3.82,6096,1.293,1.23,0.14,319.632
3.8016122,0.05222,13.57407563,457.6729061,0,1013,1570,85.7,0.584,0.749,3.4296,6202,1.438,1.313,0.182,334.993
4.0664428,0.04823,13.30506009,136.666215,0,223,1074,86.2,0.8,2.015,2.106,5281,0.859,0.905,0.168,205.387
4.6174141,0.06311,16.11851425,365.5026681,0.039,1212.0072,1669,88.75,0.184,0.9323,4.5122,6860,1.605,1.572,0.317,423.84
3.320729,,3.21,10.4,,586.762,1255,88.84,0.21,0.094,2.487,5724,0.95,1.16,0.11,240.737
4.461890341,,2.53823825,6.98,,459.495,1289,87.09296,0.498781,0.05,3.121989,5971.64,1.03963,1.1,,213.719
12.82282706,,2.92303762,8.87,,101.3929,809.32,88.73848,0.561674,0.07509057,3.2904383,5971.64,1.03963,1.1,,213.719
4.9019804,0.0336,2.43,6.48,,4.8,412,89.43,0.306,0.9115,1.3,3238,0.2347,0.2109,-0.27,69.3649
3.5819194,0.04,13.67495645,788.2144494,0.041,45.2,725,88,0.499,3.685,2.231,3794,0.63,0.61,0.52,189.011
5.197576,0.0554,2.64,6.7,0.13,154.57,922,85.68,0.942,0.04374376,1.09,5291,0.866,0.833,-0.044,74.7969
16.067541,0.117,5.09,14.1,0.19,34.32,635,88.353,0.7,0.29296501,2.755,5291,0.866,0.833,-0.044,74.7969
3.4913885,0.05018,10.68215861,165.2707716,0.17,1210,1642,85.77,0.555,0.4663,3.254,6370,1.434,1.382,0.294,346.881
9.151201,,2.4189,6.43,,55.3616,763.05,89.07,0.384,0.1074,2.616,5243,0.7934,0.9,,108.932
0.490047,0.0113,1.28,3.07,0,2120.4475,1862,84.3,0.34,0.029104,1.0123328,4850,0.731,0.78,0.2,32.5686
4.8494,0.052,1.49,2.83,0,,867,86.35,,,,4850,0.731,0.78,0.2,32.5686
12.46103,0.098,3.29,9.9,0,28.3588,633,89.7,0.15,0.20781426,3.3195777,4850,0.731,0.78,0.2,32.5686
2.9223,,16.81347105,143.0227832,0.068,3990.5716,2027.12,,0.24,0.57240177,5.5560255,6000,2.31,1.538,0.29,717.128
16.336351,0.0849,2.137,3.33,0,1.53,309.4,89.492,0.497,0.3487,2.08,3307,0.326,0.306,0.14,22.5455
7.587266,0.05092,1.251,1.55,0,4.24,399.5,89.64,0.21,,1.74,3307,0.326,0.306,0.14,22.5455
5.5382592,0.0519,2.329,7.3,0,27.8,639,88.83,0.382,0.14071119,2.182,3866,0.598,0.587,0.26,61.5204
10.688662,0.0804,2.349,4.8,0,11.6,514,89.61,0.2,0.15011726,2.854,3866,0.598,0.587,0.26,61.5204
2.118675923,,1.76689273,3.77,,144.7854,884.71,86.43493,0.537747,0.06648121,1.6776084,4278.45,0.69132,0.62,,77.7751
5.424019,0.04753,2.01,4.7,0.29,13.3328,488,88.68,,0.178,1.6,3528,0.4684,0.487,0.148,43.9662
4.378081,0.0579,15.10970598,304.1617855,0.045,430.9826,1162.08,80.3,0.605,0.16043825,8.4203321,4974,3.52,1.36,0.205,455.82
3.25352,,16.69017226,353.743017,0.018,2886.0903,1869.38,,,0.61150131,5.1923833,6020,1.976,1.372,0.16,645.158
5.921439953,,2.55505441,7.06,,48.1559,671.87,88.69912,0.45336,0.1221943,2.1223358,4467.38,0.687025,0.68,,155.501
30.08364,0.201,11.2089807,95.3485221,0.15,58.0054,904,88.48,0.887,0.54392108,3.9858103,6219,1.29,1.19,0.1,261.834
7.44628,0.0534,2.52,5.4,0.14,6,435,89.34,0.39,0.40457242,2.021,3422,0.372,0.368,-0.19,30.0346
17.9636,0.133,2.77,8.1,,23.4694,609,89.647,0.225,0.1056,3.761,5225,0.779,0.96,0.08,57.3973
1.8498567,0.029962645,1.7193265,3.6,,1194.2104,1638.82,,,0.01954102,2.518276,5834,1.01733,1.049133,,56.0739
2.8807198,0.04036,13.26022417,252.3557552,0,633,1395,83.82,0.88,1.311,1.85,5640,1.062,1.056,0.25,173.117
101.94054,0.416,14.01122587,1872.009317,0.24,130.528,427,89.95,0.08,1.352,12.002,5545,1.014,0.93,-0.06,121.139
1.1589,0.0164,2.82,8.35,,92.5,861,86.36,0.43,0.34706759,1.1688702,3400,0.451,0.452,0,80.6532
3.9540709,0.05448,14.60530185,397.2855088,0.083,1203,1639,86.85,0.394,0.669,4.27,6206,1.634,1.378,0.216,479.145
2.56699,0.03957,2.483,7.7,0.078,1001.28,1735,87.8,0.26,0.029,2.471,6210,1.309,1.247,0.18,132.214
5.18553,0.06323,4.03,23.2,0.023,346.626,1365,86.8,0.595,0.067,2.783,6210,1.309,1.247,0.18,132.214
2.42614,0.03392,2.691,7.71,0,548.0544,1234.03,87.4,0.396,0.0718,2.1344641,5315,0.92,0.89,0.16,342.605
82.97213,0.3569,11.09689089,1197.323175,0.032,0.2639,182.8,89.69,0.492,1.30677332,7.4967507,5315,0.92,0.89,0.16,342.605
40.5634,0.2219,13.6,450.2357214,0.0445,,,85,,,,5315,0.92,0.89,0.16,342.605
104.61611,0.456,8.2,20,0.09,23.5778,562.01,89.93,0.12,0.61114633,9.3317949,6260,1.04,1.11,-0.06,178.26
1.8587033,0.0274,1.84,4.7,0,786,1474,88.7,0.16,0.0396,2.059,5490,0.85,0.93,0.02,123.739
9.192463,0.0795,2.93,3.7,0,93,865,89.27,0.26,0.1048,3.461,5490,0.85,0.93,0.02,123.739
16.364962,0.1168,3.93,10.2,0,43.2,714,89.26,0.382,0.1803,4.094,5490,0.85,0.93,0.02,123.739
10.98090969,,2.75304932,8.01,,938.995,1542,88.92654,0.494968,0.086,2.9196155,5418.77,1.00145,1.017,,121.832
9.760422537,,2.34587608,6.11,,30.3621,653,89.18965,0.440713,0.079,2.2316268,5623.93,0.796628,0.979,,102.609
15.266446,0.118,12.17,637,0.461,42.2987,705,87.954,0.772,1.6186173,3.24,5433,0.86,0.949,0.05,193.499
0.3994445,0.008332353,0.9086617,0.689,,571.5072,1362.93,,,0.03308174,0.8028796,3702,0.485948,0.483901,,18.1037
5.879577,,1.77,4.9,,14.6089,511,88.7,0.32,0.13527622,2.2539712,3697,0.48,0.482,-0.24,28.384
9.95581,0.0994,11.85910158,473.5643264,0.101,1247.74,1655,86.9,0.31,0.1024,10.474,4896,3.55,1.31,0.23,215.986
0.30110032,0.0056255,1.11,1.83,0,263,1122,87.77,0.16,0.1258,0.6404841,3258,0.2869,0.2619,-0.07,27.2684
3.965991,0.0359,1.415,2.59,,15.77,554.16,88.64,0.47,0.12,1.39,3558,0.374,0.392,-0.09,31.6354
8.935479367,,1.77789214,3.81,,91.9624,789.81,88.87819,0.54742,0.04205298,2.1393243,5537.93,0.851957,1,,179.008
225.1064,0.768,12.53,732,0.76,3.2011,318,89.15,0.6,0.9961,4.32,6096,1.152,1.192,0.08,339.605
3990,5.219,12.8,1833.869908,0.122,,,90,,,,6096,1.152,1.192,0.08,339.605
8.623926304,,2.26974262,5.77,,119.0248,842.42,88.94141,0.526172,0.06751211,2.0612885,5951.32,0.878735,1.077,,182.249
31.034,,10.53644186,168.4490557,0.51,33.7343,614.66,,0.52,0.15721891,12.0587354,5190,2.5,1.34,0.17,383.846
13.11881174,0.1376,2.92922558,8.9,0,2310.43,1768,88.66116,0.467302,0.03772,4.4753758,7746.12,1.57458,2.018,0.21,225.181
82.6869,0.349,6.8,959.8417891,0.25,3.3159,347,89.76,0.39,0.65295765,7.54,5170,0.81,0.89,0.16,216.056
482.8191,1.152,9.42,2946.269333,0.21,48.3867,191,89.9,0.46,0.69281446,11.14,5170,0.81,0.89,0.16,216.056
3.9812091,0.05099712,2.550449,7.04,,603.6935,1380.27,,,0.0464,3.4681721,6011.9,1.15664,1.116795,,63.0637
7.24599,0.0888,11.67975789,4096.808166,0.325,1192,1677,80.21,0.9521,0.1528,2.854,6264,2.738,1.765,0.342,225.643
271.9445,0.847,3.2,123,0.117,1.56,268.57,89.888,0.33,0.04831689,11.45,5800,1.05,1.1,0.2379,95.2016
10.28391879,0.093013,2.933,8.92,,87.81,779.83,,,0.08651246,3.7225,5700,0.895,1.02,,168.248
2.685660152,,2.84326517,8.46,,854.2741,1378.86,87.17393,0.419868,0.06328098,2.2493108,5743.01,1.06715,1.1,,245.089
22.09341,0.173,8.18255591,1229.995935,0.074,192.5802,950.11,87.9,0.78,0.26336009,5.438,6560,1.72,1.41,-0.09,86.3501
4.703437646,,2.87998299,8.65,,50.104,741,87.46502,0.626301,0.139,2.1670415,4520.41,0.69375,0.703,,111.047
2.9089165,0.034,12.53164042,155.418091,0.023,55.6,695,89.79,0.045,4.516,2.137,3793,0.585,0.576,0.79,154.749
13.6308205,0.111,3.41,9.1,0,74.7,716,89.3,0.273,0.11791033,4.327,5289,0.98,0.901,0.24,68.192
12.19148,0.119,4.34,17.4,,44.7551,660,89.527,0.253,0.2275,3.063,5190,0.831,0.87,0.1,130.46
6.235633,0.074,10.9175472,61.65871096,0.12,775,1468,89.2,0.12,0.2908,5.813,6070,1.857,1.391,0.288,563.068
5.219241586,,3.95803201,14.8,,190.795,1035,88.42032,0.39611,0.15,2.6763556,5595.08,0.988751,1.01,,304.615
1.7452851,0.03216,15.22179579,1687.668841,0.024,3879.8071,2255,78.64,0.8857,0.751,1.9608,6740,1.55,1.452,0.11,492.888
4.28088,0.0555,12.44196858,734.1836202,0,783.2,1472,85.55,0.657,0.655,3.334,6058,1.409,1.242,0.207,328.802
3.5658116,0.0492,14.35870428,308.2935548,0.1,1310,1673,88.6,0.18,0.823,4.015,6390,1.451,1.25,-0.102,543.008
6.866196,0.077,2.85372018,20.8,0,531.521,1198.94,,0.469301,0.03340146,3.5709418,6174,1.4877,1.2793,0.164,54.5306
10.33111,0.097,11.09691,486.2799,0.153,253.126,1370,89.2,0.15,0.4577,5.626,5735,1.66,1.14,0.26,179.366
1.5227591,0.01808,8.7,86.7,0.008,42.5,694,88.5,0.29,5.806,1.231,3260,0.358,0.34,0.27,80.1423
2.765204702,,3.7197954,13.4,,33.0144,667,87.39169,0.587409,0.239,1.4486675,4201.57,0.639344,0.619077,,98.5958
10.60057,0.098,12.87,227,0.408,18.1082,894,86.35,0.827,1.292,2.9,5805,1,1.03,-0.13,299.89
6.781302415,,6.93277225,38.4,,310.079,1169,86.47959,0.63622,0.264,4.2251893,5624.72,1.15926,1.04,,413.757
25.867811,0.165,6.61,89,,40.4612,643,88.47,0.817,0.26128827,4.291,5504,1.163,1.012,0.326,345.659
7.479182,0.0726,12.34108775,572.0911326,0.182,115,919,88.11,0.639,1.541,3.528,5380,0.912,0.912,0.206,213.073
21.491984,0.1515,8.54124329,88.99195396,0.319,40,717.6,89.56,0.18,0.551,4.452,5640,1.055,1.005,0.165,329.304
0.548177,0.01189,1.166,1.42,0.063,1138,1617,82.09,0.53,0.02487,0.998,4440,0.678,0.74,0.12,47.3924
6.6356,,2.09,5.03,0.072,,,,,,,4440,0.678,0.74,0.12,47.3924
26.233,,6.35,33.12,0.016,,,,,,,4440,0.678,0.74,0.12,47.3924
61.3,,3.99,15.05,0.073,,,,,,,4440,0.678,0.74,0.12,47.3924
6.3085044,0.06614,6.25,32.7,,226,1040,89.53,0.13,0.38,3.144,5749,0.93,0.97,0.15,207.891
2.543371,0.0307,11.07447293,211.0380623,0.074,85.3,774,84.86,0.836,2.13,1.442,3793,0.656,0.632,0.43,203.352
10.24368,0.093,10.76062147,642.0133821,0.385,190.912,1056,88.18,0.921,0.941,2.999,5909,0.92,1.02,-0.15,204.429
23.443162,0.1481,3.48935569,16.14568308,0,12.8373,550,89.84,0.107,0.1439,4.882,4780,0.844,0.789,0.082,82.857
4.240122,0.051204842,2.54811,7.03,,254.588,1164.91,,,0.0842,2.388,5670,0.93,0.99665,0.09,43.1406
6.753581,0.073,6.6,32,,122.785,1180,85.91,0.871,0.174,2.2,5808,1.29,1.1,0.2,130.919
30.158577,0.2157,11.98240037,921.7023803,0.745,15.1027,976,85.2,0.43,0.2217,4.217,6160,2.333,1.469,0.065,392.259
7.18886,,1.54,3.57,0.02,127,1009,88.92,0.3,0.0246,3.31,5277,0.89,0.74,-0.11,67.3975
5.4588385,0.06519,4.74,20.2,0,467,1442,88.79,0.24,0.123,3.726,6150,1.241,1.24,0.18,160.414
17.8999,0.1439,3.86,14.2,0,96,971,89.23,0.34,0.0771,5.34,6150,1.241,1.24,0.18,160.414
5.2097118,0.05602,16.25302201,,,158.1646,904.48,86.02,0.98,1.13944692,1.6975678,5183,0.852,0.864,0.107,181.38
20.33003,0.158,11.88151954,1036.120607,0.091,49.5559,906,88.27,0.725,0.5936,4.87,6300,1.4,1.24,0.12,390.484
5.836394288,,1.54732112,3.01,,133.1006,866.29,88.27635,0.466723,0.02567045,2.6074961,5156.16,0.854084,0.9,,55.1788
4.280773256,,2.39729851,6.33,,177.537,1016,87.87557,0.504151,0.0447,2.1491878,5622.14,1.03315,1.003,0.204,151.465
12.214286,,5.351,24.8,,100.9112,808.37,,,0.16701311,4.8876935,5643.77,1.09457,1,0.415,197.243
3.8922295,0.0522,13.34989601,330.5415433,0.15,1053,1585,83.68,0.806,0.64,2.945,6060,1.53,1.25,0.208,480.155
1.2652328,0.0159,11.54525012,147.1545524,0.33,54,687,88.9,0.313,11.02156795,1.236,3322,0.35,0.335,0.27,115.557
1.630757,0.0199,11.6,343,0.02,49,737,88.21,0.402,6.805,1.4,3430,0.394,0.392,0,86.4493
1.54285047,0.0195,1.98,5.3,0,66,794,88.6,0.24,0.21544856,1.18,3544,0.421,0.42,-0.12,60.9425
4.5661061,0.0557,10.72699453,81.99972901,0.066,456,1286,88.59,0.24,0.662,3.71,5723,1.209,1.105,0.324,302.086
4.291452,0.0469,9.86,657,0,62,783,88.41,0.4,1.91807234,2.38,4230,0.708,0.739,0.41,377.483
4.0966692,0.05593,12.778238,743.7184724,0.035,1193.86,1772,88.3,0.19,0.48,4.783,6500,1.785,1.389,-0.104,609.388
4.872171,,5.22,23.7,,195.925,1042,,,0.218,2.584,5631,1.02283,1,,290.646
4.1509768,0.05134,11.60129502,3651.848396,0.1585,159.592,1244,86.07,0.666,1.153,2.3592,5790,1.021,1.037,0.254,377.054
2.02191,0.0279,12.64373023,412.8591007,0.034,102,809,88.87,0.199,4.403,1.884,3919,0.611,0.596,0.33,337.095
2.930289,0.034,11.9,170.4,0.38,34.6,675,88.8,0.32,5.083,1.94,3586,0.52,0.54,-0.03,162.229
6.387597,0.052,9.30345398,127.1313628,0,14.259,565,89.1,0.33,2.3994296,2.5660579,3659,0.54,0.53,0.376,148.762
2.262196,0.0295,9.86390302,190.6970442,0,198,1043,89.2,0.13,2.447,2.36,4610,0.65,0.67,-0.17,162.51
5.858858,0.073,13.09208946,1182.321674,0.33,429.794,1648,83.3,0.6,0.325,3.938,6240,2.19,1.483,0.03,629.161
4.07853,0.0506,2.83,8.4,,38.7885,695,89.25,0.3,0.453,1.561,3580,0.485,0.5,,61.171
2.3266508,0.0296,5.82,61.5,0,94.1,867,88.08,0.182404,0.78447831,1.75,3927,0.612,0.639,0.338,135.047
5.4233207,0.0604,16.6117094,184.0226477,0.055,554,1350,89.19,0.12,1.086,5.111,5692,1.462,0.998,-0.048,476.899
3.613659884,,4.02422162,15.3,,200.83,1048,86.1238,0.625349,0.178,2.5345785,5528.92,0.916633,0.945,,331.289
4.9394392,0.0628,15.07607904,270.154146,0.13,1004,1566,86.17,0.487,0.563,4.98,5990,1.842,1.35,0.208,532.629
3.792622,0.04041,10.60369574,130.9453037,0.054,38,689,87.15,0.7348,2.444,1.773,3747,0.588,0.612,0.425,138.367
3.317921,0.0369,10.2,127.4,0.03,44.5,719,87.9,0.51,2.501,1.95,3751,0.58,0.61,0.5,188.336
7.581367,0.0796,12.41955062,2094.489202,0.0165,321.879,1195,89.04,0.22,0.911,4.4856,6220,1.263,1.167,0.044,277.419
3.772292479,,3.48093238,11.9,,796.305,1479,85.82823,0.572896,0.047,3.1015343,6400.78,1.5621,1.343,,286.781
3.62156552,0.04856,14.70618268,155.1002626,0.072,817,1488,83.951,0.8835,1.172,2.223,6094,1.245,1.165,0.182,394.486
2.5946748,0.024335855,0.99,2.2,,3.3023,488,88.8,0.43,0.107,0.313,3440,0.3,0.292,-0.36,18.5226
10.590547,0.098,10.3,58.7,0.13,118.413,947,89.21,0.272,1.029,4.258,6000,1.051,1.146,0.09,130.855
4.77271,0.057,3.52,11.8,0.14,370.603,1242,88.4,0.34,0.092,3.127,6000,1.051,1.146,0.09,130.855
1.2391491,0.01223,0.903,0.674,0,23.4,611,86.8,0.772,0.23186594,0.4887749,3216,0.1895,0.159,,14.0022
5.377219,0.0619,9.10169233,8899.195396,0.094,580,1369,88.71,0.2,0.3206,4.668,5820,1.474,1.066,-0.012,346.141
1.548352,0.0225,2.018,2.89,0,240.195,999,,0.66,0.09264111,1.21,4169,0.623,0.631,-0.17,41.1166
50.089,,4.92,21.5,0.32,,,,,,,4169,0.623,0.631,-0.17,41.1166
2.024700732,,3.96824928,14.9,,53.3297,752,85.20792,0.661652,0.439,1.6549918,3750.17,0.553216,0.548138,,89.6811
3.15222,,1.4,2.54,,25.1137,624,88.6,0.391,0.1039767,1.4637784,3547,0.42,0.41,,45.0907
4.92126,,1.28,2.18,,13.8663,536,88.8,0.449,0.08845792,1.4072515,3547,0.42,0.41,,45.0907
11.62592988,,4.1287378,15.9,,95.1955,870,88.9351,0.439068,0.084,3.5190646,6088.71,1.32375,1.244,,248.654
8.592258108,,2.65362762,7.53,,86.6267,778.1,88.58827,0.448031,0.08855569,3.3731655,5483.65,0.835682,0.963,,135.459
5.653965943,,2.52763693,6.93,,34.3229,617.33,85.15757,0.815418,0.12231789,2.8984183,4208.45,0.662052,0.636083,,90.9985
75.12375,0.332,11.30986153,419.5334972,0.018,9.6,441,89.643,0.419,1.1171,8.599,5700,1.058,0.89,-0.21,348.849
8.79758977,0.0712,9.75,112,0.072,12.92,528,89.01,0.43,2.309,2.76,3790,0.594,0.619,0.42,186.562
14.574071,0.1291,12.17295304,1147.360549,0.298,248.8554,1061,86.24,0.9073,0.557,2.705,6466,1.496,1.349,-0.004,402.63
6.9839095,0.0723,12.22899794,1910.148726,0.151,404.915,1180,89.08,0.23,0.8276,5.1502,5925,1.233,1.026,-0.069,233.266
2.6085846,0.03935,17.14974047,285.7277379,0.062,1712,1789,81.14,0.941,1.26,1.985,6237,1.393,1.194,-0.013,597.026
5.990025539,,4.73740402,20.1,,24.7628,621,89.07971,0.3338,0.368,2.2315303,4417.3,0.743344,0.645,,136.955
5.436915039,,7.1888212,40.9,,833.218,1496,87.23046,0.421654,0.102,4.5164437,6137.02,1.91334,1.21,,547.948
5.913404548,,2.52611303,6.92,,33.3499,669,87.82608,0.607475,0.098,2.3829991,4583.79,0.736044,0.68,-0.0269,95.0735
0.4465697,0.01064,1.397,2.02,0,4709,2319,87,0.14,0.0294,1.308,5342,0.843,0.806,-0.41,85.799
10.778838,0.0889,2.865,5.93,0.023,67.5,802,89.61,0.15,0.113,3.739,5342,0.843,0.806,-0.41,85.799
25.71268,0.1587,2.615,13.33,0.111,21.2,600,89.51,0.36,0.11514547,4.73,5342,0.843,0.806,-0.41,85.799
77.144,0.33,2.517,12.4,0.074,4.89,416,89.864,0.19,0.09146282,7.138,5342,0.843,0.806,-0.41,85.799
4.172213289,,3.21759316,10.4,,74.1594,817,87.46899,0.51439,0.198,2.5105996,4553,0.734919,0.674,,223.016
2.002849,0.0272,10.78,624,0,137,939,88.13,0.34,2.50765147,1.66,3996,0.646,0.666,0.14,390.415
3.3903473,0.04201,2.314,9.4,0,251.103,1136,89.41,0.114,0.0667,2.392,5327,0.82,0.858,-0.023,101.913
7.885385,0.07374,2.474,4.8,0,96.429,857,89.58,0.143,0.762,3.165,5327,0.82,0.858,-0.023,101.913
13.731468,0.1067,3.584,4.9,0,157.055,712.6,89.69,0.153,0.1599,3.85,5327,0.82,0.858,-0.023,101.913
21.489936,0.1439,3.247,8.9,0,21.9904,613.8,89.405,0.391,0.1312,4.18,5327,0.82,0.858,-0.023,101.913
45.37,0.2366,3.66,13,0,,478.5,,,,,5327,0.82,0.858,-0.023,101.913
3.221184525,,2.37117553,6.22,,937.884,1541,84.95769,0.549834,0.0536,3.4226387,5385.64,0.933361,0.934,0.135,134.047
2.2035373,0.0272,10.42,588,0,77,837,88.19,0.36,2.828,1.67,3896,0.54,0.556,-0.27,306.144
1.651144,0.02734,11.43318,464.98529,0.072,1423,1714,78.38,0.994,0.92,1.0272,5640,1.088,0.998,0.143,199.581
47.73022,0.249,4.91,20,0.14,3.8369,513,89.83,0.17,0.24,6.96,5485,0.938,0.905,0,165.393
2.94815527,0.03379,10.3,124,0.128,50.3,742,87.05,0.714,2.409,1.68,3713,0.57,0.6,0.47,226.318
3.771116,,3.2274,10.5,,125.0643,949.07,88.94,0.424,0.1647673,2.3375061,4590,0.7575,0.73,0.428,89.637
10.441989,0.06008,1.77,3.78,0.24,2.2554,347.2,89.37,0.44,0.292,1.75,3225,0.2992,0.2653,-0.03,40.8668
6.7663,,0.96,0.84,,3.4093,400,89.4,0.41,0.19983739,1.0575063,3436,0.22,0.19,-0.54,39.4122
1.4344555,0.018288,1.09,4.3,,41.7,708,89.3,0.14,0.0725,1.02,3325,0.383,0.383,0.03,35.8256
5.491125215,0.062186,2.554,7.05,,338.95,1093.03,,,0.04484516,1.8868,5874,1.106,1.06,,108.848
11.49761,,1.31,2.27,,3.512,382,89.83,0.117,0.08431062,2.3907993,3419,0.37,0.36,-0.12,54.7045
6.1841876,0.05921,2.1,9.1,,56.3778,688,89.88,0.04,0.10523509,2.39,4750,0.639,0.724,-0.13,32.5102
0.64899,,1.56,3.05,,493.4827,1311,84.5,0.435,0.06155445,1.1178232,3949,0.58,0.57,,92.3604
6.917161774,,3.09551273,9.78,,21.9209,602,84.30761,0.934096,0.125,2.5609922,4408.03,0.671912,0.658,,114.277
12.779107,0.114,8.54,73,,374.462,1040,88.9,0.33,0.3008,4.6,6235,1.36,1.23,0.08,192.475
6.340758,0.064,1.528,3.72,0.061,175.1,910,87.94,,0.033,3.341,5615,0.87,0.87,-0.32,97.614
16.213362,0.1197,2.272,6.4,0.046,49.8,667,89.6,,0.053,3.551,5615,0.87,0.87,-0.32,97.614
2.76369,0.03608,1.26,2.12,0,,1201,,,,,5185,0.833,0.821,-0.12,20.4581
12.927748,0.1009,2.86,5,0.067,8.7194,718,88.02,0.903,0.079,2.019,5185,0.833,0.821,-0.12,20.4581
29.65,0.1756,1.91,4.29,0.096,,545,,,,,5185,0.833,0.821,-0.12,20.4581
62.98,0.2901,3.43,11.61,0.071,,424,,,,,5185,0.833,0.821,-0.12,20.4581
6.1406325,0.064,5.62,23.66,0.25,240.6761,1136.78,88.54,0.29,0.24694322,3.407,5715,1.082,0.901,-0.27,156.53
4.164507,0.0348,1.733,3.65,,11.91,505,89.15,0.346,0.26122397,1.3522,3452,0.321,0.325,0.01,27.8123
14.010449,0.0782,1.76,3.75,,,337,89.317,0.624,,1.73,3452,0.321,0.325,0.01,27.8123
2.6278838,0.0344,2.46,9.5,0.3,274.163,1108,85.08,0.903,0.07312083,1.2,4850,0.773,0.778,-0.04,42.9052
5.38305,,3.2732,10.7,,73.722,678.87,89.3,0.349,0.1078,1.382,5134,0.7625,0.87,,84.0126
15.61031,0.1223,3.08,10.3,0.2,126.8632,950,88.72,0.41,0.04671437,6,5770,1.427,0.97,-0.24,80.7542
7.148972,0.0804,11.46678726,6995.403238,0.0339,4792.5,1515,88.56,0.19,0.19,7.126,5920,2.26,1.334,0.18,416.104
2.367128,0.0262,11.35469745,226.6116542,0.09,51.7,683,89.2,0.158,4.87,1.774,3613,0.48,0.477,0.09,199.724
3.811227942,,7.56807148,44.6,,157.644,987,87.78678,0.486444,0.656,2.2838641,5388.92,0.890046,0.946,,275.103
2.260424,0.0308,3.82,14,,249.273,1077,88.85,0.19,0.268,1.915,4650,0.712,0.744,0.07,114.035
0.448959,,0.94,0.779,,258.7482,1120,87.05,0.24,0.06748277,0.7637477,3419,0.38,0.37,,75.7664
10.904821,0.05722,1.65,3.36,0.15,1.6823,321.4,89.68,0.26,0.387,1.657,3229,0.2432,0.2101,-0.18,32.0266
0.8574347,0.010777,1.03,4,,41.5,707,87.2,0.45,0.1517,0.65,3075,0.242,0.23,0.3,23.1008
4.023687,0.055,13.67495645,371.8592362,0,940,1890,,,0.8925,5.7,6110,1.51,1.31,0.28,364.715
5.7987,,14.39233122,519.6494454,0.091,806.794,1484,,,0.2387,5.684,6223,2.338,1.548,0.37,603.119
2.576184,0.02949,11.92,254,0.04,43,714,87.06,0.674,4.99042529,1.56,3635,0.489,0.514,-0.09,117.992
5.8267311,0.069,6.41,78.5,,716,1439,88.96,0.16,0.1274,5.042,6110,1.648,1.291,0.124,179.147
26.04945,0.1651,4.55,28.9,,22.4,605.6,88.955,0.738,0.2259,3.662,5445,0.879,0.885,0.104,72.4731
88,0.3721,10.5,77.9,,4.42,403.5,90,,,,5445,0.879,0.885,0.104,72.4731
7.501428,0.0763,2.64,12.5,0.164,570,1360,88.59,0.24,0.0213,5.65,6047,1.662,1.107,-0.07,79.407
12.563636,0.1079,2.82,9.3,0.332,285,1143,88.82,0.28,0.0243,6.62,6047,1.662,1.107,-0.07,79.407
8.055623481,,3.32424168,11,,168.812,919.33,88.0835,0.515585,0.09138622,3.5651667,5775.46,1.06221,1.01,,188.183
1.3888725,0.01541,1.18,1.76,,26.8,634,87.3,0.608,0.1531,0.7,3200,0.259,0.254,0.11,31.4566
5.690476,0.0599,4.8704,21.1,,39.9451,700,85.6909,0.9451,0.147,1.107,5660,1.021,1.03,0.0895,151.738
8.538878,0.0786,4.8326,20.8,,63.3913,786,87.2,0.8057,0.173,2.337,5660,1.021,1.03,0.0895,151.738
2.392679,0.036,14.3474953,333.7198274,0.036,1150,1750,,,1.3405,2.42,6110,1.51,1.31,0.28,220.882
4.6615983,0.0678,18.97680433,138.2553571,0.39,1286,1666,86.73,0.476,1.1972,4.241,6850,1.732,1.449,-0.1,360.408
5.0988179,0.04825,3.76,13.6,0.22,20.8,603.6,87.47,0.887,0.393,1.36,3708,0.55,0.577,0.35,33.0231
6.402513,0.0708,9.2362001,96.30200732,0.42,602,1388,86.62,0.629,0.38149509,3.907,6400,1.415,1.313,0.09,123.297
3.855219,0.04018,5.07,22.6,,41.8646,714,88.68,0.345,0.6624,2.0141,3895,0.576,0.582,-0.12,133.122
0.23818244,,1.079,1.44,0,588.9944,1256.46,74.4,0.84,0.04939764,0.4763536,3421,0.37,0.353,-0.14,20.3167
3.4095675,0.0486,11.88154,2011.8639,0.072,1052.9,1586,88.41,0.23,0.657,3.7824,6250,1.345,1.311,0.258,178.68
1.054262442,,1.92416074,4.36,,4181.02,2240,85.04992,0.481989,0.0423,1.3052791,4533.23,0.874219,0.65,-0.09,57.7451
9.485236,0.0761,11.59,2493,0.02,14.28,541,89.03,0.45,3.2417,2.918,3977,0.609,0.644,0.44,152.219
0.279221,,1.059,1.17,0,284.211,1216,74.6,0.75,0.0779,0.409,3247,0.293,0.269,-0.32,20.5488
6.8500246,0.05763,10.89,3179,0.34,9.97,495,88.41,0.52,3.3133,2.23,3539,0.49,0.531,0.08,139.042
1.79058695,0.02292,11.29,331,0.05,51.3,745,88.8,,4.7315,1.54,3444,0.457,0.458,,171.319
9.531761103,,2.75958542,8.04,,39.0679,696,88.49024,0.549511,0.1095,3.1045696,5008.2,0.766023,0.835,,186.229
5.003777,0.06608,19.2794468,181.162192,0.013,1150.12,1816,81.79,0.904,0.739,3.696,6460,2.082,1.536,0.072,341.997
6.961508,0.0753,11.93756445,2606.192937,0.078,106.619,1213,85.8,0.849,0.649,2.7504,6020,1.312,1.165,0.24,634.712
14.844261,0.131,8.47398941,54,0.2,28.1152,745,88.95,0.51,0.7245,3.528,5910,0.897,1.03,,386.879
34.005019,0.1136,4.6,19.2,,0.0003,204.4,89.898,0.186,3.4206,2.9,3230,0.234,0.23,-0.53,38.6057
1.527561,0.01944,2.378,8.71,0,65,794,88.28,0.29,0.28924228,1.2,3521,0.43,0.419,0.12,57.7553
18.18424,0.134,10.98480109,235.1930212,0.67,20.0861,833,88.19,0.811,0.9343,3.696,5463,1.01,0.97,0.36,320.527
2.598902,0.0295,2.27,4.45,,49.1,674,89.14,0.19,0.19532615,1.6635706,3681,0.512,0.514,0.07,64.2308
4.6955507,0.0437,2.26,3.65,,22.3,553,89.3,0.23,0.19691017,2.1638721,3681,0.512,0.514,0.07,64.2308
7.1027268,0.0576,1.92,5.2,,12.9,482,89.6,0.17,0.13177158,2.7542652,3681,0.512,0.514,0.07,64.2308
5.056973,0.0633,5.09,61,0.091,817,1493,84.93,0.662,0.0784,3.61,5940,1.721,1.323,0.225,212.128
5.450606616,,5.83507112,28.7,,2.09,334,86.80386,0.463234,0.0917,4.6304467,6572.28,1.57167,1.45,,340.52
3.945152,0.048,2.58606487,10,0,388.2,1124.85,85.78281,0.338682,0.0841,2.8712193,5597,0.9882,0.9245,0.001,142.867
131.125,0.512,11.67975789,197.0536123,0.537,182.3533,467,89.483,0.618,0.32811686,11.06,5890,1.385,1.047,-0.008,312.903
80.389,0.402,9.52763359,66.74396547,0.04,85.9385,599,90.62,,0.23154424,8.6668849,6400,1.517,1.338,0.2,282.536
242.4,0.838,13.6,460.8511902,0.022,,415,90,,,,6400,1.517,1.338,0.2,282.536
5.320059268,,2.32645266,6.02,,150.91,976,87.96658,0.50951,0.0955,2.5453885,4705.1,0.75309,0.75,,85.8463
3.834793638,,5.72673066,27.8,,1226.7862,1509.43,87.16688,0.396029,0.11123389,3.5182216,6289.49,1.58202,1.14,-0.0801,641.467
4.7185898,0.0319,0.982,0.911,0.88,4.4,369,89.45,0.27,0.17348674,1.237,3110,0.231,0.223,0,18.8873
3.633581,0.0376,5.31,50.9,0,39.8,699.5,88,0.51,0.8668442,1.8,3810,0.54,0.54,-0.14,66.9071
1.977143,0.025,5.25,23.6,0,38.4,635,87.21,0.624,1.3877306,1.1104153,3514,0.42,0.42,0.17,46.0851
11.2365985,0.1041,13.11450742,392.2002542,0.46,37.6345,1252,85.77,0.709,0.9414,2.535,6295,1.28,1.181,0,141.812
6.8392388,,3.74186,13.5,,234.46,1090,,,0.1213,4.176,5085,1.08,0.85,0.27,83.1548
3.37077196,0.02604,9.5836785,53.39517238,0.029,5.54,417.9,89.58,0.177,16.65899107,1.422,3007,0.2276,0.207,0.142,73.8131
4.020741274,,3.63524486,12.8,,124.569,930,88.36018,0.42146,0.1556,1.9852161,5170.87,0.947112,0.834,0.03,190.042
8.607887136,,2.35859364,6.16,,117.5495,839.8,88.54166,0.461102,0.05550622,3.344179,5681.95,0.968149,0.97,,93.7714
9.977219,0.0677,0.914,0.704,0.075,4.98,417,89.6,0.24,0.04598525,2.17,3459,0.421,0.415,-0.07,31.1265
16.051137,0.0929,2.6,7.27,0.068,2.64,356,88.903,0.899,0.27685212,1.42,3459,0.421,0.415,-0.07,31.1265
37.42396,0.1633,1.073,1.25,0.042,0.85,268.8,89.8,0.29,0.0613,3.314,3459,0.421,0.415,-0.07,31.1265
27.80978,0.134,0.953,0.818,0.059,1.27,272.9,89.6,0.47,0.04068233,2.777,3459,0.421,0.415,-0.07,31.1265
0.840690414,,4.94735276,21.7,,1679.35,1783,81.41727,0.533704,0.2554,1.6702296,5116.06,0.95255,0.88,,410.467
2.3206612,0.0287,3.71,13.3,,42.4124,872,86.1,0.744,0.2935,1.227,4080,0.564,0.583,-0.11,184.12
9.691,,11.43316031,114.4182265,0.04,143.259,882.37,,0.2,0.05129618,15.7960068,4700,4.1,1.07,0.25,439.52
9.531361,0.07928,2.049,4.85,0.54,22.6,650,88.22,0.41,0.0768,1.735,4622,0.674,0.732,-0.02,58.6212
51.69906,0.2447,2.701,7.76,0.089,3.08,369.9,89.78,0.28,0.1346,4.843,4622,0.674,0.732,-0.02,58.6212
84.8396,0.3405,2.474,6.68,0.073,1.6,313.6,89.817,0.34,0.113,5.702,4622,0.674,0.732,-0.02,58.6212
2.65206166,0.02603,13.2,224,0.078,20.6,593,89.25,,12.6188,1.7256,3363,0.351,0.344,-0.08,126.126
19.288004,0.083,1.55,3.02,,0.67,234,89.856,0.195,0.448,1.98,3075,0.24,0.225,-0.25,42.4048
3.89489712,,2.40821473,6.38,,116.253,914,86.87115,0.618573,0.1071,2.2083903,4673.03,0.670748,0.755,,144.751
12.92063621,0.06191,2.01,4.7,0,1.07,249,89.8,0.2,0.6776,1.75,3099,0.222,0.19,-0.2,35.4153
4.884765,0.0618,1.992,5.72,0.046,207.1,1055.8,88.85,0.29,0.0478,2.61,5585,0.949,0.956,-0.04,75.2092
6.264498037,,2.09469416,5.04,,53.9635,755,87.78022,0.605823,0.078,2.5698706,4586.87,0.666066,0.721,,157.217
6.2340258,0.0439,3.56,12.4,0.4,4.9,378,88.79,0.611,1.38993556,1.452,3185,0.319,0.318,0,66.7902
11.530869,0.1019,7.31,18.1,0.0572,1678.5119,878,90.03,0.18,0.38813139,4.8139956,5720,1.035,1.063,0.25,249.006
22.5687423,0.1595,10.81,131,0.0091,92.4087,702,90.11,0.14,0.5726021,5.2019019,5720,1.035,1.063,0.25,249.006
48.864468,0.2672,10.52,190,0.04,20.6036,542.4,89.312,0.681,0.42205663,4.974589,5720,1.035,1.063,0.25,249.006
1.2392495,0.018,2.81,9.83,0,127,934,85.53,0.589,0.29173715,1.1,3657,0.505,0.505,0.196,86.1759
149.4,0.439,13,1287.205048,0.445,0.24,194,,,,,3657,0.505,0.505,0.196,86.1759
17.46819,0.122,2.5,10.5,0.39,24.3644,641,89.5,0.3,0.0926,3.72,5278,0.78,0.8,-0.27,60.3418
3.4716826,0.03418,8.33948164,79.77493016,0.083,17.0012,555.4,87.5,0.7556,3.06246435,1.389,3266,0.425,0.442,0.357,98.4458
5.6057,0.06,2.28,9.79,0.04,182.935,1038,87.9551,0.51,0.07011882,3.050597,5450,0.897,0.917,0.01,95.1274
12.2737,0.1011,2.63,9.32,0.04,64.3196,800,,0.51,0.08694629,3.8398889,5450,0.897,0.917,0.01,95.1274
2.3260155,0.0208,1.36,2.47,0.055,14,543,89.3,0.22,0.32797891,0.96,3370,0.232,0.22,-0.13,25.2788
7.61,0.046,1.5,2.87,0.065,3,365,,,,,3370,0.232,0.22,-0.13,25.2788
8.24662,0.0653,1.798,5,0.052,11.5,520,89.41,0.26,0.0909,2.382,3725,0.547,0.542,-0.21,27.1701
15.665323,0.1001,2.047,6.9,0.089,4.9,420,89.49,0.35,0.1177,2.932,3725,0.547,0.542,-0.21,27.1701
4.633611,0.06,15.4,878,0.21,734.672,1561,84.7,0.61,0.766,3.76,6643,1.71,1.4,0,161.743
8.0240015,0.0578,2.734,19.1,0.19,5.91,435,88.98,0.46,0.40100578,1.7082731,3370,0.413,0.397,0.34,52.5122
2.7970365,0.038,1.93,9.67,0,413.894,1256,88.6,0.22,0.0481,2.185,5558,0.907,0.91,-0.13,64.5997
5.545191397,,2.06631784,4.92,,199.6326,958.69,87.76971,0.59983,0.04390186,2.2742603,5662.81,0.915519,1,,158.526
9.73944854,,2.20344362,5.49,,60.3881,710.98,88.42319,0.518328,0.06417241,3.4986254,5078.2,0.833198,0.87,,98.1848
83.8911,0.423,6.71,36.4,0,23.1,610,89.64,0.3,0.12176723,13.16,5907,1.94,1.32,0.1,263.145
11.197259,0.0903,2.94,7.6,0.2,36.9,686,89.36,0.279,0.1301,3.379,4869,0.77,0.776,-0.09,59.7117
34.976145,0.193,2.62,23.5,0.22,8.03,469,89.107,0.839,0.1004,2.97,4869,0.77,0.776,-0.09,59.7117
1.392978,0.02177,2.926,18.467,,412,1253,83.65,0.745,0.149,1.15344,4600,0.695,0.71,-0.092,63.9262
1.0418777,0.0171,1.27,2.15,,270.0682,1118,,0.31,0.04653854,1.2737667,3920,0.6,0.61,,41.7148
3.81673,0.0422,1.704,4.53,0.053,78.838,871,87.57,0.58,0.058,1.805,4552,0.665,0.678,-0.284,27.5024
8.59545,0.075,2.587,9.6,0.078,26.707,665,88.7,0.53,0.114,2.486,4552,0.665,0.678,-0.284,27.5024
8.3249113,0.0888,9.16894621,120.4569663,0,164,995.3,87.097,0.92,0.4535,1.983,5995,1.052,1.142,0.01,142.488
0.765548,0.0155,3.64,41.8,0,2314.06,1932,86.8,0.21,0.141,1.57,5257,0.97,0.97,0.19,225.734
3.2797178,0.04435,14.06727078,349.6112477,0.15,908.9,1529,86.8,0.419,0.974,3.6024,5842,1.308,1.081,0.153,250.489
14.362565,0.1054,1.664,3.41,,24.78,621,89.26,0.3,0.045,4.032,4929,0.719,0.758,-0.07,68.0473
6.3872703,0.0635,4.95,21.7,,73.9967,805,88.2,0.517,0.351,2.343,5050,0.83,0.87,0.23,60.6679
2.57571,0.0349,2.19,5.43,,301.8661,1085,87.8,0.35,0.07396008,1.97,5050,0.83,0.87,0.23,60.6679
10.05771849,,7.17166228,40.7,,91.5488,861,88.73944,0.443179,0.486,3.692482,5713.15,1.01477,1.003,,102.637
10.62656,0.092,11.99363,301.9385,0.125,571.007,1397,88.2,0.43,0.753,5.415,6261,1.39,1.28,0.24,340.543
10.8772,0.056,2.426,6.46,,8.3169,429.43,88.19,0.714,0.18272189,3.65,3770.2,0.527,0.557,0.022,46.0891
83.9997,0.312,2.167,5.34,,0.5449,217.26,89.83,0.373,0.18565913,5.04,3770.2,0.527,0.557,0.022,46.0891
3.739494,0.04666,13.125739,211.99261,0.024,337,1192,85.68,0.816,1.718,2.028,5570,0.918,0.968,0.14,158.649
4.5849129,0.055225481,9.6158851,67,,1729.6714,1846.6,,,0.21010683,5.2493974,6272,2.059789,1.069357,,312.529
3.183792,0.041657,3.186,16.137,0.132,80.884,1317,86.475,0.536,0.08502084,2.457,5626,1.028,0.95,0.08,175.748
4.6780691,0.041,1.93,5.1,0.58,15,551,88.7,0.34,0.20292391,1.7,3572,0.419,0.418,-0.19,26.1072
11.098644,,2.4528,6.59,,35.2422,712.01,89.1,0.387,0.11593892,3.3747201,4969,0.7325,0.82,-0.133,65.1769
5.128719076,,3.53409617,12.2,,426.7683,951,86.57555,0.756859,0.08094473,2.1590444,6011.66,1.14165,1.13,-0.0579,294.015
5.830153669,,2.68983343,7.7,,59.7261,774,88.19577,0.455358,0.131,2.865684,4457.16,0.717414,0.7,,114.421
8.807338822,,4.82401567,20.8,,220.735,1073,88.78333,0.319878,0.17,4.4337516,5829.42,0.985134,1.1,,215.034
8.514608888,,6.51165317,34.6,,166.575,1000,89.08482,0.270496,0.326,3.9173097,5745.88,1.1849,1.078,,263.386
4.32421,0.04866,3.89,16,0.34,261.858,1120,89.966,0.05,0.148,3.4032,4969,0.894,0.822,-0.221,152.601
10.156272,0.08598,4.67,37,0.32,,,89.16,0.149,,1.91856,4969,0.894,0.822,-0.221,152.601
3.6849729,0.04963,9.550068,55.30242,0.14,1393,1526,84.4,0.56,0.207,5.09,5710,1.892,1.201,0.215,238.768
1.8237305,0.02636,2.765,9.1,,188,941,86.75,0.48,0.1435,1.519,4435,0.671,0.734,0.175,77.2554
1700,2.52,12.4,3591.460999,0.628,0.0208,96.4,,,,,4435,0.671,0.734,0.175,77.2554
1.510826,0.01154,1.116,1.374,0.00622,4.153,397.6,89.728,0.095,0.7378,0.601,2566,0.1192,0.0898,0.052,12.42988881
2.421937,0.0158,1.097,1.308,0.00654,2.214,339.7,89.778,0.109,0.7123,0.7005,2566,0.1192,0.0898,0.052,12.42988881
4.049219,0.02227,0.788,0.388,0.00837,1.115,286.2,89.896,0.063,0.3676,0.8145,2566,0.1192,0.0898,0.052,12.42988881
6.101013,0.02925,0.92,0.692,0.0051,0.646,249.7,89.793,0.191,0.5012,0.9293,2566,0.1192,0.0898,0.052,12.42988881
9.20754,0.03849,1.045,1.039,0.01007,0.373,217.7,89.74,0.312,0.6465,1.048,2566,0.1192,0.0898,0.052,12.42988881
12.352446,0.04683,1.129,1.321,0.00208,0.252,197.3,89.742,0.379,0.7555,1.137,2566,0.1192,0.0898,0.052,12.42988881
18.772866,0.06189,0.755,0.326,0.00567,0.144,171.7,89.805,0.378,0.3375,1.269,2566,0.1192,0.0898,0.052,12.42988881
,52,12.7,108.0616584,,,316,,,,,3509,0.917173,0.46,,33.9958
193.2,0.66,12.7,1938.763,0.08,,,,,,,4679,9.99,1.04,-0.38,613.422
198.4,0.69,13.3,794.5,0.06,,,,,,,4806,6.85,1.15,-0.2,672.41
559.3,1.37,12.5,3178,0.048,,,,,,,4806,6.85,1.15,-0.2,672.41
691.9,1.22,12.5,104.8833743,0.05,,,,,,,3734,0.495,0.498,0.08,15.4744
562,1.414,13.1,1086.9786,0.098,,,,,,,4776,5.9,1.19,-0.06,490.61
26.468,0.21,12.8,1716.282,0.036,,1350,,,,,5130,6.26,1.87,-0.08,477.516
101.54,0.422,12.4,3426.2074,0.28,,,,,,,4300,16.21,0.97,-0.07,464.128
,146,12.1,6928.659273,0.44,,,90.6,,,,4573,0.953811,1,,94.6177
,320,12.3299,1906.98,,,1240,,,,,4573,0.953811,1,,94.6177
4.90634,0.0259,1.05,1.16,0.03,1.08,277,,,,,3034,0.12,0.097,-0.11,3.83078
11.416,0.0455,1.02,1.05,0.04,0.35,209,,,,,3034,0.12,0.097,-0.11,3.83078
26.13,0.0791,0.954,0.82,0.07,0.12,159,,,,,3034,0.12,0.097,-0.11,3.83078
3.03007,0.03925,12.66617,266.9772,0,318.4582,1140,90,0.191,1.8,2.508,5230,0.85,1.04,0.02,159.658
2.47063,0.03568,15.24424,473.5667,0,903.864,1466,83.57,0.84293,1.6,1.74259,5850,1.12,1.36,-0.15,215.32
1.30618581,0.02282,14.975,607.03,0,1025.5022,1638,81.85,0.84,2.739,1.4177746,5650,0.829,0.928,-0.19,231.337
3.55395,0.05084,18.04649,247.9074,0,2276.295,1778,82.81,0.755,0.98,3.6341388,6200,1.66,1.08,0.14,515.98
1.48224686,0.02459,13.383546,568.9157,0,442.993,1480,84.27,0.577,2.192,1.595,5171,0.868,0.901,0.2,360.313
,6100,12.1,6674.396547,,,,,,,,3864,0.564484,0.61,-0.95,52.5829
,19000,12.1,6674.396547,,,,,,,,,,1.19,,39.9089
,4.18,13.7,407,,,,,,,,,,0.81,,6300
,670,12.3,4449.62,,,,,,,,2700,0.345365,0.06,,144.019
,3500,12.3,4767.45,,,2240,,,,,3410,0.668108,0.33,,140.635
,2880,12.2,5085.28,,,2270,,,,,3460,0.710071,0.36,,137.901
5840,5.9,,2002.2,0.04,,,,,,,5286.9,,0.7,,239.6038748
1916.25,2.8,,2447.2,0.05,,,,,,,5286.9,,0.7,,239.6038748
1170,1.7,13.1,1017.056,0,,,,,,,29300,0.23,0.5,,1195.98
24.140006,0.1685,9.41,13.1,0.0079,33.2,666,88.759,0.26,0.5,6.45,4970,1.32,1.1,0.1,108.199
8.249164,0.0824,5.08,4.7,0.0094,146,953,88.49,0.36,,4.89,4970,1.32,1.1,0.1,108.199
12.401394,0.1081,6.53,6,0.0087,85,831,89.04,0.21,,5.57,4970,1.32,1.1,0.1,108.199
48.677714,0.2689,10.17,15.3,0.0124,10,527,89.4,0.61,,7.56,4970,1.32,1.1,0.1,108.199
,71,87.20586985,6356.56814,,,2100,,,,,,,0.45,,
4.927,0.057,14,222.481,0,,,55,,,,4250,2,1,-0.08,130.111
5800000,350,13.67495645,5085.254512,0.68,,1194,24,,,,2620,,0.07,,12.7
2.5199454,0.03889,16.623,271.415,0,2121.5175,1812,90,0,1.24293725,3.7121363,6110,1.47,1.24,0.17,393.072
3.0927616,0.03781,12.106,1001.12,0.0473,174.0323,1370,88.49,0.299,2.525,2.2271,4675,0.698,0.75,0.03,140.998
2.84938,0.04574,14.90797,400.4658,0,5502.8822,2190,82.6,0.59,0.76,3.753,6900,1.57,0.77,-0.03,364.411
3.58572,0.05057,16.02887,162.0933,0,1089.171,1560,85,0.745,1.3,2.7072065,6380,1.31,1.41,0.2,201.224
2.709813,0.041,14.90794433,197.6892692,0,1293,1671,89.06,0.11,0.9949,3.282,5990,1.375,1.08,-0.2,535.689
0.925542,0.01985,17.127,473.547,0,,2508,86.3,0.19,1.195,2.593,6110,1.436,1.22,0.06,375.647
1.7554137,0.02918,12.745,404.263,0,867.7365,1516,83.63,0.724,1.474,1.76208,5475,0.963,1.076,0.32,185.932
7.87288,0.075,10.76064,572.094,0,166.5368,900,89.7,0.1,1.2,3.72,5070,0.9,0.89,0.28,169.272
9.28969,0.0901,12.10569916,613.4088255,0.023,327.8307,1140,88.3,0.387,0.6204,5.334,6002,1.47,1.175,-0.02,352.181
5.7214876,0.055,10.53646,30.51152707,0.09,51,736,89.55,0.139,2.5549,2.73864,4425,0.657,0.683,0.02,64.7414
1066,,13,111.2399425,0.27,,,,,,,4425,0.657,0.683,0.02,64.7414
2.675552124,,15.13212395,283.502939,0,1360.1641,1589,89.2,0.1,1.43409909,3.2277336,6783,1.34415,1.167,0.1478,258.777
3.72247,0.0435,12.44199,251.0857,0,184.988,992,89.8,0.054,1.6,2.556,4800,0.89,1.42,0,124.73
3.7784022,,13.19297028,154.7824342,0,279,1158,88.37,0.319,2.45824117,2.82963,5392,0.853,0.814,-0.15,274.96
4.542168745,0.05885,15.793481,150.96925,0,821.405,1496,86.46,0.486,0.809,4.2984,5890,1.608,1.318,0.1,435.156
1.5487743,0.02851,15.008851,562.24127,0.012,2978.2048,2043,83.96,0.457,0.927,2.78208,5940,1.43,1.289,0.14,523.337
6.6132,0.065,13.67495645,203.4101805,0,663,1414,89.57,0.07,0.7763,5.646,6250,1.426,1.25,0,559.243
10.02165,0.09459,11.88154,95.349,0.3,706.3929,1001,89.14,0.435,0.8,5.94,6040,1.22,1.29,-0.11,157.963
4.0460435,0.05453,16.14096,163.36462,0,6586.47,1729,88.7,0.16,0.755,4.8048,6410,1.696,1.32,0.16,376.658
2.49979,0.0363,15.6926,390.9309,0.058,907.8624,1600,85,0.5,1.4621206,3.024,5650,1.2,1.02,0.14,302.448
1.091418901,0.0234,22.02564708,467.2101,0.0447,8220.584,2601,81.8,0.424,1.53777921,3.001,6265,1.69,1.325,0.12,427.246
3.61126721,0.0514,15.58048317,1541.4755,0.057,1818.5489,1749,84.54,0.65,0.56840944,3.5377447,6450,1.68443,1.393,-0.05,381.174
1.27492504,0.02571,19.52604438,371.8592362,0,6216.41,2409,88.49,0.1,1.5018,2.9053,6628,1.461,1.33,0.17,269.898
2.97764359,0.04263,15.13212395,285.72917,0,758.324,1500,86.2,0.48,1.3022,3.0936,5740,1.285,1.166,0.18,197.996
3.37265,0.0449,13.89916,190.698,0.017,748,1400,86.3,0.61,1.71636042,2.5704,6050,1.02,1.07,-0.02,448.637
3.28883,0.0449,10.51358773,90.3,0.18,759.3374,1480,89.51,0.3,0.70057248,3.4367717,5800,1.27,1.12,0.2068,216.526
7.63,,9.38,64.2,0.05,,,85.5,,,,5800,1.27,1.12,0.2068,216.526
4.17806203,0.0484,14.694999,52.346601,0,703.971,1400,87.84,0.29,1.021,4.35288,5620,1.333,0.95,-0.193,159.507
5.748145,0.0628,10.42437,317.83,0.096,345.7201,1100,87.7,0.62,1.22594473,2.6856,5900,0.9,1,0.15,301.462
4.35301,0.05362,13.67498,114.4188,0,617.309,1531,85.43,0.574,0.84,4.003,5950,1.37,0.72,0,227.537
11.55098,0.1012,9.97601,390.9309,0,56.355,833,88.66,0.53,0.916,3.72,5625,0.96,1.04,0.26,172.256
5.3220125,0.0608,13.74221034,86.76715511,0,995.3724,1460,84.96,0.735,0.6517,3.845,5990,1.561,1.06,-0.2,200.075
7.1335164,0.0674,10.09929161,136.0305582,0.0163,58.5,682,89.46,0.18,1.803753,11.04,4686,0.758,0.789,0.15,122.91
1.01153624,0.01833,1.841,6.26,0,791,1329,88.82,0.107,0.06406893,1.491,4686,0.758,0.789,0.15,122.91
1816.6,2.71,12.8,1639.99458,0.12,0.0363,107,,,,,4686,0.758,0.789,0.15,122.91
2.176423,0.0345,13.56289,368.6828,0.17,2054.7956,1790,87,0.2,0.8114683,3.4392,5700,1.44,1.16,0.29,559.084
1.4013794,0.0243,14.5717,603.877,0,917.4101,1403.66,82,0.8,1.94,1.656,5675,0.96,0.98,0.02,298.214
5.215361788,0.0661,16.81347105,479.9208946,0,1843.4633,1630,87.7,0.3,0.52058347,5.5895721,6250,2.39014,1.41,-0.18,275.587
3.634433,0.0494,12.21781,387.7526,,1133.73,1590,88.5,0.19,0.683,3.7728,6272,1.36,1.22,-0.09,414.234
5.924262,0.062,8.9672,37.18611,0,120.7076,910,88.9,0.33,1.07,2.832,5310,0.8,0.92,0.2,212.472
2.24375,0.037,15.46842,2809.6172,0.09,1356.33,1872,84.32,0.499,1,2.574,6475,1.4,1.62,0,161.997
2.23598448,0.0323,14.23540549,775.5052,0.047,491.326,1270,84.3,0.851,1.90580137,1.5254332,5300,0.87,0.9,0.12,117.598
3.310651,0.0469,13.56289,854.9627,0,1061.5542,1540,87.6,0.31,0.83,3.6,5900,1.37,1.25,0.29,516.543
2.052868,0.0347,17.14977,266.9772,0,3140.9238,2000,80.2,0.77,0.916,2.6808,6010,1.64,1.33,0.26,730.933
2.2783152,0.0316,9.52765,139.8452,0,775.8849,1260,86.9,0.45,1.165,1.9536,5200,0.81,0.81,0.18,355.513
1.7690381,0.0261,10.0881,282.8687,0,313.4012,1200,83.3,0.97,1.16,0.9768,4900,0.68,0.76,-0.04,91.299
4.60273,0.0549,12.498035,87.40325,0,639.4923,1404,87.9,0.31,0.64,4.3944,5702,1.429,1.044,0.092,436.098
8.803809,0.08215,8.47398941,91.21675281,0.208,72.699,940,89.3,0.199,0.836,3.016,5555,0.912,0.954,0.099,246.353
34.524,0.2044,13.9,124.5887355,0.1809,,590,104.9,11,,,5555,0.912,0.954,0.099,246.353
1.332813,0.024,15.24421375,314.9679513,0,1966,1855,83.02,0.58,1.6834,2.0496174,5750,1.08,1.05,0,211.73
3.7521,0.05165,15.80469,171.6282,0,1237.7366,1676,85.96,0.525,0.97,3.7128,6300,1.48,1.18,-0.17,282.091
5.644207,0.0694,11.99363,2688.8418,0.3775,854.7074,1460,84.01,0.758,0.44,3.1176,6218,1.651,1.394,0.156,527.995
4.5334775,0.055,13.30506009,100.4337766,0,460,1312,88.25,0.304,1.0664,3.6643,5871,1.181,1.081,0.1,453.099
3.332609,0.048,17.37395,123.9537,0.009,1400,1700,84.1,0.48,0.83105066,3.84,5914,1.73,1.336,0.34,610.176
3.811678,0.044,10.76062147,198.9605828,0,162,994,88.46,0.31,1.44,2.565,4774,0.823,0.8,0.2,215.501
3.110413,0.043,13.45077684,276.8285425,0,771,1468,86.7,0.43,0.994,3.129,5660,1.24,1.09,0,399.63
3.8361623,0.0458,6.02802815,41.8,0,150,934.5,88.902,0.227663,0.53575775,2.4044766,4987,0.8268,0.8712,0.305,122.066
3.951623,0.0499,11.19,182.43442,0,,1193,85.09039,0.87,0.7628,1.853,5772,1.1,1.06,0.25,334.037
3.656333,0.0517,11.99363,886.7457,0,903.013,1590,87.7,0.32,0.63,3.576,6350,1.39,1.38,0.24,524.993
3.840401,0.0538,15.46842,174.8065,0,1599.92,1850,88.1,0.18,0.453,5.5872,6120,2.11,1.41,0.22,715.383
3.1186,0.0415,13.67498,394.1092,0,481.917,1389,85.22,0.81,1.2,2.043274,5700,1.14,1.78,0.01,194.134
3.7684952,0.0452,12.21781,88.35674,0,210.575,1119,88.97,0.2,1.663,2.84424,5298,0.868,0.87,0.27,288.326
5.4060425,0.0673,12.811887,791.3967,,990,1557,89.01,0.14,0.45092,5.1288,6400,1.712,1.39,0.16,343.08
9.62468,0.0871,11.209,1652.716,0.434,121.918,910,89.3,0.18,0.87,4.2576,5300,1.11,0.95,0.28,310.841
1.6096884,0.0266,13.473218,594.3421,,1200,1638,85.42,0.448,1.417,2.232,5500,1.015,0.97,-0.34,261.386
1.7771255,0.02818,12.643752,676.9779,0,1043.2122,1610,82.73,0.8216,1.542,1.60368,5806,0.932,0.946,-0.01,327.506
3.465509,0.04823,14.12334,209.13214,0,1373.5324,1624,84.9,0.53,0.544,4.176,5599,1.75,1.248,0.33,602.236
5.44354,0.0641,7.06167,32.10083,0,440,1270,88,0.39,0.281,3.6,6050,1.22,1.19,0.19,114.173
2.0219596,0.0365,17.71022,2542.64,,3208.41,2329,79.9,0.77,0.82,2.724,7000,1.79,1.59,0.1,423.552
4.153658,0.0519,16.8135,133.4886,0,278.886,1340,84.4,0.97,1.19,1.9128,6000,1.12,1.08,-0.01,303.941
5.6114118,0.0681,14.616536,178.30263,0,1486.8579,1604,87.9,0.27,0.446,6.0528,6110,2.011,1.337,0.06,627.066
3.73543,0.0515,20.96083,247.9074,0,1292.19,1755,86.63,0.4,1.7,4.4232,6550,1.49,2.28,-0.25,405.908
2.34478022,0.0337,12.285064,508.528,,680,1422,84.87,0.689,1.382,2.04,5600,0.938,0.93,0.22,305.603
3.8186244,0.0504,10.98482,344.52772,0,1200.24,1642,88.3,0.19,0.382,4.5792,5965,1.637,1.171,0.04,757.84
5.477433,0.0694,17.59813,149.3801,0,1506.5,1740,86.7,0.45,0.72,5.2944,6900,1.91,1.49,-0.1,538.11
1.38665318,0.0248,13.4508,1172.7927,0,1920,1880,85.2,0.4,1.23,2.2968,5800,1.11,1.05,0.16,232.98
4.2337005,0.05503,16.10730527,104.8833743,0,901.9,1528,83.78,0.953,0.86,2.094,6399,1.347,1.24,0.06,410.149
3.0652907,0.04403,13.540472,314.6517,0,649.429,1571,85.33,0.64,1.064,2.676,6229,1.204,1.212,0.15,539.36
3.899052,0.0535,16.869545,271.74465,0,1703.2413,1721,86.7,0.347,0.64,5.1528,5941,1.925,1.345,0.164,568.42
3.071722,0.03957,17.71022,161.45764,,279.7736,1142,84.14,0.98,1.85,1.6128,5017,0.885,0.876,0.25,176.818
3.3448285,0.0558,20.28829,527.5978,0,5550,2470,85.7,0.54,1.243,3.4704,9360,1.67,2.07,0.21,427.678
0.94145223,0.02024,13.89913607,3241.849751,0.0051,5805,2429,83.5,0.36,1.041,2.21,6432,1.319,1.294,0.107,123.483
2.1558,0.035,8.58,55.2,0.015,,,,,,,6400,1.23,1.22,0.107,123.483
3.409264,0.048,13.89916,286.047,0,918.3877,1540,88.1,0.29,1.23,3.1176,6600,1.19,1.3,0.1,253.985
4.5195064,0.05427,13.271456,95.03117,,382.4492,1186,88.38,0.34,1.59,3.0648,5839,0.965,1.04,0.09,437.495
3.3769848,0.0451,9.52765,47.03884,0,756.261,1479,83.88,0.775,0.426,2.5968,5638,1.34,1.076,0.27,327.602
4.1117771,0.04632,16.47723,159.55066,,268.7176,1111,85.37,0.916,2.26,2.016,5313,0.871,0.784,-0.31,325.377
5.1817,0.0627,14.90797,181.1631,0,669.018,1480,86.9,0.44,0.69,4.776,6000,1.65,1.23,0.12,663.231
9.38755,0.0904,14.01125,311.4734,0.24,662.3252,1160,86.8,0.81,0.73,4.608,5900,1.5,1.12,-0.02,279.35
5.026799,0.06,12.44199,1341.2426,0.33,853.1355,1378.4,83.59,0.84,0.61,2.704,6361,1.47,1.22,-0.08,278.514
5.147878,0.0653,18.38276,254.264,0,1594.76,1760,,0.76,0.35,5.82,6150,2.83,1.54,0,371.414
5.748916,0.072,14.81827249,458.6263913,0,1278,1666,85.88,0.61,0.5509,4.412,6850,1.83,1.5,0,675.281
2.724033,0.05053,18.14733975,632.4785299,0,,3353,84.03,0.478,,4.3336,8000,2.36,2.03,0.29,99.731
0.78883852,0.01652,15.86070769,366.7739817,0.0126,3320,2113,79.08,0.6671,2.077,1.607,5616,1.006,0.965,0.04,268.325
5.367753,0.0663,12.89035,317.83,0,747.132,1500,87.1,0.45,0.62,4.464,6400,1.6,1.35,-0.02,542.251
2.8786765,0.0408,13.78707,731.009,0,471.142,1620,82.7,0.84,0.926,2.3136,5910,1.32,1.09,0.14,508.885
6.2463475,0.0668,14.78464554,35.59678158,0.081,402,1250,89.25,0.147,1.248,4.2559,6080,1.213,1.018,-0.108,362.087
3.183387,0.047,15.47960235,373.1305498,0,1365,1693,83.23,0.84,1.0143,2.017,6405,1.409,1.29,0,476.831
5.051928,0.063,10.31226224,33.05415433,0,890,1522,86.3,0.55,0.3602,3.743,6300,1.578,1.3,0,484.852
5.167228,0.065,14.44837612,403.3242485,0,1276,1665,86.29,0.43,0.3931,5.9764524,6050,2.112,1.36,0,483.675
2.152175,0.03144,12.116929,295.89973,0.0054,492,1311,84.49,0.749,1.646,1.78824,5180,0.866,0.895,0.12,153.242
4.89964477,0.05999,15.46839337,98.841,0,259.864,1362,85.82,0.691,1.0957,3.07,5940,1.242,1.2,-0.008,211.877
4.322482,0.052,11.99,95.345,0,705.0438,1333,88.75,0.23,1.082,3.3552,5800,1.06,1.01,-0.22,258.426
3.53269,0.047,13.78707,212.9461,0.02,837.7034,1502,89.2,0.13,1,3.48024,6000,1.24,1.46,-0.05,317.652
2.9444256,0.0376,10.783,280.95,0.062,317.4314,1076.55,88.39,,1.691,2.39424,5150,0.765,0.78,-0.05,207.49
2.34121,0.03651,15.46842,394.1092,0,934.465,1772,83.64,0.653,1,2.6832,6075,1.42,1.43,0,322.114
3.7648337,0.0473,13.80946422,179.2552216,0,341,1217,88.19,0.357,2.22571184,2.759996,5697,0.884,0.962,-0.2,211.416
2.7566,0.04,13.56289,270.1555,0,1225.5264,1650,82.5,0.83,1,2.3808565,6034,1.22,0.86,0.16,252.759
3.40883495,0.0442,13.66374747,282.5494538,0,695.65,1456,88.514,0.228,1.3396,3.2388,6084,1.083,0.993,-0.2,348.494
3.92273,0.0457,8.63093,73.1009,0.03,121.7724,970,88.8,0.14,1,2.64864,4800,0.79,0.77,0.11,87.5953
1.84683,0.0315,15.91678,772.3269,0,1845.3,2020,85.06,0.511,1.1,2.7883,6400,1.44,1.62,0,231.161
3.4059096,0.04659,17.363,151.916,0,970.9417,1423.7,84.41,0.77,1.615,2.6472,6302,1.252,1.163,-0.2,383.829
2.71866,0.0394,10.76064,835.8929,0,616.33,1388,85.1,,1.1,2.424,6140,0.95,0.72,-0.13,275.994
1.21987,0.0239,17.855937,665.21819,0,9392.0471,2781.7,86.63,0.21,1.21601096,2.8536,7430,1.444,1.495,0.1,121.944
4.31768,0.0524,11.209,177.9848,0.04,229.962,1250,85.2,0.904,1.3,2.1024,5700,0.91,0.96,-0.02,132.096
3.16158,0.04317,14.5717,225.6593,0,758.1026,1338.29,87.96,0.257,1.5,3.1425792,5990,1.08,1.05,-0.15,202.218
1.53736596,0.02677,14.874343,750.39663,0,1422.6075,1733,83.15,0.657,1.78286195,1.81584,5959,0.985,1.081,-0.26,386.346
3.577469,0.0446,13.002,572.07,0,545.3338,1232.5,88.82,,1.427,3.1296,5800,1.003,0.925,-0.4,392.791
6.87188,0.07522,13.78707,1093.3352,0.03,,1250,89.5,0.35,0.69,4.807,6180,1.52,1.76,-0.02,136.24
4.0552941,0.04828,14.336311,89.31023,0,316.269,1166,87.32,0.4498,2.34348052,2.8032,5485,0.939,0.913,0.01,213.982
1.338230994,0.02261,15.12091496,381.3940884,0.0053,1188.6219,1653,88.05,0.184,2.312,2.16648,5436,0.912,0.899,-0.05,267.206
3.0524,0.04022,12.3299,270.1555,0,344.149,1244,89.4,0.1,1.9,2.6376,5545,0.83,0.81,0.06,163.371
421,1.07,13.1,1010.6994,0.294,,241,,,,,5545,0.87,0.93,0.06,163.371
4.9816819,0.0561,12.576498,167.49641,0.062,137.118,1021,88,0.457,1.811,2.89032,5315,0.892,0.951,0.29,177.291
0.813475,0.0142,10.424,565.714,0,680.8953,1426.7,82.6,0.698,2.55,1.1592,4400,0.6,0.58,-0.05,86.7467
2.423804,0.03453,12.3299,276.5121,0,533,1337,86.21,0.541,1.56,2.2368,5420,0.906,0.935,-0.003,364.512
3.126089,0.03963,10.603714,306.38812,0,294,1153,85.02,0.866,1.29,1.6824,5150,0.855,0.85,-0.03,211.196
1.43036763,0.02335,13.159366,607.0553,0,1281.2408,1636,82.8,0.699,1.89607123,1.6165994,5600,0.858,0.828,-0.3,375.31
4.159151,0.052,12.86,374,0.0006,409,1275,89,0.173,1.2712,3.5722,5565,1.156,1.058,0.43,264.78
589.57,1.393,,447,0.264,0.549,247,90,,,,5565,1.156,1.058,0.43,264.78
9.030501,0.085,3.65,15.5,0.001,145,885,89.23,0.192,0.107,4.288,5565,1.156,1.058,0.43,264.78
0.78961,0.01673,1.83,9,0,3740,1992,86.73,0.224,0.0258,1.899,5565,1.156,1.058,0.43,264.78
2.14363,0.03444,16.8135,254.264,0,3410.2601,2035,80.09,0.638,0.96,3.1539349,5920,1.58,0.88,-0.12,454.144
2.78174,0.0379,12.44199,117.5971,0,615.4709,1400,84.89,0.7704,1.4,2.14,5600,0.97,0.92,-0.23,194.553
1.6284279,0.0267,12.184,502.15,0.038,1559.4762,1706,86.9,0.31,1.18,2.3688,5700,1.029,0.96,0.09,309.137
1.9551,0.0293,13.069694,466.828704,0.009,690.3398,1394.84,84.88,0.669,1.96349909,1.8336,5400,0.843,0.892,-0.12,184.848
1.7497798,0.0272,14.24,146.2,0,605.7625,1315,85.35,0.6,2.71,1.8096,5000,0.79,0.87,0.03,174.818
3.3098443,0.04101,12.038466,677.61356,0.03,241.6656,1053,87.08,,1.91588322,2.2676536,4953,0.798,0.839,0.22,201.338
2840,3.73,,5196.5205,0.8369,,,,,,,4953,0.798,0.839,0.22,201.338
3.69364,0.04988,17.71022,187.5197,0.07,1639.1072,1759,84.97,0.49,0.86,4.466185,6100,1.76,1.08,-0.27,251.303
4.465631,0.0558,14.72860064,186.2474465,0,504,1342,88.74,0.235,1.8355,3.53328,6096,1.09,1.071,-0.03,297.462
4.6171,0.05614,10.53646,143.0235,0,447.82,1216,88.5,0.272,1,3.5616,5600,0.96,0.71,0.12,321.084
2.83891856,0.03769,11.76945,204.68252,0,702.385,1338,86.05,0.345,1.269,2.304,5600,0.927,0.886,-0.25,398.276
5.01718,0.0562,16.02887,308.2951,0,404.7112,1270,87.4,0.46,1.4,3.7363301,5800,1.22,1.06,-0.45,290.404
7.919585,0.0697,8.687,274.276,0.1,38.0328,670,89.27,0.29,1.69,2.448,4650,0.613,0.719,-0.15,115.936
3.3610026,0.04217,12.5428494,148.4258661,0.054,288,1167,89,0.195,2.40817811,2.5685869,5438,0.79,0.854,-0.15,197.119
4.305,0.05548,9.86392,174.8065,0,925.4935,1479,87.9,0.37,0.6,3.5311266,5900,1.17,1.19,-0.04,431.052
3.8559,0.0521,15.80469,851.7844,0,1062.0298,1624.4,89.35,0.1,0.88,3.9504,6250,1.55,1.82,-0.1,488.66
4.41195,0.0571,14.79588,165.2716,0,1817.8874,1475.3,88.3,0.228,1.2,3.816,6230,1.23,1.11,0.04,175.631
4.37808,0.0574,15.80469,117.5971,0,1103.2708,1469.91,87.8,0.18,0.61,5.3900978,5550,1.86,1.28,0.08,290.684
1.5732918,0.02648,14.247,403.945,0,1563.6374,1689,86.57,0.322,1.522,2.39976,5400,1.058,1.004,-0.08,369.926
2.3114243,0.0334,12.464,492.62,0,957.0053,1480,88.8,0.149,1.28,2.73504,5600,1.01,0.93,-0.07,273.703
4.08605,0.0546,15.6926,746.9005,0,1434.7739,1569.7,85.9,0.48,0.67,4.5024,6600,1.76,1.33,-0.31,500.258
4.61442,0.05179,12.89035,136.6669,0,188.1062,1003,85.8,,1.8,1.896,5200,0.88,0.91,-0.07,189.469
5.0843,0.06206,14.79588,343.2564,0,843.4794,1490,88.1,0.26,0.57,5.0844391,5910,1.79,1.49,0.22,226.399
3.86813881,0.0453,11.21,82.58,0,180.5564,971,86.79,0.686,1.72599935,2.1869,4792,0.801,0.83,0.35,49.9605
4.9546416,0.0617,14.90797,305.1168,0.034,612.686,1487,87.03,0.53,0.7357,3.639,6400,1.432,1.276,0,162.303
3.7130203,0.04853,13.047,187.512,0,649.1548,1387,87.12,0.431,0.97,3.3336,5763,1.215,1.106,-0.006,222.355
2.90367,0.046,13.22662,441.7837,0,3384.6097,2016.1,84.2,0.19,0.44,5.0469369,6050,1.82,0.76,0.15,362.715
2.21673,0.03711,14.45961,731.009,0,6233.7915,2210,86.8,0.677,0.37,3.8789472,6250,2.18,2.78,-0.06,434.754
4.08722,0.05512,15.91678,908.9938,0,2242.3605,1790,87.4,0.499,0.33,5.586113,6030,2.55,2.52,0.14,316.678
2.13775,0.03443,15.24424,228.8376,0,531.159,1865,79.81,0.86,0.96,2.292,5990,1.42,0.98,0.39,149.216
2.484193,0.0375,14.235,340.06,0,1657,1710,82,0.882,1.07,1.9728,6100,1.26,1.14,0.07,294.001
1.80988198,0.033,20.78145022,284.1385959,0,4104,2228,89.623,0.027,1.178,3.8,6329,1.756,1.458,0.366,194.459
1.360029395,0.023233633,13.56,529.311429,0.01353,1440,1674,89.99,0.06,1.94276945,2.1652751,5617,0.91,0.903,-0.1,105.166
2.17518,0.03488,21.63337,352.7913,0,4812.6238,2469.7,83.2,0.51,0.65,4.968,6100,2.46,1.87,-0.35,754.258
3.662392,0.0519,17.14974047,270.154146,0,1645.9887,1716.2,86.1,0.556,1.22536583,3.7669692,6600,1.51,1.39,0.03,246.69
8.15872,0.0801,12.66617,807.2882,0.31,209.118,1059,88.55,0.47,1.3,4.3968,5600,1.03,1.34,0.17,89.9606
4323,5.28,12.5,3003.37,0,,,,,,,5690,0.96,1.04,0.17,89.9606
3.06785234,0.0344,11.197791,170.99254,0.002,72.442,825,89.02,0.215,2.937,2.131,4143,0.586,0.577,-0.13,49.7876
2.7164762,0.03908,16.017661,231.69807,0.066,1034.0911,1623,88.69,,1.4527447,3.5299033,5870,1.283,1.08,-0.36,398.505
2.70579,0.0447,18.15858,371.8611,0,3557.29,2190,87.9,0.136,0.63,4.992,6480,2.1,1.48,0.12,275.664
4.971252,0.059,11.65736,95.349,0,238.875,1120,88.9,0.23,1.04,3.3648,5510,1.05,1.11,0.29,271.103
8.52349648,0.0778,10.72,220,0,34.6952,732,88.292,0.649,1.723,2.76,5280,0.768,0.853,0,100.588
1.4468849,0.02359,1.95,15.2,,1452.18,1329,83.2,0.785,0.0532,1.111,5280,0.768,0.853,0,100.588
2.6556777,0.039,13.89916,402.05495,0,640.3258,1452,89.69,0.047,1.87,2.59584,6112,0.935,1.09,0.118,141.887
1.682795,0.02946,15.524465,692.8694,0,4170.0965,2049.54,81.07,0.604,0.765,3.0314666,6450,1.627,1.204,,298.392
4.954,0.06431,16.36514,133.4886,0,1489.5543,1772,88,0.23,0.7,6.048,6430,1.8,0.94,-0.08,523.756
3.3564227,0.0427,11.65736,1875.197,0.193,278.8533,1120,89.4,0.1,1.49,2.46,5130,0.88,0.92,0.15,290.946
3.916243,0.0562,18.27067,200.2329,0,1704.4939,1840,82.1,0.841,0.71,3.3552,6430,1.98,1.55,0.11,466.433
2.798581,0.037,11.54527,425.8922,0,332.5562,1160,86.8,0.51,1.5,2.3424,4920,0.86,0.84,0.19,149.942
2.1746742,0.0348,16.376349,255.85315,0,1622.2528,1871,83.75,0.608,1.254,2.7672,6280,1.341,1.19,0,575.889
2.7325321,0.04211,17.900773,467.2101,0,2531.1336,1942,81.18,0.9036,1.097,2.2344,6700,1.524,1.334,0.07,370.284
3.95019,0.055,17.71022,158.915,0,1009.38,1604,88.7,0.17,1.2,4.488,6170,1.48,1.67,0.26,211.211
2.00839,0.0335,14.1,196.411,0,,,,,,,6040,1.35,1.24,0.23,208.696
2.18467,0.03416,13.78707,457.6752,0,2841.0562,1570,88.4,0.446,1,2.784,5830,1.23,1.46,0.14,137.544
3.4252602,0.0453,13.45,152.55,0,517,1285,85.6,0.71,1.38,2.4264,5540,1.05,1.06,0.14,352.464
2.07276,0.03303,12.77826,432.2488,0,1414.87,1555,88,0.4,1.2,2.5824,5640,1.08,1.18,0.23,151.068
2.96264036,0.03762,12.823096,293.03926,0,269.8828,1171,86.38,0.71,2.57,1.908,5473,0.741,0.809,-0.49,281.742
5.75251,0.0717,11.43318,772.3269,0,2005.426,1480,88.8,0.1,0.41,5.256,6150,1.64,1.21,0.21,158.66
,2500,12.6,2542.627256,,,340,,,,,9552,,0.62,,19.2444
1.4079405,0.0204,10.4,4386.054,0,0.181,163,88.778,7.16,56.65,0.1333,4710,0.0131,0.518,,24.7359
2560,0.97,12.6,2622.084358,,,325,,,,,415,,0.0131,,
,8,10.468,6992,,,450,,,,,575,0.091,0.029,,10.1
,338,12.4,3305.415433,,,,,,,,4670,1.1161,0.72,,230.007
,840,12.8,1684.490557,,,,,,,,4670,1.1161,0.72,,230.007
,57,17.93436912,1541.467774,,,,,,,,4400,1.418,1.08,,134.907
,14,17.93436912,3178.28407,,,2050,,,,,4530,1.3,1.08,,134.907
3.352057,0.047,16.7,1274.44,0.1,,1500,85.5,0.69,1.7636,,6250,1.15,1.2,-0.5,2346.01
1.0187068,0.01855,15.277867,355.9696,0,2544.6509,2000,83.55,0.584,9.15586353,1.4947875,5000,0.752,0.82,0.2,1030.768344
2.663416,0.0282,11.5609626,188.15536,0.012,113.6142,2198,86.12,,3.75229489,1.8429688,4251,0.61,0.65,,305.3
1.7522239,0.0234,12.9934728,232.33373,0.057,282.3101,2470,87.87,,7.76304125,2.1714375,4591,0.66,0.73,,565.541
4.8869,0.0375,1.21,1.91,0.15,7.34,,,,,,3342,0.307,0.294,-0.09,4.30592
17.8719,0.089,1.66,3.41,0.11,1.3,,,,,,3342,0.307,0.294,-0.09,4.30592
217.21,0.47,2.69,7.7,0.55,0.06,,,,,,3342,0.307,0.294,-0.09,4.30592
15.564,0.0672,1.08,1.26,,0.652,250.1,,,,,3158,0.1813,0.167,0.07,9.58341
0.5734745,0.01,1.24,2.53,0,233.9,996,84.89,0.47,0.08183903,0.9004508,3542,0.406,0.405,-0.17,28.5321
6.00127,0.05706,2.043,6.26,0.41,69.6,790,89.87,0.65,0.07443595,1.33,4716,0.689,0.688,-0.47,44.526
3.94153,0.0488,12.77826,263.7989,0,321.85,1210,88.81,0.24,1.8,2.9712,5750,0.88,0.88,0.02,163.553
2.61586178,0.0368,11.130537,179.89178,0.028,428.036,1328,88.01,0.28,1.3363,2.6839,5340,0.99,0.971,0.43,154.273
18.157,0.13,10.9,82.6358,0.18,,,,,,,5399,1,0.98,0.39,151.398
120.8,0.4756,13.6,435.409,0.1528,,,,,,,5399,1.02,0.982,0.39,151.398
3.19152309,0.04815,14.79585452,4217.582961,0.2791,1161.72,1890,83.66,0.7301,0.82,2.9638,6970,1.523,1.449,-0.159,213.053
4.12508,0.05524,14.01125,451.3186,0,1112.27,1630,88.8,,0.78,4.454,6397,1.45,1.1,-0.04,272.655
4.1877558,0.0515,12.78,378.2,0,397.4799,1230,86.8,0.55,1.08,3.1176,5430,1.13,1.04,0.05,276.211
3.7650007,0.0815,23.20263,1398.452,0,580.386,1577,86,0.633,1.4735,2.9,6720,1.93,1.47,-0.07,235.479
2.8641424,0.04421,15.389957,225.34147,0.038,1540,1743,83.45,0.709,0.909,2.772,6250,1.48,1.405,0.432,234.149
2.02087,0.01634,0.913,0.7,0.06,8.21,471.2,,,,,3151,0.157,0.142,-0.18,3.71207
3.05989,0.02156,1.05,1.14,0,4.72,410.3,,,,,3151,0.157,0.142,-0.18,3.71207
4.65626,0.02851,1.03,1.09,0.07,2.7,356.7,,,,,3151,0.157,0.142,-0.18,3.71207
0.23597766,,13.78704626,7024.007795,,,,86.7,,,,10000,0.0123,0.646,,186.69
0.1120067,,11.13051784,6356.56814,,,,88.9,,,,15900,0.0131,0.61,,201.827
380.8,1.2,13.4,572.07,0.25,,,,,,,4553,13.9,1.5,-0.09,20.21019
628.96,1.46,12.7,2056.3601,0.1,,,,,,,4055,45.1,1.13,-0.27,20.4332
1790000,556,12.4,3464.329636,0.4,,,143,,,,,,5.5,,98.0935
605.2,1.7,12.6,2479,0.08,,,,,,,4092.1,47.2,1.7,-0.29,89.0472
8617.50952,10.018,18.49485,3727.809386,0.106,,1612,89.009,,,,8038.68,1.54416,1.795,-0.21,19.7442
1192.77951,2.68,12.5,3222.462219,0.314,,1250,88.947,,,,8038.68,1.54416,1.795,-0.21,19.7442
522.3,1.4,12.7,1938.7,0.19,,,,,,,4126,38.3,1.4,-0.27,38.77472
417.9,1.3,12.7,2129.461,0.11,,,,,,,4406,21,1.7,-0.094,69.8683
2671,3.53,14.1,209.7667486,0.07,,,78.81,,,,5020.38,0.759106,0.82,-0.13,3.2026
39400,20.9,12.6,2425.030745,0.244,,275,102.3,,,,4760,0.679,0.781,0.22,3.63857
585.82,1.878,12.7,2285.186246,0.076,,,,,,,4877,12.35,2.57,0.1,47.52852
913,2.13,12.7,2097.667486,0.15,,,,,,,4775,4.74,1.27,0.18,14.1024
414.88,1.319,13.7,357.8747863,0.16,,,,,,,4879,12.38,1.78,-0.27,47.4017
966.49,2.318,12.8,1662.560397,0.065,,,,,,,4879,12.38,1.78,-0.27,47.4017
555.1,1.32,13.6,425.8900654,0.204,,,,,,,4742,11.2,0.99,-0.62,41.3107
428.5,1.19,12.5,2790.43,0.144,,,,,,,4330,31.88,1.23,-0.51,39.8883
510.8544,1.453,12.4,3756.731771,0.701,,,46,,,,4504,11.79,1.54,0.03,31.32832
25000,19.4,12.2,4958.123149,0.455,,,86,,,,4504,11.79,1.54,0.03,31.32832
,55,15.91675259,5498.431441,,,1791,,,,,11327,2.109,2.768,0,50.0177
1253.68,2.5,13.4,635.66,0.04,,,60,,,,4840,4.68,1.33,0.09,30.0651
357.8,1.1,13.3,762.8,0.09,,,,,,,4538.2,11.4,1.5,0.36,32.6081
,242.4,12.3,4576.729061,0.56,,,96.6,,,,21700,5.6,9.1,,
402.4,1.24,13.3,696.0442113,0.195,,,108.2,,,,4910,5.04,1.57,0.18,21.1999
529.93,1.765,12,7057.73298,0.126,,,90,,,,4887,12.24,2.61,0.1,46.2107
3180.6,5.829,12,7838.32346,0.179,,,90,,,,4887,12.24,2.61,0.1,46.2107
278.59,0.838,14,233.9217076,0.18,,,,,,,4724,10.99,1.01,-0.12,76.7556
187.01,0.699,13.7,355.9678158,0.105,,,,,,,4769,11.87,1.3,-0.27,84.7883
1569.81,3.691,13,1160.391514,0.149,,,,,,,5075,13.84,2.72,-0.16,54.9149
6.2678399,0.06839,2.0189,3.63,0,309,1169.8,87.045,0.6465,0.026759,2.952024,5998,1.17,1.07,0.09,18.2702
124.64,0.506,3.72,13.38,0.22,,,,,,,5998,1.19,1.07,0.09,18.2702
3117,4.43,13.5,486.2799,0.4,,,,,,,6212,1.255735,1.19,0.01,22.7188
39.849,0.2245,13.7,347.995,0.046,34.7,614,,,,,5817,1.3617,1,-0.2,17.4671
102.036,0.4206,5.68,27.442,0.048,9.85,448.1,,,,,5817,1.3617,1,-0.2,17.4671
12.904,0.1061,1.75,3.71,0.082,,,,,,,5817,1.3617,1,-0.2,17.4671
3.3124568,0.049,12.8,1891,0.011,,,44.5,,,,6466.27,1.42588,1.32,0.2642,15.6521
636.13,1.334,1.81,3.93,0.16,,,,,,,5310,0.83,0.783,-0.52,3.60304
20,0.133,1.18,1.75,0.06,,,,,,,5310,0.83,0.783,-0.52,3.60304
49.41,0.243,1.19,1.83,0.23,,,,,,,5310,0.83,0.783,-0.52,3.60304
305.5,1.17,12.1,6547,0.031,,,,,,,4388,26.8,2.3,0.14,112.537
4.617033,0.05922166,14,218.531,0.0215,,,,,,,6156.77,1.56,1.3,0.1014,13.4054
241.258,0.827774,12.3,4443.24113,0.2596,,,,,,,6156.77,1.56,1.3,0.1014,13.4054
1276.46,2.51329,12.5,3257.741172,0.2987,,,,,,,6156.77,1.56,1.3,0.1014,13.4054
385.2,1.18,14.2,162.0924876,0.32,,,,,,,4836,11.22,1.48,-0.2,52.5973
136.97,0.625,13.4,616.904938,0.059,,,,,,,4841,10.86,1.74,-0.11,56.1858
