pl_orbper,pl_orbsmax,pl_orbeccen,pl_trandur,pl_trandep,pl_imppar,pl_eqt,pl_insol,pl_bmasse,st_teff,st_rad,st_mass,st_met,st_logg,sy_dist,pl_rade
1.003933739,0.0175,0.0,1.4562,0.04911,0.023,1419.0,1039.697,3.57,4971.0,0.75,0.79,-0.05,4.6,820.905,1.71
8.172400475,0.0779,0.0,3.902,0.08643,0.942,858.0,127.95,11.0,5705.0,0.905,0.943,-0.06,4.499,1061.77,3.32321414
6.28385491,0.06865,0.0,4.124,0.00357,0.101,1108.0,470.862,0.437,6022.0,1.23,1.12,0.07,4.31,493.175,0.8
3.173917103,0.04641,0.0,3.5066,0.0303,0.629,1655.0,2381.77,10.1,6747.0,1.81,1.49,0.08,4.09,1318.05,3.15
56.35850143,0.2698,0.0,6.927,0.25596,0.906,419.0,7.29,18.7,5446.0,0.821,0.824,-0.2,4.525,962.888,4.54060463
4.807091,0.056,0.0,0.901,0.04505,0.68,1088.0,279.085,4.7,5744.0,0.886,0.962,0.1213,4.537,780.361,2.01
11.08507637,0.0901,0.0,1.708,0.07718,0.1249,665.0,37.664,5.99,5001.0,0.76,0.8,-0.03,4.59,825.176,2.32
47.332773,0.242,0.0,3.069,0.09755,0.06,386.0,5.994,6.66,5265.0,0.785,0.793,-0.0314,4.576,754.747,2.47
81.3151059,0.3483,0.0,5.762,0.07817,0.1394,393.0,3.577,6.66,5614.0,0.91,0.94,-0.04,4.5,742.473,2.47
18.47764449,0.0899,0.17,1.8777,0.2779,0.506,298.0,2.46,3.61,3556.0,0.33,0.34,-0.39,4.94,109.308,1.72
12.56093,0.104,0.0,3.764,0.09669,0.12,734.0,65.142,8.2,5560.0,0.939,0.956,0.12,4.466,891.092,2.79
9.61375356,0.0897,0.0,4.7305,0.07979,0.07,931.0,202.775,9.43,5744.0,0.96,0.98,-0.04,4.47,938.844,3.03
3.990106229,0.0493,0.0,2.4269,0.61549,0.733,1124.0,550.203,60.2,5861.0,1.03,1.03,0.02,4.42,1484.46,9.03
67.668827,0.3214,0.0,9.623,0.09611,0.783,495.0,20.627,13.4,6095.0,1.22,1.15,0.08,4.32,1571.46,3.72
19.30553,0.137,0.31,3.8064,0.1691,0.4,649.0,42.1,25.2,5533.0,0.956,0.88,-0.07,4.47,272.36,3.773
4.798599388,0.0546,0.0,2.9979,0.08174,0.3144,978.0,219.036,7.46,5527.0,0.9,0.93,0.01,4.51,723.875,2.64
47.9872764,0.24869,0.0,4.756,0.09128,0.0532,493.0,8.293,8.05,5653.0,0.94,0.96,0.02,4.48,544.45,2.76
12.283211,,,4.31,0.0314,0.4,949.0,,5.52,6222.0,1.33,1.23,0.1,4.28,557.993,2.21
7.298049927,0.06961,0.0,3.024,0.03705,0.411,786.0,84.7,4.43,5119.0,0.834,0.818,0.1,4.508,1030.81,1.94206512
10.04156,0.087,0.0,2.53,0.11553,0.36,712.0,56.293,3.61,5243.0,0.821,0.854,0.0616,4.543,385.231,2.73
14.48585199,0.10913,0.0,2.7143,0.04571,0.0151,784.0,69.795,5.86,5813.0,1.05,1.01,0.01,4.4,635.643,2.29
214.886545,0.6687,0.0,10.11,0.07592,0.0171,286.0,1.184,7.13,5324.0,0.84,0.88,0.02,4.54,803.052,2.57
16.19697,0.1148,,1.29,0.0828,0.22,495.0,14.3,4.62,4455.0,0.696,0.67,-0.1,4.57,112.467,1.99
3.73089898,0.0473,0.0,2.807,0.01912,0.909,1128.0,653.831,2.67,5833.0,1.01,1.02,0.02,4.43,1217.73,1.44
2.76122421,0.04135,0.0,3.662,0.00678,0.908,2017.0,1342.5,1.46,6132.0,1.29,1.2,0.14,4.29,814.078,1.12
15.0,0.12545,0.0,4.2108,0.00742,0.44,968.0,227.398,3.79,6072.0,1.659,1.184,-0.03,4.07,396.379,1.421
4.35409304,0.0484,0.0,2.313,0.02771,0.1149,1043.0,194.344,2.67,5306.0,0.83,0.86,-0.01,4.55,805.936,1.44
16.92344113,0.13038,0.0,4.0618,0.11253,0.006,702.0,55.933,12.8,5806.0,1.01,1.01,0.03,4.43,1473.61,3.63
19.738286,0.145,0.0,4.86,0.01681,0.42,744.0,72.456,2.63,5905.0,1.188,0.994,-0.03,4.308,778.654,1.43
30.826557,0.189,0.0,5.455,0.07759,0.93,544.0,19.671,9.91,5560.0,0.939,0.956,0.12,4.466,891.092,3.12
6.057342,0.061,0.0,3.695,0.03852,0.03,947.0,310.76,97.8,5297.0,0.929,0.91,0.04,4.426,889.608,1.79
88.255055,0.356,0.0,4.036,0.11322,0.25,326.0,2.57,6.3,5088.0,0.724,0.779,-0.12,4.605,441.09,2.39
14.0329154,0.1168,0.0,6.844,0.02109,0.044,783.0,235.807,2.3,5676.0,0.93,0.95,-0.05,4.49,2366.02,1.32
4.2568,0.05783,0.0,3.384,0.4398,0.55,1695.0,,6883.91,6740.0,1.56,1.37,0.14,4.22,768.771,11.32
0.959641,0.01796,0.0,1.609,0.0294,0.11,1774.0,1650.0,4.97,5261.0,0.88,0.837,0.04,4.53,47.2899,1.67
3.7681,0.0461,0.0,4.72001,0.44,0.18,1626.0,,772.29,5740.0,1.59,1.04,0.0,4.4,1176.12,11.43
29.8454,0.1776,0.06,4.869,0.0946,0.451,564.0,16.9,11.13,5261.0,0.88,0.837,0.04,4.53,47.2899,3.0
12.38602,0.0983,0.0,2.604,0.01513,0.54,679.0,50.23,3.3,5138.5,0.821,0.93,0.406,4.54,643.009,1.009
25.3029092,0.1582,0.0,4.5204,0.21057,0.828,535.0,17.382,17.4,5138.5,0.821,0.93,0.406,4.54,643.009,3.708
4.0144463,0.0473,0.0,2.6797,1.687,0.35,1019.0,,174.799,5040.0,0.83,0.82,0.19,4.536,1068.33,11.421971
1.9000693,0.0295,0.08,2.387,2.57170086,0.4,1550.0,823.7009,1102.82,5440.0,1.0,0.95,-0.1,4.4,764.889,14.68
2.455239,0.03,0.11,1.72722,3.204,0.6,1000.0,68.37,160.497,3820.0,0.55,0.59,0.28,4.7,381.949,10.76
2.9444256,0.0376,0.062,2.39424,1.691,,1076.55,317.4314,280.95,5150.0,0.765,0.78,-0.05,4.4,207.49,10.783
1.796,0.03,,,0.6,,,,3082.82,,1.45,1.1,,,8500.0,12.666
3.67724,0.051,0.0,4.4112,0.723,,1686.0,,327.351,6325.0,1.64,1.33,0.11,4.22,1515.26,15.244
3.91405,0.0464,0.0,,,,,,257.431,5000.0,0.82,0.87,,4.5,773.409,9.976
2.99433,0.0436,0.0,2.5009,1.1449,0.818,1657.0,1890.649,740.51,6440.0,1.37,1.27,-0.03,4.22,655.037,16.03
4.03519,0.051,0.0,3.14,1.18504723,0.374,1700.0,546.5339,415.704,5945.0,1.01,1.09,0.01,4.46,1148.93,9.92
3.101278,0.0434,0.0,3.072,1.21,0.28,1702.0,,197.046,5950.0,1.17,1.14,0.28,4.358,1344.97,14.011
6.21229,0.063,0.0,2.74,0.651,0.49,870.0,,69.92,5080.0,0.77,0.88,0.3,4.58,322.037,6.39
7.64159,0.0752,0.0,3.4872,0.22866,0.593,899.0,126.081,17.3,5345.0,1.108,0.972,0.19,4.31,433.047,5.49
3.504725,0.0447,0.0,2.076,0.0254,0.771,1165.0,355.735,6.9,5345.0,1.108,0.972,0.19,4.31,433.047,2.0
5.7214876,0.055,0.09,2.73864,2.5549,0.139,736.0,51.0,30.51152707,4425.0,0.657,0.683,0.02,4.633,64.7414,10.53646
3.21346,0.0456,0.0,3.98235,0.087,0.022,1650.0,1245.431,24.472,5857.0,1.487,1.223,0.17,4.17,487.916,4.002
6.87188,0.07522,0.03,4.807,0.69,0.35,1250.0,,1093.3352,6180.0,1.52,1.76,-0.02,4.25,136.24,13.78707
14.85888,0.1172,0.0,3.679,0.3265,0.767,720.0,51.922,16.4,5345.0,1.108,0.972,0.19,4.31,433.047,6.98
2.797436,0.0379,0.058,2.3304,1.899,0.505,1271.0,412.3914,371.528,5500.0,0.877,0.929,0.03,4.52,390.594,13.204
4.61442,0.05179,0.0,1.896,1.8,,1003.0,188.1062,136.6669,5200.0,0.88,0.91,-0.07,4.35,189.469,12.89035
1.51214,0.027,0.0,1.662,,0.86,1952.0,,2415.4,6035.0,1.21,1.13,0.05,4.35,1744.6,12.22
69.7546,0.37,0.833,3.7177,0.44912,0.019,613.0,37.416,794.5,6430.0,1.74,1.39,0.176,4.1,1011.36,10.8
8.886593,0.0855,0.1,4.08,,0.291,1017.0,,940.74,6090.0,1.025,1.05,-0.2,4.43,645.294,13.068
3.4059096,0.04659,0.0,2.6472,1.615,0.77,1423.7,970.9417,151.916,6302.0,1.252,1.163,-0.2,4.308,383.829,17.363
29.54115,0.1758,0.051,3.27,0.0445,0.808,,,4.72,5660.0,0.877,0.869,-0.28,4.49,64.5978,2.017
17.9801235,0.13114,0.0,4.1249,0.02139,0.814,752.0,107.741,3.81,6074.0,0.94,1.04,-0.2,4.51,1163.22,1.98
15.5741568,0.12307,0.0,5.1013,0.04681,0.775,799.0,64.389,53.0,5843.0,1.03,0.95,0.1,4.39,969.252,2.86
3.90512,0.0477,0.0,2.85516,1.756,0.0053,1046.0,272.033,,5545.0,0.86,0.95,0.12,4.53,914.699,12.442
12.4417,0.0929,0.0,3.02,0.007,0.16,578.0,28.489,4.0,4925.0,0.64,0.69,-0.37,4.68,300.874,0.54
5.714932,0.0553,0.0,2.31,0.043,0.25,750.0,80.326,9.0,4925.0,0.64,0.69,-0.37,4.68,300.874,1.31
11.8681707,0.09943,0.0,5.977,0.01019,0.729,864.0,187.51,4.1,6074.0,0.94,1.04,-0.2,4.51,1163.22,1.1
18.6489525,0.1361,0.0,4.4815,0.08936,0.76,701.0,60.997,111.0,5858.0,0.89,0.98,0.0,4.53,1366.07,2.89
13.722341,0.094,0.16,5.126,0.0597,0.15,779.0,123.517,5.65,5638.0,0.93,0.81,-0.29,4.4,730.625,2.24
8.13123,0.084,0.014,4.1,0.0098,0.53,1117.0,394.549,4.14,6211.0,1.41,1.25,0.17,4.232,303.728,1.52
16.3850021,0.10379,0.012,3.1252,0.11655,0.0953,433.0,8.55,45.4,4075.0,0.52,0.54,0.0,4.74,321.542,1.84
27.9481449,0.1593,0.0,3.4932,0.09425,0.063,400.0,6.642,43.0,4362.0,0.58,0.62,-0.01,4.7,578.796,2.43
66.262,0.3553,0.1181,,,,,,67.0,4700.0,0.7761,0.82,-0.2,4.5721,847.536,4.347
2.24375,0.037,0.09,2.574,1.0,0.499,1872.0,1356.33,2809.6172,6475.0,1.4,1.62,0.0,4.07,161.997,15.46842
5.6335158,0.06814,0.5172,4.2888,0.5651,0.457,1540.0,588.518,2866.81223114,6380.0,1.39,1.33,0.18,4.16,127.774,10.659759
4.641878,0.0575,0.0,4.0344,0.75254475,0.577,1428.0,684.0973,331.801,5743.0,1.53,1.178,0.27,4.14,405.238,14.348
7.919585,0.0697,0.1,2.448,1.69,0.29,670.0,38.0328,274.276,4650.0,0.613,0.719,-0.15,4.72,115.936,8.687
3.54387,0.0509,0.0,4.188,0.999,0.349,1752.0,1915.6934,190.372,6430.0,1.625,1.404,0.19,4.16,697.004,17.609
1.0187068,0.01855,0.0,1.4947875,9.15586353,0.584,2000.0,2544.6509,355.9696,5000.0,0.752,0.82,0.2,4.6,1030.76834437,15.277867
105.599,0.4632,0.032,,0.05,,475.0,,122.0,5623.0,1.752,0.941,-0.11,3.926,1174.59,4.3
143.34394,0.5,0.022,7.728,0.83,0.38,308.0,1.962,23.1,5498.0,0.95,0.99,0.18,4.77,914.221,8.8
9.37647,0.087,0.0,2.06,0.0159,0.94,1125.0,388.444,8.2,6225.0,1.58,1.24,0.03,4.132,250.11,2.17
9.4341505,0.08,0.45,2.903,0.40243,0.732,791.0,100.371,120.0,5576.0,0.901,0.984,0.05,4.52,194.033,6.11
3.57878087,0.04501,0.0,2.93376,0.9849,0.341,1440.0,432.871,136.661,5520.0,0.99,0.95,0.2,4.42,639.411,10.761
4.763387,0.0542,0.019,2.9856,1.31606298,0.158,1025.0,183.2395,75.323,5304.0,0.871,0.936,0.19,4.53,246.384,10.223
3.352057,0.047,0.1,,1.7636,0.69,1500.0,,1274.44,6250.0,1.15,1.2,-0.5,4.4,2346.01,16.7
4.20474,0.0526,0.0,5.47,,0.33,1600.0,,165.26,5590.0,1.79,1.09,0.01,3.99,1045.18,14.12
4.86069,0.0578,0.0,1.92,,0.94,1330.0,,85.81,6040.0,1.19,1.09,-0.01,4.31,1103.48,12.11
3.8867907,0.0343,0.0,1.8098,0.05142,0.3,571.0,37.372,1.24,3788.0,0.472,0.478,-0.28,4.77,177.594,1.07
31.3309,0.191,0.0,4.75,0.50738,0.7923,481.0,11.067,4385.87,5400.0,0.59,0.65,0.41,5.4,1044.36,4.9
15.3348,0.118,0.0,3.47,0.30814,0.839,610.0,28.681,2895.31,5400.0,0.59,0.65,0.41,5.4,1044.36,4.0
13.342996,0.0781,0.0,2.9002,0.08728,0.36,379.0,7.204,2.54,3788.0,0.472,0.478,-0.28,4.77,177.594,1.4
22.6845,0.155,0.004,5.586,0.0885,0.181,653.0,51.115,7.3,5663.0,1.065,0.961,0.05,4.366,646.346,3.12
10.3039,0.091,0.045,4.116,0.03013,0.116,849.0,146.36,1.9,5663.0,1.065,0.961,0.05,4.366,646.346,1.8
42.6318,0.26,0.0,6.024,0.1729,0.855,615.0,35.254,1493.7,6340.0,1.22,1.21,-0.076,4.696,1664.64,5.3
8.7522,0.09,0.0,2.328,0.1453,0.017,451.0,10.68,158.9,3900.0,0.53,0.58,0.0,4.64,323.847,2.0
7.71792984,0.0621,0.0,1.84,0.03189,0.0912,502.0,15.01,1.84,3975.0,0.509,0.535,-0.34,4.753,245.303,1.19429134
22.7802,0.13,0.0,2.976,0.2181,0.008,328.0,3.631,39.9089,3900.0,0.53,0.58,0.0,4.64,323.847,2.7
87.6451,0.4,0.0,8.256,0.0959,0.5,484.0,11.8,2161.244,6340.0,1.22,1.21,-0.076,4.696,1664.64,3.9
3.128992,0.0452,0.049,3.4464,1.34262063,0.281,1652.0,1052.239,283.492,6330.0,1.319,1.259,0.07,4.3,298.64,15.984
4.301219,0.0507,0.044,3.1248,2.205,0.172,1108.0,185.119,111.871,5295.0,0.949,0.942,0.33,4.46,347.85,13.922
3.039577,0.04,0.0,1.68,1.43,0.87,1091.99,336.0384,197.05,5316.0,0.864673,0.916,0.3,4.52626,199.173,11.43
20.8613,0.16,0.0,4.992,0.1895,0.833,781.0,91.474,36.7418,6340.0,1.22,1.21,-0.076,4.696,1664.64,5.5
0.74296,0.013,0.0,0.936,0.0224,0.16,1026.0,349.645,969.228,3900.0,0.53,0.58,0.0,4.64,323.847,0.82
10.105785,0.092,0.0,2.059,0.01116,0.14,892.0,128.086,2.13,5983.0,1.176,0.956,-0.2067,4.31,334.797,1.26
2.453234,0.032,0.0,1.746,0.17519,0.73,737.0,122.139,8.96,4559.0,0.65,0.77,0.2772,4.663,232.75,2.94
7.8914483,0.082,0.0,4.2854,1.06126,0.416,1028.0,264.983,136.66,5972.0,1.24,1.15,0.23,4.31,722.795,12.89
3.21751883,0.0414,0.18,2.191,1.43194,0.718,1300.0,410.723,108.06,5725.0,0.92,0.91,-0.21,4.471,843.695,12.22
228.776,0.7048,0.0069,,,,,,105.833,4450.0,0.6489,0.6897,-0.3,4.6527,75.0852,8.4493
22.342989,0.1684,0.022,6.68603,0.56128,0.055,806.0,97.12,106.0,6182.0,1.52,1.277,0.0228,4.181,477.052,11.27
3.743208,0.05119,0.25,3.6888,0.01263,0.088,1486.0,1053.181,10.5,6182.0,1.52,1.277,0.0228,4.181,477.052,1.71
131.458,0.60347,0.042,,,,,,40.363,5606.0,1.0284,0.8877,-0.34,4.3623,1819.17,8.16
3.52563254,0.0433,0.22,2.614,2.2335,0.13,1070.0,195.088,403.63,5150.0,0.8,0.87,0.09,4.571,686.284,12.11
3.79701816,0.0464,0.33,2.353,1.44312,0.602,1070.0,229.036,79.45,5170.0,0.86,0.93,0.24,4.535,646.647,10.962
3.7130203,0.04853,0.0,3.3336,0.97,0.431,1387.0,649.1548,187.512,5763.0,1.215,1.106,-0.006,4.314,222.355,13.047
54.32031,0.3046,0.019,8.4652,0.19962,0.18,584.0,29.7,35.0,6182.0,1.52,1.277,0.0228,4.181,477.052,6.56
88.505,0.38946,0.0,7.4072,0.26364,0.8056,390.0,5.244,17.9,5656.0,1.06,0.85,0.1558,4.32,223.757,5.3
16.2385,0.1261,0.0,3.817,0.06433,0.54,711.0,57.524,8.46,5690.0,1.02,1.0,0.04,4.421,122.881,2.67
1.763588,0.03641,0.00064,3.16877,0.45906,0.2536,2550.0,25339.901,2949.4624,7650.0,1.74,1.72,0.2,4.2,519.096,16.948008
1.4857108,0.02591,0.011,2.2764,2.18019,0.268,1570.0,1481.766,778.65,5781.0,1.01034,1.04,0.26,4.44616,720.753,14.68
48.864468,0.2672,0.04,4.974589,0.42205663,0.681,542.4,20.6036,190.0,5720.0,1.035,1.063,0.25,4.439,249.006,10.52
3.6313,0.048,0.16,3.888,,0.56,1660.0,,889.9,5900.0,1.61,1.14,0.05,4.3,1060.97,11.77
0.45328509,0.006,0.0,0.4445,0.156,0.52,720.0,82.125,60.337,3068.0,0.17,0.13,-0.33,5.11,40.0595,0.73
13.17562,0.1189,0.0,6.7,0.02977,0.44,1009.0,241.759,0.39,5904.0,1.82,1.291,0.025,4.027,1209.16,3.2
9.48961571,0.0895,0.0,3.5282,0.02622,0.4764,926.0,311.788,4.08,5713.0,1.13,1.02,0.15,4.33,969.918,1.85
17.833648,0.1226,0.17,4.5403,0.03279,0.773,866.0,159.5,8.44,6273.0,1.352,1.214,0.01,4.261,147.527,2.838
5.960392,0.064,0.0,2.765,0.08239,0.75,890.0,149.977,8.75,5378.0,0.95,0.99,0.322,4.465,268.881,2.9
31.7844,0.2138,0.0,8.9,0.0467,0.47,752.0,74.72,5.57,5904.0,1.82,1.291,0.025,4.027,1209.16,4.02
5.66793,0.0677,0.0,4.88,0.00868,0.5,1336.0,744.011,3.68,5904.0,1.82,1.291,0.025,4.027,1209.16,1.74
4.662715,0.056,0.0,2.746,0.16194,0.07,1039.0,333.149,19.9,5746.0,1.189,1.073,0.332,4.325,489.141,4.71
2.461069,0.035,0.0,2.293,0.00809,0.21,1195.0,488.674,0.498,5378.0,0.95,0.99,0.322,4.465,268.881,0.83
33.60134,0.1968,0.01,4.4539,0.74259,0.757,543.0,10.9,1907.0,5155.0,0.938,0.902,0.41,4.447,777.06,9.057
27.50868,0.178,0.0,6.1,0.064,0.38,683.0,46.011,8.75,5879.0,1.17,1.0,0.02,4.29,316.663,2.9
86.67856,0.39249,0.2,10.224,0.82441,0.23,434.0,8.877,349.6112477,5820.0,1.09,0.98,-0.05,4.35,1002.53,13.45
41.02902,0.2535,0.0,9.87,0.0579,0.43,691.0,53.183,9.6,5904.0,1.82,1.291,0.025,4.027,1209.16,4.46
21.77596,0.1662,0.0,8.011,0.08314,0.44,853.0,123.691,3.91,5904.0,1.82,1.291,0.025,4.027,1209.16,5.35
7.8773565,0.0637,0.0,2.4223,0.14616,0.04,553.0,22.72,135.0,4075.0,0.52,0.54,0.0,4.74,321.542,2.1
10.2184954,0.09291,0.04,4.3967,0.04453,0.779,920.0,112.992,35.5,5843.0,1.03,0.95,0.1,4.39,969.252,2.78
122.3874,0.427,0.0,6.92,0.07,0.06,270.0,1.352,36.0,4925.0,0.64,0.69,-0.37,4.68,300.874,1.61
5.326718,0.061,0.0,3.387,0.06114,0.62,1007.0,604.9,6.66,5847.0,0.959,0.92,0.4,4.5,2257.32,2.47
40.714955,0.232,0.0,8.692,0.05639,0.7,516.0,43.248,5.69,5986.0,0.9,1.07,0.04,4.532,1098.45,2.25
160.018032,0.571,0.0,5.15,0.15528,0.62,306.0,2.446,14.9,5381.0,0.953,1.013,0.3805,4.465,571.034,3.96
30.950851,0.17,0.0,4.196,0.03014,0.43,428.0,10.499,1.41,4984.0,0.636,0.706,-0.46,4.669,420.046,1.11
48.648,0.24666,0.0,4.563,0.06211,0.89688,489.0,11.274,16.3,5693.0,1.03,1.1,-0.29,4.46,1144.86,2.8
8.041,0.06482,0.0,2.6319,0.05904,0.65,507.0,51.623,2.8,4660.0,0.54,0.56,0.2291,4.72,259.533,1.6
38.871826,0.217,0.0,6.125,0.10049,0.46,509.0,16.464,48.5,5619.0,0.915,0.927,-0.11,4.468,692.14,2.87
4.971252,0.059,0.0,3.3648,1.04,0.23,1120.0,238.875,95.349,5510.0,1.05,1.11,0.29,4.44,271.103,11.65736
3.3564227,0.0427,0.193,2.46,1.49,0.1,1120.0,278.8533,1875.197,5130.0,0.88,0.92,0.15,4.515,290.946,11.65736
6.124821,0.068,0.0,3.467,0.01484,0.59,1140.0,353.973,3.05,6090.0,1.264,1.072,-0.08,4.278,625.339,1.56
1.732342,0.028,0.0,2.186,0.01824,0.02,1546.0,1572.309,2.3,5774.0,1.044,0.95,-0.0593,4.389,773.713,1.32
3.3252725,0.03623,0.0,2.04096,3.23,0.427,712.8,47.3315,101.38777,3724.0,0.57,0.574,0.2,4.683,169.318,11.186582
15.413135,0.13351,0.02,6.6095,0.02468,0.315,944.0,213.731,12.5,6197.21,1.64162,1.19,0.1278,4.08307,455.982,2.62
12.04,0.08347,0.0,2.7363,0.13169,0.85,502.0,15.62,4.3,4385.0,0.59,0.64,-0.18,4.7,348.291,2.37
1.7208604,0.02897,0.0038,2.03459,1.05413,0.7942,1850.0,2144.307,299.07803,5750.0,1.287,1.167,0.27,4.3,1086.24,15.031269
13.749,0.12232,0.17,6.0538,0.04141,0.81,975.0,257.776,64.3,5883.0,1.7,1.21,0.1381,4.05,477.992,3.51
19.305772,0.14,0.0,4.192,0.07091,0.06,815.0,53.148,8.5,5918.0,1.091,0.842,-0.24,4.353,1194.15,2.85
12.645164,0.099,0.0,8.613,0.02004,0.02,741.0,287.5,1.98,5603.0,0.898,0.89,-0.03,4.444,1699.19,1.22
96.678988,0.397,0.0,6.276,0.09513,0.87,392.0,3.874,14.8,5676.0,1.066,0.852,-0.04,4.334,716.025,3.95
3.2467293,0.0446,0.066,3.124,0.69982,0.62,1544.0,1109.223,317.82,5800.0,1.35,1.12,0.15,4.22,1188.0,12.22
1.8555582,0.03101,0.0,2.4341,1.10373,0.672,1790.0,2036.749,177.98,5750.0,1.29,1.15,0.38,4.278,1093.08,14.46
7.51464,0.0827,0.14,4.965,0.00316,0.4,1199.0,557.205,17.6,6197.21,1.64162,1.19,0.1278,4.08307,455.982,0.837
3.1606296,0.03734,,,,0.459,,,734.16,4400.0,0.588,0.695,-0.03,4.63,747.959,10.548
26.136,0.1786,0.0,6.613,0.03622,0.842,782.0,83.237,14.9,6492.3,1.25,1.0,0.041,4.24,956.859,2.8
50.447,0.28635,0.0,7.159,0.03703,0.906,568.0,35.869,13.5,5800.0,0.96,1.06,0.34,4.49,1798.75,2.0
44.851896,0.246,0.0,3.584,0.07808,0.83,513.0,12.457,66.0,5806.0,1.032,0.963,0.117,4.402,835.86,3.26
2.633867,0.036,0.0,2.061,0.02598,0.09,1131.0,428.407,2.36,5411.0,0.808,0.915,0.17,4.584,824.31,1.34
3.137873,0.04,0.0,1.888,0.03057,0.16,1041.0,255.584,2.15,5333.0,0.749,0.81,-0.04,4.619,609.283,1.27
4.13827595,0.05087,0.0,3.449,0.00638,0.7654,1324.0,738.183,1.08,6126.0,1.18,1.13,0.01,4.34,852.204,1.03
2.34121,0.03651,0.0,2.6832,1.0,0.653,1772.0,934.465,394.1092,6075.0,1.42,1.43,0.0,4.26,322.114,15.46842
4.322482,0.052,0.0,3.3552,1.082,0.23,1333.0,705.0438,95.345,5800.0,1.06,1.01,-0.22,4.277,258.426,11.99
1.1980035,0.01589,0.0,0.95,0.11503177,0.336,773.0,59.4,1.86,3347.0,0.364,0.36,0.11,4.81,27.3644,1.264
1.630757,0.0199,0.02,1.4,6.805,0.402,737.0,49.0,343.0,3430.0,0.394,0.392,0.0,4.84,86.4493,11.6
5.436098,0.0341,0.0,1.5419673,0.38,0.3,388.0,3.7,2.67,3212.0,0.211,0.179,,5.04,38.0749,1.44
2.18053332,0.03552,0.03,2.92728,1.416,0.171,1759.0,1860.0,434.15360396,6180.0,1.236,1.256,0.337,4.353,314.995,16.06246934
12.699149,0.104,0.0,2.819,0.07974,0.24,686.0,38.366,5.65,5615.0,0.814,0.766,-0.26,4.58,1031.95,2.24
13.72465129,0.11664,0.0,6.9296,0.02818,0.71,831.0,229.311,4.94,5865.0,1.11,1.04,0.04,4.36,974.124,2.07
67.093408,0.316,0.0,6.931,0.12939,0.13,420.0,7.885,10.6,5644.0,0.967,0.96,0.0,4.438,521.054,3.25
15.660544,0.13,0.0,7.006,0.03841,0.03,758.0,196.402,7.32,6169.0,1.352,1.11,-0.02,4.249,1208.44,2.61
114.73635,0.481,0.036,11.878,0.485,0.727,478.0,9.203,324.2,5600.0,1.82,1.1,-0.17,3.96,1232.9,13.49
8.8849116,0.0818,0.57,2.0778,1.76704,0.13,767.0,106.484,3209.9,5200.0,0.89,0.91,0.3,4.5,835.356,11.77
7.340711,0.0781,0.0,3.082,0.86795,0.685,1078.0,337.682,200.22,6000.0,1.12,1.18,0.42,4.44,1177.55,10.76
42.882,0.26244,0.11,9.7471,0.04089,0.742,709.0,67.193,79.4,6022.0,1.85,1.32,-0.0014,4.02,566.85,4.32
34.921,0.2199,0.0,9.874,0.05,0.03,602.0,57.079,28.5,6064.0,1.06,1.15,0.08,4.44,2213.19,2.3
8.990889,0.087,0.0,4.083,0.04697,0.11,960.0,209.101,7.27,5979.0,1.205,1.042,-0.0499,4.306,623.609,2.6
8.01041,0.08,0.0,4.216,0.02941,0.21,940.0,237.43,3.53,6012.0,1.024,0.976,0.07,4.437,1047.03,1.7
6.738975,0.056,0.0,3.018,0.06013,0.45,579.0,38.883,1.87,3682.0,0.48,0.593,-0.04,4.783,561.101,1.2
22.0459018,0.1572,0.0,5.06,0.08048,0.918,640.0,79.722,13.5,5993.0,1.14,1.11,0.09,4.37,1976.05,3.74
21.40239,0.1652,0.0,11.721,0.04093,0.943,1087.0,317.206,181.0,4840.0,4.23,1.32,0.2,3.31,912.994,9.8
4.1877558,0.0515,0.0,3.1176,1.08,0.55,1230.0,397.4799,378.2,5430.0,1.13,1.04,0.05,4.35,276.211,12.78
7.79430132,0.0769,0.123,1.135,0.33874,1.076,882.0,119.039,435.41,5493.0,1.05,1.0,0.07,4.4,268.041,18.49
7.693641,0.079,0.0,5.05,0.03036,0.72,1069.0,540.034,6.12,6091.0,1.26,1.126,-0.1489,4.28,1187.47,2.35
36.924931,0.217,0.0,4.723,0.0902,0.03,530.0,15.054,7.75,5938.0,0.898,0.867,-0.09,4.532,1002.14,2.7
19.254196,0.144,0.0,4.533,0.09877,0.5,657.0,28.944,9.64,5804.0,0.957,0.934,0.1,4.504,974.633,3.07
3.546511,0.047,0.0,2.266,0.04427,0.33,1212.0,627.374,5.31,6002.0,1.016,1.023,0.23,4.472,1786.48,2.16
14.496481,0.109,0.0,3.222,0.06571,0.37,613.0,20.498,4.66,5020.0,0.85,0.748,-0.02,4.492,600.241,2.0
4.144495,0.048,0.0,2.368,0.03918,0.24,864.0,142.736,2.45,4985.0,0.739,0.868,0.41,4.626,746.927,1.37
10.5016,0.1028,0.04,14.522,0.01834,0.741,1378.0,819.245,22.1,4840.0,4.23,1.32,0.2,3.31,912.994,6.51
3.1186,0.0415,0.0,2.043274,1.2,0.81,1389.0,481.917,394.1092,5700.0,1.14,1.78,0.01,4.49,194.134,13.67498
3.73543,0.0515,0.0,4.4232,1.7,0.4,1755.0,1292.19,247.9074,6550.0,1.49,2.28,-0.25,4.2,405.908,20.96083
0.94145223,0.02024,0.0051,2.21,1.041,0.36,2429.0,5805.0,3241.8497514,6432.0,1.319,1.294,0.107,4.31,123.483,13.89913607
3.799847,0.04117,0.074,1.8114914,2.5455085,0.741,818.0,88.6713,241.5508,4390.0,0.617,0.645,-0.127,4.667,143.651,10.581296
4.180043,0.05,0.0,2.482,0.18805,0.48,957.0,187.197,12.6,5272.0,0.851,0.86,0.14,4.546,791.163,3.6
2.735926,0.036,0.0,1.987,0.04289,0.57,1075.0,360.262,3.33,5302.0,0.759,0.893,0.12,4.613,605.68,1.64
1.937055,0.024,0.0,1.535,0.03123,0.45,802.0,145.436,0.64,3944.0,0.485,0.575,-0.4136,4.768,209.738,0.89
8.187399,0.075,0.0,3.027,0.05707,0.46,782.0,132.134,4.7,5250.0,0.862,1.013,0.29,4.494,627.365,2.01
3.940997,0.047,0.0,2.596,0.03633,0.15,1018.0,270.402,24.0,5571.0,0.802,0.904,0.09,4.586,980.138,1.55
2.7566,0.04,0.0,2.3808565,1.0,0.83,1650.0,1225.5264,270.1555,6034.0,1.22,0.86,0.16,4.44,252.759,13.56289
1.21987,0.0239,0.0,2.8536,1.21601096,0.21,2781.7,9392.0471,665.21819,7430.0,1.444,1.495,0.1,4.25,121.944,17.855937
2.7667641,0.03815,0.142,2.64216,1.49474388,0.18,1276.0,505.884,340.39593,5346.0,0.933,0.967,0.33,4.484,513.011,11.646151
15.31299,0.11,0.0,3.028,0.08649,0.06,581.0,25.931,5.6,5211.0,0.77,0.746,-0.25,4.542,560.885,2.23
15.677563,0.119,0.03,5.326,0.01044,0.66,810.0,109.091,1.98,6004.0,1.12,0.857,-0.441,4.304,330.575,1.22
4.164389,0.041,0.0,1.798,0.25291,0.03,590.0,33.184,6.21,3810.0,0.512,0.542101,-0.14,4.744,183.365,2.37
7.240193,0.067,0.0,3.052,0.08649,0.83,716.0,70.449,6.12,4954.0,0.719,0.75,-0.13,4.611,775.679,2.35
91.93913,0.42,0.0,9.71,0.04829,0.27,450.0,10.228,7.56,6080.0,1.2,1.2,-0.12,4.4,848.254,2.66
8.719375,0.089,0.0,4.41,0.01604,0.09,987.0,236.315,1.81,6080.0,1.2,1.2,-0.12,4.4,848.254,1.19
10.08881,0.091,0.0,1.714,0.21758,0.9,734.0,59.076,19.4,5433.0,0.869,0.933,0.33,4.551,758.854,4.64
29.022358,0.179,0.0,3.961,0.06376,0.89,559.0,18.557,6.76,5788.0,0.873,0.872,-0.1958,4.51,610.326,2.49
5.923653,0.059,0.0,2.787,0.04065,0.81,531.0,99.493,3.05,4713.0,0.721,0.816,0.27,4.612,544.568,1.56
4.190425575,0.0535,0.0,2.8403,0.28774,0.689,1234.0,607.525,31.3,5903.0,1.08,1.06,0.07,4.39,1416.44,6.14
46.6888,0.25,0.013,6.431,0.0548,0.463,513.0,19.53,2.0,5663.0,1.065,0.961,0.05,4.366,646.346,2.49
31.9996,0.195,0.012,4.165,0.1333,0.763,582.0,32.34,8.0,5663.0,1.065,0.961,0.05,4.366,646.346,4.19
118.3807,0.466,0.15,9.469,0.1006,0.217,376.0,5.65,25.0,5663.0,1.065,0.961,0.05,4.366,646.346,3.33
34.260281,0.195,0.0,4.84,0.10725,0.23,468.0,10.507,6.26,5413.0,0.742,0.811,-0.08,4.619,603.53,2.38
10.300682,0.098,0.0,4.967,0.02718,0.57,1015.0,266.3,6.08,6165.0,1.383,1.189,0.08,4.229,2034.25,2.34
7.12811928,0.0814,0.0,5.614,0.00454,0.845,1373.0,1003.027,2.27,6339.0,2.0,1.45,0.13,4.0,544.163,1.31
13.0241,0.107,0.026,4.544,0.07508,0.156,786.0,107.224,2.9,5663.0,1.065,0.961,0.05,4.366,646.346,2.87
2.83891856,0.03769,0.0,2.304,1.269,0.345,1338.0,702.385,204.68252,5600.0,0.927,0.886,-0.25,4.452,398.276,11.76945
3.1220109,0.0453,0.115,3.6744,0.6304917,0.629,1862.0,2108.4362,429.0705,6280.0,1.698,1.273,-0.18,4.072,515.458,14.437192
49.183921,0.292,0.22,11.277,0.16462,0.03,669.0,47.4,56.0,5854.0,2.192,1.247,0.3261,3.895,338.732,8.65
40.806231,0.249,0.0,14.253,0.03139,0.93,772.0,79.478,11.1,6158.0,1.55,1.426,0.0469,4.147,942.173,3.33
12.309681,0.112,0.0,5.868,0.03791,0.69,1104.0,249.021,4180.93,6363.0,1.746,1.2,-0.1141,4.051,1037.4,3.62
3.468095,0.042,0.0,2.305,0.02439,0.2,1098.0,353.0,2.45,5580.0,0.863,0.83,-0.25,4.495,1226.85,1.37
10.381227,0.088,0.0,2.759,0.08697,0.16,672.0,45.779,5.39,5098.0,0.794,0.834,0.1621,4.561,317.499,2.18
7.055679,0.068,0.0,3.145,0.07056,0.35,808.0,103.005,5.6,5299.0,0.826,0.865,0.04,4.536,1056.48,2.23
2.422082,0.035,0.0,2.574,0.18718,0.3,1213.0,745.285,12.6,5595.0,0.839,0.918,0.01,4.567,701.996,3.6
74.920137,0.336,0.0,4.794,0.41192,0.81,409.0,6.86,42.1,5619.0,0.915,0.927,-0.11,4.468,692.14,6.54
8.96855,0.088,0.0,4.326,0.02343,0.73,1024.0,206.072,6.39,5807.0,1.433,1.055,0.1445,4.184,927.193,2.41
24.806,0.15837,0.0,6.1513,0.06244,0.763,588.0,52.348,61.0,5656.0,0.89,0.97,-0.2,4.53,1337.61,2.46
16.709184,0.111,0.0,2.765,0.08398,0.86,500.0,13.634,5.14,4623.0,0.624,0.655,-0.3,4.66,315.177,2.12
2.936532,0.037,0.0,1.704,0.03523,0.04,1209.0,285.636,2.86,5626.0,0.815,0.756,-0.28,4.514,713.964,1.5
6.57531678,0.067,0.0,4.2837,0.27933,0.3,1015.0,683.274,25.0,5723.0,0.99,1.0,0.06,4.45,1954.08,5.38
4.646186,0.05,0.0,2.316,0.04465,0.07,830.0,127.255,2.92,4954.0,0.719,0.75,-0.13,4.611,775.679,1.52
28.464515,0.154,0.0,2.742,0.16298,0.48,301.0,2.647,5.77,4258.0,0.555,0.541571,-0.18,4.729,264.993,2.27
4.00878322,0.04599,0.07,2.8368,2.14837462,0.404,981.2,154.0,88.03846874,4962.0,0.773,0.807,0.166,4.5687,202.078,11.29865255
5.452654,0.06774,0.432,3.1752,0.775,0.126,1520.0,433.78,1058.3739,6442.0,1.53,1.392,0.22,4.21,249.325,13.417173
3.72247,0.0435,0.0,2.556,1.6,0.054,992.0,184.988,251.0857,4800.0,0.89,1.42,0.0,4.45,124.73,12.44199
3.577469,0.0446,0.0,3.1296,1.427,,1232.5,545.3338,572.07,5800.0,1.003,0.925,-0.4,4.25,392.791,13.002
3.916243,0.0562,0.0,3.3552,0.71,0.841,1840.0,1704.4939,200.2329,6430.0,1.98,1.55,0.11,4.033,466.433,18.27067
14.5665,0.0962,,4.73,0.2589,0.57,430.0,5.8,7.61,3785.0,0.52,0.56,-0.13,4.72407,99.0504,2.67
31.884,0.18619,0.0,5.099,0.091,0.700831,563.0,19.793,16.6,5693.0,1.03,1.1,-0.29,4.46,1144.86,2.9
5.487,0.05746,0.005,2.93,0.13286,0.806,836.0,112.914,10.5,5080.0,0.8,0.76,0.09,4.51,868.477,3.6
6.61833,0.071,0.0,3.717,0.05491,0.36,1066.0,230.403,6.71,5885.0,1.028,0.947,0.16,4.453,1370.79,2.48
41.008011,0.216,0.0,3.978,0.10045,0.49,425.0,7.296,5.77,5311.0,0.701,0.859,-0.08,4.646,510.523,2.27
44.431014,0.257,0.03,10.624,0.02385,0.79,680.0,53.556,9.27,5923.0,1.735,1.105,-0.029,4.017,552.798,3.0
1.7497798,0.0272,0.0,1.8096,2.71,0.6,1315.0,605.7625,146.2,5000.0,0.79,0.87,0.03,4.582,174.818,14.24
2.484193,0.0375,0.0,1.9728,1.07,0.882,1710.0,1657.0,340.06,6100.0,1.26,1.14,0.07,4.29,294.001,14.235
1.4013794,0.0243,0.0,1.656,1.94,0.8,1403.66,917.4101,603.877,5675.0,0.96,0.98,0.02,4.47,298.214,14.5717
100.283134,0.448,0.02,10.841,0.03287,0.14,475.0,14.714,54.59018723,6239.0,1.358,1.108,-0.16,4.247,237.401,2.5
13.391635,0.117,0.0,3.417,0.00461,0.49,1180.0,225.331,1.46,6152.0,1.568,1.144,-0.2016,4.12,267.323,1.12
15.368459,0.097,0.0,2.697,0.07561,0.9,332.0,4.474,3.09,3568.0,0.482,0.510238,-0.34,4.777,190.401,1.57
18.746477,0.139,0.0,3.961,0.07968,0.15,686.0,38.844,6.8,5957.0,0.91,0.849,-0.13,4.524,1389.48,2.5
0.71912603,0.00733,,0.456,0.5291,0.124,553.0,15.54,0.894,2800.0,0.123,0.1009,0.07,5.265,,0.977
11.932125,0.107,0.0,6.35,0.01785,0.68,905.0,203.761,4.86,5593.0,1.485,1.226,0.3965,4.152,762.596,2.05
3.281959,0.045,0.0,2.851,0.0191,0.33,1326.0,1873.311,2.73,6209.0,1.048,1.088,-0.06,4.452,1856.28,1.46
3.107675,0.039,0.0,2.218,0.00774,0.54,968.0,228.663,0.257,4910.0,0.787,0.878,0.2643,4.566,301.183,0.69
41.809118,0.242,0.0,8.687,0.01904,0.94,582.0,22.072,5.31,5790.0,1.269,0.978,0.05,4.262,548.686,2.16
9.024389,0.087,0.0,3.128,0.02149,0.01,939.0,183.39,3.36,5886.0,1.145,1.08,0.0844,4.35,845.97,1.65
25.660593,0.173,0.0,4.383,0.01692,0.62,683.0,36.886,3.86,5812.0,1.238,1.038,0.07,4.269,686.723,1.79
19.747412,0.153,0.0,3.376,0.04807,0.18,754.0,165.824,10.1,6115.0,1.467,1.314,0.15,4.191,797.72,3.15
5.914323,0.061,0.0,2.655,0.02532,0.06,919.0,173.9,2.33,5580.0,0.863,0.83,-0.25,4.495,1226.85,1.33
6.24658,0.0731,0.0519,11.261,0.03968,0.8667,2040.0,3273.324,257.4423,4550.0,6.3,1.31,0.11,2.953,1294.69,15.322703
2.56699,0.03957,0.078,2.471,0.029,0.26,1735.0,1001.28,7.7,6210.0,1.309,1.247,0.18,4.29,132.214,2.483
5.47666,0.054,0.0,2.503,0.0648,0.73,741.0,64.845,4.04,4648.0,0.674,0.652,-0.03,4.627,554.064,1.84
26.84768,0.186,0.0,10.085,0.02541,0.28,800.0,107.58,10.7,5502.0,2.019,1.165,0.03,3.903,770.978,3.26
6.00253,0.067,0.0,3.952,0.0202,0.0,1209.0,496.678,3.93,6090.0,1.275,1.047,-0.105,4.271,621.855,1.81
12.904532,0.095,0.0,3.322,0.04124,0.33,545.0,20.91,2.3,4710.0,0.672,0.669,-0.1785,4.624,470.0,1.32
2.972086,0.04363,0.09,4.6992,0.644,0.33,1896.0,1939.51,248.86089,6002.0,1.881,1.255,0.035,3.993,935.456,17.82231
4.0460435,0.05453,0.0,4.8048,0.755,0.16,1729.0,6586.47,163.36462,6410.0,1.696,1.32,0.16,4.1,376.658,16.14096
4.9546416,0.0617,0.034,3.639,0.7357,0.53,1487.0,612.686,305.1168,6400.0,1.432,1.276,0.0,4.232,162.303,14.90797
4.12508,0.05524,0.0,4.454,0.78,,1630.0,1112.27,451.3186,6397.0,1.45,1.1,-0.04,4.18,272.655,14.01125
4.11379,0.05497,0.0,5.172,0.52,,2080.0,3108.45,540.311,6327.0,1.93,1.54,0.0,4.5,134.058,15.13215
4.098503,0.04839,0.0,2.3208,1.603,0.662,1092.0,299.0,184.02357,5425.0,0.844,0.9,-0.15,4.54,333.042,11.646151
3.58572,0.05057,0.0,2.7072065,1.3,0.745,1560.0,1089.171,162.0933,6380.0,1.31,1.41,0.2,4.31,201.224,16.02887
23.668205,0.153,0.0,5.872,0.04494,0.77,668.0,45.438,7.14430805,5711.0,1.349,0.818,-0.42,4.105,400.785,3.13
14.871572,0.094,0.0,2.427,0.09449,0.01,391.0,4.21,2.57,3591.0,0.471,0.5,-0.09,4.785,214.0,1.41
34.763278,0.2,0.0,4.174,0.02937,0.62,554.0,41.737,4.23,5666.0,0.992,0.876,-0.1975,4.39,813.192,1.89
12.610584,0.113,0.0,4.448,0.00765,0.51,953.0,224.61,2.96,6012.0,1.468,1.145,0.1,4.182,1042.02,1.53
18.010199,0.136,0.0,2.91,0.01777,0.01,758.0,68.6,3.02,6003.0,1.178,0.929,-0.2159,4.31,349.549,1.55
7.466623,0.079,0.0,3.882,0.01209,0.27,1141.0,300.165,2.51,6092.0,1.314,1.082,-0.0423,4.265,775.328,1.39
38.6519976,0.21864,0.0,6.336,0.05665,0.52,487.0,15.038,7.65,5444.0,0.88,0.91,0.0,4.51,872.343,2.68
6.827766,0.058,0.0,2.419,0.05458,0.18,577.0,37.377,1.65,4204.0,0.52,0.587,-0.23,4.743,384.938,1.16
14.970418,0.125,0.0,5.858,0.02905,0.02,883.0,142.4,6.94,5727.0,1.536,1.114,0.26,4.127,1079.39524871,2.53
20.053763,0.154,0.0,6.031,0.03054,0.23,755.0,91.881,5.02,6509.0,1.137,1.202,-0.13,4.405,1493.95,2.09
5.535309,0.06,0.0,2.864,0.02606,0.16,1054.0,453.872,2.42,5787.0,0.845,0.981,0.14,4.562,1090.45,1.36
24.674612,0.16,0.0,3.014,0.06708,0.06,544.0,21.407,5.02,5460.0,0.83,0.87,0.1245,4.555,649.919,2.09
25.193458,0.155,0.0,4.634,0.04812,0.0,513.0,16.657,3.12,5178.0,0.767,0.825,0.07,4.558,882.462,1.58
14.667108,0.113,0.0,3.855,0.01981,0.85,675.0,57.694,3.78,5739.0,1.027,0.788,-0.4425,4.364,485.997,1.77
11.829851,0.102,0.0,5.635,0.0191,0.56,730.0,44.534,2.15,5654.0,0.884,0.86,-0.03,4.543,812.524,1.27
5.524242,0.061,0.0,2.672,0.0491,0.3,976.0,151.652,109.8,5497.0,0.941,0.865,0.13,4.493,940.584,2.09
6.941357,0.069,0.0,1.791,0.0867,0.13,876.0,136.343,7.41,5526.0,0.903,0.933,0.06,4.487,503.436,2.63
19.986326,0.141,0.0,3.81,0.0648,0.93,720.0,33.152,7.51,5826.0,0.837,0.891,-0.04,4.567,1238.81,2.65
13.121632,0.115,0.0,3.626,0.01969,0.16,913.0,209.368,3.93,6133.0,1.335,1.163,-0.0226,4.256,707.559,1.81
6.791636,0.068,0.0,3.197,0.01026,0.03,994.0,304.081,1.08,5774.0,1.046,0.85,-0.3,4.353,801.052,1.03
3.173315,0.036,0.0,2.042,0.02045,0.2,830.0,112.21,0.457,4498.0,0.586,0.635,0.0,4.69,425.0,0.81
18.643577,0.124,0.0,1.846,0.08525,0.62,517.0,18.732,4.54,5018.0,0.676,0.777,-0.06,4.639,782.088,1.97
8.109044,0.076,0.0,3.698,0.02174,0.06,800.0,103.645,1.98,5571.0,0.802,0.904,0.09,4.586,980.138,1.22
7.05677,0.076,0.0,1.909,0.01223,0.05,1196.0,438.942,2.92,6177.0,1.359,1.189,-0.03,4.244,570.783,1.52
13.726976,0.117,0.04,7.288,0.01992,0.14,1005.0,256.606,30.6,5923.0,1.735,1.105,-0.029,4.017,552.798,2.44
14.172327,0.115,0.0,2.61,0.02468,0.19,873.0,168.29,3.86,5900.0,1.175,0.968,-0.1038,4.303,923.067,1.79
27.014976,0.182,0.0,5.776,0.02876,0.34,677.0,49.855,4.9,5949.0,1.224,1.043,0.05,4.303,823.804,2.06
3.244107,0.041,0.0,2.094,0.03719,0.25,1047.0,167.058,2.89,5376.0,0.792,0.765,-0.1,4.57,816.559,1.51
7.518496,0.073,0.0,2.857,0.03002,0.72,784.0,79.753,4.5,5274.0,1.094,0.811,0.18,4.321,574.228,1.96
26.695074,0.181,0.0,4.529,0.01326,0.23,706.0,77.399,2.79,6089.0,1.264,1.079,-0.08,4.277,1021.66,1.48
20.026218,0.142,0.0,1.319,0.04212,0.77,559.0,21.72,4.62,5228.0,0.842,0.904,0.26,4.565,693.86,1.99
62.784697,0.326,0.0,4.678,0.0325,0.18,530.0,19.793,5.86,6054.0,1.306,1.125,0.09,4.273,731.274,2.29
28.574263,0.172,0.0,4.963,0.08249,0.08,538.0,24.255,6.35,5544.0,0.841,0.782,-0.5221,4.506,513.206,2.4
18.735753,0.13,0.0,3.005,0.05672,0.06,568.0,29.775,4.19,5187.0,0.802,0.85,0.05,4.553,302.979,1.88
6.738088,0.065,0.0,2.377,0.00929,0.37,786.0,99.972,0.477,5166.0,0.776,0.787,-0.0443,4.569,435.277,0.82
57.24809,0.287,0.0,5.923,0.15332,0.21,431.0,6.712,11.1,5643.0,0.854,0.81,-0.16,4.556,1083.91,3.19
2.549575,0.029,0.0,1.667,0.04951,0.03,682.0,73.056,1.41,3799.0,0.492,0.591913,-0.2,4.758,241.987,1.11
5.188549,0.053,0.0,2.435,0.03536,0.69,586.0,92.535,1.09,4605.0,0.667,0.77,0.2291,4.65,259.533,1.26
83.488369,0.381,0.0,6.088,0.09554,0.25,411.0,6.599,8.5,5908.0,0.954,0.94,0.035,4.504,1101.1,2.85
6.195469,0.062,0.0,3.056,0.02964,0.04,776.0,82.853,1.92,4997.0,0.763,0.825,0.17,4.582,406.529,1.21
8.295611,0.065,0.0,1.328,0.08243,0.67,469.0,15.632,3.09,3750.0,0.51,0.596005,-0.05,4.753,288.763,1.57
7.010606,0.067,0.0,2.986,0.03484,0.31,738.0,77.412,2.57,4910.0,0.787,0.878,0.2643,4.566,301.183,1.41
76.13602028,0.33939,0.0,7.9602,0.29495,0.011,399.0,6.338,21.1,5653.0,0.91,0.96,-0.04,4.5,298.532,4.87
7.886631104,0.0762,0.0,5.21906,0.66815,0.001,996.0,405.183,52.7,5835.0,1.03,1.03,0.06,4.42,1506.58,8.35
13.093921,0.11,0.0,2.14,0.04031,0.01,752.0,80.103,5.99,5740.0,1.194,1.024,0.121,4.302,384.542,2.32
5.929778,0.065,0.0,2.364,0.04301,0.48,972.0,248.274,94.5,5956.0,0.927,1.083,0.1509,4.518,940.724,1.9
8.410894,0.065,0.0,2.253,0.07556,0.46,472.0,16.561,2.48,3903.0,0.504,0.553,-0.12,4.751,384.694,1.38
57.68802,0.307,0.0,4.161,0.16266,0.06,512.0,8.1,2.9,6248.0,1.086,0.827,-0.29,4.429,1443.21,4.3
4.263742,0.048,0.0,2.261,0.01831,0.25,1179.0,599.495,2.21,6031.0,0.949,1.067,0.0357,4.404,833.165,1.29
3.2588321,0.04217,0.066,2.22,1.9011,0.58,1171.0,293.0,232.0159,5358.0,0.86,0.94,0.16,4.54,178.475,13.33871
13.817124,0.109,0.0,3.74,0.02187,0.18,781.0,72.119,2.86,5731.0,1.063,0.95,0.03,4.343,695.65,1.5
20.050401,0.14,0.0,4.504,0.08409,0.11,622.0,31.267,15.2,5554.0,0.803,0.933,0.07,4.585,1036.49,2.31
12.412183,0.105,0.0,3.362,0.06113,0.05,787.0,67.225,3.2,5957.0,0.91,0.849,-0.13,4.524,1389.48,2.15
2.1746742,0.0348,0.0,2.7672,1.254,0.608,1871.0,1622.2528,255.85315,6280.0,1.341,1.19,0.0,4.259,575.889,16.376349
15.955387,0.116,0.0,3.917,0.07626,0.22,573.0,27.676,4.46,5117.0,0.722,0.848,0.16,4.636,717.527,1.95
16.8320729,0.1256,0.0,3.923,0.0326,0.5224,690.0,36.162,3.71,5667.0,0.94,0.96,0.01,4.48,758.17,1.75
3.289672,0.044,0.0,2.312,0.0246,0.07,1116.0,415.434,3.36,6053.0,1.058,0.994,0.15,4.423,876.044,1.65
18.596108,0.116,0.0,2.164,0.08138,0.27,371.0,6.063,1.03815,4252.0,0.559,0.549,0.03,4.727,311.222,1.56
3.25427,0.045,0.0,2.978,0.01603,0.05,1301.0,848.695,3.22,6077.0,1.288,1.044,-0.039,4.272,583.859,1.61
21.587475,0.155,0.0,4.683,0.03368,0.01,747.0,77.14,5.48,6050.0,1.216,0.982,-0.08,4.299,1027.45,2.2
83.446393,0.391,0.0,7.219,0.0503,0.91,471.0,13.662,11.4,6081.0,1.274,1.109,0.0009,4.287,851.87,3.38
11.463462,0.098,0.0,2.566,0.10245,0.04,752.0,78.905,7.08,5642.0,0.839,0.978,0.17,4.566,863.855,2.56
31.517586,0.204,0.0,7.765,0.03576,0.68,663.0,67.161,8.45,5736.0,1.425,1.02,0.282,4.186,653.6,2.84
1.6329,0.026,0.0,1.559,0.02092,0.34,1237.0,475.507,1.71,5208.0,0.806,0.763,-0.14,4.545,466.735,1.17
6.511127,0.071,0.0,1.509,0.06951,0.32,1008.0,134.357,7.56,6033.0,1.021,0.943,0.1,4.464,984.105,2.66
2.052349905,0.0322,0.0,2.0801,1.42806,0.437,1497.0,1324.2,,6191.0,1.3,1.18,0.06,4.28,1302.33,16.56
4.708326542,0.0539,0.0,3.17455,0.79127,0.0078,1162.0,384.561,53.4,5618.0,0.92,0.95,0.0,4.49,1065.37,8.41
18.5525701,0.1336,0.0,4.201,0.07715,0.78,612.0,31.456,7.41,5261.0,0.8,0.84,-0.09,4.56,968.722,2.63
3.413036221,0.0427,0.0,2.60753,0.38687,0.046,1200.0,310.021,23.8,5346.0,0.83,0.86,-0.07,4.55,658.924,5.23
14.646008,0.117,0.0,6.293,0.05935,0.92,694.0,118.246,324.0,5723.0,0.899,0.95,0.02,4.531,1745.45,2.82
6.097326,0.065,0.0,3.306,0.02176,0.21,1197.0,247.301,3.43,5918.0,1.091,0.842,-0.24,4.353,1194.15,1.67
8.005013,0.083,0.0,3.419,0.01875,0.24,1035.0,164.78,3.19,6402.0,1.132,0.87,-0.3,4.408,1058.72,1.6
10.399931,0.088,0.0,3.417,0.02753,0.23,678.0,45.389,1.92,5235.0,0.75,0.803,-0.04,4.619,591.534,1.21
1.729366,0.028,0.0,1.757,0.05172,0.05,1284.0,609.017,3.89,5272.0,0.851,0.86,0.14,4.546,791.163,1.8
20.552802,0.142,0.0,2.205,0.07273,0.37,656.0,30.546,8.65,5676.0,1.066,0.852,-0.04,4.334,716.025,2.88
1.594745463,0.0258,0.0,1.9561,1.50445,0.514,1539.0,2132.903,,5649.0,0.92,0.94,-0.07,4.49,1490.94,12.15
38.478757067,0.2213,0.0,5.05845,2.353,0.0154,484.0,11.241,,5498.0,0.87,0.96,0.1,4.54,442.871,13.34
9.10967112,0.0862,0.0,5.3021,0.01264,0.3443,873.0,121.04,1.81,5416.0,0.99,0.95,0.26,4.42,258.893,1.19
15.170318,0.128,0.0,4.016,0.02248,0.01,905.0,160.261,5.69,6175.0,1.472,1.213,-0.0006,4.187,781.611,2.25
12.758005,0.107,0.0,4.088,0.01914,0.03,822.0,97.21,2.63,5828.0,1.068,1.022,-0.012,4.385,426.59,1.43
5.700786,0.065,0.0,1.647,0.03798,0.57,1035.0,332.737,4.19,6002.0,1.016,1.023,0.23,4.472,1786.48,1.88
22.92881,0.136,0.0,2.398,0.09089,0.59,416.0,8.696,4.38,4465.0,0.582,0.66,-0.21,4.709,518.204,1.93
3.763024,0.045,0.0,1.536,0.03613,0.16,948.0,181.699,2.73,5106.0,0.795,0.834,0.06,4.561,433.387,1.46
17.738506,0.128,0.0,2.821,0.06055,0.14,596.0,23.2,4.12,5282.0,0.789,0.857,0.13,4.594,594.464,1.86
3.071571,0.044,0.0,4.077,0.00908,0.18,1556.0,1742.715,2.86,5920.0,1.588,1.313,0.29,4.129,875.519,1.5
3.132924,0.038,0.0,2.034,0.04797,0.32,937.0,201.489,2.51,5018.0,0.676,0.777,-0.06,4.639,782.088,1.39
9.693201,0.093,0.0,5.509,0.01418,0.0,1017.0,376.21,4.86,5684.0,1.761,1.081,0.07,4.004,677.975,2.05
15.054786,0.118,0.0,4.279,0.02564,0.52,729.0,69.96,4.12,5617.0,1.032,1.004,0.12,4.394,1052.24,1.86
88.40655258,0.392,0.0,12.3073,0.17244,0.5668,410.0,5.84,16.5,5416.0,0.99,0.95,0.26,4.42,258.893,4.21
3.003876581,0.0439,0.0,3.2585,0.95322,0.057,1438.0,1414.329,,6457.0,1.54,1.36,0.11,4.19,1745.77,15.13
7.061149,0.057,0.0,1.054,0.04975,0.68,521.0,25.851,1.55,3944.0,0.485,0.575,-0.4136,4.768,209.738,1.14
8.436387,0.077,0.0,3.217,0.03455,0.01,742.0,86.33,2.76,5187.0,0.802,0.85,0.05,4.553,302.979,1.47
2.566546,0.038,0.0,2.327,0.02265,0.45,1360.0,863.776,2.96,6043.0,1.014,1.006,0.18,4.467,1644.61,1.53
6.155557,0.069,0.0,4.837,0.0285,0.06,1146.0,592.298,152.522,5751.0,1.43,1.229,0.34,4.194,1798.75,2.39
51.805612,0.26,0.0,6.589,0.10039,0.83,410.0,7.233,6.2,5194.0,0.84,0.901,0.18,4.53,501.574,3.15
2.061897,0.032,0.0,1.791,0.0214,0.18,1463.0,1069.235,3.46,6021.0,1.141,1.021,0.15,4.346,968.544,1.68
10.495711,0.099,0.07,4.815,0.01131,0.65,1009.0,298.088,4.11726105,6239.0,1.358,1.108,-0.16,4.247,237.401,1.52
1.580404531,0.01505,0.0062,0.86966,1.343,0.264,567.0,17.2,8.41,3101.0,0.2162,0.182,0.24,5.0286,14.6427,2.733
16.399235,0.133,0.0,3.502,0.02295,0.1,847.0,162.044,4.62,6165.0,1.355,1.204,0.0002,4.244,420.818,1.99
49.567416,0.259,0.0,3.668,0.07307,0.4,465.0,11.354,6.66,5574.0,0.94,0.995,0.1142,4.467,495.358,2.47
4.081423,0.044,0.0,2.287,0.01633,0.87,755.0,81.287,0.749,4493.0,0.613,0.649,0.0528,4.689,177.355,0.93
9.767292,0.087,0.0,1.373,0.05691,0.49,791.0,81.574,4.86,5554.0,0.803,0.933,0.07,4.585,1036.49,2.05
3.33616,0.042,0.0,2.077,0.04593,0.14,970.0,216.111,3.33,5100.0,0.768,0.887,0.3,4.608,663.711,1.64
13.751243,0.112,0.0,3.958,0.03485,0.27,725.0,68.931,3.71,5815.0,0.9,1.022,0.187,4.525,719.166,1.75
5.419026,0.06,0.0,2.281,0.0231,0.11,989.0,238.481,2.39,5815.0,0.9,1.022,0.187,4.525,719.166,1.35
39.459357,0.242,0.0,8.164,0.02448,0.75,658.0,44.828,6.76,6175.0,1.472,1.213,-0.0006,4.187,781.611,2.49
9.939632,0.087,0.0,2.917,0.03001,0.14,722.0,50.2,2.36,5282.0,0.789,0.857,0.13,4.594,594.464,1.34
52.814973,0.275,0.0,7.3,0.05537,0.18,562.0,12.863,6.35,6089.0,1.025,0.94,-0.03,4.415,1097.97,2.4
16.259458,0.132,0.0,4.038,0.01295,0.21,880.0,106.345,2.79,6092.0,1.314,1.082,-0.0423,4.265,775.328,1.48
125.596809,0.488,0.0,7.533,0.09257,0.03,360.0,2.673,9.01,5774.0,0.976,0.931,0.0399,4.451,1002.94,2.95
9.653471,0.08,0.0,2.987,0.14322,0.75,611.0,33.16,8.0,4731.0,0.687,0.737,0.03,4.635,434.684,2.75
5.315946,0.054,0.0,1.114,0.10497,0.49,746.0,73.598,5.35,4731.0,0.687,0.737,0.03,4.635,434.684,2.17
20.837846,0.128,0.0,2.57,0.03984,0.71,418.0,7.507,1.92,4500.0,0.595,0.648,-0.18,4.696,348.291,1.21
4.454194338,0.0495,0.0,2.3198,1.60415,0.4894,1017.0,237.035,,5535.0,0.9,0.93,0.0,4.5,751.776,11.99
4.082275068,0.0479,0.0,3.23796,1.88151,0.0101,1016.0,251.48,,5539.0,0.89,0.92,0.0,4.51,1071.8,12.19
25.209715,0.164,0.38,6.298,0.00621,0.14,691.0,57.941,0.693,6004.0,1.12,0.857,-0.441,4.304,330.575,0.91
10.222157,0.09,0.0,1.11,0.02382,0.74,806.0,126.361,3.15,5678.0,0.944,0.972,-0.006,4.454,665.912,1.59
23.851549,0.168,0.0,2.385,0.08337,0.63,654.0,23.812,9.64,6033.0,1.021,0.943,0.1,4.464,984.105,3.07
11.189562,0.104,0.0,5.12,0.01433,0.38,1037.0,257.721,16.9,6186.0,1.534,1.19,0.041,4.15,956.859,1.85
44.840975,0.227,0.0,5.484,0.10516,0.31,390.0,6.185,5.77,4954.0,0.719,0.75,-0.13,4.611,775.679,2.27
27.434389,0.181,0.0,5.121,0.04726,0.09,672.0,48.29,7.27,6031.0,1.169,1.06,-0.07,4.323,1023.9,2.6
67.831024,0.319,0.0,7.066,0.05078,0.02,476.0,10.354,7.22,5835.0,1.103,0.97,-0.11,4.326,1280.25,2.59
8.586004,0.089,0.0,3.356,0.01021,0.37,1208.0,730.808,4.08,6171.0,1.799,1.342,-0.07,4.03,1104.64,1.85
28.122397,0.163,0.0,4.103,0.02075,0.14,401.0,8.208,0.904,4632.0,0.666,0.729,-0.1738,4.652,171.109,0.98
37.054919,0.214,0.0,5.122,0.10789,0.86,498.0,11.983,4.8,5643.0,0.854,0.81,-0.16,4.556,1083.91,3.06
10.05537,0.085,0.0,2.963,0.01458,0.26,694.0,50.389,0.566,5212.0,0.781,0.798,-0.11,4.566,252.733,0.86
4.224537,0.052,0.0,3.172,0.01591,0.02,1254.0,584.24,2.48,6031.0,1.169,1.06,-0.07,4.323,1023.9,1.38
92.876125,0.392,0.0,7.126,0.06588,0.79,353.0,3.664,7.0,5797.0,0.876,0.854,-0.12,4.521,602.268,2.47
9.220524,0.082,0.0,4.847,0.014,0.02,817.0,195.935,1.01,5602.0,0.904,0.86,-0.2,4.459,1337.61,1.01
13.638723,0.106,0.0,5.573,0.01627,0.07,717.0,116.117,1.87,5602.0,0.904,0.86,-0.2,4.459,1337.61,1.2
45.902733,0.226,0.0,5.088,0.04029,0.53,341.0,4.274,2.33,4632.0,0.666,0.729,-0.1738,4.652,171.109,1.33
62.303276,0.303,0.0,7.51,0.08593,0.7,454.0,12.071,9.01,5690.0,1.001,0.933,0.02,4.415,915.212,2.95
5.795278,0.051,0.0,2.184,0.03343,0.27,534.0,27.189,0.64,3903.0,0.504,0.553,-0.12,4.751,384.694,0.89
25.216751,0.163,0.0,4.083,0.01948,0.2,559.0,24.318,0.6,5436.0,0.893,0.947,0.12,4.494,765.025,1.27
4.617534,0.048,0.0,2.132,0.05758,0.72,728.0,73.157,3.02,4503.0,0.619,0.631,-0.01,4.684,578.796,1.55
13.930698,0.111,0.0,2.104,0.01865,0.21,665.0,45.97,1.81,5797.0,0.876,0.854,-0.12,4.521,602.268,1.19
29.221289,0.176,0.0,3.93,0.0394,0.64,539.0,20.6,3.78,5580.0,0.863,0.83,-0.25,4.495,1226.85,1.77
72.379334,0.36,0.0,7.685,0.03664,0.46,575.0,28.681,14.3,5502.0,2.019,1.165,0.03,3.903,770.978,3.88
4.612696,0.057,0.0,2.972,0.01332,0.26,1294.0,844.979,3.09,6133.0,1.335,1.163,-0.0226,4.256,707.559,1.57
24.209842,0.146,0.0,4.373,0.0458,0.16,451.0,8.949,2.07,4648.0,0.674,0.652,-0.03,4.627,554.064,1.24
32.273273,0.208,0.0,6.51,0.02239,0.74,683.0,51.1,7.13,5727.0,1.536,1.114,0.26,4.127,1079.39524871,2.57
2.024152,0.032,0.0,2.489,0.02394,0.49,1597.0,1247.908,4.62,5790.0,1.269,0.978,0.05,4.262,548.686,1.99
15.358768403,0.11819,0.0,4.1452,1.46381,0.5156,662.0,51.492,,5444.0,0.88,0.91,0.0,4.51,872.343,11.42
6.8834055,0.07437,0.0,2.0651,0.05034,0.0225,1080.0,330.547,7.9,6236.0,1.19,1.19,0.09,4.36,228.439,2.73
40.101371,0.236,0.0,5.443,0.055,0.9,583.0,18.244,245.343,6099.0,1.127,1.024,0.1,4.372,969.252,2.94
38.285489,0.22,0.0,5.638,0.03228,0.22,534.0,20.174,4.16,5617.0,1.032,1.004,0.12,4.394,1052.24,1.87
6.849692,0.075,0.0,4.12,0.01392,0.2,1081.0,384.627,2.42,6509.0,1.137,1.202,-0.13,4.405,1493.95,1.36
28.906009,0.166,0.0,3.043,0.01051,0.35,414.0,8.166,0.271,4661.0,0.671,0.78,0.1369,4.647,152.094,0.7
16.85837,0.12,0.0,2.016,0.07596,0.82,576.0,19.404,7.61,5036.0,0.834,0.794,0.06,4.503,688.573,2.67
15.38231,0.123,0.0,3.951,0.05505,0.19,714.0,58.679,5.31,5895.0,0.941,0.92,-0.04,4.508,1335.92,2.16
3.410493,0.039,0.0,2.389,0.01362,0.14,892.0,198.843,0.315,4984.0,0.636,0.706,-0.46,4.669,420.046,0.73
3.340222,0.037,0.0,1.925,0.1844,0.37,731.0,44.0,5.6,4255.0,0.554,0.581,-0.51,4.73,428.018,2.23
10.423118,0.093,0.0,2.266,0.00825,0.08,901.0,185.098,1.37,5938.0,1.129,0.874,-0.4362,4.323,681.428,1.1
7.186434,0.075,0.0,1.406,0.0417,0.19,860.0,146.5,5.06,6053.0,1.058,0.994,0.15,4.423,876.044,2.1
3.614568,0.048,0.0,3.401,0.00648,0.06,1347.0,1000.243,1.65,5593.0,1.485,1.226,0.3965,4.152,762.596,1.16
31.781925,0.191,0.0,3.863,0.062,0.55,528.0,17.962,5.86,5526.0,0.903,0.933,0.06,4.487,503.436,2.29
4.362705,0.051,0.0,2.194,0.03355,0.26,1023.0,253.665,3.29,5526.0,0.903,0.933,0.06,4.487,503.436,1.63
11.419412,0.087,0.0,3.342,0.01537,0.9,536.0,20.556,1.01,4493.0,0.613,0.649,0.0528,4.689,177.355,1.01
14.425281,0.103,0.0,3.686,0.02189,0.21,773.0,35.63,0.84,5502.0,0.68,0.902,0.14,4.62,740.537,0.96
20.09838,0.152,0.0,5.105,0.01578,0.0,775.0,90.346,3.39,6054.0,1.306,1.125,0.09,4.273,731.274,1.66
17.790037,0.131,0.0,4.478,0.09517,0.03,655.0,44.549,8.35,5574.0,0.94,0.995,0.1142,4.467,495.358,2.82
30.092568,0.201,0.0,7.499,0.02426,0.3,660.0,53.471,3.5,6509.0,1.137,1.202,-0.13,4.405,1493.95,1.69
31.158799,0.2,0.0,5.189,0.0959,0.21,639.0,32.89,13.3,5948.0,1.208,1.079,-0.0261,4.312,716.797,3.71
4.148141,0.048,0.0,2.403,0.01752,0.75,938.0,148.103,1.51,5160.0,0.805,0.806,0.01,4.565,760.585,1.13
13.060022,0.101,0.0,2.665,0.01068,0.48,630.0,41.351,0.418,5166.0,0.776,0.787,-0.0443,4.569,435.277,0.79
16.725948,0.126,0.0,2.875,0.01949,0.48,729.0,103.756,2.07,5787.0,0.845,0.981,0.14,4.562,1090.45,1.24
2.248329,0.032,0.0,2.071,0.02632,0.88,1127.0,783.449,44.6,5105.0,0.801,0.91,0.2385,4.556,487.675,1.52
12.762172,0.105,0.0,1.838,0.0712,0.4,721.0,53.044,6.99,5752.0,1.003,0.914,0.02,4.411,823.242,2.54
6.766589,0.067,0.0,2.598,0.04507,0.24,845.0,92.346,3.33,5309.0,0.79,0.883,0.17,4.583,777.06,1.64
4.761702,0.057,0.0,3.303,0.04971,0.37,1201.0,399.444,8.55,5790.0,1.269,0.978,0.05,4.262,548.686,2.86
5.028219,0.056,0.0,3.44,0.01813,0.69,1272.0,548.099,2.27,5977.0,0.911,1.033,0.1111,4.479,1265.61,1.31
12.125934,0.101,0.0,3.04,0.03275,0.32,851.0,64.444,2.7,5826.0,0.837,0.891,-0.04,4.567,1238.81,1.45
1.620493,0.027,0.0,2.241,0.01716,0.07,1681.0,1225.934,3.15,5551.0,1.301,1.037,0.26,4.223,1026.43,1.59
13.969457,0.09,0.0,1.408,0.111,0.71,387.0,7.59,3.64,3799.0,0.492,0.591913,-0.2,4.758,241.987,1.73
54.280749,0.297,0.0,5.373,0.01478,0.53,604.0,45.154,3.71,6090.0,1.329,1.299,0.079,4.266,840.269,1.75
41.749882,0.231,0.0,5.63,0.10554,0.58,486.0,13.637,9.8,5513.0,0.935,0.971,0.11,4.472,576.946,3.1
11.187161,0.095,0.0,3.161,0.03536,0.04,667.0,43.208,2.86,5206.0,0.831,0.853,0.2,4.557,626.078,1.5
17.648312,0.127,0.0,1.98,0.07633,0.02,579.0,21.463,5.39,5160.0,0.805,0.806,0.01,4.565,760.585,2.18
4.920199,0.057,0.0,3.915,0.0081,0.34,1242.0,689.912,1.24,5900.0,1.175,0.968,-0.1038,4.303,923.067,1.07
7.630004,0.078,0.0,2.949,0.0124,0.04,1056.0,333.565,2.15,6045.0,1.224,0.99,-0.16,4.293,813.713,1.27
87.517905,0.377,0.8,1.824,0.01452,0.84,451.0,9.834,3.33,5884.0,1.127,0.927,-0.199,4.304,316.663,1.64
6.668391,0.058,0.0,1.978,0.04288,0.78,587.0,39.264,2.04,4208.0,0.549,0.61,-0.13,4.721,379.424,1.23
5.714606,0.063,0.0,2.238,0.02978,0.01,971.0,174.395,3.02,5573.0,0.933,0.867,0.3386,4.516,1052.53,1.55
5.629021,0.066,0.0,3.913,0.00383,0.29,1576.0,716.085,0.937,6152.0,1.568,1.144,-0.2016,4.12,267.323,0.99
31.200751,0.172,0.0,3.718,0.03601,0.36,406.0,6.44,2.07,4710.0,0.672,0.669,-0.1785,4.624,470.0,1.24
32.134328,0.159,0.0,2.815,0.1316,0.29,346.0,6.065,3.33,4347.0,0.492,0.653,0.1179,4.768,580.119,1.64
24.08821,0.135,0.0,3.99,0.03992,0.74,386.0,7.049,1.41,4259.0,0.534,0.601,0.0465,4.732,324.413,1.11
2.5495551,0.03727,0.08,2.676,1.49214022,0.33,1429.0,757.1284,378.85336,5659.0,1.022,1.062,0.29,4.445,248.46,13.78707
2.04360352,0.0325,0.083,1.825,1.397,0.8141,1544.0,949.0,171.62733978,5622.0,1.055,1.096,0.454,4.431,314.443,13.59649359
2.849271,0.03486,0.07,2.006,0.3954,0.14,900.0,141.3,44.0,4300.0,0.715,0.688,0.376,4.566,159.522,4.43
3.00265,0.045,0.0,3.08,0.4774,0.21,1400.0,1212.0,135.39558,5500.0,1.12,0.97,0.01,4.07,491.87,7.655747
29.726682,0.188,0.0,1.534,0.10102,0.88,557.0,14.086,19.6,5818.0,0.893,0.873,-0.06,4.536,1065.08,4.66
5.839172,0.064,0.0,3.134,0.02736,0.84,1097.0,221.1,6.71,5551.0,1.301,1.037,0.26,4.223,1026.43,2.48
33.653079,0.193,0.0,4.126,0.11408,0.85,470.0,7.985,12.7,4942.0,0.915,0.82,0.3031,4.441,575.988,3.61
11.837549,0.098,0.0,3.256,0.00929,0.13,826.0,144.963,0.64,5774.0,1.046,0.85,-0.3,4.353,801.052,0.89
25.09849,0.168,0.0,2.767,0.01967,0.07,656.0,39.475,2.57,5828.0,1.068,1.022,-0.012,4.385,426.59,1.41
2.024823,0.033,0.0,2.762,0.00633,0.06,1625.0,1652.5,1.04,5867.0,1.304,1.09,0.337,4.264,768.86,1.02
55.328328,0.281,0.0,6.948,0.03257,0.5,436.0,10.084,3.22,5381.0,0.953,1.013,0.3805,4.465,571.034,1.61
14.613612,0.124,0.0,5.401,0.00746,0.76,901.0,231.213,2.33,6189.0,1.382,1.256,0.0322,4.233,881.404,1.33
3.715335,0.045,0.0,2.32,0.03317,0.38,1001.0,242.416,2.76,5299.0,0.826,0.865,0.04,4.536,1056.48,1.47
3.292781,0.045,0.0,4.767,0.00807,0.03,1458.0,1589.012,2.99,5684.0,1.761,1.081,0.07,4.004,677.975,1.54
24.310856,0.172,0.03,8.82,0.01844,0.03,831.0,119.648,6.08,5923.0,1.735,1.105,-0.029,4.017,552.798,2.34
5.03503,0.058,0.0,1.649,0.01601,0.08,1141.0,370.922,2.57,5888.0,1.148,1.036,0.0,4.331,890.758,1.41
87.090195,0.359,0.0,6.313,0.11667,0.56,321.0,2.439,7.18,4997.0,0.763,0.825,0.17,4.582,406.529,2.58
6.846262,0.069,0.0,3.59,0.02468,0.64,1022.0,220.328,4.12,5835.0,1.103,0.97,-0.11,4.326,1280.25,1.86
8.127899,0.081,0.0,3.899,0.02241,0.61,875.0,342.6,3.5,5847.0,0.959,0.92,0.4,4.5,2257.32,1.69
7.054346,0.061,0.0,1.909,0.0423,0.09,576.0,17.8,1.08,4262.0,0.556,0.622827,-0.02,4.729,421.382,1.03
77.473633,0.305,0.0,4.433,0.15436,0.75,277.0,1.715,6.8,4465.0,0.582,0.66,-0.21,4.709,518.204,2.5
6.988055,0.069,0.0,3.15,0.02148,0.46,914.0,101.841,7.3,5631.0,0.802,0.87,0.033,4.586,616.637,1.15
10.558345,0.091,0.0,3.41,0.02094,0.25,796.0,58.651,14.7,5631.0,0.802,0.87,0.033,4.586,616.637,1.17
39.595519,0.223,0.0,6.315,0.04896,0.58,497.0,15.103,4.23,5642.0,0.839,0.978,0.17,4.566,863.855,1.89
247.35373,0.677,0.0,8.773,0.12918,0.09,212.0,0.53,5.43,4880.0,0.622,0.602,-0.56,4.679,384.757,2.19
10.937304,0.091,0.0,3.084,0.04216,0.89,777.0,141.135,5.69,5297.0,0.929,0.91,0.04,4.426,889.608,2.25
23.44281,0.163,0.0,5.389,0.0085,0.1,681.0,44.17,1.81,5764.0,1.185,0.957,0.0213,4.311,594.447,1.19
12.465988,0.108,0.0,5.063,0.22321,0.5,897.0,160.499,29.0,6050.0,1.216,0.982,-0.08,4.299,1027.45,5.87
16.514043,0.122,0.0,4.108,0.09735,0.2,655.0,38.953,8.1,5526.0,0.89,0.891,-0.06,4.486,924.625,2.77
7.21205,0.077,0.0,4.039,0.09504,0.16,1025.0,273.304,12.1,6224.0,1.113,1.129,0.22,4.421,1733.1,3.51
86.647661,0.382,0.772,4.2624,0.73116,0.0155,511.0,7.28,460.83,5520.0,1.13,0.99,0.27,4.32,656.0,10.54
8.594805,0.08,0.0,3.534,0.03365,0.93,854.0,159.069,5.18,5678.0,0.944,0.972,-0.006,4.454,665.912,2.13
5.996553,0.066,0.0,3.231,0.07114,0.66,1025.0,257.348,10.3,6021.0,1.141,1.021,0.15,4.346,968.544,3.19
10.848463,0.08,0.0,2.976,0.17433,0.17,499.0,20.507,5.27,4208.0,0.549,0.61,-0.13,4.721,379.424,2.15
28.551383,0.158,0.0,4.248,0.08078,0.61,418.0,6.677,4.27,4623.0,0.624,0.655,-0.3,4.66,315.177,1.9
3.31599,0.0417,0.35,1.5708493,0.277,0.5003,975.0,120.595,27.0,5065.0,0.7934,0.8772,0.182,4.582,137.572,4.13204907
5.031623,0.06708,0.0,5.7624,0.596,0.586,1800.0,1749.0,301.9385,6279.0,2.37,1.591,0.19,3.889,368.03,19.95202
1.4344555,0.018288,,1.02,0.0725,0.14,708.0,41.7,4.3,3325.0,0.383,0.383,0.03,5.01,35.8256,1.09
704.1984,1.219,0.041,15.79,0.23191,0.21,185.0,0.2,16.1,5308.0,0.757,0.794,-0.25,4.61,348.558,4.16
23.22182,0.167,0.0,2.708,0.02104,0.0,746.0,57.932,4.74,5807.0,1.433,1.055,0.1445,4.184,927.193,2.02
27.320871,0.183,0.0,3.927,0.02796,0.77,705.0,65.707,3.71,6088.0,1.005,0.922,-0.14,4.472,1298.88,1.75
2.019999,0.03,0.0,1.821,0.03417,0.68,1166.0,417.238,3.05,5106.0,0.795,0.834,0.06,4.561,433.387,1.56
10.281951,0.089,0.0,3.517,0.11107,0.49,680.0,51.273,7.51,5208.0,0.786,0.86,0.15,4.595,838.595,2.65
16.665863,0.131,0.0,4.2,0.07542,0.42,702.0,50.682,8.55,5679.0,1.035,1.066,0.39,4.445,738.657,2.86
20.306546,0.122,0.0,2.873,0.07109,0.81,389.0,7.14,3.33,4321.0,0.546,0.592,-0.1254,4.735,159.72,1.64
2.73477,0.04415,0.0,3.5112,0.83,0.593,2048.0,1775.39,441.7837,6768.0,1.81,1.76,0.0,4.5,136.681,17.9344
4.17806203,0.0484,0.0,4.35288,1.021,0.29,1400.0,703.971,52.346601,5620.0,1.333,0.95,-0.193,4.18,159.507,14.694999
17.16073,0.1293,0.16,2.062,0.475,0.98,628.0,25.9,18.75187601,5026.0,0.748,0.77,0.32,4.66,177.945,8.0
4.069427,0.045,0.0,2.067,0.05491,0.64,802.0,108.504,3.29,4668.0,0.667,0.683,-0.21,4.65,285.111,1.63
28.7798,0.194,0.0,7.803,0.02532,0.28,619.0,87.244,5.18,6169.0,1.352,1.11,-0.02,4.249,1208.44,2.13
9.926746,0.09,0.0,3.78,0.07255,0.38,803.0,105.297,7.95,5479.0,1.007,1.028,0.357,4.428,651.674,2.74
47.427737,0.24,0.0,5.114,0.08499,0.09,407.0,6.88,5.65,5128.0,0.782,0.839,0.03,4.566,451.312,2.24
36.277108,0.202,0.0,4.804,0.16769,0.18,445.0,9.492,21.6,5100.0,0.795,0.856,0.12,4.56,861.527,3.03
6.02976,0.0684,0.0,3.87,0.00546,0.75,1413.0,596.069,3.78,5667.0,1.56,1.17,0.33,4.12,927.981,1.25
33.040532,0.198,0.0,3.355,0.05774,0.37,561.0,28.11,5.73,5690.0,1.001,0.933,0.02,4.415,915.212,2.26
77.095691,0.372,0.0,3.476,0.09428,0.92,464.0,5.5,2.7,6248.0,1.086,0.827,-0.29,4.429,1443.21,4.01
3.38802,0.045,0.0,2.628,0.02801,0.16,1315.0,457.066,5.27,5551.0,1.301,1.037,0.26,4.223,1026.43,2.15
5.826662,0.064,0.0,3.032,0.15391,0.74,1013.0,184.341,14.3,5957.0,0.91,0.849,-0.13,4.524,1389.48,3.87
20.303005,0.141,0.0,4.348,0.05334,0.04,630.0,29.875,8.8,5788.0,0.873,0.872,-0.1958,4.51,610.326,1.97
6.308205,0.066,0.0,3.008,0.14465,0.38,819.0,79.311,9.38,5190.0,0.831,0.838,0.17,4.573,738.792,3.02
2.940309,0.04,0.0,2.595,0.04724,0.14,1256.0,639.476,6.12,5526.0,1.085,1.081,0.39,4.375,828.592,2.35
2.75564,0.032,0.0,1.948,0.05464,0.87,757.0,102.562,2.89,4321.0,0.546,0.592,-0.1254,4.735,159.72,1.51
6.581484,0.066,0.0,3.289,0.25131,0.76,881.0,88.6,25.2,5180.0,1.037,0.916,0.4,4.36,780.256,5.41
5.374943,0.065,0.0,4.011,0.01544,0.02,1413.0,1366.477,5.6,6171.0,1.799,1.342,-0.07,4.03,1104.64,2.23
44.000529,0.214,0.0,5.177,0.05996,0.11,377.0,5.296,2.83,4880.0,0.622,0.602,-0.56,4.679,384.757,1.49
30.133001,0.182,0.0,4.919,0.10158,0.3,536.0,17.477,8.1,5526.0,0.89,0.891,-0.06,4.486,924.625,2.77
2.6843285,0.03585,0.019,2.722,1.5872,0.3006,1605.0,649.148,189.101,5560.0,0.95,0.85,-0.1,4.41,758.753,13.361
77.144,0.33,0.074,7.138,0.09146282,0.19,416.0,4.89,12.4,5342.0,0.843,0.806,-0.41,4.47,85.799,2.517
5.3587635,0.0381,0.18,1.366,0.23,0.25,431.0,5.7,2.73,3562.0,0.271,0.257,-0.34,4.97389,6.86929,1.34
4.73620865,0.0623,0.0,7.1,0.23388746,0.404,1712.0,1433.0,65.15482343,5375.0,2.69,1.44,0.17,3.7,99.1596,15.13212395
2.38839,0.0291,0.14,1.032409,0.05698512,0.75,831.0,83.8379,57.0,3985.0,0.55,0.58,-0.26,4.7,99.5561,1.39
3.2443141,0.04611,0.0,2.779,0.613,0.808,1633.0,1186.0,352.78953177,5859.0,1.538,1.242,0.273,4.156,558.141,13.13692538
8.486616,0.086,0.0,5.176,0.01191,0.27,1060.0,411.905,2.7,6169.0,1.343,1.191,0.04,4.254,930.32,1.45
10.327186,0.087,0.0,1.803,0.01269,0.42,838.0,207.336,0.615,5788.0,0.722,0.904,-0.12,4.639,1090.51,0.88
44.699576,0.248,0.0,6.271,0.08377,0.52,500.0,16.147,10.0,5502.0,1.063,1.019,0.37,4.391,656.38,3.14
11.38848,0.106,0.0,3.618,0.04571,0.12,979.0,117.303,6.3,6335.0,1.147,1.051,0.0,4.403,1009.1,2.39
18.119869,0.13,0.0,4.29,0.15069,0.65,563.0,24.084,10.2,5208.0,0.786,0.86,0.15,4.595,838.595,3.17
21.2234,0.15,0.0,4.94,0.05829,0.82,623.0,38.216,8.2,5479.0,1.007,1.028,0.357,4.428,651.674,2.79
3.3312029,0.0473,0.086,3.797,1.147,0.13,1689.0,1360.0,394.10722468,6480.0,1.38,1.271,-0.03,4.265,437.484,16.11851425
7.610303,0.06899,0.17,2.1384,0.0596,0.656,721.0,,4.0,4930.0,0.742,0.761,-0.1,4.6,46.2122,1.829
5.21536178778,0.0661,0.0,5.5895721,0.52058347,0.3,1630.0,1843.4633,479.92089457,6250.0,2.39014,1.41,-0.18,3.9,275.587,16.81347105
27.644,0.192,0.157,5.6278203,0.056,0.570412,748.4,68.4355,38.5,5841.0,1.6184,1.2313,0.226,4.106,230.306,4.2427861
4.0179694,0.027,,1.1195616,0.28089118,0.37,412.4,4.82,7.5,3173.0,0.1965,0.1635,-0.13,5.066,21.8182,1.015
9.38755,0.0904,0.24,4.608,0.73,0.81,1160.0,662.3252,311.4734,5900.0,1.5,1.12,-0.02,4.13,279.35,14.01125
17.784129,0.137,0.0,3.862,0.02471,0.22,729.0,66.87,3.33,6012.0,1.048,1.02,-0.218,4.434,1038.99,1.64
9.034199,0.076,0.0,1.486,0.05841,0.06,586.0,37.321,3.09,4632.0,0.666,0.729,-0.1738,4.652,171.109,1.57
2.418390036,0.03445,0.0,2.0744,0.06654,0.556,1226.0,550.8,8.12,5422.0,0.887,0.874,0.02,4.484,872.343,2.77513568
7.814,0.0679,0.042,2.256,0.0085,0.6,664.5,32.4,0.29013072,4285.0,0.703,0.686,-0.12,4.581,77.5586,0.705
54.76992,0.2621,,5.666,,0.338,440.0,,8.4,5266.0,0.788,0.798,-0.2,4.54,32.1585,2.607
2.500311,0.0229,0.0,1.0,1.25793505,0.59,489.0,13.5,48.8,3185.0,0.2775,0.255,0.336,4.959,64.9172,3.09
38.58422849,0.25029,0.0,10.3683,0.1244,0.905,761.0,63.855,38.2,6392.0,1.98,1.54,0.41,4.04,639.239,6.91
7.3744897,0.0662,0.03,2.452,0.1739,0.49,694.0,38.6,12.4,4491.0,0.682,0.711,-0.01,4.64,107.518,2.85
3.246075,0.0456,0.0,3.482,0.85,0.27,1534.0,924.3,311.47183886,5950.0,1.302,1.199,0.262,4.288,396.378,13.08088048
13.727012643,0.113496,0.0,4.2326,0.0901,0.352837,782.98,92.36,10.4,5777.0,1.09,1.04,0.159,4.38,100.727,3.435
2.816504852,0.0383,0.0,2.50522,1.68137,0.0073,1219.0,528.223,,5709.0,0.99,0.99,0.07,4.44,939.744,13.18
20.739886,0.138,0.0,3.014,0.063,0.29,536.0,20.735,4.27,5128.0,0.782,0.839,0.03,4.566,451.312,1.9
5.690586,0.059,0.0,2.522,0.1372,0.04,860.0,119.836,9.3,5243.0,0.821,0.854,0.0616,4.543,385.231,2.93
21.347262,0.152,0.0,3.765,0.06305,0.15,648.0,30.238,5.73,5776.0,0.917,0.882,0.1412,4.524,689.814,2.26
10.290994,0.091,0.57,4.286,0.96557,0.09,1100.0,208.721,92.17,5800.0,1.35,0.96,-0.19,4.14,1017.8,13.79
11.49761,,,2.3907993,0.08431062,0.117,382.0,3.512,2.27,3419.0,0.37,0.36,-0.12,4.84899,54.7045,1.31
5.904137,0.061,0.0,2.8928243,0.07739266,0.363994,862.49,129.0,9.1,5213.0,0.8649,0.8889,0.168,4.51,169.422,2.45109846
5.868075,0.068,0.0,3.97,0.04356,0.27,1254.0,732.604,11.0,5920.0,1.588,1.313,0.29,4.129,875.519,3.31
7.49019,0.071,0.0,2.804,0.12124,0.2,753.0,77.749,146.78,5100.0,0.795,0.856,0.12,4.56,861.527,2.57
4.22864,0.054,0.0,3.308,0.015,0.16,1379.0,639.576,3.29,6092.0,1.314,1.082,-0.0423,4.265,775.328,1.63
4.60182,0.052,0.0,2.227,0.07559,0.58,896.0,141.613,6.08,5206.0,0.831,0.853,0.2,4.557,626.078,2.34
6.40013,0.064,0.0,1.842,0.07432,0.03,810.0,115.983,4.66,5302.0,0.759,0.893,0.12,4.613,605.68,2.0
5.349555,0.058,0.0,3.051,0.0831,0.25,919.0,180.513,45.2,5571.0,0.802,0.904,0.09,4.586,980.138,2.27
4.754,0.05123,0.0,2.5037,0.07487,0.08,775.0,105.333,11.7,4725.0,0.69,0.75,0.05,4.636,262.351,1.82
42.8961,0.23302,0.0,5.625,0.05553,0.2,448.0,9.292,7.93,5194.0,0.89,0.88,0.17,4.487,306.738,2.04
23.637604,0.158,0.0,4.954,0.11713,0.15,595.0,31.679,9.85,5644.0,0.967,0.96,0.0,4.438,521.054,3.11
8.103636,0.071,0.0,3.15,0.08879,0.14,687.0,60.642,4.98,4861.0,0.725,0.696,0.22,4.583,657.822,2.08
9.439452,0.084,0.0,2.896,0.30361,0.14,686.0,53.899,15.7,5100.0,0.768,0.887,0.3,4.608,663.711,4.09
4.921355,0.054,0.0,1.873,0.08001,0.02,868.0,123.4,2.63,5078.0,0.806,0.853,0.24,4.553,434.632,2.12
18.870227,0.129,0.0,3.075,0.10966,0.03,621.0,21.609,8.85,5404.0,0.892,0.756,-0.27,4.446,459.368,2.92
6.16486,0.06491,0.0,3.262,0.00558,0.39,1021.0,277.216,5.3,5858.0,1.04,1.0,-0.12,4.407,444.322,0.82
35.3331,0.21747,0.38,5.966,0.00938,0.75,670.0,53.981,3.0,5825.0,1.49,1.08,0.02,4.125,304.645,1.61
11.634788,0.101,0.0,5.541,0.02923,0.2,961.0,147.812,2.99,6023.0,1.007,0.883,-0.2112,4.44,1333.62,1.54
1.772419,0.031,0.0,2.453,0.00792,0.36,1685.0,4124.022,2.21,6115.0,1.467,1.314,0.15,4.191,797.72,1.29
6.04045,0.062,0.0,2.053,0.02732,0.04,841.0,95.436,18.3,5123.0,0.816,0.867,0.151,4.547,309.353,1.29
31.805174,0.207,0.0,8.316,0.03606,0.15,664.0,54.662,7.95,5852.0,1.455,1.166,0.22,4.182,687.194,2.74
11.094286,0.101,0.0,4.591,0.15175,0.46,835.0,122.778,15.4,6043.0,1.014,1.006,0.18,4.467,1644.61,4.04
32.625555,0.191,0.0,5.783,0.18048,0.91,506.0,11.816,16.8,5588.0,0.817,0.784,-0.21,4.551,740.754,4.26
17.9636,0.133,,3.761,0.1056,0.225,609.0,23.4694,8.1,5225.0,0.779,0.96,0.08,4.64,57.3973,2.77
11.9126075,0.09564,0.022,3.768,1.93042778,0.323,652.07,42.7254,287.31687993,5169.0,0.808,0.841,0.059,4.548,235.933,10.95117414
1.7522239,0.0234,0.057,2.1714375,7.76304125,,2470.0,282.3101,232.33373,4591.0,0.66,0.73,,4.53128,565.541,12.9934728
7.650254,0.072,0.0,2.749,0.09814,0.09,772.0,77.543,5.77,5413.0,0.742,0.811,-0.08,4.619,603.53,2.27
4.302149,0.049,0.0,1.965,0.07472,0.05,937.0,168.188,4.62,5333.0,0.749,0.81,-0.04,4.619,609.283,1.99
23.9802,0.16063,0.0,5.351,0.0104,0.45,649.0,45.357,8.1,5858.0,1.04,1.0,-0.12,4.407,444.322,0.95
25.5169,0.17391,0.0,5.141,0.00631,0.27,615.0,35.736,8.25,5685.0,1.03,1.02,0.12,4.417,228.678,0.84
8.371554,0.085,0.0,4.04,0.0098,0.67,1292.0,280.559,1.55,6435.0,1.108,1.072,-0.1228,4.419,826.613,1.14
13.767102,0.105,0.0,2.912,0.06848,0.79,595.0,28.548,5.48,4997.0,0.763,0.825,0.17,4.582,406.529,2.2
7.113702,0.058,0.0,2.219,0.08076,0.79,429.0,12.529,2.89,3568.0,0.482,0.510238,-0.34,4.777,190.401,1.51
13.98179,0.1,0.0,2.938,0.10184,0.22,553.0,24.418,4.5,4880.0,0.622,0.602,-0.56,4.679,384.757,1.96
19.271566,0.114,0.0,3.209,0.12198,0.87,393.0,6.267,24.1,3767.0,0.49,0.58,-0.1,4.779,316.618,1.93
10.349695,0.09,0.08,4.251,0.01252,0.22,930.0,189.965,5.3,6004.0,1.12,0.857,-0.441,4.304,330.575,1.23
15.228958,0.116,0.0,2.645,0.11248,0.79,639.0,40.728,9.59,5460.0,0.83,0.87,0.1245,4.555,649.919,3.06
12.718092,0.094,0.0,3.117,0.11494,0.54,562.0,23.6,6.04,4699.0,0.668,0.671,0.031,4.627,512.0,2.33
4.431222,0.054,0.0,3.172,0.10109,0.35,1104.0,410.583,9.69,5847.0,0.968,0.97,0.03,4.495,1349.13,3.08
8.472382,0.077,0.0,2.697,0.11235,0.08,751.0,85.131,6.48,5360.0,0.758,0.855,-0.09,4.614,856.417,2.43
16.007583,0.127,0.0,1.133,0.02866,0.79,838.0,118.334,6.39,5848.0,1.359,0.982,-0.01,4.202,809.467,2.41
34.21154,0.189,0.0,4.709,0.02738,0.51,427.0,7.253,1.76,4955.0,0.72,0.743,-0.13,4.611,344.19,1.18
20.772858,0.145,0.0,4.9427299,0.1415,0.2477,640.88,40.3,8.3,5649.0,0.9593,0.942,-0.018,4.445,67.5478,3.82838127
0.8374907,0.01685,0.0,1.811,0.01919,0.339,2188.0,3741.78,3.24,5708.0,1.065,0.91,-0.15,4.344,185.506,1.47
240.503,0.7903,0.0359,,,,,,16.0,5527.0,0.833,0.944,0.09,4.571,442.846,6.204
6.9561063,0.071,0.17,3.372,1.396,0.412,957.0,139.0,25.1,5510.0,0.923,0.987,0.28,4.502,201.918,11.89
1322.3,,,,0.3969,,,,38.1,6175.0,1.01,0.98,-0.42,4.44,1215.7,6.9
101.11141,0.242,0.34,7.95,0.08781,0.09,229.0,1.2,4.12,4134.0,0.559,0.575,-0.3,4.706,301.03,1.86
3.811678,0.044,0.0,2.565,1.44,0.31,994.0,162.0,198.96058278,4774.0,0.823,0.8,0.2,4.47,215.501,10.76062147
91.68278,0.387,0.21,8.12,0.072,0.25,440.0,6.06,1112.3994245,5592.0,1.031,0.93,0.06,4.38,138.411,2.91
3.268695154,0.0453,0.0,3.45315,1.00914,0.0509,1597.0,1059.522,,6045.0,1.12,1.08,-0.02,4.37,1523.0,11.65
10.98462,0.103,0.59,2.8,0.0315,0.61,1062.0,196.694,41.31769291,6170.0,1.316,1.21,0.09,4.29,168.067,2.06
3.1414391,0.04714,0.064,4.5432,0.54330349,0.283,1998.0,2637.0,1694.0339,6626.0,1.841,1.411,-0.017,4.057,1477.98,15.815899
39.91488,0.2114,,6.34,0.058,0.0,511.0,22.8,4.23,5698.0,0.78,0.8,-0.54,4.33,342.394,1.89
31.8099,,,,0.09,,,,15.8,6474.0,1.26,1.04,-0.16,4.31,1072.3,4.1
75.2,,,,0.0324,,,,6.35,6474.0,1.26,1.04,-0.16,4.31,1072.3,2.4
64.00205,0.339,0.19,4.67,0.11125,0.09,322.0,1.69,7.9,4651.0,0.697,0.729,0.01,4.619,588.867,2.73
129.9441,0.432,0.04,5.62,0.04666,0.13,177.0,0.3,1.71,3755.0,0.523,0.544,-0.26,4.736,177.594,1.17
207.2482,0.64,0.1,6.05,0.08092,0.25,189.0,0.21,3.33,4340.0,0.55,0.572,-0.57,4.715,268.003,1.64
17.945466,,0.0,3.0740072,0.54806849,0.487,303.12,1.9952,8.67,3326.0,0.404,0.4,,4.893,37.3312,2.884
13.85,0.0946,,3.528,0.103,0.45,583.0,7.0,7.27,4258.0,0.58,0.65,-0.3,4.6,72.7998,2.6
124.72997,0.472,0.0,7.361987,0.1781916,0.359163,300.33,1.7338,37.0,5081.0,0.8481,0.9027,0.339,4.533,126.46,3.6831179
2.5199454,0.03889,0.0,3.7121363,1.24293725,0.0,1812.0,2121.5175,271.415,6110.0,1.47,1.24,0.17,4.207,393.072,16.623
2.70339,0.04123,0.0,3.1512,0.89,0.606,1816.0,1704.57,616.5902,6304.0,1.7,1.96,0.05,4.2,210.252,17.48604
2.50827,0.03478,0.44,1.93,0.019,0.17,1258.0,404.0,6.2,5350.0,0.824,0.892,0.03,4.556,289.827,1.044
8.6001536,0.0948,0.114,9.003,0.45102,0.448,1729.0,677.917,266.97,6161.0,3.21,1.538,-0.18,3.613,1418.77,22.31
2.8792319,0.04127,0.0,2.9088,1.126,0.18,1415.0,669.0,1373.0256,5747.0,1.076,1.128,0.377,4.427,367.658,12.408363
4.164507,0.0348,,1.3522,0.26122397,0.346,505.0,11.91,3.65,3452.0,0.321,0.325,0.01,4.936,27.8123,1.733
4.324799,0.06043,0.019,4.6416,0.638,0.69,1902.0,1080.87,191.33366,6536.0,2.201,1.573,0.19,3.949,564.409,18.920792
3.2130598,0.0384,0.0,2.3376,1.977,0.211,963.0,118.075,67.059,4650.0,0.701,0.733,-0.29,4.61,142.751,10.749
5.508023,0.0559,0.084,2.7144,2.15847573,0.324,852.0,82.2407,62.61,4803.0,0.749,0.77,0.1,4.57,161.4,11.153
3.47447,0.04995,0.0,4.4136,1.1,0.325,1782.0,1701.38,292.4036,6446.0,1.79,1.82,0.05,4.15,396.11,20.73665
1.79058695,0.02292,0.05,1.54,4.7315,,745.0,51.3,331.0,3444.0,0.457,0.458,,4.81,171.319,11.29
2.686502,0.03744,0.0,2.6208,1.21353375,0.732,1592.0,994.8095,1039.3041,5738.0,1.238,0.97,-0.1,4.239,757.044,14.5717
1.5433897,0.0236,0.0,1.95,2.54656223,0.63,1357.0,514.2853,750.07504052,4660.0,0.86,0.72,-0.26,4.63,592.891,14.90794433
25.1292,0.1726,0.0,4.885,0.0465,0.478,637.0,25.7431,17.7,5871.0,1.044,1.09,0.049,4.42,79.208,2.697
4.6657965,0.060118218,,3.0411764,0.0565,,1264.36,313.0426,7.59,6365.0,1.0207,1.332089,,4.54516,78.7577,2.6667555
8.36802,0.0627,0.14,2.3304,0.943,0.83,488.0,8.0,20.7,3789.0,0.45,0.47,-0.37,4.891,364.048,4.81
11.8104,0.091,,2.4024,0.121,0.51,676.0,48.0,6.71,5131.0,0.68,0.72,-0.46,4.571,493.992,2.48
17.96753,0.119,0.18,2.592,0.099,0.61,487.0,4.91,5.6,4320.0,0.66,0.71,0.15,4.798,125.106,2.23
854.083,,,,0.25,,,,25.9,6091.0,1.01,1.01,-0.04,4.42,1461.15,5.5
440.7813,1.19671,0.0,21.268,0.2209,0.212,308.0,2.9,33.6,6340.0,1.24,1.07,-0.38,4.16,1274.01,6.4
112.3053,0.409,0.04,5.62,0.05021,0.22,241.0,0.66,2.36,4402.0,0.598,0.609,-0.37,4.673,365.965,1.34
1.4520527,0.02122,0.0,1.5088724,0.0393,0.255404,976.4,266.85,2.0,4115.0,0.614,0.6045,0.012,4.64,32.4778,1.19880592
7.138048,0.0824,0.0,2.52,0.21,0.05,741.4,50.35,15.68,4975.0,0.787,0.83,0.0,4.4,154.961,3.53
1.973760926,0.025,0.0,1.82916,3.02224,0.286,753.0,163.862,,4739.0,0.71,0.77,-0.02,4.62,642.051,13.02
66.65062,0.288,0.02,5.59,0.05106,0.56,308.0,2.15,5.22,4551.0,0.68,0.707,0.0,4.629,304.0,2.14
5.8416366,0.0521,0.33,1.8734,0.13363,0.25,606.0,14.8,4.66,3740.0,0.48,0.498,-0.08,4.774,167.0,2.0
7.24599,0.0888,0.325,2.854,0.1528,0.9521,1677.0,1192.0,4096.80816623,6264.0,2.738,1.765,0.342,3.81,225.643,11.67975789
3.855603551,0.0505,0.0,3.20969,1.74707,0.0007,1212.0,456.703,,5849.0,1.06,1.03,0.04,4.41,1257.16,13.88
2.36902,0.03359,0.16,2.3088,0.0287,0.44,1366.0,592.0,7.3418362,5420.0,0.92,0.901,0.033,4.465,138.671,1.70824866
2.152175,0.03144,0.0054,1.78824,1.646,0.749,1311.0,492.0,295.89973,5180.0,0.866,0.895,0.12,4.514,153.242,12.116929
21.05704,0.1536,0.22,4.638,0.10069865,0.52,886.0,97.0,15.2,6327.0,1.296,1.091,-0.311,4.252,109.353,4.35
3.40883495,0.0442,0.0,3.2388,1.3396,0.228,1456.0,695.65,282.54945382,6084.0,1.083,0.993,-0.2,4.37,348.494,13.66374747
2.827972,0.048,0.0,2.62,1.4846,0.74,1991.0,2620.0,1153.71711741,7437.0,1.47,1.6,-0.11,4.26,437.855,18.38272835
8.027680595,0.0787,0.0,3.1401,0.87254,0.5635,824.0,153.497,63.3,5535.0,0.93,0.96,0.12,4.49,1351.17,9.3
81.0659,0.386,0.012,3.001,0.0453,0.963,511.0,18.78,4.1,6174.0,1.302,1.165,-0.0731,4.274,1020.72,3.49
27.4029,0.187,0.03,6.8491,0.07899,0.278,734.0,79.765,5.9,6174.0,1.302,1.165,-0.0731,4.274,1020.72,3.72
19.850291,0.118,0.33,2.8407,0.16075,0.26,403.0,2.9,5.02,3740.0,0.48,0.498,-0.08,4.774,167.0,2.09
13.4845,0.117,0.015,5.0575,0.06751,0.41,929.0,205.404,10.9,6174.0,1.302,1.165,-0.0731,4.274,1020.72,3.47
34.14211,0.169,0.33,2.945,0.0788,0.34,337.0,1.41,2.96,3740.0,0.48,0.498,-0.08,4.774,167.0,1.53
63.33627,0.255,0.33,3.6,0.0983,0.55,274.0,0.62,3.89,3740.0,0.48,0.498,-0.08,4.774,167.0,1.8
3.409264,0.048,0.0,3.1176,1.23,0.29,1540.0,918.3877,286.047,6600.0,1.19,1.3,0.1,4.42,253.985,13.89916
2.85310198,0.0316,0.25,1.281,0.15471069,0.7,723.0,45.4,4.52,3707.0,0.516,0.519,0.12,4.727,22.4751,2.18
5.197576,0.0554,0.13,1.09,0.04374376,0.942,922.0,154.57,6.7,5291.0,0.866,0.833,-0.044,4.48,74.7969,2.64
5.051928,0.063,0.0,3.743,0.3602,0.55,1522.0,890.0,33.05415433,6300.0,1.578,1.3,0.0,4.14,484.852,10.31226224
3.208664,0.04882,,2.3,0.463,0.972,1927.0,2300.0,222.4798849,5991.0,2.168,1.507,0.373,3.943,229.067,16.14093221
5.20851,0.0603,0.047,5.7,,0.24,,,153.82972,5150.0,1.78,1.01,0.15,3.6,766.183,10.704595
2.96264036,0.03762,0.0,1.908,2.57,0.71,1171.0,269.8828,293.03926,5473.0,0.741,0.809,-0.49,4.606,281.742,12.823096
45.294301,0.241,0.136,6.8714,0.04768,0.3182,579.0,18.3,11.29,5708.0,1.065,0.91,-0.15,4.344,185.506,2.355
3.1774835,0.04469,0.0,2.9842,1.1565,0.328,1458.0,753.9,232.01473711,6060.0,1.112,1.178,0.237,4.416,301.676,13.04725353
15.3444,0.128,0.0,7.5729251,0.0665,0.312316,917.46,126.052,34.4,5626.0,1.7457,1.1832,0.409,4.025,198.007,5.33275337
82.6869,0.349,0.25,7.54,0.65295765,0.39,347.0,3.3159,959.84178914,5170.0,0.81,0.89,0.16,4.57,216.056,6.8
6.569188,0.068,0.0,3.81,1.557,0.42,962.0,204.0,295.58041851,5585.0,1.06,0.96,0.1,4.4,347.917,13.56286665
12.8747099,0.1143,0.131,2.288,0.38607,0.979,1000.0,158.285,908.96,5977.0,1.38,1.198,0.25,4.242,1222.54,12.67
5.33408384,0.0679,0.119,6.178,0.51061,0.082,1776.0,1682.66,896.24,6360.0,2.26,1.46,-0.01,3.892,1878.31,16.25
4.3888497,0.04944,0.173,2.98848,2.49645478,0.172,1003.0,192.2328,82.95363,5099.0,0.812,0.837,0.05,4.539,362.273,13.22662
15.466805,,,3.39,0.238,0.77,735.0,33.0649,26.3,5698.0,0.99,0.87,-0.21,4.38,268.515,5.55
1.6255222,0.0265,0.0,2.38785,0.7969,0.076,1579.0,1137.124,78.8,5963.0,1.16,1.11,0.15,4.36,938.715,10.58
15.1454693,0.087735044,,2.5830151,0.49553043,,337.47,2.1473,11.5,3272.0,0.401575,0.392935,,4.82521,55.5211,3.4095367
369.0,,,13.007,,0.31,335.0,2.1,12.0,6320.0,1.273,1.16,-0.1,4.294,106.289,4.92
16.20166,0.117,0.0,2.9048422,0.0885,0.424372,581.75,26.5,14.8,5106.0,0.7827,0.8208,-0.03,4.562,28.2938,2.34302132
9.113678,0.0793,,3.0948,,0.355,800.0,,5.69,5266.0,0.788,0.798,-0.2,4.54,32.1585,2.2
3.8795105,0.0502,0.13,3.799,1.148,0.1,1451.0,740.0,193.87532827,6020.0,1.256,1.121,0.146,4.292,420.123,14.67255574
8.15275,0.0439,0.0,1.386,1.6536,0.011,305.0,4.314,2.1,3157.0,0.21,0.18,0.27,4.92504,127.201,1.25
4.871229,0.0301,0.0,1.2287,0.6462,0.0,341.0,9.177,6.85,3157.0,0.21,0.18,0.27,4.92504,127.201,2.51
52.501129,0.301,0.5134,14.9066,0.09467,0.503,812.0,97.846,1719.4603,4995.0,4.06,1.32,-0.07,3.345,848.023,12.834305
3.8922295,0.0522,0.15,2.945,0.64,0.806,1585.0,1053.0,330.54154328,6060.0,1.53,1.25,0.208,4.163,480.155,13.34989601
0.926118,0.018,0.0,1.26,0.0221,0.826,2141.0,3474.0,7.42,5596.0,1.13,0.9,-0.07,4.4,63.6796,1.72
13.475853,0.0943,0.0,2.37,0.07089462,0.679,493.0,10.1838,4.23,4026.0,0.607,0.616,-0.47,4.45,20.1852,1.71
1.682795,0.02946,0.0,3.0314666,0.765,0.604,2049.54,4170.0965,692.8694,6450.0,1.627,1.204,,4.32,298.392,15.524465
2.4855335,0.0308,,2.7385746,1.177,,2034.0,4135.4482,1430.175,6933.0,1.53,1.52,-0.05,4.25,1627.63,18.046
3.290314,0.0327,0.0,1.7505,1.35526,0.553,540.0,6.01,35.3,3768.0,0.552,0.541,0.269,4.685,258.979,6.59
2.29840551,0.02996,0.041,2.0868,3.08320537,0.212,1027.8,184.8,230.10892,4508.0,0.6701,0.6785,-0.059,4.615,202.152,12.016048
10.655669,0.1166,0.195,7.838,0.1877,0.35,1595.0,997.8085,1531.93292174,7360.0,2.36,1.859,0.094,3.962,285.289,11.14172682
6.1406325,0.064,0.25,3.407,0.24694322,0.29,1136.78,240.6761,23.66,5715.0,1.082,0.901,-0.27,4.32,156.53,5.62
3.585287,0.04888,0.0,2.705,0.02137,0.587,1552.0,989.7,3.55,6354.0,1.258,1.204,0.025,4.3,31.964,2.004
2.984151,0.0217,0.0,1.0304,0.2598,0.001,401.0,17.657,3.12,3157.0,0.21,0.18,0.27,4.92504,127.201,1.58
5.148921,0.0403,0.0,0.8832,0.2355,0.705,436.0,3.307,2.39,3359.0,0.24,0.22,-0.3,5.03245,96.339,1.35
4.86784,0.04341,,1.62,0.098,0.64,,,3.2,3655.0,0.455,0.461,,4.77,75.1703,1.603
542.07975,,,18.998,0.5,0.227,294.0,1.24,12.0,6320.0,1.273,1.16,-0.1,4.294,106.289,9.2
2.77596727,0.0413,0.0462,3.0624,1.3613,0.22,1566.0,1597.59,1341.56043,6140.0,1.158,1.218,0.17,4.396,226.637,14.68376472
2.91625,0.04383,0.0133,3.28681,0.72577025,0.679,1740.0,1978.5245,270.462,5653.0,1.756,1.32,0.46,4.07,246.81,14.258
2.71866,0.0394,0.0,2.424,1.1,,1388.0,616.33,835.8929,6140.0,0.95,0.72,-0.13,4.4,275.994,10.76064
3.5819194,0.04,0.041,2.231,3.685,0.499,725.0,45.2,788.21444936,3794.0,0.63,0.61,0.52,4.64,189.011,13.67495645
3.4678796,0.0479,0.0,2.929,0.477,0.821,1499.0,391.83,165.27077164,5820.0,1.64,1.26,0.27,4.09,683.062,13.60770257
4.08605,0.0546,0.0,4.5024,0.67,0.48,1569.7,1434.7739,746.9005,6600.0,1.76,1.33,-0.31,4.3,500.258,15.6926
3.71495,0.0474,0.0,4.0272,1.262,0.096,1457.0,698.148,117.91493,5738.0,1.315,1.029,0.025,4.214,281.498,14.403565
18.801,0.14,0.0425,4.4632032,0.04706732,0.37,737.0,48.4771,6.07,5770.0,0.968,1.022,0.07,4.47,84.5362,2.639
2.8717518,0.0455,0.0,4.644,0.716,0.102,2085.0,3152.0,375.0394,6670.0,1.908,1.524,0.09,4.0599,321.376,17.59813
12.46103,0.098,0.0,3.3195777,0.20781426,0.15,633.0,28.3588,9.9,4850.0,0.731,0.78,0.2,4.6,32.5686,3.29
3.21222,0.0414,0.02,2.653,1.1,0.466,1463.0,325.569,785.0401,5302.0,1.11,1.13,0.24,4.36,81.7647,12.89035
14.893291,0.1206,0.478,3.5,0.64,0.8,804.0,,100.11645,5695.0,1.07,1.056,0.2,4.398,158.335,9.494023
7.57686,,0.0,2.23,0.0289,,629.0,13.8,4.0,3770.0,0.5066,0.48,-0.16,4.72,10.454,0.88
2.35309,0.03385,0.048,2.01,,0.419,1157.0,486.0,3.1,5356.3,0.863,0.935,0.14,4.54,202.585,1.51
8.747818,,,3.4272,0.1449,,840.29,117.826,12.4,5525.0,0.887267,0.95109,0.09,4.55,214.753,3.55790985
33.6727,0.1979,0.05,8.2267,0.01709,0.806,661.0,45.09,8.07,5649.18,1.467,1.02,-0.1651,4.091,241.949,2.764
1.5089557,0.02752,0.0,2.373,1.92654,0.35,1898.0,2852.63,327.35,5950.0,1.11,0.95,-0.3,4.25,787.909,16.7
7.713057,0.0787,0.32,2.47,0.07284849,,1060.0,219.2841,379.0,5991.0,1.08,1.094,0.0,4.46,58.5146,3.0
18.18424,0.134,0.67,3.696,0.9343,0.811,833.0,20.0861,235.19302118,5463.0,1.01,0.97,0.36,4.416,320.527,10.98480109
7.073076,0.073,0.0,3.9825962,0.0439,0.425537,1099.79,329.6,12.3,5636.0,1.4286,1.0373,0.148,4.142,88.9482,3.18175535
12.214286,,,4.8876935,0.16701311,,808.37,100.9112,24.8,5643.77,1.09457,1.0,0.415,4.35958,197.243,5.351
11.815007,0.105,0.0,2.556,0.09843,0.01,762.0,96.513,13.1,5746.0,1.189,1.073,0.332,4.325,489.141,3.68
2.59261842,0.02709,0.029,1.48,7.821,0.511,604.0,13.8883,211.35589065,3388.8,0.3697,0.3939,0.264,4.8976,72.811,11.39953337
11.922,0.1045,0.0,4.932,0.00432,0.1852,856.0,272.838,1.41,6004.0,1.092,1.071,0.07,4.4,486.546,1.11
8.703,0.0847,0.0,4.807,0.0032,0.0865,951.0,415.545,0.229,6004.0,1.092,1.071,0.07,4.4,486.546,0.668
2.350621,0.03493,0.028,2.48856,1.594,0.29,1413.4,570.233,1000.21101,5587.0,0.96,1.026,0.268,4.484,279.485,12.767051
4.31768,0.0524,0.04,2.1024,1.3,0.904,1250.0,229.962,177.9848,5700.0,0.91,0.96,-0.02,4.5,132.096,11.209
1.84683,0.0315,0.0,2.7883,1.1,0.511,2020.0,1845.3,772.3269,6400.0,1.44,1.62,0.0,4.25,231.161,15.91678
12.58242,0.1027,0.03,6.3287,0.01187,0.789,917.0,167.41,4.88,5649.18,1.467,1.02,-0.1651,4.091,241.949,2.056
110.979,0.4757,0.0,12.388,0.01502,0.2964,458.0,9.096,3.71,5884.0,1.485,1.166,0.2,4.15,917.477,1.75
3.6001053,0.04178,0.16,2.0452,0.00275,0.4,938.0,225.735,0.0374,5046.0,0.752,0.758,-0.55,4.5625,36.4396,0.403
4.5458841,0.04881,0.31,1.7367,0.0044,0.42,868.0,165.73,0.0793,5046.0,0.752,0.758,-0.55,4.5625,36.4396,0.497
14.70886,0.113,0.07,3.6,0.50479326,0.51,650.0,30.0,38.15,4960.0,0.83,0.88,0.37,4.54,177.504,6.18
8.4388385,0.0881,,2.34,0.1095,0.33,653.0,45.7572,5.52,4841.0,0.69,0.77,-0.06,4.65,123.438,2.21
6.2463475,0.0668,0.081,4.2559,1.248,0.147,1250.0,402.0,35.59678158,6080.0,1.213,1.018,-0.108,4.28,362.087,14.78464554
15.923475568,0.124695,0.0,4.4904,0.0493,0.37,750.83,71.8,6.1,5712.0,1.08,1.02,-0.121,4.335,73.8713,2.857
34.976145,0.193,0.22,2.97,0.1004,0.839,469.0,8.03,23.5,4869.0,0.77,0.776,-0.09,4.51,59.7117,2.62
2.0180231,0.03144,0.0,2.12304,1.559,0.569,1488.0,818.5,721.47048389,5609.0,0.952,1.016,0.148,4.487,217.193,12.97999965
5.13967,0.0553,0.0,1.04,0.07695997,0.956,971.0,145.0,9.4,5230.0,0.82,0.876,0.03,4.5,110.513,3.04
9.1751,0.0916,0.29,7.169,0.058,0.848,1586.0,293.374,155.7367,4840.0,3.85,1.08,-0.01,3.297,609.818,14.5717
7.743493,0.0696,0.1,2.7852,0.00513,0.29,727.0,81.344,0.1,5046.0,0.752,0.758,-0.55,4.5625,36.4396,0.546
6.189392,0.06,0.18,2.2112,0.00475,0.53,783.0,109.638,0.2,5046.0,0.752,0.758,-0.55,4.5625,36.4396,0.53
9.740486,0.0811,0.29,1.6909,0.00756,0.79,673.0,59.915,0.332,5046.0,0.752,0.758,-0.55,4.5625,36.4396,0.741
19.562307,0.126,,5.808,0.135,0.02,455.0,10.9555,7.27,4455.0,0.676,0.7,0.113,4.625,99.9293,2.6
4.6615983,0.0678,0.39,4.241,1.1972,0.476,1666.0,1286.0,138.25535705,6850.0,1.732,1.449,-0.1,4.2,360.408,18.97680433
15.57208,,,4.931,0.038,0.55,959.0,140.0,6.89,6320.0,1.273,1.16,-0.1,4.294,106.289,2.595
11.02454,0.07487,,2.32,0.19,0.37,734.0,48.3251,4.67,3655.0,0.455,0.461,,4.77,75.1703,2.003
2.354992,,,,,,,,2.17,5185.0,0.803827,0.834847,-0.05,4.46,134.591,1.27443657
15.66858,0.105,0.301,4.548,0.13933815,0.22,519.0,13.2931,4.8,4375.0,0.631,0.642,-0.29,4.42,23.9258,2.363
9.726618,0.094,,4.56,0.2692,0.57,979.0,85.0,44.9,5747.0,1.401,1.164,0.328,4.208,491.242,7.6
0.8831331,0.01714,0.0,1.618,0.20680675,0.17,1722.0,1466.0,30.3,5068.0,0.849,0.861,0.138,4.19,300.141,3.82
4.305,0.05548,0.0,3.5311266,0.6,0.37,1479.0,925.4935,174.8065,5900.0,1.17,1.19,-0.04,4.2,431.052,9.86392
39.7922622,0.2109,0.1,4.4474,0.06044,0.535,499.0,10.39,2.0,5357.0,0.789,0.79,-0.36,4.5667,63.9207,2.03
8.24662,0.0653,0.052,2.382,0.0909,0.26,520.0,11.5,5.0,3725.0,0.547,0.542,-0.21,4.8,27.1701,1.798
7.18886,,0.02,3.31,0.0246,0.3,1009.0,127.0,3.57,5277.0,0.89,0.74,-0.11,4.35,67.3975,1.54
1.0418777,0.0171,,1.2737667,0.04653854,0.31,1118.0,270.0682,2.15,3920.0,0.6,0.61,,4.67,41.7148,1.27
5.55149296,0.0665,0.0319,4.3032,0.7573,0.061,1391.0,624.0,1458.83238813,6426.0,1.338,1.268,0.138,4.287,96.5173,12.71098411
3.2797178,0.04435,0.15,3.6024,0.974,0.419,1529.0,908.9,349.6112477,5842.0,1.308,1.081,0.153,4.238,250.489,14.06727078
4.35301,0.05362,0.0,4.003,0.84,0.574,1531.0,617.309,114.4188,5950.0,1.37,0.72,0.0,4.06,227.537,13.67498
3.0927616,0.03781,0.0473,2.2271,2.525,0.299,1370.0,174.0323,1001.12,4675.0,0.698,0.75,0.03,4.627,140.998,12.106
2.1500082,0.03397,0.159,3.12048,2.216,0.083,1835.7,1841.0,216.1244,6001.0,1.367,1.132,-0.16,4.22,289.205,22.19382
988.88112,2.027,0.92,6.007,0.506,0.37,253.8,0.342,1322.16617312,5746.0,1.697,1.132,0.196,4.031,835.455,11.94877343
12.0999,0.1011,0.0,3.358,0.01655,0.14,807.0,100.37,2.21,5432.34,0.878295,0.95,0.026,4.52851,760.065,1.28938413
11.427548,0.094,0.0,4.565,0.05009,0.45,852.0,119.907,19.6,5711.0,1.349,0.818,-0.42,4.105,400.785,3.1
31.0033814,0.2037,0.0,5.204,0.06452,0.151,616.0,31.702,7.41,5718.0,0.97,0.97,-0.01,4.46,1651.25,2.63
8.275479,0.0831,0.32,3.755,0.651,,1080.0,130.93,953.485221,5808.0,1.236,1.118,0.32,4.303,557.733,9.86390302
5.0688,,,,,,533.0,,1.527,3437.0,0.483,0.48,-0.12,4.76,22.4467,1.13
6.0984882,0.0637,0.092,2.9815,0.00748,0.63,1004.0,169.8,0.76,5495.0,0.9164,0.929,0.07,4.446,282.563,0.821
26.321,0.174,0.001,5.1779232,0.08,0.42,658.0,26.4328,9.7,5770.0,0.968,1.022,0.07,4.47,84.5362,3.73591482
2.8126548,0.04024,0.471,2.8536,1.39940625,0.4,1437.0,614.5934,292.4036,5700.0,1.097,1.099,0.39,4.396,745.116,14.000041
4.463129,0.0577,0.123,3.0984,0.79838271,0.626,1458.0,1405.4798,156.684,6120.0,1.396,1.284,0.3,4.25,290.736,14.392
5.45298175,0.05963,0.0,2.1051,0.00941,0.811,904.0,162.65,0.437,5403.0,0.81,0.9,-0.06,4.57,249.343,0.8
4.445879936,0.0521,0.0,2.3816,0.04414,0.6496,1063.0,302.6,8.86,5918.0,0.865,0.956,-0.26,4.544,1494.3,2.92019781
56.228098,0.268,0.0,3.7,0.08627,0.86,366.0,4.315,6.85,4914.0,0.763,0.757,0.17,4.583,648.109,2.51
5.167228,0.065,0.0,5.9764524,0.3931,0.43,1665.0,1276.0,403.32424848,6050.0,2.112,1.36,0.0,3.9,483.675,14.44837612
1.01153624,0.01833,0.0,1.491,0.06406893,0.107,1329.0,791.0,6.26,4686.0,0.758,0.789,0.15,4.56,122.91,1.841
2.8786765,0.0408,0.0,2.3136,0.926,0.84,1620.0,471.142,731.009,5910.0,1.32,1.09,0.14,4.236,508.885,13.78707
5.095717,,,1.772,0.0714,0.636,643.0,28.5068,3.51,4938.0,0.631,0.478,-0.388,4.515,98.0152,1.692
2.78849,0.04073,0.0,2.9462464,1.2,0.425,1517.0,850.6754,311.4734,5960.0,1.12,1.04,0.24,4.37,303.336,13.56289
3.07634,0.04496,0.0,3.9016058,0.83,0.32,1713.0,1519.9645,406.8224,6200.0,1.57,1.27,0.01,4.15,211.553,15.6926
2.6278838,0.0344,0.3,1.2,0.07312083,0.903,1108.0,274.163,9.5,4850.0,0.773,0.778,-0.04,4.56,42.9052,2.46
57.29290009,0.2597,0.0,4.878,0.07736,0.1064,355.0,3.76,6.29,4806.0,0.729,0.709,-0.1,4.564,631.884,2.38685349
265.469335,0.791,0.0,10.184,0.11475,0.94,291.0,1.722,16.1,5796.0,1.037,0.831,-0.27,4.377,1160.63,4.15
1.645321,0.0286,0.0,2.772,1.931,0.379,1955.0,1816.48,233.92288,6124.0,1.254,1.156,0.016,4.303,559.068,17.295487
12.761418,0.067,0.24,1.2,0.12152496,0.75,314.6,1.62,0.95,3328.0,0.265,0.255,-0.24,5.25,12.21,0.93
1.33711647,0.02153,0.0,1.809816,3.3335,0.115,1344.0,,792.635,4645.0,0.776,0.743,0.02,4.53,181.374,14.056
5.34982412,0.06026,0.0,4.209,0.00888,0.858,1156.0,595.424,1.81,6050.0,1.21,1.14,0.13,4.33,807.812,1.19
96.9151496,0.37594,0.0,5.9964,0.08628,0.3107,325.0,2.339,5.82,5227.0,0.8,0.87,0.0,4.57,415.358,2.28
12.611906672,0.1058,0.0,5.1636,0.61056,0.5409,753.0,306.102,42.6,5559.0,0.89,0.92,-0.05,4.51,1979.25,7.37
39.721386,,,8.52,0.0741,0.273,,,12.9,5979.0,1.281115,1.110086,0.1,4.21,629.51,3.64229858
9.66857723,0.0854,0.0,2.3709,0.04117,0.2078,730.0,60.609,4.66,5636.0,0.96,0.99,0.13,4.47,530.765,2.0
5.94566534,0.0536,0.0,2.1737,0.04012,0.229,568.0,27.569,2.1,4002.0,0.57,0.6,-0.06,4.7,250.817,1.25
2.176423,0.0345,0.17,3.4392,0.8114683,0.2,1790.0,2054.7956,368.6828,5700.0,1.44,1.16,0.29,4.18,559.084,13.56289
15.337597,,,2.736,0.0683,0.412,590.88,14.2526,4.61,4756.0,0.6909,0.74,-0.372,4.698,19.5711,1.9892
4.1782745,0.0355,,1.675904,0.228,0.27,541.0,13.9295,5.08,3326.0,0.404,0.4,,4.893,37.3312,2.104
1.651144,0.02734,0.072,1.0272,0.92,0.994,1714.0,1423.0,464.98529,5640.0,1.088,0.998,0.143,4.364,199.581,11.43318
4.2042001,0.05412,0.092,2.78376,1.208,0.662,1367.0,355.909,292.72143,6214.0,1.126,1.1955,0.108,4.4121,609.838,14.022459
4.1117771,0.04632,,2.016,2.26,0.916,1111.0,268.7176,159.55066,5313.0,0.871,0.784,-0.31,4.452,325.377,16.47723
80.8720639,0.3577,0.0,11.114,0.36046,0.632,452.0,12.071,30.0,5692.0,0.96,0.98,0.04,4.47,1491.76,5.99
2.34478022,0.0337,,2.04,1.382,0.689,1422.0,680.0,508.528,5600.0,0.938,0.93,0.22,4.466,305.603,12.285064
1.7666957,0.0226,,1.4196682,0.08305083,0.3,764.0,57.0208,2.57,3499.0,0.46,0.49,,4.8,30.7947,1.41
7.76846622,0.0749,0.0,4.385,0.02178,0.353,841.0,126.203,4.08,5679.0,0.94,0.96,-0.02,4.47,868.017,1.85
6.36338574,0.064,0.041,2.74,0.23686952,0.014,891.0,110.0201,18.05,5100.0,0.84,0.87,0.27,4.5,121.84,4.058
12.779107,0.114,,4.6,0.3008,0.33,1040.0,374.462,73.0,6235.0,1.36,1.23,0.08,4.26,192.475,8.54
0.90720448719,,,0.9668435,0.078019,0.810103,982.91,154.97,2.95,3451.32,0.492584,0.490679,,4.2447,50.2408,1.52831855
10.45623256647,,,3.516496,0.07806368,0.436952,1147.1,283.9789,8.0,5271.39,0.997091,0.9,-0.09,4.46,182.104,2.75029559
20.33003,0.158,0.091,4.87,0.5936,0.725,906.0,49.5559,1036.12060682,6300.0,1.4,1.24,0.12,4.3,390.484,11.88151954
4.052037,0.0417,0.04,1.5605128,0.55124033,0.757,700.0,38.5441,30.8,3950.0,0.584,0.59,0.41,4.64,52.616,4.7
13.11881173651,0.1376,0.0,4.4753758,0.03772,0.467302,1768.0,2310.43,8.9,7746.12,1.57458,2.018,0.21,4.1006,225.181,2.92922558
4.25300773815,,,3.3953599,0.02611394,0.500661,1799.55,1740.9224,6.81,6302.74,1.45382,1.2,0.13,4.2335,177.759,2.50121142
4.37943587445,,,1.6504345,0.09696958,0.416858,845.78,120.936,6.32,4806.66,0.742779,0.81,,4.5422,113.387,2.3947209
8.60788713593,,,3.344179,0.05550622,0.461102,839.8,117.5495,6.16,5681.95,0.968149,0.97,,4.4989,93.7714,2.35859364
5.54519139676,,,2.2742603,0.04390186,0.59983,958.69,199.6326,4.92,5662.81,0.915519,1.0,,4.5252,158.526,2.06631784
9.73944854026,,,3.4986254,0.06417241,0.518328,710.98,60.3881,5.49,5078.2,0.833198,0.87,,4.5069,98.1848,2.20344362
10.05771848538,,,3.692482,0.486,0.443179,861.0,91.5488,40.7,5713.15,1.01477,1.003,,4.4321,102.637,7.17166228
5.12871907628,,,2.1590444,0.08094473,0.756859,951.0,426.7683,12.2,6011.66,1.14165,1.13,-0.0579,4.3447,294.015,3.53409617
5.83015366944,,,2.865684,0.131,0.455358,774.0,59.7261,7.7,4457.16,0.717414,0.7,,4.5865,114.421,2.68983343
8.80733882211,,,4.4337516,0.17,0.319878,1073.0,220.735,20.8,5829.42,0.985134,1.1,,4.3863,215.034,4.82401567
8.51460888787,,,3.9173097,0.326,0.270496,1000.0,166.575,34.6,5745.88,1.1849,1.078,,4.2607,263.386,6.51165317
3.77952125496,,,3.2904618,0.2761,0.284019,1294.0,466.528,32.5,5664.68,1.17554,1.03,,4.2582,184.015,6.28499593
10.86818410933,,,2.8568849,0.1553,0.497938,594.0,20.7383,9.58,4678.46,0.755833,0.74,,4.5776,79.5225,3.05823658
3.92880881576,,,1.7153279,0.04859763,0.497137,1123.44,376.4613,6.39,5434.91,0.986943,1.01,0.129,4.4138,257.93,2.4101112
4.2529913,0.0496,0.0,2.6216334,0.0758585,0.354559,1004.9,231.2034,6.4,5499.0,0.8521,0.9027,-0.049,4.531,172.138,2.40144286
9.23786144195,,,2.7438438,0.066,0.50881,757.0,54.6767,5.6,5554.02,0.848906,0.9027,-0.049,4.5315,172.138,2.22999162
7.1620097551,,,8.0974658,0.08,0.193425,1649.0,1230.42,27.1,6139.95,1.8109,1.2,,4.0959,428.123,5.63826391
1.87190602231,,,1.6130211,0.092,0.526051,1001.0,167.099,6.65,4435.39,0.749646,0.66,,4.6014,86.5783,2.46741991
5.58703768615,,,3.000777,0.1907,0.484959,948.0,134.155,15.8,5304.91,0.939285,0.93,0.2,4.4606,52.3044,4.10824994
9.60523206943,,,4.072321,0.1437,0.584782,952.0,136.86,17.6,5999.55,1.09414,1.162,,4.3265,136.419,4.38298108
4.11923678339,,,2.1826809,0.12365042,0.427607,657.79,44.2458,6.78,4201.93,0.632571,0.613891,,4.6537,74.7599,2.49549787
11.33727129656,,,2.8857877,0.11940452,0.500207,612.92,33.352,8.19,4683.75,0.768675,0.767,,4.5358,162.46,2.78943837
2.78301736297,,,1.81644,0.09162641,0.491948,696.39,55.5824,4.43,3891.86,0.562607,0.556454,,4.6355,86.7159,1.94225664
6.36861010462,,,6.4190878,0.04612507,0.324149,977.83,216.0619,23.5,4872.84,2.3895,,,3.6712,362.522,5.18536642
1.42378440907,,,1.7875652,0.07210459,0.472229,1405.35,921.8467,5.56,5315.91,0.848099,0.934,0.252,4.5126,116.086,2.21895097
7.00572708834,,,3.1364584,0.07668945,0.574816,923.5,171.8936,8.57,5597.99,0.971675,1.015,,4.4762,182.014,2.86356397
5.67395386982,,,2.8641894,0.06412779,0.418759,1029.33,265.3025,7.1,5755.41,1.00286,1.063,0.048,4.3731,231.311,2.56484195
4.30325528074,,,2.4191037,0.07107657,0.59593,1042.0,195.793,9.0,5842.06,1.0519,0.956,-0.1221,4.495,176.759,2.94892961
5.904370457,,,2.6272026,0.0351,0.468359,846.0,85.3357,2.95,4856.13,0.723757,0.8,,4.5718,76.7418,1.52898127
2.93602836512,,,2.2530649,0.679,0.247004,1147.0,288.087,38.7,5036.17,0.826247,0.85,0.2733,4.5829,251.245,6.96310517
4.22175815648,,,2.7429639,0.0594,0.466098,1164.0,305.107,9.79,5889.54,1.20847,1.03,-0.0503,4.3426,165.441,3.09885187
4.44143463188,,,1.462524,0.33758183,0.681271,550.78,21.749,10.6,3720.23,0.502498,0.500519,,4.6799,81.9043,3.24380341
6.89797425216,,,3.6388174,0.055,0.472136,1095.0,239.133,5.77,5751.2,0.993374,1.11,,4.3774,160.825,2.26838675
2.96760425926,,,1.8137941,1.041,0.478171,819.0,75.0167,48.4,4594.08,0.756095,0.69,,4.6375,248.964,7.94454164
4.37730369667,,,2.3689451,0.143,0.503445,966.0,144.988,10.1,5110.91,0.747752,0.86,,4.5671,181.653,3.14949237
5.88498234631,,,3.9572737,0.303,0.51211,1142.0,282.509,36.6,5662.53,1.17834,1.018,0.1007,4.2722,274.436,6.73756618
2.50900199461,,,2.6675173,0.297,0.384905,1384.0,609.961,28.8,5640.37,0.991737,0.98,,4.4875,571.615,5.8462559
4.46189034133,,,3.121989,0.05,0.498781,1289.0,459.495,6.98,5971.64,1.03963,1.1,,4.4276,213.719,2.53823825
2.11867592279,,,1.6776084,0.06648121,0.537747,884.71,144.7854,3.77,4278.45,0.69132,0.62,,4.643,77.7751,1.76689273
5.92143995316,,,2.1223358,0.1221943,0.45336,671.87,48.1559,7.06,4467.38,0.687025,0.68,,4.6386,155.501,2.55505441
10.98090968596,,,2.9196155,0.086,0.494968,1542.0,938.995,8.01,5418.77,1.00145,1.017,,4.3945,121.832,2.75304932
9.76042253684,,,2.2316268,0.079,0.440713,653.0,30.3621,6.11,5623.93,0.796628,0.979,,4.5592,102.609,2.34587608
8.93547936706,,,2.1393243,0.04205298,0.54742,789.81,91.9624,3.81,5537.93,0.851957,1.0,,4.5032,179.008,1.77789214
8.62392630369,,,2.0612885,0.06751211,0.526172,842.42,119.0248,5.77,5951.32,0.878735,1.077,,4.5118,182.249,2.26974262
2.68566015238,,,2.2493108,0.06328098,0.419868,1378.86,854.2741,8.46,5743.01,1.06715,1.1,,4.3985,245.089,2.84326517
4.70343764575,,,2.1670415,0.139,0.626301,741.0,50.104,8.65,4520.41,0.69375,0.703,,4.6238,111.047,2.87998299
5.21924158592,,,2.6763556,0.15,0.39611,1035.0,190.795,14.8,5595.08,0.988751,1.01,,4.3917,304.615,3.95803201
2.76520470167,,,1.4486675,0.239,0.587409,667.0,33.0144,13.4,4201.57,0.639344,0.619077,,4.6361,98.5958,3.7197954
6.78130241498,,,4.2251893,0.264,0.63622,1169.0,310.079,38.4,5624.72,1.15926,1.04,,4.3211,413.757,6.93277225
5.83639428843,,,2.6074961,0.02567045,0.466723,866.29,133.1006,3.01,5156.16,0.854084,0.9,,4.4757,55.1788,1.54732112
4.280773256,,,2.1491878,0.0447,0.504151,1016.0,177.537,6.33,5622.14,1.03315,1.003,0.204,4.3929,151.465,2.39729851
3.61365988443,,,2.5345785,0.178,0.625349,1048.0,200.83,15.3,5528.92,0.916633,0.945,,4.4497,331.289,4.02422162
3.77229247873,,,3.1015343,0.047,0.572896,1479.0,796.305,11.9,6400.78,1.5621,1.343,,4.162,286.781,3.48093238
2.02470073205,,,1.6549918,0.439,0.661652,752.0,53.3297,14.9,3750.17,0.553216,0.548138,,4.6142,89.6811,3.96824928
11.62592988285,,,3.5190646,0.084,0.439068,870.0,95.1955,15.9,6088.71,1.32375,1.244,,4.1854,248.654,4.1287378
8.59225810839,,,3.3731655,0.08855569,0.448031,778.1,86.6267,7.53,5483.65,0.835682,0.963,,4.4837,135.459,2.65362762
5.6539659431,,,2.8984183,0.12231789,0.815418,617.33,34.3229,6.93,4208.45,0.662052,0.636083,,4.5965,90.9985,2.52763693
5.99002553853,,,2.2315303,0.368,0.3338,621.0,24.7628,20.1,4417.3,0.743344,0.645,,4.6326,136.955,4.73740402
5.43691503941,,,4.5164437,0.102,0.421654,1496.0,833.218,40.9,6137.02,1.91334,1.21,,4.0516,547.948,7.1888212
5.91340454843,,,2.3829991,0.098,0.607475,669.0,33.3499,6.92,4583.79,0.736044,0.68,-0.0269,4.6372,95.0735,2.52611303
4.17221328949,,,2.5105996,0.198,0.51439,817.0,74.1594,10.4,4553.0,0.734919,0.674,,4.6458,223.016,3.21759316
3.22118452536,,,3.4226387,0.0536,0.549834,1541.0,937.884,6.22,5385.64,0.933361,0.934,0.135,4.4373,134.047,2.37117553
6.91716177373,,,2.5609922,0.125,0.934096,602.0,21.9209,9.78,4408.03,0.671912,0.658,,4.6715,114.277,3.09551273
3.81122794237,,,2.2838641,0.656,0.486444,987.0,157.644,44.6,5388.92,0.890046,0.946,,4.4869,275.103,7.56807148
8.05562348084,,,3.5651667,0.09138622,0.515585,919.33,168.812,11.0,5775.46,1.06221,1.01,,4.4617,188.183,3.32424168
12.82282706375,,,3.2904383,0.07509057,0.561674,809.32,101.3929,8.87,5971.64,1.03963,1.1,,4.4276,213.719,2.92303762
1.05426244177,,,1.3052791,0.0423,0.481989,2240.0,4181.02,4.36,4533.23,0.874219,0.65,-0.09,4.6428,57.7451,1.92416074
9.53176110329,,,3.1045696,0.1095,0.549511,696.0,39.0679,8.04,5008.2,0.766023,0.835,,4.5876,186.229,2.75958542
5.45060661625,,,4.6304467,0.0917,0.463234,334.0,2.09,28.7,6572.28,1.57167,1.45,,4.1119,340.52,5.83507112
5.32005926761,,,2.5453885,0.0955,0.50951,976.0,150.91,6.02,4705.1,0.75309,0.75,,4.5661,85.8463,2.32645266
3.83479363758,,,3.5182216,0.11123389,0.396029,1509.43,1226.7862,27.8,6289.49,1.58202,1.14,-0.0801,4.1578,641.467,5.72673066
4.02074127419,,,1.9852161,0.1556,0.42146,930.0,124.569,12.8,5170.87,0.947112,0.834,0.03,4.4863,190.042,3.63524486
3.39035984718,,,2.5018341,0.0877,0.390709,1108.0,251.103,5.4,5415.89,0.827372,0.923,,4.5867,101.913,2.18231452
0.84069041367,,,1.6702296,0.2554,0.533704,1783.0,1679.35,21.7,5116.06,0.95255,0.88,,4.4731,410.467,4.94735276
3.89489711981,,,2.2083903,0.1071,0.618573,914.0,116.253,6.38,4673.03,0.670748,0.755,,4.6133,144.751,2.40821473
6.26449803661,,,2.5698706,0.078,0.605823,755.0,53.9635,5.04,4586.87,0.666066,0.721,,4.6451,157.217,2.09469416
4.02393854207,,,2.3034727,,0.608422,,,6.39,5315.91,0.848099,0.934,0.252,4.5126,116.086,2.40867246
3.23941344,0.04417,0.0,2.654,0.00774,0.924,1213.0,1314.67,1.01,6074.0,1.16,1.11,0.02,4.35,889.426,1.01
30.08364,0.201,0.15,3.9858103,0.54392108,0.887,904.0,58.0054,95.3485221,6219.0,1.29,1.19,0.1,4.29,261.834,11.2089807
3.312846,0.04491,0.501,3.0072,0.94731664,0.34,1407.0,836.8558,167.17858,5880.0,1.105,1.101,0.15,4.392,534.889,10.861521
3.4716826,0.03418,0.083,1.389,3.06246435,0.7556,555.4,17.0012,79.77493016,3266.0,0.425,0.442,0.357,4.827,98.4458,8.33948164
4.176255514,0.04823,0.0,3.7012,0.13601,0.596,876.0,139.236,10.5,4996.0,0.78,0.85,0.16,4.59,306.602,3.22
24.3397804,0.16481,0.0,3.292,0.07773,0.83,737.0,32.265,9.06,5831.0,1.0,1.0,-0.04,4.44,1183.88,2.96
3.65691115,0.0488,0.0,2.114,0.01181,0.217,1368.0,822.484,2.79,6296.0,1.36,1.23,0.04,4.26,1153.98,1.48
7.32851947,0.0689,0.0,1.211,0.02778,0.983,807.0,100.13,6.04,5135.0,0.874,0.812,0.12,4.464,424.428,2.33
7.817953,0.07908,0.092,5.5296,0.365,0.508,1226.1,374.2,1080.622,5542.0,1.664,1.076,0.247,4.028,679.761,13.394755
2.326318,0.02,,0.98,0.41536144,0.64,550.0,13.0,2.99,3200.0,0.24,0.23,,4.97167,51.6004,1.54
7.1335164,0.0674,0.0163,11.04,1.803753,0.18,682.0,58.5,136.0305582,4686.0,0.758,0.789,0.15,4.56,122.91,10.09929161
8.9187,0.08422,0.039,4.146,0.01806,0.9,1023.0,236.0,3.85,5905.0,1.257,1.041,-0.09,4.26,1025.1,1.9
2.78174,0.0379,0.0,2.14,1.4,0.7704,1400.0,615.4709,117.5971,5600.0,0.97,0.92,-0.23,4.5,194.553,12.44199
3.7521,0.05165,0.0,3.7128,0.97,0.525,1676.0,1237.7366,171.6282,6300.0,1.48,1.18,-0.17,4.35,282.091,15.80469
13.900148,,0.3,2.1264429,0.06472701,0.73,756.7,77.4842,7.22,5881.0,1.0,1.08,-0.07,4.45,79.5561,2.59
6.20183,0.053,0.0,1.2264,0.0957,0.891,675.0,34.9,3.02,4236.0,0.58,0.62,-0.29,4.7,29.661,1.98
3.606940031,0.0452,0.0,1.0258,0.04317,0.109,1046.0,287.6,5.07,5508.0,0.84,0.955,0.07,4.569,407.216,2.10143764
5.06416,0.0532,,2.08,0.0993,0.78,801.0,97.8,6.39,4870.0,0.74,0.78,-0.02,4.52,403.513,2.41
1.341555127,0.02356,0.0,1.7009,0.00582,0.059,1642.0,3094.817,0.285,5586.0,0.93,0.94,0.01,4.47,371.049,0.71
3.42392993,0.0451,0.0,1.794,0.01531,0.213,1212.0,508.75,2.69,5788.0,1.015,1.038,0.16,4.442,1051.53,1.4460734
91.773242,0.38,0.0,6.034,0.0652,0.03,359.0,2.976,4.82,5588.0,0.817,0.784,-0.21,4.551,740.754,2.04
5.056759834,0.0583,0.0,3.926,0.01379,0.71,1049.0,286.32,4.46,5926.0,0.939,1.03,-0.04,4.506,1136.6,1.9493759
6.365841612,0.0659,0.0,2.9697,0.07807,0.524,914.0,206.438,8.25,5700.0,0.95,0.97,0.0,4.47,1023.06,2.8
4.34934,0.04899,0.043,2.671,0.0255,0.22,1066.0,,2.1,5271.0,0.86,0.83,-0.06,4.49,157.682,1.212
6.753581,0.073,,2.2,0.174,0.871,1180.0,122.785,32.0,5808.0,1.29,1.1,0.2,4.26,130.919,6.6
10.60057,0.098,0.408,2.9,1.292,0.827,894.0,18.1082,227.0,5805.0,1.0,1.03,-0.13,4.3,299.89,12.87
11.04603384,0.0981,0.0,4.799,0.03083,0.064,869.0,153.915,5.69,6113.0,1.21,1.15,0.07,4.33,1119.87,2.25
5.213965,,,2.62,0.0828,0.39,866.0,,5.77,5171.0,0.8,0.83,-0.03,4.55,418.395,2.27
88.07160187,0.3575,0.0,6.772,0.0955,0.0242,330.0,2.79,6.44,4939.0,0.819,0.785,0.16,4.506,833.055,2.42168247
20.99757968,0.1394,0.0,2.454,0.11318,0.277,582.0,27.2,9.11,5211.0,0.895,0.817,0.08,4.447,486.105,2.97
3.005156,0.0375,0.146,1.9686,0.069,0.574,1138.0,201.3,25.6,4974.0,0.82,0.87,0.21,4.6,153.676,2.401
1.0697568,0.019,0.0,1.5,0.0455,0.39,1517.0,883.0,3.48,4884.0,0.793,0.798,0.08,4.52,55.0135,1.62
1.25785,0.022,0.0,0.9816,0.73853107,0.975,1688.0,1272.0,563.83042,5280.0,0.78,0.91,0.08,4.6,110.527,11.88154
4.60543,0.05708,0.0,8.184,0.037,0.57,1670.0,1356.0,28.6047,4881.0,2.97,0.66,0.32,3.44,307.47,6.27704
5.885273,0.066,0.0,1.873,0.01165,0.34,1253.0,426.719,2.33,6075.0,1.235,1.154,-0.1848,4.289,384.917,1.33
13.15141081,0.11818,0.0,5.6035,0.00945,0.744,1008.0,205.272,4.31,6231.0,1.59,1.29,0.12,4.14,482.047,1.91
8.921099,0.087,0.0,3.838,0.01057,0.11,1006.0,214.277,2.48,6090.0,1.264,1.072,-0.08,4.278,625.339,1.38
15.266446,0.118,0.461,3.24,1.6186173,0.772,705.0,42.2987,637.0,5433.0,0.86,0.949,0.05,4.48,193.499,12.17
2.69405,0.04258,0.0,3.6552,1.1,0.222,1941.0,2485.0721,378.2177,6390.0,2.05,2.56,0.21,4.14,348.185,22.97845
18.859023,0.119,0.18,4.29,0.085,0.259,424.7,7.3,14.46,3540.0,0.862,0.635,0.01,4.37,9.7221,2.79
2.20474,0.03809,0.0,3.88216,0.6,0.496,2733.0,4353.408,584.8072,6389.0,2.0,1.56,0.26,4.07,341.079,16.92559
8.463446,0.07,0.07,3.24,0.249,0.502,554.8,21.2,8.99,3540.0,0.862,0.635,0.01,4.37,9.7221,4.79
4.37808,0.0574,0.0,5.3900978,0.61,0.18,1469.91,1103.2708,117.5971,5550.0,1.86,1.28,0.08,4.01,290.684,15.80469
3.119999,0.04289,0.0,1.9008,0.023,1.073,1498.0,841.3,375.03752026,5810.0,1.228,1.081,0.176,4.293,,23.53885947
3.2768837,0.04163,0.298,2.76528,1.55661441,0.348,1237.0,387.4,56.89157,5416.0,0.933,0.896,0.133,4.451,523.067,11.825495
234.636,0.7097,0.0,6.897,0.09263,0.025,267.0,1.2,8.3,5404.0,0.862346,0.94,0.0,4.53983,703.789,2.81109223
38.6715075,0.2079,0.0,5.567,0.05993,0.79,502.0,20.011,7.95,5688.0,0.97,0.96,0.0,4.46,888.325,2.74
3.428054,0.044,0.0,2.309,0.02064,0.08,1131.0,367.262,2.1,5560.0,0.939,0.956,0.12,4.466,891.092,1.25
25.88599968,0.1606,0.0,4.35,0.02171,0.909,542.0,20.35,2.82,5190.0,0.899,0.823,0.12,4.446,631.7,1.48912557
12.91375431,0.1053,0.0,6.042,0.04879,0.912,849.0,219.051,11.0,6155.0,1.22,1.15,0.03,4.33,1355.28,3.32
3.971281,0.0505,0.18,2.995,0.878,0.755,1539.0,933.0,378.21580433,6190.0,1.346,1.088,-0.114,4.217,567.678,13.7646283
11.14529,0.163,,1.501,0.0484,0.719,584.0,56.9133,4.94,5310.0,0.853,0.913,0.26,4.54,43.932,2.07
4.9019804,0.0336,,1.3,0.9115,0.306,412.0,4.8,6.48,3238.0,0.2347,0.2109,-0.27,5.01,69.3649,2.43
3.15222,,,1.4637784,0.1039767,0.391,624.0,25.1137,2.54,3547.0,0.42,0.41,,4.81,45.0907,1.4
10.613839,0.095,0.0,3.538,0.05598,0.45,785.0,55.623,4.98,5818.0,0.893,0.873,-0.06,4.536,1065.08,2.08
3.63899398,0.0453,0.0,2.213,0.02096,0.3905,1238.0,314.233,2.57,5660.0,0.93,0.95,-0.03,4.48,978.678,1.41
15.79,0.13,0.01,7.2772,0.02031,0.0301,910.0,158.306,20.0,5770.0,1.653,1.178,0.29,4.08,408.845,2.4
214.3114164,0.75235,0.0,16.1734,0.45354,0.0587,380.0,6.017,66.2,6511.0,1.41,1.3,0.07,4.26,539.321,9.55
39.75289917,0.2249,0.0,4.9641,0.05493,0.931,568.0,24.54,8.65,6072.0,1.01,0.96,-0.3,4.411,811.278,2.88046569
24.1738579,0.1589,0.0,3.057,0.05326,0.251,595.0,26.087,6.57,5844.0,1.02,1.01,-0.01,4.42,864.699,2.45
8.277440071,0.07595,0.0,2.7043,0.01859,0.1513,1088.0,65.5,2.3,5129.0,1.781,0.887,-0.16,3.884,264.078,1.31946731
0.23818244,,0.0,0.4763536,0.04939764,0.84,1256.46,588.9944,1.44,3421.0,0.37,0.353,-0.14,4.85,20.3167,1.079
2.0845435,0.03138,0.0,2.14584,1.283,0.8045,1588.0,1062.0,375.0394,5404.0,1.167,0.948,0.24,4.281,355.683,14.414774
6.9131112,0.07576,0.0,4.768,0.00379,0.264,1209.0,649.151,0.749,6335.0,1.42,1.25,0.05,4.23,783.401,0.93
81.4162941,0.40814,0.0,12.1444,0.06663,0.911,522.0,25.972,14.7,6394.0,1.44,1.34,0.26,4.25,608.68,3.93
21.22265,0.1546,0.098,6.4913,0.03599,0.16,859.0,91.0,8.2,5950.0,1.387,1.094,-0.02,4.21,474.861,2.65
20.6921,0.1354,,2.76,0.0986,0.68,,17.1,6.39,5055.0,0.731,0.774,,4.592,311.313,2.41
1.90231289,0.0301,0.113,1.658,1.07178932,0.767,1505.0,849.5,335.9446262,5587.0,0.938,1.004,0.194,4.496,338.84,10.07687365
1.926907,,,1.763179,0.226,0.355,1032.78,131.648,13.0,4263.0,0.6847,0.664,0.17,4.625,113.048,3.6621
4.795069,0.04771,0.078,2.147,0.228,0.28,653.0,42.6,8.15,4140.0,0.607,0.63,0.0,4.67,107.272,2.78
1.3373508,0.019,0.0,1.8,0.12266761,0.35,1650.0,886.9841,20.6,5143.0,0.84,0.75,-0.28,4.5,280.555,3.18
4.65382,0.05186,0.194,2.9616,0.087,0.27,1037.0,185.0,9.5,5320.0,0.848,0.859,-0.02,4.516,111.059,2.726
9.15059,0.0814,0.066,2.9544,0.0891,0.522,827.8,77.59,6.63,5320.0,0.848,0.859,-0.02,4.516,111.059,2.759
19.98,0.137,0.168,3.1128,0.1,0.652,638.1,26.7,13.6,5320.0,0.848,0.859,-0.02,4.516,111.059,2.93
0.765548,0.0155,0.0,1.57,0.141,0.21,1932.0,2314.06,41.8,5257.0,0.97,0.97,0.19,4.48,225.734,3.64
4.375021,0.05036,0.0,3.216,0.32709829,0.476,1294.0,464.7,23.51942,5732.0,1.105,0.89,-0.102,4.301,343.525,6.882326
5.6057,0.06,0.04,3.050597,0.07011882,0.51,1038.0,182.935,9.79,5450.0,0.897,0.917,0.01,4.45,95.1274,2.28
12.2737,0.1011,0.04,3.8398889,0.08694629,0.51,800.0,64.3196,9.32,5450.0,0.897,0.917,0.01,4.45,95.1274,2.63
14.339156,0.1202,0.08,4.8,0.03926347,0.27,943.0,132.0,7.8,6203.0,1.194,1.126,-0.12,4.5,57.5846,2.45
2.3266508,0.0296,0.0,1.75,0.78447831,0.182404,867.0,94.1,61.5,3927.0,0.612,0.639,0.338,4.669,135.047,5.82
3.435471,,,2.11,0.258,0.871,969.0,146.577,18.9,4927.0,0.765,1.034,0.132,4.685,197.234,4.569
6.443868,0.06152,0.047,1.98,0.1067,0.728,784.0,62.9,13.5,4734.0,0.726,0.748,0.05,4.6,68.0726,2.587
12.226574,0.09429,0.088,2.37,0.12063693,0.753,634.0,26.8,2.5,4734.0,0.726,0.748,0.05,4.6,68.0726,2.651
0.6047328,0.01159,0.0,1.0702171,0.10276833,0.4,1323.0,509.2,9.95,3875.0,0.581,0.604,-0.08,4.69,61.4592,1.791
3.945152,0.048,0.0,2.8712193,0.0841,0.338682,1124.85,388.2,10.0,5597.0,0.9882,0.9245,0.001,4.412,142.867,2.58606487
11.098644,,,3.3747201,0.11593892,0.387,712.01,35.2422,6.59,4969.0,0.7325,0.82,-0.133,4.622,65.1769,2.4528
9.686760378,0.080799,0.0,2.749,0.1669,0.494562,638.18,36.97,10.0,4738.0,0.73,0.75,0.067,4.587,72.0238,3.072
5.748433803,0.056027,0.0,1.8879,0.1041,0.690501,715.47,57.54,6.8,4534.0,0.69,0.71,0.017,4.612,58.5946,2.39
3.294736,0.037,0.15,1.75,0.111342,0.39,695.0,63.0,8.32,4089.0,0.58,0.59,0.31,4.63,70.7145,2.11
0.764597,0.0139,0.25,1.09,0.036634,0.32,1133.0,442.0,3.76,4089.0,0.58,0.59,0.31,4.63,70.7145,1.21
6.400316483,0.060694,0.0,2.2098,0.10266019,0.454823,714.86,56.63,6.6,4599.0,0.721,0.73,0.034,4.595,102.551,2.467
6.096407209,0.059866,,2.3326,0.11424892,0.54994,737.36,72.55,6.7,4820.0,0.732,0.77,,4.6,90.8693,2.477
2.527093,0.0285,0.3,1.28,0.1814,0.59,734.0,46.3,7.32,3709.0,0.469,0.471,0.0,4.77,51.9503,2.18
4.987641028,0.05024,,2.3276,0.11923398,0.49522,697.84,56.25,6.2,4336.0,0.669,0.68,,4.62012,95.2649,2.368
1.829024227,0.025739,,1.5441,0.07048494,,974.95,214.17,4.04,4336.0,0.669,0.68,,4.62012,95.2649,1.839
8.765528,0.082,0.0,3.9154065,0.05726987,0.493868,992.91,228.913,8.7,5631.0,1.3162,0.9698,0.035,4.184,155.791,3.29701268
8.021522331,0.074984,0.0,3.1324,0.08823089,0.267731,734.31,69.26,6.5,5165.0,0.78,0.87,0.073,4.572,113.181,2.448
0.437811822,0.010789,0.0,1.2152,0.02908856,0.316123,1935.83,3345.44,5.6,5165.0,0.78,0.87,0.073,4.572,113.181,1.464
3.092686757,0.04011,,2.0586,0.02726778,0.505094,1056.92,296.13,3.06,5253.0,0.834,0.9,,4.54958,70.2932,1.561
1.0528573,0.01705,,1.5268551,0.03585076,0.27,1478.0,791.0,3.49,4687.0,0.729,0.727,-0.1,4.57,81.6541,1.504
21.064302,0.1257,,4.6130523,0.09616559,0.056,544.0,14.57,7.27,4687.0,0.729,0.727,-0.1,4.57,81.6541,2.451
4.6747373,0.043,0.11,1.7,0.9254,0.6,582.0,19.1,14.95,3576.0,0.5,0.52,0.099,4.747,79.7634,5.14
5.879577,,,2.2539712,0.13527622,0.32,511.0,14.6089,4.9,3697.0,0.48,0.482,-0.24,4.61,28.384,1.77
0.64899,,,1.1178232,0.06155445,0.435,1311.0,493.4827,3.05,3949.0,0.58,0.57,,4.66859,92.3604,1.56
18.08816,0.106,0.5,2.7,0.2315,0.47,373.0,3.35,7.24,3709.0,0.469,0.471,0.0,4.77,51.9503,2.47
0.99817838064,,,1.1440808,,0.500918,,,4.66,4360.11,0.825257,0.652,0.0118,4.5536,115.169,2.00021315
3.59159193029,,,2.1482521,,0.478051,,,6.51,4545.43,0.713599,0.69,,4.6624,178.146,2.43722231
10.14385270726,,,3.4281866,,0.555699,,,9.75,4545.43,0.713599,0.69,,4.6624,178.146,3.09028272
13.83460487791,,,3.6873543,,0.47321,,,11.9,5567.93,1.00188,1.05,,4.3835,507.858,3.47739942
3.47793368523,,,2.6276341,,0.464173,,,14.6,4694.84,0.809951,0.733,,4.5672,149.12,3.91982296
3.31336980985,,,1.8494548,,0.647831,,,5.43,4375.52,0.664503,0.64,,4.6573,165.638,2.18869476
4.85558984762,,,2.1393358,,0.641866,,,7.4,5046.63,0.741147,0.84,,4.5914,286.415,2.62701629
2.83985434327,,,2.4833628,,0.445081,,,12.0,5520.79,0.874291,0.98,0.0985,4.4567,294.857,3.49391667
10.22467974953,,,6.3976853,,0.357172,,,22.7,5692.29,1.73709,1.06,,4.0828,151.624,5.07802804
3.52163529551,,,1.7374808,,0.430484,,,7.23,5090.09,0.820458,0.86,,4.5535,249.203,2.59125922
7.54830765124,,,4.223389,,0.498286,,,9.85,5961.52,1.18439,1.16,,4.2765,267.62,3.10879526
3.51025904942,,,2.4109865,,0.42469,,,27.5,4981.07,0.886956,0.83,,4.5249,373.415,5.69176189
6.0408643461,,,3.1347908,,0.480929,,,6.4,5723.74,0.989724,1.07,,4.4197,244.68,2.4123612
2.64909436758,,,1.6702651,,0.380498,,,3.94,3483.17,0.532473,0.529218,,4.0865,73.5258,1.81295951
4.94459060181,,,3.5188411,,0.516869,,,8.38,5719.98,1.08102,1.06,,4.3491,188.758,2.82716337
6.83601903383,,,2.2345072,,0.437736,,,6.59,5742.35,1.25423,0.9,-0.28,4.2927,91.7884,2.45316949
2.09518466313,,,1.35875,,0.587297,,,7.65,4396.27,0.713832,0.641,,4.6735,168.933,2.67899519
2.10510492329,,,1.5674012,,0.424458,,,7.78,4137.16,0.591697,0.581261,,4.6688,132.33,2.70601108
7.9698747128,,,2.5223426,,0.638127,,,9.77,4739.58,0.724328,0.828,,4.568,226.463,3.09467466
6.72952262077,,,2.322794,,0.508909,,,12.0,4817.31,0.789834,0.76,,4.5856,200.156,3.49015778
8.85577189959,,,4.199239,,0.435641,,,5.67,5683.87,1.07976,1.04,0.188,4.3755,162.246,2.24566738
4.3731816136,,,2.151506,,0.682622,,,8.27,5405.59,0.84345,0.91,,4.5769,178.137,2.80405322
6.21860433132,,,2.2121116,,0.547199,,,12.9,5369.46,0.786574,0.929,,4.559,300.743,3.64811843
7.94804910667,,,2.5882759,,0.408514,,,8.87,4377.53,0.640675,0.638,,4.6742,130.035,2.92284949
9.10486865159,,,2.5585481,,0.556057,,,5.26,4620.3,0.667193,0.76,,4.5661,127.837,2.14817673
2.25719681538,,,2.9281998,,0.359625,,,20.6,5567.58,1.2084,1.0,,4.2547,396.46,4.79568155
8.48584501953,,,2.2696952,,0.542556,,,5.59,4572.94,0.68988,0.75,,4.5942,121.222,2.22686612
3.400818229,,,3.0772025,,0.681224,,,35.7,5328.97,0.943767,0.92,0.0959,4.4622,395.574,6.63777941
9.7565876181,,,3.2516091,,0.575168,,,4.97,5201.93,0.920172,0.89,0.228,4.4796,189.333,2.07692266
5.26375651589,,,2.945711,,0.512286,,,8.11,5703.36,0.952319,1.056,,4.3765,288.893,2.77280763
7.94044635021,,,2.0599713,,0.610354,,,8.38,5098.6,0.818771,0.89,,4.5161,241.105,2.82626313
2.96147448702,,,2.5830627,,0.442666,,,6.3,5731.86,0.959792,1.02,,4.4851,387.609,2.39024009
2.74703755819,,,2.1270472,,0.340547,,,8.55,4434.81,0.726565,0.648,,4.6389,114.558,2.86009388
4.03712711976,,,1.9926733,,0.421411,,,8.11,4540.37,0.729825,0.691,,4.6109,136.191,2.77230429
3.82301421497,,,2.1217414,,0.557321,,,5.54,5224.36,0.961092,0.931,0.2428,4.4299,246.6,2.21526814
11.1086260318,,,4.2066479,,0.455969,,,6.7,5408.25,0.850041,0.95,0.0292,4.5017,235.655,2.47771211
13.774798,,,4.57,0.0309,0.38,969.0,114.929,8.1,6232.0,1.5,1.23,-0.03,4.18,160.125,2.77
17.265427,0.138,0.0,5.187,0.00771,0.62,888.0,133.259,2.33,6177.0,1.359,1.189,-0.03,4.244,570.783,1.33
1.118549717,0.0188,0.0,1.5425,0.02348,0.221,1174.0,544.534,1.2,4612.0,0.7,0.74,0.04,4.63,588.715,1.06
8.3501898,0.0731,0.0398,2.02,1.668,-0.941,650.0,30.0,336.0,4360.0,0.697,0.745,0.11,4.55,58.2609,13.0
2.056014,,,2.826,1.7453,0.09,1839.0,1899.83,1004.33776612,6520.0,1.14,1.14,-0.05,4.25,247.054,15.24421375
4.46569,0.046,,1.77,0.02107033,0.616,834.0,80.0,0.827,4675.0,0.63,0.653,-0.343,4.654,12.7781,0.956
16.32976218,0.1255,0.0,6.373,0.11875,0.596,727.0,172.557,13.1,5612.0,0.91,0.94,-0.03,4.5,1995.57,3.68
1.27492504,0.02571,0.0,2.9053,1.5018,0.1,2409.0,6216.41,371.85923619,6628.0,1.461,1.33,0.17,4.251,269.898,19.52604438
2.598902,0.0295,,1.6635706,0.19532615,0.19,674.0,49.1,4.45,3681.0,0.512,0.514,0.07,4.7266,64.2308,2.27
3.477978,0.0407,0.0,2.4754,2.6759,0.065,963.0,153.1389,140.16232749,4775.0,0.711,0.744,-0.5,4.605,118.106,11.45557828
1.8053564,0.02803,0.0,2.1384,1.902,0.31,1385.0,614.0,1938.763,5215.0,0.849,0.896,0.103,4.533,329.036,12.722215
5.817685,0.0642,0.0,3.0744,0.8378,0.72,1098.0,277.39,410.0007,5660.0,1.24,1.04,0.27,4.27,635.722,12.14
5.857487,0.07037,0.262,5.12,0.64897302,0.33,1404.5,750.922,797.7533,6255.0,1.526,1.351,0.28,4.13,336.267,14.067295
2.4545467,0.03515,0.033,2.5956,2.131,0.078,1397.0,508.468,263.79757781,5627.0,0.932,0.961,0.07,4.484,236.705,13.57407563
11.12830484,0.0781,0.0,2.7717,0.6057,0.7086,408.0,13.547,21.5,4094.0,0.53,0.54,-0.45,4.73,769.146,4.92
8.49642241,0.0726,0.0,2.2373,0.0834,0.0255,702.0,79.03,4.98,4965.0,0.71,0.74,-0.25,4.61,918.566,2.08
12.53248465,0.1054,0.0,4.0098,0.11459,0.0247,775.0,115.963,11.0,5601.0,0.9,0.93,-0.08,4.51,1370.65,3.32
4.00498,0.0327,0.075,,,0.93,,,7.49,3385.0,0.33,0.331,-0.02,4.8983,79.3002,2.19
4.3601561,0.051,0.0,2.3141338,0.55922909,0.595805,952.09,202.0739,27.4,5205.0,0.8686,0.9042,0.223,4.515,168.735,6.8084859
2.032046,0.0352,0.0,3.5784,1.22730057,0.08,2053.0,2886.2922,597.5204,6387.0,1.564,1.409,0.276,4.196,705.981,19.0553
4.7228124,0.05025,0.079,2.1912,2.26753813,0.536,858.0,111.299,870.8542,4803.0,0.689,0.759,0.0,4.644,229.518,10.682177
101.94054,0.416,0.24,12.002,1.352,0.08,427.0,130.528,1872.00931723,5545.0,1.014,0.93,-0.06,4.379,121.139,14.01122587
16.213362,0.1197,0.046,3.551,0.053,,667.0,49.8,6.4,5615.0,0.87,0.87,-0.32,4.42,97.614,2.272
6.340758,0.064,0.061,3.341,0.033,,910.0,175.1,3.72,5615.0,0.87,0.87,-0.32,4.42,97.614,1.528
4.640382,0.0523,0.067,3.0408,0.99549099,0.372,1082.0,243.0337,84.857,5330.0,0.923,0.886,0.06,4.45,255.206,9.247
9.55237,0.0907,0.093,3.775,0.03542093,0.67,1153.0,277.0,12.6,6327.0,1.296,1.091,-0.311,4.252,109.353,2.44
39.545,0.229,0.04,5.8,,0.31,574.0,,5.6,5770.0,0.968,1.022,0.07,4.47,84.5362,2.53
4.0966692,0.05593,0.035,4.783,0.48,0.19,1772.0,1193.86,743.71847238,6500.0,1.785,1.389,-0.104,4.077,609.388,12.778238
4.6780691,0.041,0.58,1.7,0.20292391,0.34,551.0,15.0,5.1,3572.0,0.419,0.418,-0.19,4.98,26.1072,1.93
48.677714,0.2689,0.0124,7.56,,0.61,527.0,10.0,15.3,4970.0,1.32,1.1,0.1,4.227,108.199,10.17
8.249164,0.0824,0.0094,4.89,,0.36,953.0,146.0,4.7,4970.0,1.32,1.1,0.1,4.227,108.199,5.08
30.82789993,0.1954,0.0,4.192,0.06413,0.173,585.0,27.66,8.97,5982.0,0.96,1.047,-0.04,4.493,1621.56,2.9429803
5.925003,0.058,0.0,2.843,0.17361,0.85,758.0,86.332,9.91,5018.0,0.676,0.777,-0.06,4.639,782.088,3.12
4.007232,0.05387,0.101,4.925,1.036,0.232,1766.0,1611.0,184.34047606,6457.0,1.735,1.298,-0.113,4.072,651.897,19.08889413
7.337703649,0.076381,,4.5639,0.0795,,1566.0,240.87,11.8,5994.0,1.1,1.1,,4.4,157.597,3.453
3.2642736,0.04997,0.312,5.3304,0.50115725,0.35,2101.0,3163.3762,505.3497,6460.0,2.26,1.561,0.01,3.921,1342.29,17.71022
20.310501,0.15594,0.0,5.3585,0.01682,0.833,931.0,198.725,7.27,6112.0,1.99,1.34,0.03,3.97,556.168,2.6
5.38305,,,1.382,0.1078,0.349,678.87,73.722,10.7,5134.0,0.7625,0.87,,4.613,84.0126,3.2732
4.4929,0.0443,0.019,1.8833377,0.12711867,0.36,673.0,36.1539,14.0,3985.0,0.55,0.58,-0.26,4.7,99.5561,2.12
0.490047,0.0113,0.0,1.0123328,0.029104,0.34,1862.0,2120.4475,3.07,4850.0,0.731,0.78,0.2,4.6,32.5686,1.28
29.6193421,0.1803,0.0,4.9768,0.03147,0.902,580.0,28.9,3.46,5631.0,0.96,0.94,-0.02,4.45,492.122,1.68
8.60077,0.075,0.07,3.77,0.509,0.86,1188.0,81.4989,260.61929374,5673.0,1.41,1.12,0.47,4.19,198.473,10.76062147
7.810937,0.078,0.0,3.359,0.01267,0.55,906.0,115.612,1.16,5776.0,0.917,0.882,0.1412,4.524,689.814,1.05
3.64830183,0.0427,0.0,1.9985,0.03717,0.063,860.0,129.44,2.33,4769.0,0.714,0.799,0.12,4.622,595.683,1.33
8.35390639,0.0768,0.0,2.2712,0.10416,0.023,790.0,77.619,7.75,5352.0,0.82,0.87,-0.06,4.55,784.618,2.7
1.4971842,,,2.41,1.62662492,0.51,1828.82,2643.655,731.0053361,6250.0,1.21,1.13,-0.06,4.3,289.668,16.14093221
19.104718,,,3.2516728,0.19060596,0.321,445.01,8.5187,9.03,4195.0,0.6751,0.66,,4.599,36.6113,2.9531
7.964315352,0.0734,0.0,1.498,0.0746,0.189,805.0,74.35,5.52,5074.0,0.78,0.82,0.01,4.58,491.978,2.21
9.188526,,0.18,2.492,0.046,0.61,786.0,63.4589,8.69,5881.0,1.0,1.08,-0.07,4.45,79.5561,2.888
20.705074685,0.141409,0.0,3.6727,0.1822,0.51475,551.44,21.05,6.9,5169.0,0.81,0.88,-0.02,4.53,96.6215,3.62
3.3488702,0.04639,0.33,3.3216,1.09871748,0.3,1553.0,740.2246,244.09344,5758.0,1.44,1.187,,4.198,389.57,15.80469
11.230511,0.1046,0.0,3.47,0.0213,0.712,1061.0,217.0,7.1,6354.0,1.258,1.204,0.025,4.3,31.964,2.001
0.689967832,0.01405,0.0,1.2135,0.01213,0.119,1539.0,1213.333,0.477,4865.0,0.75,0.81,0.11,4.6,152.075,0.82
5.248672631,0.06017,0.0,1.8418,0.06212,0.6528,1056.0,307.058,9.27,6040.0,1.15,1.1,0.02,4.36,544.939,3.0
7.071392,0.06702,0.094,2.7506,0.00629,0.06,777.0,61.0,1.7,4909.0,0.724,0.803,0.11,4.6,107.796,0.567
8.1594667,,,4.3972747,0.07571865,0.18,1102.0,245.0,8.97,5844.0,1.228,1.023,0.03,4.25,96.7224,3.22
0.5734745,0.01,0.0,0.9004508,0.08183903,0.47,996.0,233.9,2.53,3542.0,0.406,0.405,-0.17,4.87,28.5321,1.24
4.3696,0.0487,,,,,,72.113,1.98,4343.0,0.732,0.814,-0.102,4.621,260.036,1.219
1.73185606,0.02384,0.044,1.65336,3.63594302,0.406,895.1,106.9,464.02947422,3776.9,0.5758,0.601,0.514,4.696,299.389,11.56766808
6.3872703,0.0635,,2.343,0.351,0.517,805.0,73.9967,21.7,5050.0,0.83,0.87,0.23,4.53,60.6679,4.95
14.47567,0.095,0.013,1.6182484,0.96185799,1.04,407.87,6.5402,5879.8255295,3799.0,0.573,0.54,-0.01,4.68,75.5759,12.21778896
2.07276,0.03303,0.0,2.5824,1.2,0.4,1555.0,1414.87,432.2488,5640.0,1.08,1.18,0.23,4.45,151.068,12.77826
3.1190633,0.025,0.15,1.072,0.266,0.3,445.0,9.4,2.08,3300.0,0.235,0.231,-0.03,5.05,48.4809,1.243
1.54168,0.02614,0.0,1.9874,0.02965,0.56,1592.0,1107.389,3.55,5539.0,1.11,0.99,0.18,4.341,350.315,1.99
2.090876,0.034,0.0,3.193,0.01159,0.78,1642.0,2500.588,3305.02,5751.0,1.43,1.229,0.34,4.194,1798.75,1.73
15.7259,0.1171,0.0,3.839,0.14227,0.37,602.0,30.6,8.96,5331.0,0.778,0.865,-0.2,4.594,1131.19,2.94
1.43036763,0.02335,0.0,1.6165994,1.89607123,0.699,1636.0,1281.2408,607.0553,5600.0,0.858,0.828,-0.3,4.489,375.31,13.159366
2.14363,0.03444,0.0,3.1539349,0.96,0.638,2035.0,3410.2601,254.264,5920.0,1.58,0.88,-0.12,4.03,454.144,16.8135
3.3610026,0.04217,0.054,2.5685869,2.40817811,0.195,1167.0,288.0,148.42586607,5438.0,0.79,0.854,-0.15,4.565,197.119,12.5428494
1.48224686,0.02459,0.0,1.595,2.192,0.577,1480.0,442.993,568.9157,5171.0,0.868,0.901,0.2,4.517,360.313,13.383546
1.5487743,0.02851,0.012,2.78208,0.927,0.457,2043.0,2978.2048,562.24127,5940.0,1.43,1.289,0.14,4.3,523.337,15.008851
18.793193,0.136,,1.221,0.2073,0.818,276.0,0.98,4.27,3435.0,0.384,0.425,-0.06,4.89,50.0248,1.9
0.4090677,0.0071,,0.6165726,0.12812295,0.33,1072.0,207.0242,1.71,3330.0,0.31,0.29,,4.92,41.1659,1.17
3.7648337,0.0473,0.0,2.759996,2.22571184,0.357,1217.0,341.0,179.25522155,5697.0,0.884,0.962,-0.2,4.529,211.416,13.80946422
131.125,0.512,0.537,11.06,0.32811686,0.618,467.0,182.3533,197.05361234,5890.0,1.385,1.047,-0.008,4.176,312.903,11.67975789
16.051137,0.0929,0.068,1.42,0.27685212,0.899,356.0,2.64,7.27,3459.0,0.421,0.415,-0.07,4.809,31.1265,2.6
2.423804,0.03453,0.0,2.2368,1.56,0.541,1337.0,533.0,276.5121,5420.0,0.906,0.935,-0.003,4.494,364.512,12.3299
5.99273738,0.0629,0.0,2.5486,0.00698,0.2262,1010.0,297.806,0.59,5564.0,0.99,0.94,0.06,4.41,399.114,0.87
5.26,0.0582,,,0.248,0.4,423.0,,4.01,3436.0,0.379,0.408,,4.891,112.486,1.83
3.1968838,0.047,0.024,6.2,0.79589807,,2360.0,1800.0,451.31633794,6280.0,1.7,1.38,0.26,4.1,388.227,15.69257298
20.2729914,0.1415,0.063,3.8736,1.603,0.655,696.0,20.4393,321.00669107,5870.0,0.855,0.918,-0.198,4.538,413.591,11.80305668
2.7299025,0.01875,,0.8457,0.6238,0.15,396.0,4.09,13.2,2850.0,0.1556,0.118,-0.028,5.126,32.4298,1.32
13.03935862135,,,4.9218325,0.06255996,,1007.53,243.5261,11.2,5890.3,1.31383,1.069,-0.35,3.92,114.495,3.34822227
70.46829987,0.3512,0.0,6.618,0.09224,0.0476,511.0,16.17,18.8,6461.0,1.131,1.162,-0.14,4.396,1542.48,4.55527871
37.3331536,0.23611,0.0,7.294,0.01878,0.839,657.0,69.004,3.29,5998.0,1.15,1.1,0.07,4.36,1097.23,1.63
26.39435646,0.1635,0.0,3.4785,0.15109,0.1304,489.0,14.151,9.69,5021.0,0.76,0.8,-0.04,4.58,686.923,3.08
22.09341,0.173,0.074,5.438,0.26336009,0.78,950.11,192.5802,1229.99593509,6560.0,1.72,1.41,-0.09,4.11,86.3501,8.18255591
3.94153,0.0488,0.0,2.9712,1.8,0.24,1210.0,321.85,263.7989,5750.0,0.88,0.88,0.02,4.51,163.553,12.77826
5.367753,0.0663,0.0,4.464,0.62,0.45,1500.0,747.132,317.83,6400.0,1.6,1.35,-0.02,4.17,542.251,12.89035
6.866196,0.077,0.0,3.5709418,0.03340146,0.469301,1198.94,531.521,20.8,6174.0,1.4877,1.2793,0.164,4.194,54.5306,2.85372018
48.324222,,,,,,,,12.6,6045.0,1.538801,1.162095,0.01,4.08,584.877,3.59970536
0.84338011,0.01617,0.0,1.4362,0.03433,0.159,1541.0,897.9,2.48,4861.0,0.75,0.8,0.07,4.6,480.869,1.38
10.115,0.0685,,1.8384,0.065,0.39,399.0,,1.37,3420.0,0.36,0.4,-0.1,4.9,31.0849,1.1
11.8061737,0.1216,0.0,4.472,0.00881,0.905,1407.0,926.72,8.6,6900.0,2.599,1.714,0.0,3.843,601.324,2.87
4.162817,0.049,,1.6176,0.0318,0.43,939.0,,2.92,5222.0,0.81,0.9,0.15,4.57,221.753,1.52
1.510826,0.01154,0.00622,0.601,0.7378,0.095,397.6,4.153,1.374,2566.0,0.1192,0.0898,0.052,5.2396,12.42988881,1.116
2.421937,0.0158,0.00654,0.7005,0.7123,0.109,339.7,2.214,1.308,2566.0,0.1192,0.0898,0.052,5.2396,12.42988881,1.097
4.049219,0.02227,0.00837,0.8145,0.3676,0.063,286.2,1.115,0.388,2566.0,0.1192,0.0898,0.052,5.2396,12.42988881,0.788
6.101013,0.02925,0.0051,0.9293,0.5012,0.191,249.7,0.646,0.692,2566.0,0.1192,0.0898,0.052,5.2396,12.42988881,0.92
9.20754,0.03849,0.01007,1.048,0.6465,0.312,217.7,0.373,1.039,2566.0,0.1192,0.0898,0.052,5.2396,12.42988881,1.045
12.352446,0.04683,0.00208,1.137,0.7555,0.379,197.3,0.252,1.321,2566.0,0.1192,0.0898,0.052,5.2396,12.42988881,1.129
18.772866,0.06189,0.00567,1.269,0.3375,0.378,171.7,0.144,0.326,2566.0,0.1192,0.0898,0.052,5.2396,12.42988881,0.755
3.9812091,0.05099712,,3.4681721,0.0464,,1380.27,603.6935,7.04,6011.9,1.15664,1.116795,,4.36,63.0637,2.550449
3.3023881,0.04735,0.245,5.2152,0.80276122,0.33,1918.0,2236.5716,206.5895,6071.0,2.04,1.299,-0.02,3.936,861.843,19.61575
10.098858,,,4.224,0.00731,0.141,,,2.41,5631.0,0.912206,0.904597,-0.19,4.38,160.679,1.35673729
5.026799,0.06,0.33,2.704,0.61,0.84,1378.4,853.1355,1341.2426,6361.0,1.47,1.22,-0.08,4.193,278.514,12.44199
0.30110032,0.0056255,0.0,0.6404841,0.1258,0.16,1122.0,263.0,1.83,3258.0,0.2869,0.2619,-0.07,4.94,27.2684,1.11
3.3639254,0.034792189,,3.3430495,0.04220611,,1722.49,874.7956,9.51,5890.3,1.28018,0.496728,-0.35,3.92,114.495,3.0449863
15.5077855,,,4.565,0.0513,,853.0,88.0718,6.5,6122.0,1.17,1.14,,4.30881,88.4343,2.43432
5.444017,0.0492,0.15,2.1096,0.1686,0.4,537.0,21.4,4.9,3778.0,0.51,0.54,-0.05,4.75,101.632,2.06
20.5533844,0.1542,0.0,5.0988,0.06783,0.68,749.0,68.015,13.5,6163.0,1.27,1.18,0.07,4.29,1182.22,3.75
11.88865,0.099,0.221,4.803,0.78,0.745,1178.0,138.065,187.51876013,5905.0,1.2,0.89,-0.26,4.229,311.705,10.87271128
7.9752,0.0707,0.14,2.67,,0.22,610.0,33.5,4.3,4500.0,0.677,0.742,-0.02,4.68,59.2474,1.014
4.21802091,0.05042,0.07,3.3672,1.85276525,0.277,1168.2,310.0,97.57332095,5453.0,0.995,0.961,0.302,4.4256,440.089,13.50682174
1.68189002,0.0283,0.0,3.0,0.00832,0.831,1790.0,2760.593,0.871,5818.0,0.99,0.99,-0.04,4.45,1439.47,0.97
0.9867873,0.0175,0.186,1.1879,0.045,0.056,1054.0,750.964,4459.73,4540.0,0.678,0.73,0.04,4.639,369.451,1.21
8.92507,0.07796,0.0,2.6766,0.09775,0.56,628.0,45.596,8.7,4725.0,0.69,0.75,0.05,4.636,262.351,2.18
2.663416,0.0282,0.012,1.8429688,3.75229489,,2198.0,113.6142,188.15536,4251.0,0.61,0.65,,4.54826,305.3,11.5609626
16.254611,0.1308,0.029,4.8264,0.495,0.432,814.0,72.7,425.25654,5846.0,1.091,1.131,0.3,4.416,400.331,8.709393
4.33454,0.05354,0.05,3.595,0.8978,0.7,1531.0,546.903,260.61929374,6000.0,1.502,1.138,0.021,4.143,417.365,15.27784069
1.954524342,0.03044,0.0,2.096,0.03928,0.72,1540.0,1445.204,5.39,5821.0,1.0,0.99,-0.03,4.44,1402.82,2.18
5.0843,0.06206,0.0,5.0844391,0.57,0.26,1490.0,843.4794,343.2564,5910.0,1.79,1.49,0.22,4.17,226.399,14.79588
2.79083,0.0423,0.29,2.2599869,1.1,0.8725,1840.0,3515.0,734.1873,6566.0,1.47,1.42,0.0,3.39,320.639,16.92559
4.7185898,0.0319,0.88,1.237,0.17348674,0.27,369.0,4.4,0.911,3110.0,0.231,0.223,0.0,5.06,18.8873,0.982
7.4341325,0.0706,0.0,2.673,0.0701,0.435,805.0,70.0,4.15,5075.0,0.772,0.849,-0.02,4.55,41.1706,1.982
3.662392,0.0519,0.0,3.7669692,1.22536583,0.556,1716.2,1645.9887,270.15414595,6600.0,1.51,1.39,0.03,4.2,246.69,17.14974047
6.527363,0.073,0.211,2.9756716,0.04154309,0.593133,1128.86,413.1008,10.9,6007.0,1.3174,1.1973,0.215,4.276,99.451,2.89646124
12.5199,0.1062,0.042,4.1313918,0.232,0.24,843.0,626.362,8.35,5770.0,0.968,1.022,0.07,4.47,84.5362,4.627
9.87863917,0.0692,0.13,1.8915,0.14727,0.45,393.0,5.65,4.04,3713.0,0.503,0.522,-0.16,4.843,66.4074,1.84
76.613377,0.3521,0.0,9.762,0.04987,0.7571,466.0,18.86,9.11,6168.0,1.24,1.16,0.03,4.31,1119.45,2.97
6.996926554,0.0719,0.0,2.7377,0.13823,0.0232,888.0,139.072,16.3,5943.0,1.13,1.1,0.12,4.37,845.824,4.19
2.414351654,0.0315,0.0,1.2248,0.02029,0.2844,953.0,139.818,0.904,4529.0,0.69,0.74,0.1,4.63,151.129,0.98
0.524177015,0.0123,0.0,0.7648,0.0236,0.318,1891.0,2799.9,2.91,5278.0,0.815,0.911,0.14,4.576,713.733,1.51482218
22.824669,0.178,0.0,6.614,0.03227,0.12,946.0,154.653,11.3,6620.0,1.85,1.65,0.06,4.063,808.762,3.37
59.6225257,0.3059,0.0,6.425,0.09934,0.77,486.0,10.519,11.1,5769.0,0.96,0.97,-0.08,4.47,1260.78,3.34
1.88897906,0.03046,0.0,3.246,0.0059,0.834,1574.0,2959.338,0.84,6014.0,1.1,1.09,0.02,4.39,1058.24,0.96
7.378689766,0.0761,0.0,3.207,0.01178,0.52,933.0,178.68,2.02,5936.0,0.965,1.075,0.07,4.501,570.659,1.227
16.2254649,0.12237,0.0,6.493,0.01204,0.761,788.0,162.794,1.71,6020.0,1.07,1.03,-0.14,4.39,1087.87,1.17
8.457458,0.079,0.15,3.248,0.00834,0.12,982.0,221.731,1.04,5884.0,1.127,0.927,-0.199,4.304,316.663,1.02
14.26519966,0.11959,0.0,3.601,0.00663,0.353,853.0,114.3,1.69,5825.0,1.291,1.049,0.14,4.237,449.351,1.16654878
3.67626,0.0405,,1.7,0.11,0.44,715.0,57.5,4.62,4097.0,0.63,0.65,0.21,4.65,129.356,1.99
1.716828304,0.028,0.0,2.068,0.00595,0.7,1455.0,1056.84,0.33,5808.0,0.902,0.987,-0.06,4.522,113.025,0.74
3.247555219,0.04317,0.0,2.4836,0.02097,0.78,1181.0,442.522,2.57,5763.0,0.99,1.07,0.23,4.47,439.4,1.41
19.5974971,0.1366,0.0,4.069,0.10141,0.4617,671.0,36.302,9.96,5623.0,0.93,0.95,0.01,4.48,931.956,3.13
19.32952416,0.1338,0.0,3.7701,0.10401,0.009,529.0,16.881,6.71,4983.0,0.76,0.8,-0.01,4.59,758.702,2.48
3.0440499,0.04057,0.181,2.63472,2.28070102,0.249,1244.0,315.9878,172.58169,5523.0,0.887,0.962,0.05,4.524,421.855,13.585308
0.78961,0.01673,0.0,1.899,0.0258,0.224,1992.0,3740.0,9.0,5565.0,1.156,1.058,0.43,4.3437,264.78,1.83
3.25352,,0.018,5.1923833,0.61150131,,1869.38,2886.0903,353.74301699,6020.0,1.976,1.372,0.16,3.929,645.158,16.69017226
2.260455,0.0214,0.0,0.9816,0.675,0.36,568.0,30.1,5.99,3214.0,0.288,0.257,0.26,4.93,62.9969,2.32
11.66009998,0.1016,0.0,4.921,0.0181,0.9541,834.0,114.36,4.99,5791.0,1.083,1.03,0.16,4.381,976.737,2.08215108
31.034,,0.51,12.0587354,0.15721891,0.52,614.66,33.7343,168.44905571,5190.0,2.5,1.34,0.17,3.77,383.846,10.53644186
2.67963,0.05,,0.9028948,0.08275424,0.78,771.46,83.7078,6.57,3943.0,0.631,0.612,,4.5,48.876,2.45
37.46852,0.215,0.327,7.6512325,0.0429,0.389551,651.64,192.521,19.5,5970.0,1.3137,0.9382,-0.373,4.171,113.335,2.9507845
1.6091788,0.03032,0.057,1.9464,1.345,0.8613,2193.0,3821.0,460.8535,6594.0,1.441,1.435,0.332,4.278,960.109,18.887165
4.0664428,0.04823,0.0,2.106,2.015,0.8,1074.0,223.0,136.66621501,5281.0,0.859,0.905,0.168,4.526,205.387,13.30506009
3.3448285,0.0558,0.0,3.4704,1.243,0.54,2470.0,5550.0,527.5978,9360.0,1.67,2.07,0.21,4.31,427.678,20.28829
7.0491423,0.076,0.0,3.3487071,0.03005227,0.532442,1198.46,461.4,8.7,6353.0,1.4182,1.251,-0.018,4.227,45.6181,2.54535814
1.73513619,0.0286,0.0,2.2741,0.09526,0.045,1554.0,1372.87,10.7,5751.0,1.071,1.028,0.21,4.391,392.739,3.27
23.78319931,0.16246,0.0,7.939,0.02565,0.783,725.0,115.4,5.89,5877.0,1.265,0.997,-0.04,4.233,680.54,2.296
135.498527,0.48,0.0,6.901,0.50381,0.84,295.0,1.8,31.6,5307.0,0.767,0.844,-0.24,4.572,969.0,6.18
13.2140732,0.1019,0.0,3.4241,0.11548,0.85,629.0,44.397,8.7,5162.0,0.78,0.81,-0.1,4.58,1064.47,2.89
13.47469571,0.1034,0.0,2.6174,0.07817,0.159,634.0,50.37,6.04,5431.0,0.86,0.89,-0.05,4.53,810.082,2.33
2.6085846,0.03935,0.062,1.985,1.26,0.941,1789.0,1712.0,285.72773789,6237.0,1.393,1.194,-0.013,4.226,597.026,17.14974047
11.168454,0.10356,0.258,5.03016,0.966,0.108,1030.0,312.155,126.49634,6154.0,1.161,1.188,0.1,4.379,130.72,11.209
27.21080017,0.1724,0.0,10.515,0.00979,0.1219,725.0,65.27,2.07,5973.0,1.305,0.922,-0.34,4.171,852.062,1.23923346
17.406669,0.136,0.0,6.869,0.05818,0.09,814.0,182.057,9.48,6091.0,1.26,1.126,-0.1489,4.28,1187.47,3.04
5.86601526,0.0648,0.0,3.978,0.0183,0.3019,1064.0,469.819,2.76,5806.0,1.03,1.03,0.07,4.42,1623.24,1.47
4.9816819,0.0561,0.062,2.89032,1.811,0.457,1021.0,137.118,167.49641,5315.0,0.892,0.951,0.29,4.515,177.291,12.576498
10.2405549,0.08,0.0,3.6638722,0.995,0.175107,707.89,55.4426,96.0,5284.0,0.8288,0.9218,0.162,4.565,149.234,8.04728896
4.8084983,0.0569,0.0,1.96,2.24,0.97,1205.0,352.0,139.84449908,5764.0,1.069,1.063,0.239,4.4,350.343,17.26183028
12.79836,0.11,0.0,6.244,0.03366,0.71,908.0,180.549,4.54,6088.0,1.005,0.922,-0.14,4.472,1298.88,1.97
3.37796,0.0478,0.233,4.5936,0.71987471,0.48,1823.0,1619.406,279.6904,6050.0,1.87,1.275,0.0,4.0,773.974,18.38276
1.3060011,0.0202,,0.634,0.056,0.87,1117.0,62.7136,3.89,4072.0,0.65,0.64,,4.62,28.5147,1.8
20.519617,0.1362,,3.8177,,0.488,602.0,,8.52,5266.0,0.788,0.798,-0.2,4.54,32.1585,2.852
10.514181,0.0997,0.32,3.7608,0.00699,0.47,1066.0,193.0,1.74,6145.0,1.289,1.196,0.119,4.295,397.292,1.1758241
0.777038,0.0159,0.0,1.52,0.083,0.25,1871.0,4180.32,57.2,5251.0,0.87,0.88,0.256,4.46,222.852,3.2
2.57571,0.0349,,1.97,0.07396008,0.35,1085.0,301.8661,5.43,5050.0,0.83,0.87,0.23,4.53,60.6679,2.19
2.97764359,0.04263,0.0,3.0936,1.3022,0.48,1500.0,758.324,285.72917,5740.0,1.285,1.166,0.18,4.286,197.996,15.13212395
6.180235,0.07229,,4.10808,0.464,0.647,1401.0,642.0,953.49,6202.0,1.586,1.317,0.141,4.157,372.632,11.780659
0.719573,0.01661,0.0,1.7976,0.01596404,0.4,2463.0,6130.0,5.72,5959.0,1.22,1.18,0.255,4.34,109.86,1.613
2.392679,0.036,0.036,2.42,1.3405,,1750.0,1150.0,333.71982735,6110.0,1.51,1.31,0.28,4.19,220.882,14.3474953
42.994,0.24067,0.0,4.6011,0.11081,0.48,496.0,13.731,75.5,5656.0,1.06,0.85,0.1558,4.32,223.757,3.5
3.850614,,,1.78,0.0391,0.42,783.0,,1.08,4558.0,0.63,0.66,-0.23,4.65,156.951,1.03
0.85359163,0.017016,0.0,1.059,0.035,0.713,1756.0,,4.07660518,5275.0,0.83,0.82,0.05,4.5,159.906,1.68135
2.9956348,0.0442,0.0,2.4768,0.7493,0.83,1687.0,963.566,539.67534,6168.0,1.42,1.16,0.01,4.2,348.646,13.75
2.198884,,,1.44,0.163,0.14,1093.7,,6.44,3840.6,0.542,0.571,,4.68275,182.536,2.42
3.0575356,0.036507593,,1.318,0.11179638,,929.25,163.056,7.45,4402.0,0.7,0.694661,,4.59,51.1884,2.6382
5.2097118,0.05602,,1.6975678,1.13944692,0.98,904.48,158.1646,,5183.0,0.852,0.864,0.107,4.514,181.38,16.25302201
2.823093,0.0388,0.0,2.466,,0.113,1101.0,,203.09235207,5321.0,0.86,0.91,0.12,4.48,521.233,11.46678726
5.491125215,0.062186,,1.8868,0.04484516,,1093.03,338.95,7.05,5874.0,1.106,1.06,,4.37711,108.848,2.554
3.127463,0.0367,0.0,2.06,0.1082,0.2,871.0,95.58,8.56,4227.0,0.672,0.679,-0.1,4.57,73.5977,2.41
5.1817,0.0627,0.0,4.776,0.69,0.44,1480.0,669.018,181.1631,6000.0,1.65,1.23,0.12,4.09,663.231,14.90797
6.607662,0.0743,0.0,4.517,0.562,0.505,1295.0,469.0,55.61997123,5975.0,1.501,1.254,0.182,4.183,516.087,12.27383387
26.67569,0.155,0.0,2.758,0.04748,0.18,630.0,15.69,2.63,5502.0,0.68,0.902,0.14,4.62,740.537,1.43
15.45020008,0.0662,0.0,2.042,0.03822,0.4703,581.0,26.91,3.43,4245.0,0.637,0.649,0.0,4.641,636.694,1.671
3.320729,,,2.487,0.094,0.21,1255.0,586.762,10.4,5724.0,0.95,1.16,0.11,4.44,240.737,3.21
9.192463,0.0795,0.0,3.461,0.1048,0.26,865.0,93.0,3.7,5490.0,0.85,0.93,0.02,4.53,123.739,2.93
16.364962,0.1168,0.0,4.094,0.1803,0.382,714.0,43.2,10.2,5490.0,0.85,0.93,0.02,4.53,123.739,3.93
3.8186244,0.0504,0.0,4.5792,0.382,0.19,1642.0,1200.24,344.52772,5965.0,1.637,1.171,0.04,4.08,757.84,10.98482
2.292102,0.03689,0.229,3.2664,1.05852906,0.46,1856.0,1637.2058,597.5204,6060.0,1.48,1.273,0.22,4.201,800.377,15.6926
4.5334775,0.055,0.0,3.6643,1.0664,0.304,1312.0,460.0,100.43377661,5871.0,1.181,1.081,0.1,4.35,453.099,13.30506009
4.209075,0.0503,0.16,2.585,,0.23,1040.0,,1.25,5688.0,0.912,0.99,0.03,4.52,22.4035,1.073
11.55098,0.1012,0.0,3.72,0.916,0.53,833.0,56.355,390.9309,5625.0,0.96,1.04,0.26,4.49,172.256,9.97601
2.168452593,0.0337,0.0,1.6611,0.04669,0.95,1558.0,766.344,8.4,5837.0,1.0,1.01,-0.02,4.45,1022.8,2.83
34.5383,0.21183,0.0,3.178,0.04298,0.825,607.0,27.371,3.7,5990.0,1.0,1.08,0.05,4.47,704.438,2.49
3.994,0.0269,,1.9693065,0.58018957,0.36,587.92,28.236,7.51,4031.0,0.362,0.16,-0.01,4.58,64.6692,2.65
10.423648,0.1013,0.43,5.2257,0.07773,0.41,1012.0,268.219,15.6,6182.0,1.52,1.277,0.0228,4.181,477.052,4.32
3.2783662,0.04489,0.14,3.958,0.3415,0.14,1622.0,1156.0,96.61983573,5906.0,1.458,1.122,0.095,4.165,563.149,9.292245
44.99760056,0.23678,0.0,9.686,0.01702,0.758,508.0,41.5,5.74,5871.0,0.983,1.097,0.21,4.493,865.546,2.26309256
3.92273,0.0457,0.03,2.64864,1.0,0.14,970.0,121.7724,73.1009,4800.0,0.79,0.77,0.11,4.5,87.5953,8.63093
14.2767,0.1228,0.115,8.571366,0.07629377,0.728,1314.67,495.9065,60.5,5080.0,2.943,1.212,-0.08,3.584,95.5483,9.17
3.105508189,0.03989,0.0,1.721,0.09109,0.8,980.0,215.462,6.76,5009.0,0.79,0.86,0.21,4.58,280.069,2.49
5.254169941,0.0602,0.0,2.9878,0.04618,0.007,1093.0,338.15,7.05,6123.0,0.987,1.053,-0.14,4.472,1472.62,2.55303229
29.5422566,0.1792,0.0,13.902,0.08799,0.959,515.0,16.56,10.1,5510.0,0.803,0.877,-0.16,4.572,2334.93,3.15
10.043686,0.097,0.0,4.597,0.04379,0.84,951.0,143.919,12.8,6326.0,1.126,0.992,0.01,4.412,1432.61,2.73
28.1656,,,3.36,0.316,0.24,,,4.16,3587.0,0.374,0.41,,4.77613,159.259,1.87
8.114379,0.0649,0.0,2.258,0.1558,0.0565,460.0,12.995,5.02,3715.0,0.5,0.53,0.04,4.76,279.115,2.09
7.626324,0.07,0.0,2.37,0.02961,0.13,703.0,53.712,1.71,4955.0,0.72,0.743,-0.13,4.611,344.19,1.17
24.7576421,0.1688,0.0,7.361,0.04587,0.861,644.0,117.956,8.96,5957.0,1.08,1.06,0.01,4.4,1485.82,2.94
1.450886907,0.0252,0.0,1.781,0.01357,0.333,1700.0,1486.438,1.12,5545.0,0.86,0.9,-0.13,4.53,1064.05,1.04
8.617429733,0.0763,0.0,2.713,0.01506,0.3399,733.0,68.28,1.39,5009.0,0.84,0.797,0.16,4.491,484.601,1.10479327
5.644914154,0.0571,0.0,2.2599,0.13979,0.445,744.0,72.38,7.56,4769.0,0.714,0.799,0.12,4.622,595.683,2.66
33.1995648,0.1894,0.0,5.0135,0.11789,0.876,485.0,9.913,8.05,5279.0,0.81,0.86,-0.06,4.55,664.306,2.76
7.63846023,0.0801,0.0,3.971,0.00717,0.728,1089.0,407.977,1.51,6194.0,1.29,1.19,0.08,4.29,886.588,1.13
17.326644,0.12,0.0,4.777,0.08,0.9,535.0,21.983,6.66,4954.0,0.719,0.75,-0.13,4.611,775.679,2.47
49.40926,0.25655,0.0,5.243,0.3643,0.8848,497.0,25.4,14.7,5732.0,1.324,0.921,-0.11,4.1,1435.44,8.73
23.44971004,0.18332,0.0,8.6525,0.03156,0.8,802.0,193.927,7.46,6174.0,1.51,1.33,0.41,4.2,1141.08,2.64
33.4177993,0.1899,0.0,4.549,0.11668,0.913,448.0,10.148,11.2,5049.0,0.77,0.81,-0.02,4.58,902.633,3.36
52.0902,0.287,0.025,8.6329,0.2968,0.056,592.0,33.874,6.0,6174.0,1.302,1.165,-0.0731,4.274,1020.72,7.16
34.096863,0.197,0.0,3.904,0.04727,0.29,469.0,11.281,3.02,5329.0,0.775,0.867,0.04,4.603,652.051,1.55
175.06,0.633,0.057,,,,243.0,0.88,17.0,5100.0,0.762,0.841,-0.12,4.66,410.607,3.87
4.2986432,0.05163,0.176,3.204,1.52757585,0.538,1277.0,454.8721,194.82979,5715.0,1.107,0.994,0.02,4.347,471.158,14.12334
3.81673,0.0422,0.053,1.805,0.058,0.58,871.0,78.838,4.53,4552.0,0.665,0.678,-0.284,4.743,27.5024,1.704
0.8094,0.0117,,,,,,921.755,0.363,4116.0,0.7,0.808,-0.205,4.656,285.162,0.7599
16.257582,0.133,0.0,6.596,0.00597,0.19,830.0,133.866,1.32,5852.0,1.455,1.166,0.22,4.182,687.194,1.09
8.307872,0.077,0.0,3.15,0.08238,0.05,751.0,74.148,4.78,5329.0,0.775,0.867,0.04,4.603,652.051,2.03
9.99767,0.07131,0.06,2.77,0.1462,,,7.42,2.8,3910.0,0.424,0.484,,4.863,125.529,1.483
4.244384,0.051,0.0,2.945,0.02017,0.29,1305.0,601.895,293.959,5897.0,1.289,1.046,-0.0708,4.2,1156.81,1.67
4.942782,0.05714,0.06,3.5,1.1265,0.554,1251.0,430.677,209.76,5515.0,0.992,1.018,0.36,4.46,739.412,10.76
5.169796,0.051,0.0,2.163,0.10374,0.37,569.0,28.81,4.1,4648.0,0.594,0.58,-0.2,4.718,400.409,1.94
27.082511,0.181,0.0,5.103,0.04232,0.89,703.0,58.7,11.3,5848.0,1.359,0.982,-0.01,4.202,809.467,3.37
41.6977827,0.233,0.0,5.423,0.06848,0.862,488.0,15.793,6.99,5641.0,0.93,0.95,0.01,4.48,1008.57,2.54
43.595792,0.218,0.0,5.153,0.23064,0.78,275.0,4.791,11.5,4625.0,0.663,0.628,-0.04,4.653,373.744,3.41
20.995694,0.126,0.0,2.698,0.07673,0.23,328.0,3.425,12.0946,4252.0,0.554,0.518,-0.27,4.73,271.701,1.53
16.4735686,0.1126,0.0,4.231,0.04705,0.0605,612.0,33.22,3.64,4992.0,0.72,0.75,-0.24,4.61,832.0,1.73
18.207973,0.124,0.0,3.756,0.15969,0.03,551.0,21.084,8.2,5088.0,0.724,0.779,-0.12,4.605,441.09,2.79
32.657212,0.2065,0.0,5.982,0.06204,0.007,767.0,42.145,9.01,6152.0,1.19,1.12,-0.02,4.34,860.37,2.95
1.7292684,0.0224,0.1,1.689,2.406,0.35,1073.56,100.0,36.4,4103.0,0.445,0.503,,4.824,495.317,6.71
1.30618581,0.02282,0.0,1.4177746,2.739,0.84,1638.0,1025.5022,607.03,5650.0,0.829,0.928,-0.19,4.4,231.337,14.975
5.709404918,0.052,0.0,1.5769,0.06116,0.2106,644.0,58.15,3.5,4598.0,0.7,0.76,0.13,4.63,290.324,1.69
7.87288,0.075,0.0,3.72,1.2,0.1,900.0,166.5368,572.094,5070.0,0.9,0.89,0.28,4.2,169.272,10.76064
2.798581,0.037,0.0,2.3424,1.5,0.51,1160.0,332.5562,425.8922,4920.0,0.86,0.84,0.19,4.3,149.942,11.54527
25.15864,0.1694,0.0,5.18,0.03581,0.2051,619.0,57.634,4.12,5679.0,0.95,0.96,0.0,4.47,1687.47,1.86
226.89047,0.66479,0.0,7.525,0.31364,0.85,236.0,0.662,21.0,5148.0,0.78,0.84,-0.03,4.58,872.493,4.85
15.57129955,0.1022,0.0,2.155,0.01774,0.312,399.0,5.98,1.09,3872.0,0.557,0.585,0.12,4.714,193.903,1.03283226
76.732171,0.364,0.0,6.216,0.06857,0.12,473.0,9.887,9.96,5948.0,1.208,1.079,-0.0261,4.312,716.797,3.13
23.58914398,0.1429,0.0,4.7592,0.12007,0.908,487.0,15.569,11.5,5222.0,0.8,0.84,-0.04,4.56,624.575,3.41
77.2548396,0.3781,0.0,10.294,0.06124,0.9186,548.0,55.45,10.8,5956.0,1.16,1.1,0.09,4.35,1382.82,3.28
4.54216874538,0.05885,0.0,4.2984,0.809,0.486,1496.0,821.405,150.96925,5890.0,1.608,1.318,0.1,4.2,435.156,15.793481
16.239494,0.123,0.0,4.03,0.25907,0.08,598.0,22.459,15.6,5190.0,0.831,0.838,0.17,4.573,738.792,4.07
2.886762645,0.0296,0.33,0.885,0.06318,0.65,557.0,38.452,2.36,3655.0,0.54,0.56,0.44,4.73,103.917,1.34
7.27503724,0.0732,0.0,7.5206,0.3001,0.5956,833.0,113.64,23.1,5520.0,0.91,0.94,0.07,4.5,1826.15,5.14
138.9442,0.5329,0.0,10.456,0.05302,0.195,384.0,5.384,7.04,6021.0,1.11,1.08,0.0,4.38,897.733,2.55
21.08721,0.164,0.112,5.96,0.88947,0.36,897.0,90.22,6388.1,6350.0,1.4,1.29,0.1,4.4,1057.41,13.9
1.093663559,0.0206,0.0,1.4839,0.02184,0.405,1681.0,1705.762,2.39,5559.0,0.88,0.91,-0.1,4.51,798.246,1.35
0.631332353,0.01314,0.0,1.1076,0.04345,0.12,1322.0,1428.3,2.73,4653.0,0.71,0.76,0.05,4.62,321.0,1.46
4.1662739,0.0525,,3.744,1.416,0.23,1377.0,600.0,215.80657,5948.0,1.209,1.112,0.09,4.319,188.404,15.681391
2.49979,0.0363,0.058,3.024,1.4621206,0.5,1600.0,907.8624,390.9309,5650.0,1.2,1.02,0.14,4.26,302.448,15.6926
3.86813881,0.0453,0.0,2.1869,1.72599935,0.686,971.0,180.5564,82.58,4792.0,0.801,0.83,0.35,4.57,49.9605,11.21
3.95019,0.055,0.0,4.488,1.2,0.17,1604.0,1009.38,158.915,6170.0,1.48,1.67,0.26,4.27,211.211,17.71022
6.8392388,,,4.176,0.1213,,1090.0,234.46,13.5,5085.0,1.08,0.85,0.27,3.92,83.1548,3.74186
6.2340258,0.0439,0.4,1.452,1.38993556,0.611,378.0,4.9,12.4,3185.0,0.319,0.318,0.0,4.93,66.7902,3.56
67.844469,0.356,0.0,12.157,0.02472,0.77,592.0,32.035,9.64,5877.0,1.854,1.367,0.278,4.017,1278.97,3.07
4.3135225,,0.0,1.998,0.0274,0.569,944.2,132.6,2.32,4975.0,0.72,0.715,-0.31,4.576,78.7415,1.173
18.261608,0.1322,0.21,4.9,0.0971,0.65,728.0,47.3,20.1,5635.0,0.95,0.896,-0.14,4.4,77.682,3.147
1.62892911,0.0157,0.0118,0.76646,0.2443,0.504,583.8,19.3,1.83704819,3229.0,0.2211,0.1945,-0.17,5.037,12.613,1.19151465
99.747622,0.3907,0.0,6.744,0.1287,0.78,391.0,10.972,16.0,5840.0,1.02,1.02,0.04,4.43,1027.8,4.13
0.762406,,,,,,,,0.937,5620.0,0.89,0.95,0.28,4.5,624.512,0.99
3.1810781,0.04131,0.202,2.3544,2.11924633,0.643,1253.0,,213.58176,5498.0,0.922,0.929,0.01,4.476,535.383,13.383546
4.6058749,0.05475,0.158,3.2112,1.37930349,0.502,1212.0,356.0,207.54299,5670.0,1.073,1.032,0.16,4.389,353.891,14.022459
3.69364,0.04988,0.07,4.466185,0.86,0.49,1759.0,1639.1072,187.5197,6100.0,1.76,1.08,-0.27,4.0,251.303,17.71022
9.058807,0.083,0.0,3.7026559,0.0875,0.2958,825.22,115.6,10.5,5513.0,0.9598,0.9406,0.107,4.445,48.9739,2.91575244
1.332813,0.024,0.0,2.0496174,1.6834,0.58,1855.0,1966.0,314.96795134,5750.0,1.08,1.05,0.0,4.4,211.73,15.24421375
33.589979,,,6.385,0.3352,0.723,949.0,134.883,24.6,5511.0,0.886,0.784,-0.162,4.439,246.599,5.333
76.050178,0.332,0.0,6.826,0.03884,0.66,372.0,6.775,3.68,5250.0,0.862,1.013,0.29,4.494,627.365,1.74
91.353282,0.414,0.0,7.919,0.02093,0.13,428.0,9.957,3.89,6077.0,1.288,1.044,-0.039,4.272,583.859,1.8
1.74748753,0.02712,0.126,2.26968,1.67797987,0.317,1505.0,2201.3363,689.6911,5311.0,0.922,0.871,0.0,4.449,1139.55,12.385945
16.34136,0.127,0.0,4.6981114,0.03720971,0.374601,780.53,86.2315,4.5,5968.0,1.1174,1.0251,-0.07,4.349,36.578,2.08874836
2.14877381,0.040352,0.00034,4.226,0.6216,0.113,2594.3,38711.5,1175.971,7490.0,2.082,1.9,0.15,4.105,182.273,17.90074218
6.790123,0.0771,0.035,6.2184,0.22523,0.0,1605.0,1029.51,2669.66,6395.0,2.048,1.512,0.12,3.994,798.0,12.733
42.3391,0.247,0.07,6.498,0.4372,0.44,542.0,20.0,15.4,5625.0,1.16,1.07,0.34,4.29,170.562,7.5
5.748145,0.0628,0.096,2.6856,1.22594473,0.62,1100.0,345.7201,317.83,5900.0,0.9,1.0,0.15,4.53,301.462,10.42437
3.37265,0.0449,0.017,2.5704,1.71636042,0.61,1400.0,748.0,190.698,6050.0,1.02,1.07,-0.02,4.44,448.637,13.89916
17.42395198,0.1311,0.0,4.873,0.07709,0.906,722.0,47.032,9.69,5539.0,0.86,0.89,-0.15,4.53,1088.36,3.08
12.51,0.10363,0.027,4.572,0.0441,0.925,706.0,61.929,2.15,5505.2,0.875,0.928,0.12,4.51,765.025,1.978
6.104852856,0.0583,0.0,4.676,0.20903,0.018,784.0,89.25,12.4,5326.0,0.78,0.85,-0.17,4.59,1157.21,3.56
1.4811235,0.03462,0.0,3.91584,0.677,0.177,4050.0,44900.0,915.3504,10170.0,2.362,2.52,-0.03,4.093,204.455,21.196219
2.647298,0.0326,0.016,1.23,2.13678825,0.9948,790.0,65.3,258.07796,3916.0,0.573,0.617,0.0,4.71,218.121,14.90797
15.65562652,0.1128,0.0,4.1075,0.09559,0.78,623.0,24.467,8.45,5127.0,0.79,0.83,-0.02,4.57,558.517,2.84
1.36665436,0.02498,0.246,2.0904,2.107,0.481,1834.0,1310.22,711.9392,6010.0,1.046,1.111,-0.2843,4.445,555.134,15.490838
3.8537768,0.04753,0.33,3.5064,1.865,0.198,1312.0,471.61,189.10885,5644.0,1.101,0.964,,4.34,585.77,15.02006
5.924262,0.062,0.0,2.832,1.07,0.33,910.0,120.7076,37.18611,5310.0,0.8,0.92,0.2,4.59,212.472,8.9672
2.052868,0.0347,0.0,2.6808,0.916,0.77,2000.0,3140.9238,266.9772,6010.0,1.64,1.33,0.26,4.13,730.933,17.14977
0.588000765,0.0114,0.0,1.1627,0.02974,0.79,1188.0,723.806,1.2,4105.0,0.61,0.64,0.01,4.67,317.022,1.06
12.70639992,0.1043,0.0,2.395,0.08717,0.965,697.0,55.86,10.4,5573.0,0.839,0.939,-0.04,4.562,629.445,3.21585295
42.9495649,0.23236,0.0,5.3469,0.09591,0.758,487.0,9.549,11.0,5360.0,0.84,0.88,-0.03,4.54,635.145,2.57
9.029299736,0.0796,0.0,3.1323,0.10198,0.0207,757.0,77.75,10.2,5349.0,0.82,0.824,-0.12,4.526,894.187,3.17321625
29.88485741,0.17446,0.0,4.5608,0.12757,0.71,453.0,10.007,8.15,4893.0,0.75,0.78,-0.03,4.58,252.762,2.78
11.17394617,0.0981,0.0,3.421,0.03248,0.025,796.0,197.882,6.39,5924.0,1.05,1.04,0.01,4.41,1545.39,2.41
4.6117093,0.0637,,4.3944,1.148,0.601,1935.0,2340.0,1293.5681,7500.0,1.83,1.62,-0.12,4.127,300.276,21.40919
3.6127647,0.05224,0.0,4.10544,0.99,0.423,2051.0,2950.0,1242.7153,7598.0,1.638,1.458,-0.405,4.173,470.878,17.777474
28.86235584,0.1779,0.0,5.2042,0.04492,0.72,623.0,36.527,5.48,5849.0,1.06,1.02,-0.01,4.39,468.258,2.2
9.33646594,0.0747,0.0,2.2637,0.08854,0.5002,577.0,26.645,5.35,4500.0,0.69,0.72,0.02,4.62,588.037,2.17
2.57336,0.0392,,2.33,0.0364,0.3,1325.0,730.0,4.35,5748.0,0.995,0.97,0.03,4.38,405.732,1.92
8.1818246,0.0759,0.0,2.4596,0.02996,0.787,981.0,261.628,4.04,5976.0,1.08,1.03,-0.08,4.39,807.85,1.84
5.262155,0.055,0.0,3.229,0.01945,0.6,1166.0,381.465,2.3,5600.0,0.945,1.002,0.082,4.401,935.446,1.32
4.382745,,,,,,,,3.03,5185.0,0.803827,0.834847,-0.05,4.46,134.591,1.55409035
3.634433,0.0494,,3.7728,0.683,0.19,1590.0,1133.73,387.7526,6272.0,1.36,1.22,-0.09,4.25,414.234,12.21781
3.7650007,0.0815,0.0,2.9,1.4735,0.633,1577.0,580.386,1398.452,6720.0,1.93,1.47,-0.07,4.04,235.479,23.20263
2.5079204,0.03783,0.0,3.1104,0.789,0.35,1681.0,1330.0,1369.8473,6007.0,1.272,1.145,-0.041,4.286,735.601,12.285064
5.60014851,0.0587,0.0,2.8018,0.03292,0.0161,952.0,167.184,2.89,5308.0,0.81,0.85,-0.08,4.56,955.536,1.51
4.02229023,0.0473,0.0,0.8605,0.02344,0.5867,1017.0,253.28,2.93,5516.0,0.827,0.873,-0.14,4.544,596.24,1.52139156
3.3098443,0.04101,0.03,2.2676536,1.91588322,,1053.0,241.6656,677.61356,4953.0,0.798,0.839,0.22,4.553,201.338,12.038466
17.0428683,,,2.9592,0.2737,0.661,715.8,,16.3,5212.9,0.757,0.799,0.094,4.5962,110.567,4.189
18.1373829,0.1132,0.0,3.55,0.03827,0.2385,433.0,8.234,1.55,4231.0,0.62,0.64,-0.09,4.67,370.312,1.14
1.980357663,0.0309,0.0,2.4332,0.02719,0.766,1662.0,1808.41,4.12,6087.0,1.14,1.07,-0.1,4.35,799.008,1.86
11.41909375,0.107,0.0,4.382,0.05092,0.4568,921.0,170.33,8.2,5954.0,1.11,1.08,0.08,4.38,2406.33,2.79
40.7157,0.2383,0.0,6.975,0.06809,0.6,578.0,26.34,10.5,6293.0,1.14586,1.23,-0.2,4.40971,1379.37,3.23564749
7.748094374,0.081,0.0,3.5631,0.24721,0.3857,964.0,225.701,29.6,5913.0,1.16,1.11,0.19,4.35,1665.31,5.95
11.5789,0.106,0.0,2.855,0.02423,0.39,951.0,257.984,19.8,6165.0,1.355,1.204,0.0002,4.244,420.818,2.05
0.974868926,0.01834,0.0,1.5975,0.01976,0.82,1612.0,1496.75,1.81,5468.0,0.84,0.92,-0.04,4.56,398.676,1.19
2.1061607,0.03166,0.108,1.5552,1.21422239,0.937,1445.0,691.8428,299.07803,5380.0,0.98,0.955,0.25,4.435,508.842,16.02887
1.8209993,0.03199,0.306,3.1176,1.234,0.26,2037.0,2440.7,388.38826,6300.0,1.433,1.317,0.21,4.244,514.555,16.409976
2.7164762,0.03908,0.066,3.5299033,1.4527447,,1623.0,1034.0911,231.69807,5870.0,1.283,1.08,-0.36,4.258,398.505,16.017661
6.475434,0.063,0.0,2.651,0.05306,0.27,793.0,69.57,4.04,5036.0,0.834,0.794,0.06,4.503,688.573,1.84
15.27,0.12012,0.01,6.0765,0.02067,0.241,896.0,161.038,4.44,5828.0,1.548,1.078,-0.112,4.09,835.756,2.206
84.703921,0.4089,0.0,10.447,0.06557,0.01,537.0,14.036,11.2,6200.0,1.28,1.19,0.04,4.29,1696.25,3.36
4.115844679,0.0466,0.0,1.385,0.04597,0.0864,895.0,98.414,2.89,4776.0,0.73,0.78,0.05,4.61,481.667,1.51
12.691112,0.107,0.0,3.755,0.02521,0.13,1008.0,153.881,4.01,5960.0,1.149,0.989,-0.1498,4.327,586.531,1.83
6.93,0.0419,,,0.672,0.34,423.0,,5.48,3287.0,0.298,0.274,,4.84,111.638,2.2
3.96999,0.04548,0.0,1.1857,0.02992,0.115,992.0,151.8,2.52,5012.0,0.742183,0.83,-0.06,4.61612,635.009,1.39281536
1.385800004,0.0206,0.0,1.6449,0.00933,0.52,1008.0,245.15,0.313,4239.0,0.6,0.611,-0.22,4.667,250.199,0.72909663
1.217514,0.02466,0.0099,2.76456,0.6086,0.232,2361.0,5165.92,8654.15,6516.0,1.471,1.335,0.052,4.228,268.43,12.442
3.8297015,0.05046,0.516,3.0792,1.22998939,0.421,1275.39,625.3023,123.9537,5990.0,1.117,1.168,,4.411,756.742,12.66617
3.332609,0.048,0.009,3.84,0.83105066,0.48,1700.0,1400.0,123.9537,5914.0,1.73,1.336,0.34,4.1,610.176,17.37395
7.69993485,0.07839,0.0,4.39,0.00709,0.018,969.0,456.25,0.721,5770.0,1.05,1.0,0.03,4.39,840.128,0.92
27.666313,0.182,0.0,6.048,0.0324,0.27,622.0,45.423,4.08,6012.0,1.024,0.976,0.07,4.437,1047.03,1.85
26.85328322,0.162,0.0,4.5063,0.10036,0.01,544.0,13.955,7.37,5315.0,0.83,0.87,-0.01,4.55,568.751,2.62
5.00542,0.061,0.25,4.9057646,0.65,0.723,1450.0,746.9025,721.4741,6065.0,1.39,1.31,0.15,4.26,344.05,12.21781
5.3220125,0.0608,0.0,3.845,0.6517,0.735,1460.0,995.3724,86.76715511,5990.0,1.561,1.06,-0.2,4.075,200.075,13.74221034
0.9689951,0.02044,0.0,2.4888,1.146,0.32,2453.0,6992.0328,874.0325,6236.0,1.36,1.211,-0.002,4.253,444.586,15.860735
33.3855938,0.2012,0.0,5.0514,0.05532,0.562,580.0,29.128,7.13,5792.0,1.02,1.02,0.05,4.42,802.672,2.57
4.943290234,0.05605,0.0,2.9334,0.01262,0.004,1058.0,250.5,1.76,5661.0,1.008,0.964,0.1,4.415,328.007,1.17984089
19.672266,0.1473,0.0,4.766,0.06499,0.721,908.0,82.828,9.85,6152.0,1.19,1.12,-0.02,4.34,860.37,3.11
7.1,0.07212,0.017,5.1462,0.0131,0.072,1157.0,446.107,2.56,5828.0,1.548,1.078,-0.112,4.09,835.756,1.638
1.902208556,0.03022,0.0,2.20773,0.23435,0.0433,1346.0,877.945,17.0,5447.0,0.92,0.93,0.14,4.49,690.525,4.29
2.5946748,0.024335855,,0.313,0.107,0.43,488.0,3.3023,2.2,3440.0,0.3,0.292,-0.36,4.99,18.5226,0.99
0.789161653,0.0142,0.0,0.9052,0.02151,0.376,1244.0,547.294,1.16,4508.0,0.69,0.72,0.05,4.63,319.197,1.05
11.32271513,0.0848,0.0,3.027,0.02836,0.8264,554.0,26.451,2.42,4611.0,0.69,0.73,-0.03,4.63,436.505,1.36
20.342199,0.145,0.0,2.257,0.05646,0.24,667.0,35.75,83.0,5806.0,1.032,0.963,0.117,4.402,835.86,2.33
6.342,0.0562,,2.4096,0.068,0.34,708.0,19.9,3.89,4258.0,0.58,0.65,-0.3,4.6,72.7998,1.8
19.446355,0.137,0.0,3.527,0.0926,0.54,681.0,77.052,9.43,5816.0,0.958,1.053,0.1,4.436,855.641,3.03
6.2171292,0.07117,0.0,3.701,0.02112,0.94,1098.0,497.4,2.3,5808.0,1.01,1.01,0.03,4.43,1539.63,1.32
15.771044,0.127,0.0,5.068,0.05471,0.06,752.0,64.78,7.0,5594.0,1.3,1.078,0.35,4.247,391.038,2.94
40.718,0.1937,,4.464,0.074,0.44,381.0,1.67,4.27,4258.0,0.58,0.65,-0.3,4.6,72.7998,1.9
2.41811321,0.03783,0.0,2.194,0.00458,0.016,1602.0,2809.165,0.871,6289.0,1.27,1.19,0.0,4.3,593.646,0.97
9.67395,0.08633,0.0,3.287,0.09527,0.38,736.0,67.593,14.61,5194.0,0.89,0.88,0.17,4.487,306.738,2.71
25.873148,0.1741,0.0,5.451,0.06944,0.196,667.0,37.158,7.7,5761.0,0.99,0.99,0.0,4.45,1236.56,2.69
24.140006,0.1685,0.0079,6.45,0.5,0.26,666.0,33.2,13.1,4970.0,1.32,1.1,0.1,4.227,108.199,9.41
5.5382592,0.0519,0.0,2.182,0.14071119,0.382,639.0,27.8,7.3,3866.0,0.598,0.587,0.26,4.652,61.5204,2.329
21.0907758,0.142,0.0,4.629,0.04458,0.5997,606.0,31.86,4.19,5499.0,0.86,0.89,-0.1,4.53,629.27,1.88
24.3347127,0.167,0.0,6.63,0.03231,0.891,647.0,98.336,6.26,6202.0,1.28,1.19,0.06,4.29,1904.54,2.38
2.17518,0.03488,0.0,4.968,0.65,0.51,2469.7,4812.6238,352.7913,6100.0,2.46,1.87,-0.35,4.1,754.258,21.63337
4.0552941,0.04828,0.0,2.8032,2.34348052,0.4498,1166.0,316.269,89.31023,5485.0,0.939,0.913,0.01,4.453,213.982,14.336311
1.53736596,0.02677,0.0,1.81584,1.78286195,0.657,1733.0,1422.6075,750.39663,5959.0,0.985,1.081,-0.26,4.486,386.346,14.874343
0.813475,0.0142,0.0,1.1592,2.55,0.698,1426.7,680.8953,565.714,4400.0,0.6,0.58,-0.05,4.65,86.7467,10.424
572.3847,1.55346,0.0,23.162,0.1681,0.8727,264.0,3.356,19.2,6065.0,1.03,0.98,-0.28,4.42,1594.74,4.6
4.4379629,0.0553,0.0,4.69813,1.67211,0.168,1480.0,877.539,137.30256,5947.0,1.483,1.166,0.07,4.175,881.386,19.660586
3.35524,0.04651,0.07,3.694,0.94,0.189,1637.0,1294.929,238.3725,6373.0,1.38,1.37,-0.16,4.27,415.344,14.5717
11.30119217,0.0988,0.0,3.98,0.02771,0.1604,852.0,176.032,4.5,5971.0,1.12,1.09,0.08,4.38,1425.47,1.96
125.63243,0.4988,0.39,9.299,0.80459,0.0167,387.6,3.681,308.2951,5820.0,0.952,1.048,-0.01,4.502,307.318,8.373123
14.101361,,,2.7078373,0.1450825,,629.38,37.0819,7.5,5185.0,0.803827,0.834847,-0.05,4.46,134.591,2.64809498
3.60084276,0.0422,0.0,1.981,0.02963,0.395,927.0,132.391,2.24,4985.0,0.75,0.78,-0.1,4.59,622.818,1.3
62.5611,0.3017,0.0,5.907,0.13726,0.0246,417.0,7.13,10.4,5473.91,0.877273,0.96,0.0562,4.53407,1012.48,3.2057749
2.724033,0.05053,0.0,4.3336,,0.478,3353.0,,632.47852993,8000.0,2.36,2.03,0.29,3.9,99.731,18.14733975
3.0524,0.04022,0.0,2.6376,1.9,0.1,1244.0,344.149,270.1555,5545.0,0.83,0.81,0.06,4.53,163.371,12.3299
9.946047,0.092,0.0,3.38,0.09945,0.33,807.0,83.264,9.22,5573.0,0.933,0.867,0.3386,4.516,1052.53,2.99
4.14787559,0.0541,0.0,3.674,0.01376,0.0541,1389.0,1195.201,4.38,6386.0,1.48,1.3,0.05,4.21,1632.13,1.93
5.0066338,0.0464,0.25,1.66,0.129,0.17,682.0,36.2,4.57,4041.0,0.569,0.577,-0.19,5.07,46.4488,1.84
5.377219,0.0619,0.094,4.668,0.3206,0.2,1369.0,580.0,8899.195396,5820.0,1.474,1.066,-0.012,4.135,346.141,9.10169233
3.5484657,0.0538,0.0,4.56904,0.72515,0.0968,1750.0,1822.758,670.93913,6297.0,1.793,1.374,0.04,3.96,899.777,15.984034
4.266046,0.03589,,0.9235,0.17,0.827,485.0,10.8837,4.01,3277.0,0.338,0.339,0.22,4.909,41.2758,1.83
4.193649,0.0583,0.38,2.196,0.48041573,0.849,1710.0,1300.3125,3082.951,6424.0,1.71,1.496,0.47,4.14,737.668,14.90797
14.20443009,0.1041,0.0,3.979,0.08006,0.011,602.0,61.323,6.62,5346.0,0.84,0.87,-0.02,4.54,1017.2,2.46
4.8663815,0.05791,0.0,2.231,0.01438,0.176,1121.0,539.129,1.6,5682.0,0.96,0.98,0.04,4.47,862.186,1.15
5.605,0.0596,,2.68,0.0301,,,166.0,2.76,5441.0,0.87,0.9,0.07,4.519,200.802,1.47
53.44945593,0.2881,0.0,5.3228,0.3437,0.0533,486.0,44.326,33.6,5887.0,1.07,1.06,0.09,4.41,2340.58,6.41
85.7565495,0.36567,0.0,5.802,0.01654,0.4052,528.0,16.734,1.28,5280.0,0.82,0.86,-0.01,4.55,546.23,1.08
1.992812339,0.0238,0.0,2.066,0.03148,1.127,675.0,48.82,37.3,3638.0,0.42,0.45,-0.14,4.844,,6.81
86.4945,0.36672,0.0,7.284,0.10455,0.0202,367.0,3.7,9.4,5245.0,0.900316,0.9,0.03,4.48352,681.086,3.02420941
5.72319,0.0667,0.09,3.8928,0.86,0.591,1281.0,433.0,279.6904,6087.0,1.3,1.45,0.21,4.34,313.576,13.11453
56.633742,0.287,0.0,6.039,0.05897,0.41,570.0,12.659,7.61,5918.0,1.091,0.842,-0.24,4.353,1194.15,2.67
140.101261,0.566,0.0,17.933,0.02668,0.44,511.0,15.347,8.4,6158.0,1.55,1.426,0.0469,4.147,942.173,2.83
78.5460968,0.35722,0.0,8.684,0.06587,0.044,501.0,10.7,10.1,5808.0,1.397,1.058,0.14,4.172,863.909,3.16305828
8.3265153,0.0812,0.0,5.383,0.02679,0.819,938.0,182.69,4.35,6083.0,1.17,1.11,0.03,4.35,1757.23,1.92
2.576549,0.031,0.0,1.597,0.08528,0.06,717.0,64.39,235.982,4252.0,0.559,0.549,0.03,4.727,311.222,1.6
31.8277111,0.1939,0.0,1.584,0.052,0.785,668.0,6.246,3.78,4726.0,0.71,0.75,-0.06,4.62,359.497,1.77
3.924510002,0.0478,0.0,3.708,0.04635,0.71,1074.0,314.25,9.46,5776.0,0.849,0.939,-0.18,4.554,1804.36,3.03648191
122.8808058,0.47726,0.0,8.281,0.07177,0.9,326.0,2.821,9.32,5533.0,0.89,0.95,0.04,4.52,489.435,3.01
34.060467,0.21,0.0,2.461,0.08189,0.38,554.0,21.805,7.85,5908.0,0.954,0.94,0.035,4.504,1101.1,2.72
3.308958,0.05208,0.038,5.6304,0.3755,0.403,2132.0,3440.0,323.23311,6272.0,2.591,1.72,0.3,3.848,161.498,17.317905
2.685057492,0.03497,0.0,1.0229,0.0268,0.1258,1137.0,288.57,2.3,5212.0,0.81,0.84,-0.03,4.56,415.205,1.32
168.811174,0.54465,0.0,6.5,0.06118,0.584,269.0,0.833,3.82,4886.0,0.74,0.81,0.02,4.61,335.09,1.78
10.6906004,0.0996,0.0,4.657,0.04084,0.734,1008.0,244.47,9.19,6474.0,1.242,1.148,-0.16,4.311,1072.3,2.98467257
5.03251791,0.0575,0.0,3.3066,0.04391,0.864,1047.0,417.034,4.86,5614.0,0.89,0.93,-0.08,4.51,1593.13,2.05
11.530869,0.1019,0.0572,4.8139956,0.38813139,0.18,878.0,1678.5119,18.1,5720.0,1.035,1.063,0.25,4.439,249.006,7.31
25.762294,0.179,0.0,6.816,0.06195,0.26,633.0,49.973,7.8,6184.0,1.066,0.933,-0.06,4.441,1432.17,2.71
19.9400874,0.1357,0.0,4.263,0.07589,0.8438,588.0,45.146,9.17,5609.0,0.91,0.94,-0.01,4.5,1404.94,2.98
8.256299973,0.08364,0.0,1.9904,0.00395,0.9,1387.0,436.7,1.23,6197.0,2.188,1.198,-0.32,3.837,267.323,1.0667865
9.033320427,0.0813,0.0,2.857,0.06107,0.42,729.0,66.89,6.15,5311.0,0.788,0.884,-0.04,4.588,978.066,2.35560189
26.548955,0.16699,0.0,7.979,0.0142,0.21,836.0,76.457,1.24,5550.0,0.89,0.92,-0.04,4.5,918.995,1.07
11.379349,0.101,0.0,2.612,0.10235,0.92,806.0,116.524,14.0,5847.0,0.968,0.97,0.03,4.495,1349.13,3.83
3.720230103,0.0429,0.0,1.939,0.01569,0.42,954.0,195.7,0.676,5017.0,0.797,0.76,-0.02,4.516,385.348,0.9037791
18.794234,0.111,0.0,3.279,0.1529,0.32,412.0,9.903,4.04,3682.0,0.48,0.593,-0.04,4.783,561.101,1.84
18.7546998,0.1139,0.0,3.0681,0.09953,0.034,382.0,8.313,4.74,4339.0,0.62,0.64,-0.18,4.67,467.37,2.02
4.915379,0.057,0.0,2.725,0.02285,0.06,1042.0,296.155,3.78,5740.0,1.194,1.024,0.121,4.302,384.542,1.77
49.6077331,0.2489,0.0,2.8424,0.06267,0.0037,402.0,7.892,4.5,5213.0,0.78,0.86,-0.06,4.58,328.52,1.96
5.715442,0.062,0.0,2.484,0.09081,0.17,850.0,115.505,6.57,5228.0,0.842,0.904,0.26,4.565,693.86,2.45
9.694928,0.09,0.0,2.609,0.05152,0.3,833.0,108.64,5.14,5895.0,0.941,0.92,-0.04,4.508,1335.92,2.12
4.89718784,0.0523,0.0,1.799,0.02744,0.1207,904.0,135.082,2.18,5071.0,0.78,0.83,0.05,4.58,727.904,1.28
6.1841876,0.05921,,2.39,0.10523509,0.04,688.0,56.3778,9.1,4750.0,0.639,0.724,-0.13,4.66,32.5102,2.1
0.925542,0.01985,0.0,2.593,1.195,0.19,2508.0,,473.547,6110.0,1.436,1.22,0.06,4.22,375.647,17.127
17.2923453,0.13945,0.0,6.724,0.02031,0.748,809.0,140.376,2.7,5923.0,1.02,1.02,-0.08,4.43,1125.72,1.45
6.92101021,0.059,0.0,4.2469,0.05297,0.846,619.0,96.976,3.22,4651.0,0.7,0.75,0.01,4.62,556.006,1.61
4.08722,0.05512,0.0,5.586113,0.33,0.499,1790.0,2242.3605,908.9938,6030.0,2.55,2.52,0.14,3.93,316.678,15.91678
2.7439004,0.03649,0.279,1.6512,1.3852398,0.862,1161.0,306.417,177.9848,5080.0,0.847,0.86,0.32,4.514,446.035,11.960003
4.1876244,0.05511,0.24,3.0456,1.09061857,0.689,1518.0,811.3504,222.481,6450.0,1.315,1.272,0.02,4.305,772.11,14.414774
19.1187753,0.1444,0.0,6.873,0.02175,0.838,823.0,171.926,3.78,5961.0,1.08,1.06,0.01,4.39,1734.43,1.77
2.787174,,,1.46,0.147,0.48,653.0,,3.36,3804.0,0.46,0.49,-0.1,4.8,166.169,1.65
53.578637,0.253,0.0,5.236,0.02761,0.75,357.0,3.761,1.87,4710.0,0.695,0.768,0.1974,4.631,188.027,1.2
51.16579,0.25654,0.0,4.715,0.02592,0.82,398.0,6.22,0.52075,5295.0,0.83,0.87,0.03,4.55,527.321,1.45
17.308032,0.131,0.0,4.961,0.0633,0.08,815.0,56.955,7.22,6089.0,1.025,0.94,-0.03,4.415,1097.97,2.59
3.8559,0.0521,0.0,3.9504,0.88,0.1,1624.4,1062.0298,851.7844,6250.0,1.55,1.82,-0.1,4.26,488.66,15.80469
3.85298,0.05239,0.0,3.5064,0.87,0.602,1675.0,1099.44,419.5356,6570.0,1.62,1.79,-0.13,4.22,275.358,16.58932
9.940672466,0.09195,0.0,3.9006,0.05238,0.754,996.0,227.82,9.01,6310.0,1.29,1.23,0.09,4.31,553.077,2.95
82.177374,0.373,0.0,9.165,0.05464,0.237,441.0,13.76,8.85,6214.0,1.28,1.18,0.03,4.29,1568.38,2.92
4.7423729,0.05367,0.559,2.4336,1.2650811,0.634,1054.0,209.7699,54.98459,5495.0,0.853,0.917,-0.06,4.542,453.808,10.121727
3.185315,0.04012,0.17,2.2992,0.49173379,0.39,1084.0,211.6178,38.1396,4985.0,0.815,0.849,0.25,4.545,240.707,6.310667
2.355750084,0.0319,0.0,1.759,0.02669,0.2003,1093.0,338.4,2.77,4915.0,0.812,0.781,0.16,4.512,,1.47199944
15.937039,,,3.288,0.059,0.718,,,6.16,5601.0,0.94,0.825,-0.216,4.406,185.947,2.359
2.297940016,0.0354,0.0,2.923,0.00832,0.108,1547.0,1352.14,2.26,6371.0,1.072,1.117,-0.18,4.426,1527.56,1.30749704
5.185002073,0.048,0.0,2.1771,0.04472,0.923,652.0,42.62,2.67,4587.0,0.7,0.73,0.03,4.62,365.0,1.44
17.671796,0.1204,0.0,3.2554,0.09186,0.6682,513.0,21.309,6.8,4870.0,0.74,0.79,0.02,4.6,722.64,2.5
4.69500134,0.0557,0.0,2.963,0.024,0.204,1098.0,443.221,2.6,5660.0,0.93,0.95,-0.02,4.49,1593.7,1.42
3.70428172,0.0502,0.0,3.281,0.00583,0.55,1839.0,4756.325,2.39,6680.0,1.77,1.46,0.05,4.1,1075.81,1.35
1.897806,0.029,0.0,2.641,0.01324,0.05,1761.0,2014.661,1.08,5977.0,0.911,1.033,0.1111,4.479,1265.61,1.03
10.8635,0.0965,0.19,5.484,1.0,0.342,904.0,79.7578,616.5902,5568.0,1.07,1.0,0.22,4.38,192.516,11.88154
6.69960006,0.0671,0.0,2.704,0.02537,0.2077,806.0,131.526,2.18,5187.0,0.79,0.82,-0.1,4.57,1054.37,1.28
5.01718,0.0562,0.0,3.7363301,1.4,0.46,1270.0,404.7112,308.2951,5800.0,1.22,1.06,-0.45,4.27,290.404,16.02887
4.46529976,0.05561,0.0,2.85,1.444,0.7501,1322.0,259.687,166.86075,5980.0,1.174,1.151,0.13,4.359,158.979,14.784671
1.212884,0.0232,0.106,2.1792,1.0536,0.324,2056.0,2796.2342,664.237,5905.0,1.203,1.13,0.15,4.33,364.813,15.334
2.4653,0.0406,0.0,3.49872,0.94,0.177,2200.0,2726.6328,448.1403,6330.0,1.85,2.77,-0.25,4.25,279.86,19.50366
3.32944,0.04613,0.0,4.0123108,1.0,0.2,1642.0,1612.7618,416.3573,6003.0,1.78,2.06,0.05,4.17,324.683,19.50366
10.33852,0.0892,0.35,3.994,1.5,0.47,800.0,110.512,184.3414,5246.0,0.87,0.99,0.0,4.53,92.3831,11.76945
3.056536,0.04438,0.0,4.224,0.7798,0.01,1686.0,1438.0,213.255,5860.0,1.596,1.248,0.24,4.127,320.451,14.28
2.8106,0.0419,0.04,2.2499254,1.3,0.854,1630.0,1467.9573,263.7989,6304.0,1.31,1.55,0.13,4.36,213.985,16.14096
4.41195,0.0571,0.0,3.816,1.2,0.228,1475.3,1817.8874,165.2716,6230.0,1.23,1.11,0.04,4.45,175.631,14.79588
2.21673,0.03711,0.0,3.8789472,0.37,0.677,2210.0,6233.7915,731.009,6250.0,2.18,2.78,-0.06,4.09,434.754,14.45961
2.90367,0.046,0.0,5.0469369,0.44,0.19,2016.1,3384.6097,441.7837,6050.0,1.82,0.76,0.15,3.9,362.715,13.22662
5.75251,0.0717,0.0,5.256,0.41,0.1,1480.0,2005.426,772.3269,6150.0,1.64,1.21,0.21,4.3,158.66,11.43318
10.02165,0.09459,0.3,5.94,0.8,0.435,1001.0,706.3929,95.349,6040.0,1.22,1.29,-0.11,4.28,157.963,11.88154
2.1605156,0.03397,0.114,1.8048,1.37748795,0.949,1654.0,994.8004,467.2101,5780.0,1.199,1.121,0.28,4.328,639.004,20.84874
4.7559804,0.05245,0.058,2.5536,0.0344,0.386,1001.0,404.5595,6.519,5131.0,0.855,0.829,0.03,4.48,44.8155,1.77
17.180546,0.1235,0.096,2.232,0.0758,0.876,656.1,45.0685,6.792,5131.0,0.855,0.829,0.03,4.48,44.8155,2.526
3.35992,0.03197,0.0167,1.294,0.09766941,0.48,600.0,131.7935,1.48,3506.0,0.38,0.386,-0.17,4.872,22.4793,1.28
5.66051,0.04526,0.0044,1.682,0.3451844,0.35,489.0,47.0639,6.2,3506.0,0.38,0.386,-0.17,4.872,22.4793,2.33
11.38194,0.0721,0.0066,2.117,0.2645,0.23,383.0,9.2135,4.2,3506.0,0.38,0.386,-0.17,4.872,22.4793,2.0
0.7668944,0.0143,0.0,1.091,2.70112229,0.8523,1332.0,3716.1785,687.14846,4600.0,0.697,0.696,-0.02,4.595,324.69865036,13.506845
3.27623,0.0441,0.0,2.504,1.1304975,0.509,1146.0,425.0,238.68913366,5600.0,0.954,0.995,0.15,4.4,786.485,12.32987877
3.24253,0.0391,0.0,3.391,0.80330221,0.688,1457.0,1160.0,242.82090295,5650.0,1.337,1.025,0.15,4.0,1040.28,13.89913607
22.891054,0.1357,0.0071,2.69,0.0301,0.927,867.0,33.4501,6.2,6189.0,1.425,1.227,0.1,4.25,139.611,2.69
55.99712,0.308,0.0039,8.957,0.0715,0.31,643.0,29.9535,9.2,6189.0,1.425,1.227,0.1,4.25,139.611,4.13
84.2899,0.411,0.0054,10.32,0.0407,0.25,561.0,17.3745,5.8,6189.0,1.425,1.227,0.1,4.25,139.611,3.11
4.1374354,0.048,0.34,2.06,0.10084447,0.5,863.0,145.0,24.1,5145.0,0.767,0.863,0.0,4.54,38.5653,2.6
10.751014,0.093,0.0,2.9954278,0.05860959,0.518763,794.96,88.9,8.9,5618.0,0.9603,0.9373,0.007,4.443,101.694,2.53625843
19.60562,0.139,0.2,4.383408,0.05907657,0.396637,650.68,39.9,10.7,5618.0,0.9603,0.9373,0.007,4.443,101.694,2.52442508
17.61745,0.123,0.0,3.635468,0.06598868,0.476,661.0,30.4,6.54,5213.0,0.85,0.8,-0.09,4.5,82.7013,2.34
4.0764326,0.0504,0.0,3.919,1.30331862,0.134,1327.0,815.7013,194.82881349,6057.0,1.24,1.01,-0.26,4.04,1074.95,14.20177855
16.24921,0.1291,0.6058,4.1506,1.06,0.119,805.5,2.28,1379.37528638,5756.0,1.086,1.082,0.318,4.402,93.7345,12.18416202
1.44044527,0.02065,0.009,1.195,4.71516469,0.825,872.0,115.1312,1017.0509024,3572.0,0.5299,0.563,0.323,4.74,90.5369,13.31626907
1.7446999,0.02123,,1.239,0.01604643,0.202,758.0,229.4579,0.126,3485.0,0.4314,0.4193,0.15,4.85243,15.2142,0.566
2.69155,0.04378,0.0,4.1088,0.63,0.34,2131.0,4392.03,699.226,6820.0,2.06,2.22,0.07,4.1,350.351,17.82231
85.35129427,0.3751,0.0,6.7568,0.48748,0.684,390.0,5.747,37.2,5773.0,0.99,0.99,0.02,4.45,983.502,6.8
3.142702,0.0441,0.085,4.52376,0.4291,0.43,1446.0,566.4817,759.6137,6357.0,1.17,1.16,-0.1,4.36,746.138,7.76
19.49221,0.1493,0.0,3.91,0.17,0.58,817.0,101.0,11.0,6069.0,1.39,1.17,0.1,4.22,181.69,5.76
7.810253,0.0785,,3.5808,0.048,0.37,1026.0,230.628,8.4,5977.0,1.19,1.06,-0.01,4.31,446.821,2.83
4.733999,0.0581,0.18,3.5496,0.0973,0.33,1360.0,762.0,59.4,5599.0,1.76,1.17,0.36,4.02,477.295,5.33
37.3229493,0.21607,0.0,7.0207,0.03069,0.1917,1654.0,17.952,4.58,6089.0,1.13,1.09,-0.03,4.37,803.776,1.98
25.8476,0.1761,0.0,5.985,0.05374,0.56,672.0,48.23,8.66,6293.0,1.14586,1.23,-0.2,4.40971,1379.37,2.88273782
15.33170033,0.1216,0.0,5.239,0.01792,0.0316,821.0,107.44,7.53,5726.0,1.285,1.018,0.16,4.228,1910.77,2.65446572
3.588163,0.0411,0.12,2.3208,1.512,0.58,809.0,105.6,52.9,4575.0,0.66,0.72,-0.11,4.65,709.999,8.37
2.2783152,0.0316,0.0,1.9536,1.165,0.45,1260.0,775.8849,139.8452,5200.0,0.81,0.81,0.18,4.53,355.513,9.52765
1.908084,,,2.5,,0.418,,,6.72,5742.0,1.228,0.886,-0.036,4.204,431.031,2.482
2.707306716,0.04022,0.0,3.4623,0.00737,0.608,1709.0,1900.131,2.42,6150.0,1.56,1.22,0.05,4.14,467.568,1.36
3.656333,0.0517,0.0,3.576,0.63,0.32,1590.0,903.013,886.7457,6350.0,1.39,1.38,0.24,4.3,524.993,11.99363
1.7690381,0.0261,0.0,0.9768,1.16,0.97,1200.0,313.4012,282.8687,4900.0,0.68,0.76,-0.04,4.65,91.299,10.0881
3.840401,0.0538,0.0,5.5872,0.453,0.18,1850.0,1599.92,174.8065,6120.0,2.11,1.41,0.22,3.94,715.383,15.46842
11.8143,0.1066,0.22,5.7336,0.1509,0.645,1089.0,275.6427,34.9613,5576.0,1.747,1.157,0.421,4.016,132.345,7.39794
4.511164,0.063,0.0,4.651,1.117,,1468.0,1085.35,235.1942,6478.0,1.702,1.64,-0.06,4.197,356.391,17.878355
64.2737752,0.3308,0.0,9.756,0.12139,0.908,554.0,31.768,12.3,5760.0,1.05,1.02,0.11,4.41,2060.72,3.55
1.2916,0.0189,0.06,1.152,0.1817,0.39,868.0,145.8,4.78,3778.0,0.51,0.54,-0.05,4.75,101.632,2.03
9.69312032,0.0754,0.0,2.759,0.11307,0.534,609.0,43.136,7.56,4781.0,0.7,0.73,-0.16,4.62,726.828,2.66
9.98969327,0.088,0.0,3.704,0.09884,0.0437,705.0,69.537,6.39,5069.0,0.76,0.8,-0.09,4.58,1050.45,2.41
9.62468,0.0871,0.434,4.2576,0.87,0.18,910.0,121.918,1652.716,5300.0,1.11,0.95,0.28,4.33,310.841,11.209
5.477433,0.0694,0.0,5.2944,0.72,0.45,1740.0,1506.5,149.3801,6900.0,1.91,1.49,-0.1,4.05,538.11,17.59813
5.341853,0.059,0.0,3.043,0.00705,0.24,1125.0,450.654,0.972,5938.0,1.129,0.874,-0.4362,4.323,681.428,1.0
1.742169,0.0289,,,,0.4,1692.0,,2.39,5977.0,1.19,1.06,-0.01,4.31,446.821,1.35
13.97939968,0.10972,0.0,1.2325,0.03561,0.968,635.0,38.9,235.014,5191.0,0.826,0.844,0.08,4.53,501.574,2.03862444
2.092281,0.032,0.0,2.351,0.02076,0.13,1648.0,953.173,2.89,6089.0,1.025,0.94,-0.03,4.415,1097.97,1.51
7.02573474,0.0706,0.0,2.1114,0.01907,0.75,969.0,244.058,2.73,5866.0,1.03,1.02,-0.01,4.42,773.713,1.46
4.09667624,0.0466,0.0,2.19,0.03023,0.142,938.0,182.9,2.6,4999.0,0.843,0.8,0.18,4.49,962.459,1.42
23.968127,0.132,0.0,4.166,0.11823,0.84,329.0,3.802,4.66,3750.0,0.51,0.596005,-0.05,4.753,288.763,2.0
2.525593315,0.0374,0.0,1.5882,0.06033,0.183,1406.0,652.435,7.56,5754.0,1.02,1.01,0.07,4.43,1210.12,2.66
1.915291,0.0312,0.075,3.50832,0.847,0.16,1746.0,2292.0839,266.02371,5599.0,1.56,1.1,0.38,4.1,638.7,13.85
13.5405,0.11,0.0,4.514,0.0461,0.34,779.0,101.754,5.65,5774.0,1.044,0.95,-0.0593,4.389,773.713,2.24
26.9644317,0.1773,0.0,3.949,0.06017,0.006,573.0,51.95,5.82,5508.0,0.87,0.9,-0.07,4.52,1730.78,2.28
8.1934719,0.0829,0.0,5.047,0.01154,0.5,1144.0,588.402,2.96,6228.0,1.42,1.16,-0.1,4.19,1502.32,1.53
12.39358604,0.0983,0.0,3.7222,0.09166,0.8214,677.0,56.002,9.32,5403.0,0.84,0.87,-0.09,4.54,922.244,3.01
4.60273,0.0549,0.0,4.3944,0.64,0.31,1404.0,639.4923,87.40325,5702.0,1.429,1.044,0.092,4.21,436.098,12.498035
14.86390018,0.10371,0.0,2.806,0.02206,0.98,620.0,20.6,1.63,5159.0,0.8,0.752,-0.16,4.508,292.111,1.15547044
55.6738309,0.2658,0.0,3.805,0.07651,0.274,384.0,4.716,5.02,5001.0,0.77,0.81,0.01,4.59,608.738,2.09
19.5489666,0.1307,0.0,1.78,0.05238,0.83,579.0,26.62,4.23,5549.0,0.732,0.776,-0.54,4.6,912.085,1.89
47.14840805,0.23476,0.0,3.0668,0.11138,0.3074,391.0,5.122,6.8,5042.0,0.76,0.81,-0.05,4.59,206.983,2.5
20.134866,0.137,0.0,3.565,0.10352,0.13,544.0,18.811,22.7,5235.0,0.75,0.803,-0.04,4.619,591.534,2.38
3.54553021,0.0466,0.0,4.17,0.01192,0.3174,1448.0,1479.567,1.6,5893.0,1.05,1.04,0.03,4.42,1899.24,1.15
0.658524,0.01306,,0.33336,0.18,1.011,1515.0,879.5,11.26782377,4285.0,0.703,0.686,-0.12,4.581,77.5586,3.3
3.4462039,0.04214,0.0,2.001,0.00835,0.1831,1015.0,414.765,0.315,5361.0,0.83,0.87,-0.07,4.55,515.334,0.73
16.282493,0.113,0.0,2.853,0.07926,0.31,505.0,17.07,4.08,4668.0,0.667,0.683,-0.21,4.65,285.111,1.85
14.697,0.1035,0.047,3.408,0.1465,0.29,538.3,13.95,8.9,4285.0,0.703,0.686,-0.12,4.581,77.5586,2.93
19.482,0.1249,0.043,3.6648,0.127,0.36,490.1,9.581,14.3,4285.0,0.703,0.686,-0.12,4.581,77.5586,2.73
10.43547805,0.08784,0.0,3.4047,0.02102,0.51,759.0,75.957,2.04,5555.0,0.87,0.9,-0.13,4.52,404.542,1.23
4.603010178,0.04911,0.0,2.6848,0.03025,0.89,848.0,105.2,2.73,4821.0,0.788,0.765,0.16,4.529,500.395,1.4593834
37.993273,0.227,0.0,7.155,0.04037,0.84,618.0,36.299,27.7,6050.0,1.216,0.982,-0.08,4.299,1027.45,2.6
4.194496514,0.0419,0.0,1.8482,0.0745,0.8237,577.0,28.511,3.09,3687.0,0.5,0.52,0.07,4.76,134.311,1.57
3.619337,0.046,0.0,3.014,0.02066,0.09,1156.0,460.656,2.79,5502.0,1.063,1.019,0.37,4.391,656.38,1.48
1.6753728,0.023,,2.3,2.68,0.05,1434.44,1000.5679,756.4354,5600.0,0.93,1.017,0.12,4.44807,743.972,16.58932
3.20466,0.046,0.0,3.331,0.7448,,1587.0,,273.3338,5630.0,1.59,1.19,0.34,4.11,537.963,14.5717
9.28969,0.0901,0.023,5.334,0.6204,0.387,1140.0,327.8307,613.40882551,6002.0,1.47,1.175,-0.02,4.49,352.181,12.10569916
3.03007,0.03925,0.0,2.508,1.8,0.191,1140.0,318.4582,266.9772,5230.0,0.85,1.04,0.02,4.57,159.658,12.66617
1.4200242,0.02332,0.0,1.66104,2.14,0.645,1418.0,382.328,411.27202,5013.0,0.803,0.838,0.171,4.552,185.615,12.811887
2.279526656,0.031,0.0,1.592,0.01268,0.033,1123.0,300.312,0.749,5046.0,0.77,0.82,0.02,4.58,455.358,0.93
2.711506,0.04,0.0,3.175,0.08375,0.85,1420.0,1007.716,13.2,6224.0,1.113,1.129,0.22,4.421,1733.1,3.7
18.68404933,0.14386,0.0,6.907,0.03815,0.878,832.0,176.232,7.41,5573.0,1.15,0.95,0.11,4.29,992.852,2.63
9.24285,0.09,0.59,2.2248,1.0879977,0.26,1024.0,180.8704,1366.669,5880.0,1.02,1.14,0.14,4.35,844.061,9.41556
1.078390352,0.0196,0.0,1.2297,0.03258,0.86,1667.0,1038.493,2.57,5226.0,0.81,0.84,-0.04,4.56,698.485,1.41
5.425839901,0.06069,0.0,2.5095,0.02602,0.1,973.0,190.8,3.7,5594.0,0.934,0.981,0.16,4.489,667.693,1.74682428
4.1698,0.035,,2.4,0.0447,0.21,,,1.12,5053.0,0.628461,0.802,0.0,4.595,436.488,1.04
4.908897,0.06562,0.151,5.8056,0.5548828,0.321,1793.0,1711.0,305.1168,6554.0,2.113,1.564,0.22,3.982,1080.15,18.819911
3.105161,0.04497,0.062,2.8848,1.30361538,0.667,1634.0,1178.0,260.93843,6277.0,1.31,1.257,0.199,4.303,493.32,16.824709
19.0918,0.135,,4.46,0.0562,,,32.5,4.7,5441.0,0.87,0.9,0.07,4.519,200.802,2.01
1.916944254,0.02801,0.0,1.4629,0.01051,0.173,1246.0,416.231,0.418,5239.0,0.8,0.84,-0.04,4.56,415.218,0.79
10.45582,0.1178,0.0,2.504,0.1,0.2,619.9,24.61,6.5,4975.0,0.787,0.83,0.0,4.4,154.961,2.48
14.76289,0.18041,0.0,2.3,0.068,0.17,500.9,10.5,10.7,4975.0,0.787,0.83,0.0,4.4,154.961,1.95
3.560829,0.04708,0.191,3.8592,0.489,0.45,1528.0,903.9,210.40346,5688.0,1.46,1.097,0.335,4.148,486.474,12.923977
25.563222,0.178,0.0,4.284,0.11249,0.21,671.0,23.9,12.2,6248.0,1.086,0.827,-0.29,4.429,1443.21,3.53
5.761612,,,2.232,0.0174,0.727,,,2.28,5682.0,0.881,0.735,-0.234,4.418,185.55,1.313
3.465509,0.04823,0.0,4.176,0.544,0.53,1624.0,1373.5324,209.13214,5599.0,1.75,1.248,0.33,3.93,602.236,14.12334
27.495606,0.1629,0.0,5.024,0.04833,0.664,590.0,56.91,9.32,6127.0,1.2,1.12,0.02,4.33,982.51,3.01
198.088774,0.59527,0.0,8.121,0.10277,0.4546,288.0,1.014,8.75,5297.0,0.81,0.84,-0.1,4.56,946.847,2.9
5.416081,0.06112,0.129,3.5928,1.431,0.457,1128.0,269.0,256.17098,5670.0,1.036,1.038,0.18,4.422,642.884,12.621334
0.571038518,0.01285,0.0,1.042,0.02626,0.65,1897.0,2387.261,2.36,5268.0,0.82,0.86,0.01,4.55,428.798,1.34
6.647520065,0.0717,0.0,1.961,0.02893,0.235,999.0,235.89,3.47,6046.0,1.007,1.111,0.07,4.478,1204.54,1.68161001
3.770590584,0.0474,0.0,2.0254,0.03144,0.24,1272.0,723.081,4.58,6014.0,1.14,1.09,0.03,4.36,1216.58,1.98
9.47725,0.0914,0.3806,4.7136,0.312,0.22,1198.0,299.0,1722.6386,5645.0,1.777,1.128,0.148,3.993,342.831,10.816685
0.68453862616,0.013,0.24,0.8184,0.04,,1355.0,800.0,3.2,4232.0,0.71,0.7,0.14,4.44,97.2179,1.4
2.88879862,0.04262,0.0,2.981,0.00409,0.1391,1423.0,1591.477,0.543,5732.0,1.29,1.15,0.41,4.27,688.795,0.85
3.5224991,0.0474,0.0,3.19061,0.91457,0.7191,1680.0,1444.881,187.5197,6213.0,1.486,1.213,-0.055,4.174,1021.87,15.871944
2.225177,0.03261,0.0,1.719,0.0284,0.646,1278.0,633.0,6.49,5520.0,0.899,0.934,0.08,4.5,90.0562,1.589
3.65281514,0.0466,0.023,2.81304,0.0161,0.347,1182.0,325.0,180.84527,5519.0,0.919,1.012,0.294,4.516,300.384,12.722215
6.8941,0.0706,0.4,2.52,0.0828,0.48,949.0,192.0,7.7,5528.0,1.06,0.96,0.18,4.35,360.911,2.69
0.934884242,0.01714,0.0,1.4174,0.02826,0.66,2080.0,668.128,2.73,4870.0,0.74,0.79,0.01,4.6,306.91,1.46
2.2252577,0.03211,0.519,2.35776,1.31445901,0.207,1295.7,466.6,183.38791,5137.0,0.8785,0.892,0.377,4.501,414.537,10.592505
3.5862202,0.05071,0.036,3.42,0.57293247,0.736,1741.0,1521.0,410.0007,6147.0,1.748,1.351,0.21,4.083,603.955,13.809488
13.9093583,0.11397,0.0,6.632,0.00868,0.132,928.0,231.396,2.57,6370.0,1.44,1.26,0.03,4.23,1027.21,1.41
14.13176026,0.1106,0.0,3.854,0.1033,0.883,675.0,44.872,8.5,5315.0,0.82,0.85,-0.09,4.55,1019.26,2.85
30.4549136,0.1939,0.0,6.143,0.04721,0.3665,624.0,35.92,5.1,5730.0,0.92,0.94,-0.17,4.49,2879.83,2.11
5.4060425,0.0673,,5.1288,0.45092,0.14,1557.0,990.0,791.3967,6400.0,1.712,1.39,0.16,4.111,343.08,12.811887
35.118736,0.211,0.0,3.559,0.05424,0.6,550.0,23.431,8.05,5526.0,1.085,1.081,0.39,4.375,828.592,2.76
3.881510019,0.049,0.0,2.797,0.00425,0.252,1156.0,427.6,0.353,5854.0,0.979,1.03,0.06,4.469,298.894,0.75408365
1.8882378,0.03632,0.18,3.624,0.43583261,0.24,2730.0,9110.0,4100.007,7930.0,1.881,1.78,0.041,4.167,1458.83,15.513256
148.2720032,0.5456,0.0,4.192,0.17074,1.14,321.0,2.51,654.0,5717.0,0.884,0.984,0.0,4.538,1745.45,5.93747806
11.53533,0.1097,0.251,8.6016,0.2037,0.17,1228.3,356.0,131.89945,5521.0,2.336,1.324,0.29,3.823,79.5702,11.500434
17.76080053,0.1085,0.0,1.686,0.12872,0.627,368.0,6.56,4.94,4005.0,0.53,0.55,-0.32,4.73,304.889,2.07
3.471745,0.03817,0.0,2.18,0.097,0.57,1088.9,234.31,9.68,4975.0,0.787,0.83,0.0,4.4,154.961,2.59
3.89526,0.0449,0.0,1.689,0.0189,0.224,956.0,197.66,1.76,4954.0,0.756284,0.82,0.14,4.59451,513.329,1.17986031
5.458498316,0.06518,0.0,4.0346,0.02559,0.7022,1099.0,584.354,4.62,5894.0,1.14,1.15,0.34,4.38,666.146,1.99
11.89307,0.0959,,4.2,0.107,0.38,923.0,83.0,17.4,5793.0,1.25,0.83,-0.45,4.16,456.064,4.34
10.139623,0.082,0.0,2.692,0.12252,0.68,447.0,33.463,6.26,4625.0,0.663,0.628,-0.04,4.653,373.744,2.38
20.38177573,0.13157,0.0,3.7429,0.15971,0.52,528.0,14.897,9.75,5020.0,0.77,0.81,-0.02,4.59,839.903,3.09
2.23598448,0.0323,0.047,1.5254332,1.90580137,0.851,1270.0,491.326,775.5052,5300.0,0.87,0.9,0.12,4.51,117.598,14.23540549
32.939623,0.1429,0.2,2.682,0.3098,0.601,284.0,1.005,8.92,3457.0,0.411,0.359,0.12,4.7864,38.0266,2.37
3.646706,0.04978,0.02,3.936,0.89945737,0.357,1581.0,999.6688,335.62848,6096.0,1.435,1.236,0.11,4.21,506.965,14.930388
11.131786,0.103,0.0,4.118,0.00955,0.11,999.0,176.283,1.87,6092.0,1.314,1.082,-0.0423,4.265,775.328,1.2
76.5369586,0.35367,0.0,5.693,0.06522,0.0644,503.0,7.006,7.9,5831.0,1.0,1.0,-0.04,4.44,1183.88,2.73
25.745718,0.178,0.0,6.983,0.01403,0.68,753.0,68.71,3.02,6108.0,1.284,1.076,-0.031,4.273,891.462,1.55
7.97419807,0.07955,0.0,5.3605,0.02931,0.7963,974.0,434.237,4.31,6014.0,1.1,1.09,0.02,4.39,1058.24,1.91
18.369917,0.13,0.0,2.245,0.10756,0.26,582.0,25.156,7.86706,5243.0,0.821,0.854,0.0616,4.543,385.231,2.63
2.18467,0.03416,0.0,2.784,1.0,0.446,1570.0,2841.0562,457.6752,5830.0,1.23,1.46,0.14,4.36,137.544,13.78707
35.61253,0.1915,0.188,3.23,0.13976487,0.587,422.0,7.0423,22.7,4640.0,0.695,0.73,0.003,4.613,16.32,2.61
17.667087,0.1162,0.072,2.67,0.07545192,0.69,543.0,16.0,8.32,4684.0,0.71,0.67,-0.2,4.53,39.0341,2.0
29.79749,0.1646,0.063,2.94,0.06144582,0.785,467.0,7.96,3.41,4684.0,0.71,0.67,-0.2,4.53,39.0341,1.87
6.034468,0.06356,0.05,2.158,0.17506458,0.838,1076.0,598.4408,17.6,5540.0,1.059,1.02,0.04,4.4,94.1719,4.898
7.78993,0.0695,,2.515,0.01690703,0.42,701.0,305.9425,3.7,4640.0,0.695,0.73,0.003,4.613,16.32,0.892
10.33111,0.097,0.153,5.626,0.4577,0.15,1370.0,253.126,486.2799,5735.0,1.66,1.14,0.26,4.06,179.366,11.09691
52.977946,0.3026,0.318,4.79,0.65689621,0.729,759.0,68.4513,184.34047606,6394.0,1.339,1.316,0.24,4.318,113.825,11.82547464
104.854,0.4254,0.09,6.6885919,1.18501557,0.45,476.27,8.5419,54.03082919,5255.0,0.82,0.936,0.22,4.582,102.27,9.07927437
4.5117244,0.0503,0.0,2.04,0.030613,0.6,979.0,889.5827,4.53,5152.0,0.78,0.832,-0.05,4.59,59.2293,1.42
39.361826,0.213,0.0,4.97,0.0552,0.32,475.0,22.4437,3.72,5152.0,0.78,0.832,-0.05,4.59,59.2293,1.88
9.531361,0.07928,0.54,1.735,0.0768,0.41,650.0,22.6,4.85,4622.0,0.674,0.732,-0.02,4.645,58.6212,2.049
51.69906,0.2447,0.089,4.843,0.1346,0.28,369.9,3.08,7.76,4622.0,0.674,0.732,-0.02,4.645,58.6212,2.701
84.8396,0.3405,0.073,5.702,0.113,0.34,313.6,1.6,6.68,4622.0,0.674,0.732,-0.02,4.645,58.6212,2.474
29.04992,0.229,0.68,7.58,0.02970644,0.34,1133.0,1614.3559,13.3,8500.0,1.751,1.89,0.0,4.25979,272.217,3.71
82.97213,0.3569,0.032,7.4967507,1.30677332,0.492,182.8,0.2639,1197.32317485,5315.0,0.92,0.89,0.16,4.458,342.605,11.09689089
2.42614,0.03392,0.0,2.1344641,0.0718,0.396,1234.03,548.0544,7.71,5315.0,0.92,0.89,0.16,4.458,342.605,2.691
12.1621839,0.0906,0.07,2.82,0.02650132,0.57,630.0,26.3,0.77,4684.0,0.71,0.67,-0.2,4.53,39.0341,1.137
3.97664,0.04298,0.07,1.99,0.0142,0.47,909.0,117.0,0.55,4684.0,0.71,0.67,-0.2,4.53,39.0341,0.75
7.90754,0.068,0.07,2.48,0.02124177,0.5,723.0,46.7,0.72,4684.0,0.71,0.67,-0.2,4.53,39.0341,0.818
4.62767,0.0596,0.11,2.1888,0.65,0.9072,1624.0,1038.78,1093.3352,6600.0,1.82,2.65,0.11,4.25,222.663,15.91678
3.78858982,0.0467,0.0,3.492,0.01359,0.183,1158.0,449.936,3.78,6012.0,1.16,1.11,0.08,4.36,782.852,1.77
184.256405,0.66886,0.0,11.283,0.02922,0.0687,380.0,8.485,5.77,6184.0,1.29,1.17,0.02,4.28,965.56,2.27
1.7771255,0.02818,0.0,1.60368,1.542,0.8216,1610.0,1043.2122,676.9779,5806.0,0.932,0.946,-0.01,4.45645,327.506,12.643752
5.776475,,,2.1,,0.854,,,3.66,5937.0,1.149,0.908,-0.176,4.275,161.61,1.736
22.18432708,0.1418,0.0,3.0563,0.1593,0.032,546.0,18.738,9.75,5066.0,0.77,0.8,-0.08,4.58,565.207,3.09
10.13202575,0.0756,0.0,3.1376,0.09116,0.03,574.0,25.66,5.43,4815.0,0.72,0.75,-0.1,4.61,659.0,2.19
4.12688,0.0568,0.091,4.405,1.0831,0.258,2061.0,1436.49,371.8611,6801.0,1.56,1.43,0.02,4.21,196.852,16.14096
6.238297,0.0695,0.0029,3.54393,0.04028,0.54,1185.0,542.96,8.7,6354.0,1.316,1.165,0.11,4.285,243.249,2.748
2.255251,0.03302,0.0,2.38104,1.864,0.576,1561.0,991.183,298.12454,5899.0,0.996,0.944,-0.105,4.417,126.261,14.829507
16.5861762,0.127,0.0,6.899,0.02313,0.167,821.0,138.108,2.89,5728.0,0.99,1.0,0.06,4.45,2065.59,1.51
1.791110205,0.0296,0.0,2.098,0.01675,0.028,1549.0,1106.851,2.73,5857.0,1.03,1.03,0.03,4.43,817.534,1.46
9.705716,0.0907,0.0,6.922,0.01408,0.3399,1001.0,772.079,2.27,5972.0,1.09,1.06,-0.01,4.39,2530.62,1.31
1.3484978,0.0238,0.0,2.4074261,1.84637637,0.276,2166.0,2706.9606,718.2958,6125.0,1.12,1.07,-0.229,4.37,494.182,15.636555
3.92281072,0.05287,0.084,3.36,1.144,0.51,1540.0,931.0,238.05467,6350.0,1.338,1.281,0.12,4.293,455.203,15.614137
1.32734683,0.0241,0.063,2.232,1.885,0.25,1780.97,1821.0,587.413406,5620.0,1.041,1.03,0.25,4.416,294.419,14.313893
92.263714,0.4204,0.0,9.862,0.02938,0.273,469.0,14.055,5.31,6158.0,1.24,1.15,0.03,4.31,1631.66,2.16
26.0840594,0.1681,0.0,6.725,0.02597,0.1509,598.0,85.282,3.64,5904.0,1.06,1.04,0.03,4.41,1845.58,1.73
5.370647,0.061,0.0,2.014,0.05194,0.1,1096.0,329.788,749.9,5821.0,1.114,1.06,0.08,4.358,703.302,2.47
2.795906,0.037,0.0,2.064,0.04028,0.61,1090.0,308.885,5.95575,5243.0,0.821,0.854,0.0616,4.543,385.231,1.71
3.3569866,0.0382,0.0,2.21,2.624,,952.0,101.253,72.78307,4987.0,0.739,0.661,0.12,4.52,306.779,12.733424
12.31043,0.096,0.0,3.939,0.02637,0.8,651.0,43.262,2.51,5178.0,0.767,0.825,0.07,4.558,882.462,1.39
41.7083629,0.2482,0.0,8.401,0.033,0.671,608.0,77.324,10.2,6666.0,1.72,1.44,0.05,4.13,1514.02,3.18
1.540731,0.0234,0.0,1.8672,2.731,0.097,1134.0,210.669,378.2177,4309.0,0.696,0.719,0.252,4.61,213.771,11.309881
8.18504949,0.0794,0.0,4.214,0.00976,0.1372,892.0,439.434,2.15,6082.0,1.16,1.1,0.01,4.35,1419.58,1.27
13.699429,0.1192,0.0,4.3409,0.12929,0.26,771.0,84.848,13.6,5471.0,1.118,1.003,0.2,4.47,937.013,3.76
14.08827448,0.1138,0.0,4.1615,0.09465,0.1832,724.0,69.213,11.2,5987.0,1.1,1.07,0.01,4.38,1201.82,3.36
2.403679,0.036,0.0,1.306,0.00749,0.43,1489.0,1215.757,1.32,5979.0,1.205,1.042,-0.0499,4.306,623.609,1.09
13.28535633,0.11646,0.0,6.1801,0.03827,0.731,1157.0,147.046,8.45,6388.0,1.45,1.28,0.03,4.22,750.04,2.84
5.753221974,0.0633,0.0,1.6828,0.08151,0.8398,920.0,108.788,8.6,5416.0,0.88,0.91,0.08,4.52,736.779,2.87
386.370548,0.98141,0.0,10.95,0.13364,0.0592,209.0,0.4,9.96,5214.0,0.82,0.86,0.07,4.55,1030.81,3.13
10.91,0.07821,0.008,2.1801,0.13872,0.9458,443.0,12.341,8.38,4095.6,0.618,0.607,0.03,4.68,311.222,2.444
4.40840023,0.052,0.0,4.933,0.05494,0.04,1139.0,398.0,6.44,5485.0,0.85,0.88,-0.12,4.53,2805.48,2.42
0.539915238,0.01198,0.0,1.139,0.0097,0.0776,1871.0,2340.984,0.418,5254.0,0.81,0.84,-0.07,4.56,466.586,0.79
10.99469878,0.0805,0.0,1.6434,0.08847,0.265,512.0,19.258,6.17,4445.0,0.68,0.71,0.06,4.64,420.042,2.36
5.720920086,0.0501,0.0,2.618,0.1316,0.166,509.0,15.84,7.41,3640.0,0.503,0.513,0.21,4.744,769.146,2.62843782
0.665026916,0.01523,0.0,1.7384,0.01047,0.0038,2174.0,4793.001,3.02,6331.0,1.42,1.27,0.07,4.24,981.779,1.55
58.02035,0.279,0.128,5.669,0.12968,0.7193,410.0,3.9,15.2,4974.0,0.82,0.87,0.21,4.6,153.676,3.319
7.834435,0.0739,0.108,2.7856,0.20181,0.62,838.0,56.0,26.4,4974.0,0.82,0.87,0.21,4.6,153.676,4.421
8.360868238,0.0744,0.0,2.7016,0.20397,0.3826,690.0,38.101,10.6,4642.0,0.71,0.76,0.07,4.62,489.253,3.24
10.56134221,0.0954,0.0,2.759,0.02384,0.0708,867.0,133.56,2.7,5482.0,0.89,0.92,0.05,4.51,823.399,1.45
4.024867,0.0451,0.0,2.4984,2.1878,0.17,852.0,97.8595,106.47305,4444.0,0.7,0.74,0.14,4.63,232.801,10.054473
7.40742793,0.0745,0.0,3.5804,0.0442,0.042,938.0,439.778,6.9,5934.0,1.1,1.07,0.08,4.38,1705.99,2.52
12.92063621,0.06191,0.0,1.75,0.6776,0.2,249.0,1.07,4.7,3099.0,0.222,0.19,-0.2,5.02,35.4153,2.01
0.83784,0.0174,0.166,1.944,2.13557851,0.3,2069.48,2990.0,629.144485,5600.0,1.02,1.037,0.28,4.436,624.368,14.896761
2.12823928,0.03421,0.0,3.305,0.00259,0.098,1668.0,1862.33,0.271,6086.0,1.28,1.16,0.03,4.29,276.323,0.7
7.20283653,0.0643,0.0,2.886,0.18326,0.028,794.0,143.12,13.2,5445.0,0.84,0.87,-0.1,4.54,317.437,3.69
5.613580227,0.05904,0.0,2.95,0.01623,0.2618,1165.0,302.0,2.86,6398.0,1.101,1.141,-0.14,4.411,1058.72,1.50066814
2.20921951,0.03281,0.0,2.73,0.00598,0.11,1507.0,999.752,0.477,5869.0,1.07,1.04,0.05,4.4,644.456,0.82
7.017310143,0.0712,0.0,3.567,0.02555,0.581,984.0,221.46,3.98,6052.0,0.967,0.974,-0.26,4.456,1291.47,1.82417378
26.5841,0.1346,,1.44,0.0987,0.928,296.0,1.8,3.64,3655.0,0.455,0.461,,4.77,75.1703,1.73
3.38628,,,3.09,0.62598518,0.21,1213.76,512.9234,70.6,6100.0,1.24,1.09,-0.1,3.94,1314.53,9.916
8.138268,,0.0,3.1764,0.2936,0.18,850.0,115.8276,413.179,5428.0,0.964,1.01,0.0,4.6,44.0622,5.7
92.743711,0.341,0.0,6.279,0.11051,0.44,240.0,0.949,3.97,4351.0,0.566,0.596,-0.17,4.721,468.094,1.82
18.78425728,0.1198,0.0,3.2339,0.11529,0.658,433.0,9.157,6.53,4350.0,0.66,0.7,0.06,4.65,466.084,2.44
12.7207,0.1117,0.0061,2.862,0.107,0.88,934.0,210.172,15.2,6354.0,1.316,1.165,0.11,4.285,243.249,5.217
62.1387714,0.30284,0.0,4.1578,0.08863,0.3162,524.0,6.978,7.41,5494.0,0.89,0.93,0.05,4.51,694.175,2.63
8.74199772,0.0817,0.0,4.297,0.02957,0.025,924.0,172.38,3.39,5675.0,0.95,0.96,0.01,4.47,1122.0,1.66
4.469757736,0.0535,0.0,1.8062,0.05928,0.0062,1103.0,337.471,5.95,5718.0,0.96,0.98,0.01,4.47,878.082,2.31
16.79713874,0.11452,0.0,3.238,0.10238,0.0491,503.0,14.52,6.04,4685.0,0.71,0.75,0.02,4.62,588.867,2.33
157.072878,0.586,0.0,8.517,0.05514,0.83,350.0,3.023,13.0,5594.0,1.3,1.078,0.35,4.247,391.038,3.38
7.649710178,0.084,0.0,6.625,0.00554,0.571,1144.0,515.0,3.18,5855.0,1.613,1.266,0.4,4.125,538.807,1.59887007
5.868699,,,2.825,0.02,,,,3.22,5580.0,0.843154,0.881538,-0.25,4.52,228.641,1.60826194
4.5195064,0.05427,,3.0648,1.59,0.34,1186.0,382.4492,95.03117,5839.0,0.965,1.04,0.09,4.487,437.495,13.271456
6.5100253,0.0689,0.0,3.3302,0.06028,0.1747,1017.0,178.699,5.82,5523.0,0.91,0.94,0.07,4.5,867.271,2.28
16.84189987,0.1261,0.0,2.5751,0.08785,0.0299,699.0,56.43,8.45,5602.0,1.009,0.941,0.1,4.404,582.942,2.84141754
105.3033148,0.4238,0.0,6.12,0.13304,0.027,351.0,3.853,10.7,5637.0,0.91,0.97,0.01,4.51,914.126,3.26
56.4159,0.2872,0.0,8.075,0.04801,0.2265,535.0,15.0,7.36,5829.0,1.157,1.05,0.01,4.33259,1432.61,2.6186448
15.18725932,0.1183,0.0,4.508,0.02925,0.76,789.0,89.431,5.86,6177.0,1.24,1.15,0.03,4.32,944.241,2.29
125.4131177,0.4426,0.0,2.2134,0.1345,0.0198,266.0,0.849,6.76,4540.0,0.69,0.74,0.1,4.63,244.96,2.49
2.74432452,0.04739,0.0,3.48,0.8443,-0.629,2562.0,5405.6,2154.8874,8450.0,1.858,1.89,-0.059,4.181,330.739,20.96083
12.759712,0.102,0.0,3.541,0.08821,0.47,633.0,39.631,1.33,5232.0,0.891,0.86,0.13,4.474,527.321,2.6
20.925392,0.15157,0.0,6.617,0.0109,0.201,729.0,72.568,2.24,5956.0,1.19,1.09,0.09,4.32,916.313,1.3
4.2180896,0.05798,0.168,3.18,0.78820701,0.655,1721.0,382.7103,327.3649,7175.0,1.433,1.461,,4.292,403.591,12.273855
5.6114118,0.0681,0.0,6.0528,0.446,0.27,1604.0,1486.8579,178.30263,6110.0,2.011,1.337,0.06,3.958,627.066,14.616536
0.961939,0.01575,0.38,0.9024,0.0545,0.5,1077.0,200.1,2.77,3690.0,0.578,0.563,-0.02,4.665,90.5494,1.47286006
20.477912,0.14,0.0,3.068,0.13824,0.13,530.0,19.21,14.7,5100.0,0.768,0.887,0.3,4.608,663.711,3.94
184.771853,0.6011,0.0,9.706,0.10346,0.2392,268.0,1.854,6.66,5202.0,0.78,0.85,-0.07,4.58,769.096,2.47
6.393025,,,3.7,,0.523,,,5.79,5946.0,1.239,0.945,-0.257,4.227,606.992,2.274
2.151676,0.0308,,1.97,0.0398,0.42,1136.0,,2.86,5106.0,0.78,0.84,0.03,4.58,327.783,1.5
2.89223021,0.0387,0.0,2.607,0.00443,0.017,1287.0,786.082,0.208,5564.0,0.99,0.94,0.06,4.41,399.114,0.65
8.005777,0.074,0.0,3.129,0.06578,0.37,956.0,258.418,6.48,6031.0,0.949,1.067,0.0357,4.404,833.165,2.43
4.231306,0.058,0.0,4.93,0.72612759,0.365,1669.0,1489.1126,387.7526,6495.0,1.648,1.4352,0.22,4.187,411.719,16.690201
10.60052251,0.09587,0.0,4.484,0.00609,0.511,987.0,248.548,0.84,6150.0,1.26,1.13,-0.03,4.28,506.357,0.96
4.27103091,0.0514,0.0,2.2736,0.01804,0.0023,1108.0,356.54,1.92,5658.0,0.92,0.94,-0.09,4.48,792.522,1.21
4.33946454,0.0497,0.0,2.2973,0.03374,0.0061,1061.0,190.016,3.43,5500.0,0.9,0.93,0.05,4.5,704.323,1.67
2.4997,0.035,0.01,2.61,1.30270636,,1345.0,503.0,295.5819,5241.0,0.98,0.89,0.24,4.41,428.976,12.21781
6.383159135,0.0562,0.0,1.7504,0.23132,0.197,530.0,18.73,7.9,3757.0,0.576,0.581,0.48,4.681,320.588,2.73
2.00541269,0.02937,0.0,1.798,0.00595,0.1974,1216.0,853.269,0.196,5361.0,0.83,0.87,-0.07,4.55,515.334,0.64
81.73778,0.3554,0.21,6.7005,0.06416,0.0373,417.0,5.07,12.9,5534.0,0.8717,0.892,-0.09,4.51,155.956,2.215
2.377569914,0.03472,0.0,2.263,0.00338,0.2306,1278.0,691.1,0.179,5615.0,0.936,1.022,0.24,4.505,285.312,0.624086
17.28111,0.105,0.0,2.772,0.1599,0.08,425.0,13.888,4.04,4347.0,0.492,0.653,0.1179,4.768,580.119,1.84
13.89961966,0.1023,0.0,3.5633,0.11462,0.728,521.0,23.081,6.8,4671.0,0.67,0.7,-0.19,4.63,221.802,2.5
4.421572182,0.0471,0.0,2.0749,0.07168,0.7437,729.0,47.18,4.7,4299.0,0.68,0.71,0.28,4.62,318.004,2.01
11.1726994,0.10082,0.0,6.007,0.00768,0.0835,1019.0,296.92,2.07,5748.0,1.4,1.05,0.09,4.16,866.331,1.24
2.53726,0.035,,1.996,0.0375,0.26,,462.0,3.26,5413.0,0.86,0.89,0.11,4.522,181.746,1.62
13.2274528,0.1176,0.0,6.104,0.02298,0.0517,867.0,271.885,3.46,5979.0,1.1,1.08,0.04,4.39,2006.48,1.68
14.51143,0.11,0.0,2.967,0.03558,0.31,636.0,22.735,2.73,5376.0,0.792,0.765,-0.1,4.57,816.559,1.46
33.416423,0.216,0.0,7.293,0.02758,0.02,689.0,61.287,6.48,6012.0,1.468,1.145,0.1,4.182,1042.02,2.43
25.85501786,0.1735,0.0,3.9263,0.06105,0.265,637.0,46.982,7.22,5890.0,1.03,1.02,-0.02,4.42,1026.49,2.59
8.28246,0.0792,0.5,4.18,0.0481,0.19,1026.0,185.0,5.2,5672.0,1.117,0.965,0.0,4.3,326.381,2.44
26.723,0.19054,0.04,8.5096,0.01948,0.7323,781.0,106.207,6.1,5883.0,1.7,1.21,0.1381,4.05,477.992,2.6
469.63111,1.12664,0.0,13.556,0.12347,0.9009,200.0,0.4,12.9,5347.0,0.85,0.89,0.06,4.53,1069.45,3.64
41.43962808,0.2288,0.0,10.6468,0.27931,0.47,516.0,71.817,20.1,5327.0,0.87,0.91,0.15,4.53,2302.45,4.73
65.70459747,0.32704,0.0,3.2645,0.06567,0.942,472.0,11.7,9.93,5918.0,1.043,1.003,-0.04,4.403,273.946,3.12424875
5.90279,0.0622,,5.0,0.015,0.41,948.0,,2.18,5503.0,0.95,0.92,0.07,4.45,197.299,1.28
4.3931539,0.04825,0.0,2.4455,0.04407,0.41,918.0,122.502,3.6,4884.0,0.749,0.777,0.02,4.579,341.908,1.718
29.393195,0.2,0.03,7.104,0.03177,0.77,698.0,61.688,7.56,6106.0,1.359,1.248,0.2142,4.265,352.794,2.66
224.77833,0.751,0.176,11.13,0.3226,0.65,352.2,2.48,222.4798849,5914.0,1.145,1.118,0.237,4.369,657.223,7.0840758
52.75875577,0.2944,0.0,6.6068,0.58058,0.0728,540.0,30.227,58.6,5954.0,1.13,1.09,0.09,4.37,1712.12,8.89
11.903515,0.105,0.0,4.215,0.0633,0.09,827.0,129.639,7.08,6064.0,1.01,0.969,0.04,4.472,1312.34,2.56
3.0652907,0.04403,0.0,2.676,1.064,0.64,1571.0,649.429,314.6517,6229.0,1.204,1.212,0.15,4.359,539.36,13.540472
3.3769848,0.0451,0.0,2.5968,0.426,0.775,1479.0,756.261,47.03884,5638.0,1.34,1.076,0.27,4.218,327.602,9.52765
3.282807,0.042,0.0,3.309,0.01425,0.29,1467.0,966.591,1.37,5977.0,0.911,1.033,0.1111,4.479,1265.61,1.1
3.471149,0.03784,0.07,2.0448,0.665,0.11,939.3,49.0,18.5,3840.6,0.542,0.571,,4.68275,182.536,4.51
3.705989551,0.0469,0.0,5.1039,0.05014,0.601,1281.0,2885.663,7.61,6068.0,1.16,1.11,0.02,4.35,2097.12,2.67
4.577020168,0.0436,0.0,0.949,0.071,0.327,567.0,24.38,2.51,3805.0,0.497,0.526,-0.1,4.767,270.854,1.3904994
3.9228038,0.04269,0.088,2.00232,3.15109005,0.7127,852.9,87.73,117.27927,4512.0,0.6564,0.674,-0.113,4.633,300.67,12.520453
22.407704,0.11,0.0,3.3199,0.07089,0.31,319.0,3.608,2.15,3788.0,0.472,0.478,-0.28,4.77,177.594,1.27
3.822220087,0.0385,0.0,1.859,0.03627,0.0512,601.0,30.84,1.74,3729.0,0.514,0.52,0.06,4.733,344.337,1.17563613
35.61760587,0.1916,0.0,8.4208,0.46349,0.054,456.0,10.19,24.1,5096.0,0.78,0.82,-0.03,4.58,3347.16,5.27
6.77408868,0.0741,0.0,2.6196,0.05203,0.946,1058.0,218.497,7.61,5985.0,1.11,1.08,0.04,4.38,1278.96,2.67
3.1316666,0.03769,0.162,2.34576,1.49156944,0.083,954.6,137.6,77.23269,4546.0,0.7152,0.7279,0.186,4.5909,263.609,8.9672
4.1480467,0.04515,0.071,2.346,1.2886988,0.42,834.8,80.45,112.19399,4405.0,0.6977,0.7133,0.208,4.6036,324.413,8.574885
7.3279474,0.066517,0.013,3.08472,1.371,0.153,739.3,49.58,39.855882,4656.1,0.7214,0.7311,0.099,4.5853,127.589,8.0973816
2.240508,0.027,0.0,1.39,0.04363,0.14,837.0,164.776,1.2,4204.0,0.52,0.587,-0.23,4.743,384.938,1.06
56.7771,0.29798,0.0,6.538,0.08843,0.3053,491.0,11.8,10.7,5816.0,1.0783,1.05,0.22,4.39378,1364.53,3.26817741
3.5827463,0.0445,0.0,1.541,0.0397,0.143,1064.0,182.941,3.86,5538.0,0.91,0.94,0.08,4.5,944.465,1.79
1.302000046,0.0215,0.0,1.3804,0.02905,0.0786,1344.0,772.73,3.66,4948.0,0.816,0.782,0.14,4.508,848.76,1.73447868
5.968734,0.069,0.0,3.639,0.05279,0.56,1251.0,594.451,11.6,6142.0,1.454,1.198,0.07,4.196,955.168,3.42
9.328619957,0.0856,0.0,1.6632,0.03544,0.035,806.0,99.6,4.86,5749.0,0.864,0.961,-0.1,4.547,1320.38,2.05124311
2.2554477,0.03524,0.0,1.7064,0.75,0.9221,1715.0,1443.0,251.40353,5880.0,1.288,1.147,0.24,4.278,407.84,12.172974
9.08237046,0.0815,0.0,2.025,0.02969,0.262,734.0,76.139,2.54,5188.0,0.81,0.85,0.01,4.56,854.28,1.4
0.646716,,,1.7,,,,,0.0364,5456.75,1.022,0.974,0.05,4.42,802.672,0.4
4.7329,0.0529,0.0,1.5691,0.01516,0.377,957.0,198.57,1.46,5473.19,0.987155,0.96,-0.0347,4.43157,791.175,1.11948901
4.43527,0.058,0.06,2.05,0.641,,1448.0,729.0,921.707,6330.0,1.38,1.34,0.31,4.37,609.128,11.99363
3.506195,0.0423,0.0,1.5888,1.8379436,0.878,1006.0,174.9015,212.31044,5052.0,0.722,0.822,-0.025,4.636,100.848,11.903958
1.008035,0.02012,0.0,1.41,0.02,0.675,2128.0,1882.94,8.83,5978.0,1.1011,1.068,-0.04,4.3827,48.0883,1.745
19.79191978,0.15336,0.0,3.172,0.03855,0.1885,736.0,160.282,5.77,6092.0,1.15,1.11,-0.01,4.36,1331.92,2.27
35.45533,0.201,0.13,3.59,0.989,0.81,435.0,9.242,109.33352,5050.0,0.832,0.862,0.22,4.5,190.422,9.157753
13.2406,0.1055,0.53,2.98,1.61036,0.85,600.0,16.1089,874.0,5075.0,0.79,0.89,0.26,4.65,338.386,10.87
3.49151,0.0391,0.057,1.96,0.54,0.39,767.0,57.78,26.78,3980.0,0.6243,0.646,0.25,4.657,60.798,5.05
59.284064,0.2832,0.0,5.42,0.04244,0.556,401.0,6.14,3.93,5225.0,0.859,0.861,0.14,4.505,940.211,1.81
3.98442,0.049,0.075,3.12,0.0445,0.63,1311.0,647.901,7.25,5863.0,1.053,1.019,0.018,4.4,45.683,2.16
10.687576,0.092,0.0,3.221,0.07777,0.2,780.0,70.361,6.17,5788.0,0.873,0.872,-0.1958,4.51,610.326,2.36
14.36267939,0.1239,0.0,4.6255,0.03784,0.798,918.0,254.963,9.38,6496.0,1.54,1.34,0.04,4.19,1671.28,3.02
9.387427,0.077,0.0,1.555,0.03959,0.2,575.0,25.83,2.2,4504.0,0.623,0.61,0.1905,4.683,260.0,1.2
0.9809734,0.01782,0.0,0.78576,8.2,1.169,1411.0,661.0,1021.18779,4590.0,0.7242,0.781,0.18,4.611,61.7856,22.75427
2.253114,0.0223,0.031,1.01,0.0589,0.51,620.0,24.5,0.46,3415.0,0.3155,0.2923,-0.46,4.91,10.6194,0.837
3.6906764,0.0309,0.002,1.28,0.1486,0.41,526.0,12.7,2.0,3415.0,0.3155,0.2923,-0.46,4.91,10.6194,1.329
7.450729,0.0494,0.006,0.84,0.1445,0.921,416.0,4.97,1.64,3415.0,0.3155,0.2923,-0.46,4.91,10.6194,1.627
31.03249931,0.1964,0.0,3.403,0.07374,0.2847,561.0,23.41,9.9,5841.0,0.931,1.047,0.07,4.52,1425.39,3.11883067
22.08557563,0.13,0.0,2.1619,0.31574,0.0088,352.0,3.954,9.11,3843.0,0.54,0.57,0.03,4.72,324.423,2.97
24.570858,0.156,0.0,2.761,0.07537,0.19,505.0,14.512,4.66,5098.0,0.794,0.834,0.1621,4.561,317.499,2.0
3.03195744,0.04175,0.0,1.657,0.00834,0.287,1269.0,593.919,0.64,5815.0,1.02,1.02,0.04,4.43,502.497,0.89
3.28883,0.0449,0.18,3.4367717,0.70057248,0.3,1480.0,759.3374,90.3,5800.0,1.27,1.12,0.2068,4.28,216.526,10.51358773
2.8641424,0.04421,0.038,2.772,0.909,0.709,1743.0,1540.0,225.34147,6250.0,1.48,1.405,0.432,4.246,234.149,15.389957
3.899052,0.0535,0.0,5.1528,0.64,0.347,1721.0,1703.2413,271.74465,5941.0,1.925,1.345,0.164,3.995,568.42,16.869545
60.418955,0.287,0.0,5.619,0.09313,0.86,390.0,6.195,7.8,5360.0,0.758,0.855,-0.09,4.614,856.417,2.71
124.5244647,0.49884,0.0,9.598,0.06899,0.5,356.0,4.118,7.56,5542.0,1.02,1.01,0.31,4.42,656.38,2.66
40.5286413,0.2866,0.0,10.526,0.03607,0.94,933.0,82.564,11.5,6778.0,1.83,1.51,0.06,4.09,1516.27,3.4
0.70531,,,1.704,0.0262,0.25,,,3.19,5499.0,1.0,0.94,-0.23,4.5,496.289,1.6
11.476094,0.107,0.0,4.865,0.01823,0.14,984.0,178.362,4.7,6067.0,1.461,1.17,0.15,4.196,948.781,2.01
30.864423,0.185,0.0,2.719,0.05513,0.15,527.0,21.404,23.6,5739.0,1.027,0.788,-0.4425,4.364,485.997,2.39
9.887359619,0.0872,0.0,4.23,0.0068,0.383,768.0,82.32,1.65,5693.0,0.816,0.911,-0.24,4.57,680.583,1.15985997
4.778,0.05394,0.0,2.7361,0.0473,0.17,932.0,173.12,3.94,5194.0,0.89,0.88,0.17,4.487,306.738,1.88
10.3108245,0.0917,0.0,5.643,0.0204,0.1545,786.0,90.1,2.63,5570.0,0.94,0.96,0.1,4.48,2462.94,1.43
15.37563332,0.1121,0.0,3.2673,1.5337,0.692,600.0,31.641,73.8,4881.0,0.72,0.76,-0.1,4.61,1151.51,10.18
9.7833,0.0761,0.24,2.7888,0.139,0.37,560.0,6.1,7.33,3990.0,0.643,0.615,-0.02,4.61,174.955,2.6116925
0.766691517,0.015,0.0,1.2638,0.0244,0.388,1541.0,1334.22,1.98,4821.0,0.788,0.765,0.16,4.529,500.395,1.22
1.49514952,0.0257,0.0,3.11,0.0052,0.9761,1870.0,2658.55,0.615,6019.0,1.15,1.09,0.03,4.35,949.59,0.88
11.97901,0.097,0.0,4.094,0.07079,0.91,678.0,50.924,7.61,5299.0,0.826,0.865,0.04,4.536,1056.48,2.67
14.70748976,0.11945,0.0,3.1584,0.0262,0.127,819.0,90.384,4.46,5665.0,1.19,1.02,0.23,4.29,595.634,1.95
5.147878,0.0653,0.0,5.82,0.35,0.76,1760.0,1594.76,254.264,6150.0,2.83,1.54,0.0,3.722,371.414,18.38276
1.2391491,0.01223,0.0,0.4887749,0.23186594,0.772,611.0,23.4,0.674,3216.0,0.1895,0.159,,4.438,14.0022,0.903
9.327527,0.0819,,3.35,0.1239,0.65,696.0,,7.7,5106.0,0.78,0.84,0.03,4.58,327.783,2.69
19.9157725,0.14732,0.0,6.154,0.01432,0.748,728.0,85.176,2.76,6087.0,1.12,1.11,0.02,4.39,615.66,1.47
17.13263989,0.1242,0.0,3.054,0.08502,0.298,611.0,29.864,7.46,5281.0,0.81,0.84,-0.1,4.56,944.445,2.64
15.9870174,0.1297,0.0,4.279,0.01785,0.63,803.0,86.761,3.86,6186.0,1.28,1.19,0.06,4.3,1169.57,1.79
2.986229897,0.042,0.0,2.969,0.01229,0.2445,1356.0,798.35,3.27,6173.0,1.041,1.104,-0.04,4.447,1540.43,1.62314676
31.1750448,0.17981,0.0,3.968,0.02002,0.016,585.0,21.875,3.02,5884.0,1.02,1.01,-0.07,4.43,631.949,1.55
4.93777,0.05741,0.0,2.232,0.08448199,0.607,1041.19,277.7462,317.83,5875.0,0.881,1.036,-0.106,4.56,99.523,2.74
6.413651,0.049,0.08,1.68,0.553,0.47,442.0,8.7,8.75,3570.0,0.388,0.39,0.023,4.858,140.385,2.9
1.653888,0.027,0.0,1.672,0.01352,0.38,1373.0,735.179,1.01,5388.0,0.89,0.908,0.12,4.501,400.48,1.01
0.568874427,0.0128,0.0,1.2152,0.03784,0.0116,1796.0,2413.261,3.05,5144.0,0.79,0.83,-0.01,4.57,728.303,1.56
33.7888,0.21363,0.0,5.4794,0.0613,0.078,611.0,30.5,8.93,6014.95,1.13166,1.11,0.228,4.37596,727.187,2.9355194
3.584101216,0.0462,0.0,2.7445,0.26081,0.66,1131.0,432.866,18.9,5438.0,0.87,0.91,0.03,4.52,1442.02,4.57
2.71578,,,,,0.21,,,1.08,4761.0,0.544,0.67,-0.33,4.629,334.967,1.03
3.6849729,0.04963,0.14,5.09,0.207,0.56,1526.0,1393.0,55.30242,5710.0,1.892,1.201,0.215,3.962,238.768,9.550068
16.54297375,0.1229,0.0,3.8725,0.08101,0.329,611.0,26.137,5.69,5148.0,0.79,0.84,0.0,4.57,558.81,2.25
12.566287,0.08604,0.112,2.762,0.1808,0.329,442.0,6.35,5.96,3664.0,0.539,0.538,-0.11,4.75,35.6917,2.5
70.6979061,0.31481,0.0,6.624,0.03831,0.026,417.0,7.854,3.75,5875.0,0.9,0.97,-0.21,4.52,420.817,1.76
7.54425,0.08006,0.067,6.926,0.00173,0.51,1084.0,341.3,2.02,5818.0,1.384,1.12,0.23,4.2,287.339,0.802
17.4211749,0.13324,0.0,5.0323,0.09281,0.752,674.0,47.336,10.5,5741.0,0.98,1.05,0.21,4.48,636.03,3.22
37.10110092,0.20945,0.0,5.5556,0.13575,0.55,532.0,21.0,13.6,5986.0,0.85,0.886,-0.5,4.527,1091.63,3.76754004
11.5231,0.10232,0.0,3.8853,0.05048,0.74,927.0,178.832,13.0,5699.0,1.41,1.08,0.3,4.171,445.656,3.42
20.4998,0.1528,0.0,6.501,0.04378,0.887,731.0,67.67,11.2,5838.0,1.51889,1.05,-0.08,4.0962,2065.98,3.3564801
2.104338119,0.025,0.0,1.1028,0.02421,0.0361,662.0,58.108,0.0933,3468.0,0.34,0.35,-0.13,4.92,112.705,0.52
14.751166,0.118,0.0,1.166,0.02611,0.85,678.0,33.153,3.61,5654.0,0.884,0.86,-0.03,4.543,812.524,1.72
12.4551225,0.1016,0.0697,3.621,1.03526424,0.364,650.0,45.7,82.6358,5282.0,0.822,0.901,0.098,4.566,233.237,8.675766
9.06689421,0.0771,0.0,2.957,0.03672,0.3314,725.0,44.517,3.26,5044.0,0.78,0.83,0.04,4.58,752.237,1.62
6.766888,0.066,0.0,1.631,0.02493,0.22,781.0,180.644,6.9,5105.0,0.801,0.91,0.2385,4.556,487.675,1.21
217.83184,0.753,0.401,21.32688,0.7805,0.169,387.9,3.23,1678.1424,6145.0,1.289,1.196,0.119,4.295,397.292,12.419572
82.2,0.39,0.2,10.627,0.02339,0.61,525.0,17.554,43.0,5770.0,1.653,1.178,0.29,4.08,408.845,2.52
3.739494,0.04666,0.024,2.028,1.718,0.816,1192.0,337.0,211.99261,5570.0,0.918,0.968,0.14,4.498,158.649,13.125739
13.36019993,0.1002,0.0,2.788,0.06999,0.0249,520.0,17.3,3.4,4500.0,0.688,0.768,0.28,4.638,,1.66301611
15.168865,0.1207,0.575,2.0633315,0.78185476,0.9,974.0,83.3856,617.22586,5788.0,1.088,1.026,0.14,4.376,306.063,12.520453
34.43587975,0.21395,0.0,5.8266,0.04197,0.811,652.0,32.329,7.7,5997.0,1.3,1.17,0.22,4.28,467.375,2.69
4.119027,0.0549,0.086,5.2224,0.43,0.156,1605.0,1096.0,1538.2972,5819.0,1.788,1.3,0.25,4.04,647.595,12.800678
19.59059906,0.1456,0.0,6.665,0.0297,0.0948,819.0,52.77,11.1,5794.0,1.496,1.072,0.14,4.118,1899.24,3.33187146
62.8691611,0.2829,0.0,5.778,0.03417,0.1345,349.0,3.511,2.42,4828.0,0.74,0.78,0.01,4.61,455.479,1.36
89.1934967,0.40598,0.0,4.013,0.08663,0.015,483.0,8.9,18.2,6071.0,1.295,1.061,-0.06,4.239,438.412,4.465
8.74292005,0.0765,0.0,2.6277,0.07795,0.025,643.0,40.33,4.35,4769.0,0.714,0.799,0.12,4.622,595.683,1.92
124.9144,0.48,0.0,10.94,0.04987,0.35,407.0,6.796,8.65,6080.0,1.2,1.2,-0.12,4.4,848.254,2.88
47.3126192,0.2788,0.0,10.652,0.02174,0.9655,658.0,31.171,4.9,5865.0,1.05,1.04,0.06,4.42,1393.83,2.06
3.7955202,0.03745,0.0,2.0148,5.22789941,0.348,586.8,18.0832,117.5971,3405.0,0.4783,0.4861,0.17,4.7653,140.225,11.478016
1.392978,0.02177,,1.15344,0.149,0.745,1253.0,412.0,18.467,4600.0,0.695,0.71,-0.092,4.605,63.9262,2.926
7.71468975,0.0915,0.0,4.2955,0.02145,0.609,1622.0,586.169,7.56,6761.0,1.74,1.46,0.03,4.12,601.324,2.66
142.544247,0.5177,0.0,8.949,0.09054,0.015,318.0,1.989,7.85,5225.0,0.78,0.81,-0.16,4.58,1083.91,2.72
4.385315,0.05,0.0,2.488,0.01985,0.38,935.0,194.34,2414.4,5194.0,0.84,0.901,0.18,4.53,501.574,1.14
38.5760994,0.23329,0.0,19.861,0.02821,0.015,619.0,51.7,7.53,6167.0,1.221,1.174,0.12,4.333,620.091,2.65323514
2.6453235,0.03772,0.101,3.103,1.04568418,0.25,1512.0,867.2,241.86741773,5629.0,1.17,1.023,0.414,4.312,348.815,12.02723629
3.377728,0.04294,0.069,2.933,1.7290435,0.262,1237.0,387.4,195.1466419,5400.0,0.9661,0.925,0.251,4.435,403.458,12.5428494
4.301662003,0.0497,0.0,2.0699,0.07605,0.1786,1009.0,214.04,6.57,5496.0,0.9,0.93,0.06,4.5,568.148,2.45
18.2206421,0.1406,0.0,5.313,0.02018,0.125,786.0,71.816,4.94,6195.0,1.27,1.18,0.04,4.3,1066.46,2.07
29.96870041,0.1969,0.0,6.71,0.03095,0.777,644.0,40.76,11.2,6249.0,1.076,1.13,-0.04,4.428,1575.2,3.36093385
22.24813967,0.15418,0.0,3.9565,0.06137,0.7533,609.0,35.062,7.08,5653.0,0.94,1.01,0.15,4.5,557.787,2.56
6.33855761,0.0699,0.0,3.2833,0.07217,0.894,1034.0,266.271,9.43,5820.0,0.99,1.0,-0.03,4.45,1285.59,3.03
5.40479,0.05893,0.043,2.7,0.083798,0.241,888.0,160.0,7.92,5356.3,0.863,0.935,0.14,4.54,202.585,2.39
35.8007112,0.2588,0.0,8.219,0.04174,0.043,991.0,227.68,48.7,5745.0,3.955,1.801,0.4,3.499,1014.62,7.97
105.144749,0.4471,0.0,7.239,0.06854,0.964,401.0,5.48,8.35,5863.0,1.05,1.03,0.02,4.41,1239.5,2.82
8.26146,0.0782,0.077,2.97,0.1343,0.468,757.0,91.1,12.97,5356.3,0.863,0.935,0.14,4.54,202.585,3.39
12.75758,0.10447,0.062,3.2,0.085069,0.56,653.0,51.0,1.63,5356.3,0.863,0.935,0.14,4.54,202.585,2.904
7.930592,0.08,0.0,3.68,0.08261,0.76,899.0,136.522,82.6,5679.0,1.035,1.066,0.39,4.445,738.657,3.2
5.10115756,0.05649,0.0,2.615,0.00651,0.083,1065.0,369.999,0.363,5564.0,0.99,0.94,0.06,4.41,399.114,0.76
8.63847725,0.0951,0.0,5.4301,0.03959,0.86,1419.0,312.34,5.14,5870.0,1.02,1.01,-0.06,4.42,1480.16,2.12
71.312,0.354,0.0,8.781,0.2138,0.928,475.0,22.025,39.4,6064.0,1.06,1.15,0.08,4.44,2213.19,5.4
31.71701,0.18422,0.05,4.888,0.1562,0.46,550.0,14.8,6.7,5271.0,0.86,0.83,-0.06,4.49,157.682,3.484
8.992,0.0795,0.03,3.488,0.3802,0.34,837.0,79.5,15.0,5271.0,0.86,0.83,-0.06,4.49,157.682,5.299
2.927128,0.04,0.0,2.546,0.01702,0.38,1258.0,622.067,2.3,5617.0,1.032,1.004,0.12,4.394,1052.24,1.32
7.95486,0.0677,,2.1,0.11,0.42,552.0,20.5,4.94,4097.0,0.63,0.65,0.21,4.65,129.356,2.07
20.66093,0.13843,0.049,4.35,0.1346,0.37,634.0,26.2,8.1,5271.0,0.86,0.83,-0.06,4.49,157.682,3.134
16.45809937,0.1244,0.0,1.8214,0.04358,0.3157,644.0,40.61,7.24,5475.0,0.884,0.946,0.14,4.521,799.699,2.59248115
4.688418,,,2.75,0.1469,0.39,908.0,133.083,10.7,5077.0,0.85,0.83,0.13,4.5,201.856,3.26
1.6739035,0.0301,0.0,1.6056,0.01225,0.791,1841.0,1915.0,21.8,5945.0,1.24,1.15,0.22,4.33,188.959,3.88
10.198545,0.081,0.0,2.173,0.06341,0.46,559.0,25.438,3.15,4503.0,0.619,0.631,-0.01,4.684,578.796,1.59
2.504760027,0.0352,0.0,2.523,0.01811,0.13,1369.0,828.59,2.82,5509.0,1.116,0.924,0.16,4.308,809.897,1.48770949
9.65185017,0.08654,0.0,4.457,0.01032,0.122,890.0,141.839,1.55,5817.0,1.05,1.01,0.0,4.4,649.65,1.14
11.448708,0.103,0.0,5.047,0.00752,0.57,975.0,209.967,1.65,6090.0,1.275,1.047,-0.105,4.271,621.855,1.16
41.96797,0.23109,0.059,4.75,0.084149,0.558,445.0,9.29,4.32,5356.3,0.863,0.935,0.14,4.54,202.585,3.013
24.245586,0.1288,0.087,3.24,0.492,0.27,329.6,1.93,15.4,3553.0,0.476,0.485,0.041,4.767,27.6227,3.65
14.80074836,0.1633,0.0,5.6698,0.05014,0.9705,1912.0,165.868,17.6,7005.0,2.01,1.6,0.02,4.04,807.729,4.38
4.11296,0.052,0.177,1.08,0.0487,0.861,1077.0,232.0,10.15,5328.0,0.84,0.94,0.14,4.55,82.1733,2.265
16.1288853,0.1202,0.0,5.938,0.0389,0.884,715.0,61.87,5.86,5259.0,0.81,0.85,-0.05,4.56,2176.08,2.29
282.52542,0.833,0.215,10.81,0.8154,0.297,295.1,1.2,87.08498352,5734.0,0.949,0.966,0.017,4.47,343.863,9.33708092
38.5053398,0.2159,0.0,5.973,0.06952,0.654,532.0,21.692,7.04,5629.0,0.9,0.92,-0.11,4.5,903.332,2.55
15.906801,0.117,0.0,3.984,0.09247,0.64,588.0,28.642,7.04,5094.0,0.807,0.864,0.2535,4.552,443.483,2.55
18.38818,0.1528,0.0,6.485,0.124,0.643,1027.0,186.0,43.86032017,6095.0,1.867,1.407,0.175,4.044,76.9028,7.16253867
4.425391,0.056,0.0,3.514,0.0179,0.18,1240.0,725.064,2.73,6282.0,1.107,1.113,0.09,4.422,1343.6,1.46
3.35585,,,1.76,0.1101,0.41,722.0,37.2966,3.15,4374.0,0.49,0.51,-0.95,4.76,75.1691,1.59
737.1131,1.64,0.4,,,0.37,,0.561,1462.0106722,6157.0,1.117,1.088,0.0,4.37,1666.69,9.96
9.0497,0.0707,0.062,1.7653148,0.1611001,0.717,533.0,14.2074,15.0,3985.0,0.55,0.58,-0.26,4.7,99.5561,2.52
1.977143,0.025,0.0,1.1104153,1.3877306,0.624,635.0,38.4,23.6,3514.0,0.42,0.42,0.17,4.81,46.0851,5.25
0.679336272,0.01452,0.0,1.1783,0.02585,0.643,1883.0,2830.91,2.67,5549.0,0.88,0.91,-0.07,4.51,569.185,1.44
15.9314739,0.1143,0.0,2.71,0.05567,0.59,596.0,39.001,4.7,5261.0,0.8,0.84,-0.09,4.56,962.183,2.01
3.6977104,0.0345,0.425,0.9308263,0.47556707,0.55,531.0,19.0,8.8,3514.0,0.398,0.3917,-0.29,4.831,57.0225,2.77
40.1099547,0.223,0.0,5.1836,0.0732,0.845,556.0,24.875,6.99,5647.0,0.93,0.95,0.0,4.49,1165.34,2.54
9.803224,0.0916,0.0,4.4934,0.08134,0.7431,896.0,119.881,8.15,5603.0,0.85,0.87,-0.25,4.53,1162.91,2.78
3.4095675,0.0486,0.072,3.7824,0.657,0.23,1586.0,1052.9,2011.8639,6250.0,1.345,1.311,0.258,4.3,178.68,11.88154
4.0138379,0.04994,0.073,4.15,0.85614395,0.534,1622.0,1146.0,118.2321674,6078.0,1.53,1.031,-0.224,4.082,515.59,14.93036229
4.1419771,0.05064,0.03,2.339,1.01309412,0.8299,1277.8,441.4,489.45574678,5678.0,1.1038,1.008,0.217,4.356,265.471,12.58768533
4.822962,0.057,0.0,0.828,0.03321,0.75,1060.0,339.536,6.08,5696.0,1.195,1.07,0.15,4.31,634.939,2.34
1.005207007,0.0194,0.0,1.62,0.00975,0.137,1682.0,2364.807,1.32,5957.0,1.11,1.07,0.04,4.38,839.076,1.09
0.935118057,0.01937,0.0,1.542,0.00648,0.4318,2124.0,4712.111,0.721,5909.0,1.05,1.04,0.0,4.41,753.26,0.92
9.751962,0.091,0.0,4.19,0.0418,0.81,870.0,144.852,37.1907,6085.0,0.958,0.966,0.0,4.498,1366.07,2.12
14.759287,,,4.96,0.2238483,0.26,826.0,102.1266,31.6,5880.0,1.22,1.06,0.07,4.29,343.99,6.18
13.14497566,0.10703,0.0,3.5964,0.03008,0.946,698.0,61.573,3.09,5526.0,0.9,0.93,0.02,4.5,436.016,1.57
12.130686,0.11,0.0,3.819,0.02112,0.45,901.0,94.528,3.39,6402.0,1.132,0.87,-0.3,4.408,1058.72,1.66
7.5844126,0.0836,0.0,3.81,0.1005,0.6108,1228.0,537.4,20.7,6324.0,1.43,1.27,0.1,4.23,1859.78,4.82
23.955378,0.1586,0.0,3.185,0.02287,0.0466,741.0,71.16,1.2,4939.0,0.75,0.79,-0.02,4.59,449.0,1.06
3.3326414,0.0444,0.0,3.125,1.7008,0.07,1353.0,521.877,210.395,5693.0,1.08,1.03,0.2,4.38,528.825,13.63
5.05368985,0.0576,0.0,2.514,0.01715,0.53,1007.0,243.06,1.92,5772.0,0.901,0.999,0.0,4.528,935.191,1.21
20.35972599,0.13693,0.0,1.9164,0.03396,0.637,322.0,1.6,1.76,4372.0,0.67,0.73,0.2,4.64,162.0,1.18
3.77360059,0.0453,0.0,2.6854,0.0176,0.25,1270.0,734.464,2.96,5976.0,1.08,1.03,-0.08,4.39,807.85,1.53
17.460812,0.124,0.0,2.244,0.0875,0.2,568.0,25.152,26.7,5100.0,0.795,0.856,0.12,4.56,861.527,2.18
45.1263042,0.263,0.0,6.631,0.04056,0.1679,604.0,30.061,7.27,6198.0,1.25,1.16,0.02,4.3,1178.7,2.6
9.398977,,,3.92,,0.43,909.0,,3.86,5994.0,1.06,1.1,0.08,4.43,211.43,1.79
2.78815679,0.03909,0.0,3.326,0.00558,0.058,1510.0,1249.488,0.666,6126.0,1.18,1.13,0.01,4.34,852.204,0.9
6.90683,,0.08,6.78,0.17517779,0.67,1676.05,1429.0,206.58846455,5966.0,2.9,1.53,0.14,3.7,788.317,11.39953337
0.638163204,0.0137,0.0,1.1839,0.01097,0.2775,1874.0,2302.613,0.59,5196.0,0.8,0.84,-0.02,4.56,519.122,0.87
453.54212,1.3292,0.0,17.026,0.0861,0.633,390.0,5.45,62.5,5874.0,3.006,1.519,0.12,3.664,659.395,9.23
13.59049988,0.1072,0.0,3.784,0.06963,0.232,724.0,64.8,8.24,5442.0,0.974,0.887,0.1,4.409,883.045,2.79936489
1.411229847,0.0221,0.0,1.3912,0.03957,0.812,1164.0,330.249,2.73,4433.0,0.67,0.7,0.01,4.64,194.182,1.46
2.762660027,0.0385,0.0,1.893,0.0185,0.1841,1231.0,544.05,1.87,5772.0,0.901,0.999,0.0,4.528,935.191,1.20117759
35.189346,0.145,0.496,3.846,0.413,0.374,256.0,0.6703,5.45,3430.0,0.313,0.328,-0.27,4.971,57.7911,2.194
2.58664,0.03563,0.0,2.253,0.02242,0.41,1328.0,767.964,3.51,5779.0,0.98,0.94,-0.2,4.43,400.907,1.48
9.95661537,0.0921,0.0,2.87,0.05868,0.96,946.0,153.933,7.8,5961.0,1.08,1.06,0.01,4.4,1364.22,2.71
10.446347,0.094,0.0,2.19,0.03542,0.33,812.0,265.186,3.43,5986.0,0.9,1.07,0.04,4.532,1098.45,1.67
3.1239035,0.02661,0.223,0.482,0.157,0.937,508.0,10.9,1.54,3340.0,0.265,0.257,-0.34,4.97389,6.86929,1.147
18.311,0.1429,,6.42,0.041,0.59,,138.0,8.1,5995.0,1.56,1.16,0.3,4.118,561.93,2.77
16.273563,,,7.64,0.0418,0.38,850.0,,7.37,5869.0,1.32,0.94,-0.27,4.17,421.636,2.62
3.2809626,0.0277,,1.9296,0.0968,0.77,1166.0,161.2476,6.08,4841.0,0.69,0.77,-0.06,4.65,123.438,2.34
66.4162133,0.3033,0.0,6.965,0.20532,0.371,376.0,5.446,14.5,5143.0,0.78,0.81,-0.1,4.57,1087.4,3.91
0.971915428,0.01835,0.0,1.629,0.00737,0.3415,1609.0,1620.063,0.299,5316.0,0.82,0.86,-0.04,4.55,614.827,0.72
16.71990013,0.13263,0.0,3.2942,0.05306,0.0225,767.0,84.1,8.31,6020.0,1.085,1.049,0.0,4.389,558.652,2.8125177
52.661793,0.242,0.0,3.188,0.1088,0.78,286.0,1.28,5.65,4508.0,0.62,0.635,-0.142,4.684,293.499,2.24
10.4208,0.09359,0.0,2.7791,0.08776,0.7038,797.0,59.7,7.44,5367.0,0.814,0.907,0.19,4.46,575.581,2.43
2.853133644,0.037,0.0,1.4352,0.02771,0.82,1016.0,302.574,2.13,5043.0,0.77,0.82,-0.01,4.58,399.034,1.26
2.7886556,0.032742,0.064,1.91256,2.63399058,0.406,772.3,59.26,156.05374784,3790.4,0.5848,0.6017,0.522,4.6831,194.964,9.90873894
13.26079792,0.1065,0.0,3.912,0.01994,0.22,760.0,78.79,2.76,5478.0,1.053,0.914,0.16,4.354,855.82,1.47
6.10960324,0.0596,0.0,5.585,0.00603,0.108,1093.0,337.78,0.64,5789.0,1.02,1.02,0.07,4.43,567.187,0.89
3.167891938,0.0426,0.0,2.1875,0.07812,0.026,1221.0,684.765,8.91,5692.0,0.96,0.97,0.01,4.47,1394.22,2.93
200.452,0.90281,0.0271,,,,,,942.0,6050.0,1.3842,1.2384,0.34,4.2485,250.956,11.25
11.36112327,0.1013,0.0,4.2053,0.05695,0.854,869.0,135.797,7.9,5895.0,1.04,1.03,-0.01,4.41,980.035,2.73
9.576694,0.085,0.0,3.377,0.07468,0.49,846.0,84.571,8.75,5676.0,1.066,0.852,-0.04,4.334,716.025,2.9
18.09547,0.153,0.815,2.627,0.41,0.27,688.0,37.2117,1598.3590588,6532.0,1.83,1.445,0.017,4.072,366.987,12.80065596
27.5722742,0.1834,0.0,5.292,0.03189,0.562,636.0,49.665,4.42,5911.0,1.04,1.04,-0.01,4.42,1213.82,1.94
43.0342272,0.23688,0.0,6.0726,0.0509,0.2622,484.0,13.991,5.14,5610.0,0.93,0.96,0.04,4.49,460.188,2.12
1.744579,0.0338,0.0,2.09,0.9,0.82,2300.0,4650.0,6261.2196179,7000.0,1.56,1.68,0.35,4.27,655.013,16.47720163
6.9839095,0.0723,0.151,5.1502,0.8276,0.23,1180.0,404.915,1910.14872607,5925.0,1.233,1.026,-0.069,4.268,233.266,12.22899794
6.387597,0.052,0.0,2.5660579,2.3994296,0.33,565.0,14.259,127.1313628,3659.0,0.54,0.53,0.376,4.7,148.762,9.30345398
15.86621821,0.1225,0.0,4.1503,0.00773,0.872,879.0,137.66,1.87,6106.0,1.38,1.08,-0.15,4.19,352.0,1.2
4.16809082,0.0507,0.0,2.723,0.0263,0.0971,1277.0,803.353,3.09,5643.0,0.96,0.98,0.06,4.47,1389.27,1.57
29.6663,0.18291,0.0,8.412,0.0668,0.724,644.0,69.0,15.1,5906.74,1.54571,1.07,-0.4146,4.08919,1087.87,4.00135002
7.51574,0.0614,,2.3,0.129,0.42,497.0,11.8,4.66,3845.0,0.53,0.55,-0.09,4.73,143.125,2.0
1.543206604,0.02571,0.0,2.6094,0.00912,0.83,1827.0,2949.557,1.46,5923.0,1.14,1.03,-0.06,4.33,739.557,1.12
2.650237,0.046,0.0022,2.489,0.5797,0.881,2370.0,5300.0,991.62462984,7690.0,1.92,1.9,0.09,4.15,148.925,16.70138124
1.80988198,0.033,0.0,3.8,1.178,0.027,2228.0,4104.0,284.13859586,6329.0,1.756,1.458,0.366,4.196,194.459,20.78145022
5.470319,0.061,0.0,3.041,0.01065,0.11,1090.0,300.982,1.46,5828.0,1.068,1.022,-0.012,4.385,426.59,1.12
26.201446,,,3.33,0.0965,0.42,450.0,8.8138,5.73,4801.0,0.7,0.71,-0.18,4.6,105.58,2.26
66.1849031,0.3179,0.0,4.788,0.05605,0.0978,436.0,8.302,5.6,5756.0,0.97,0.98,0.0,4.46,922.333,2.23
12.551158,0.087,0.0,3.216,0.05545,0.76,480.0,16.819,28.2,4259.0,0.534,0.601,0.0465,4.732,324.413,1.32
18.009314436,0.1333,0.0,4.9713,0.30044,0.58,658.0,67.435,23.7,5575.0,0.9,0.93,-0.04,4.5,992.769,5.21
4.16787,0.04946,0.0,2.2148,0.01709,0.83,962.0,205.0,2.32,5135.55,0.929771,0.866,0.2502,4.43883,357.059,1.32557381
13.5396293,0.12643,0.0,4.338,0.01342,0.71,1079.0,449.699,6.08,6203.0,1.95,1.41,0.18,4.01,1484.25,2.34
9.176092,0.087,0.0,4.342,0.02069,0.01,960.0,201.362,3.53,5905.0,1.188,0.994,-0.03,4.308,778.654,1.7
5.72,0.05988,0.0162,1.1816,0.08654,0.9155,850.0,124.349,25.06,5187.9,0.826,0.859,0.1166,4.54,644.14,3.135
8.313783059,0.07895,0.0,2.9927,0.08103,0.75,886.0,254.906,7.18,5634.0,0.91,0.98,0.04,4.51,692.158,2.58
25.54339981,0.17871,0.0,8.567,0.01386,0.593,772.0,111.8,7.8,5422.0,1.782,1.02,0.02,3.945,784.625,2.70909809
53.5991044,0.2863,0.0,6.662,0.05231,0.5971,529.0,18.039,7.65,5983.0,1.07,1.05,-0.04,4.41,1157.84,2.68
1.0662107,0.0204,,1.142,0.0151,0.69,1885.0,876.703,2.27,5752.0,0.94,0.99,0.04,4.58,45.864,1.31
0.3524728,0.0097,,0.578,0.0305,0.77,2609.0,1844.98,3.26,5534.0,0.94,0.99,0.22,4.62,101.251,1.62
49.1013514,0.253,0.0,6.323,0.08564,0.3979,498.0,12.098,7.18,5518.0,0.88,0.91,-0.05,4.52,1010.01,2.58
4.01392,0.04606,0.21,2.3664,0.097,0.35,1003.0,,7.81,5003.0,0.797,0.809,-0.02,4.544,414.708,2.71257333
7.970940113,0.0762,0.0,1.2893,0.05266,0.3108,760.0,79.1,4.22,5237.0,0.826,0.927,0.24,4.572,772.481,1.88610592
4.44448017,0.0552,0.0,3.35,0.0163,0.8847,1217.0,538.569,3.82,5961.0,1.09,1.06,0.0,4.39,1375.18,1.78
115.6862258,0.4684,0.0,4.625,0.09459,0.264,401.0,12.362,10.3,5776.0,0.97,0.99,-0.03,4.46,1855.7,3.19
36.2919336,0.2226,0.0,8.181,0.03747,0.739,694.0,39.671,5.99,6018.0,1.12,1.08,0.02,4.37,1617.07,2.32
7.95839,0.08377,0.11,4.384,0.00583,0.946,1173.0,315.0,7.7,5854.0,1.447,1.238,0.321,4.21,525.997,0.86
14.435889,0.125,0.47,3.435,0.01129,0.49,884.0,159.163,2.54,6106.0,1.359,1.248,0.2142,4.265,352.794,1.4
37.81029892,0.2188,0.0,8.733,0.05703,0.423,566.0,24.27,14.3,6085.0,0.973,0.976,-0.28,4.451,1430.0,3.8765856
12.92491623,0.10151,0.0,2.6225,0.09874,0.5981,620.0,34.089,7.13,5192.0,0.79,0.87,0.0,4.58,312.798,2.57
1.952700019,0.0308,0.0,0.872,0.0403,0.1595,1403.0,917.15,6.44,5741.0,0.946,1.02,0.12,4.495,854.623,2.42172881
51.1110243,0.26391,0.0,7.987,0.03951,0.1627,478.0,23.468,4.62,5866.0,1.01,1.01,-0.05,4.43,889.885,1.99
60.323105,0.3,0.0111,5.7408,1.62,0.4,411.0,6.217,640.0,5498.0,0.95,0.99,0.18,4.77,914.221,12.3
2.99432,,0.019,6.9172309,0.11206492,0.52,1272.46,619.5809,508.5254512,4780.0,3.22,1.325,0.39,3.5,536.046,10.08808263
2.9223,,0.068,5.5560255,0.57240177,0.24,2027.12,3990.5716,143.02278315,6000.0,2.31,1.538,0.29,3.9,717.128,16.81347105
0.3711281,0.0064,,0.4918187,0.23226218,0.27,1060.0,204.4874,2.1,3333.0,0.27,0.25,,4.97,48.582,1.25
52.60969925,0.2846,0.0,8.202,0.02037,0.102,553.0,8.63,4.5,5881.0,1.294,1.109,0.16,4.259,990.838,1.95958179
144.547396,0.56378,0.0,14.962,0.10352,0.752,303.0,1.99,6.94,5262.0,0.81,0.84,-0.1,4.56,2334.93,2.53
24.99324193,0.16848,0.0,5.9083,0.02696,0.762,712.0,72.749,5.69,5809.0,1.37,1.05,0.06,4.18,466.265,2.25
127.282184,0.503,0.0,7.16,0.80886,0.83,392.0,4.585,,5740.0,1.22,1.021,0.16,4.286,1402.58,12.45
260.79,0.828,0.3683,24.096,0.47479596,0.1,348.0,2.71,875.61726129,5695.0,1.636,1.111,0.253,4.057,116.685,11.32107051
2.539183179,0.0355,0.0,2.383,0.03821,0.852,1332.0,702.281,4.54,5703.0,0.95,0.96,-0.03,4.47,1023.07,1.97
6.312501,0.055,0.0,2.908,0.1286,0.79,575.0,42.692,8.5,4096.0,0.534,0.654,-0.12,4.732,388.63,2.15
8.59545,0.075,0.078,2.486,0.114,0.53,665.0,26.707,9.6,4552.0,0.665,0.678,-0.284,4.743,27.5024,2.587
42.3514267,0.2743,0.0,7.6356,0.05847,0.0374,938.0,47.84,16.3,6725.0,1.74,1.45,0.02,4.12,698.326,4.18
19.23891,0.143,0.0609,4.243,0.66605,0.59,661.0,48.229,43.4,5774.0,0.958,1.022,0.05,4.49,628.257,8.29
4.62332,0.05531,0.0,3.0364,0.0062,0.36,1050.0,349.769,2.71,5538.0,1.07,1.07,0.18,4.409,364.03,0.85
96.101141,0.402,0.0,8.36,0.09823,0.74,409.0,6.674,13.7,5796.0,1.037,0.831,-0.27,4.377,1160.63,3.77
3.00725242,0.0388,0.0,4.336,0.02858,0.769,1122.0,373.99,4.27,5612.0,0.92,0.94,-0.01,4.49,2481.71,1.9
0.7363104,0.0112,,0.6736853,0.13225461,0.66,910.0,117.7582,2.24,3383.0,0.35,0.35,,4.89,47.7465,1.3
6.2034,,0.09,5.715,0.081,0.858,1226.0,375.554,193.87532827,4800.0,4.1,1.19,0.1,3.29,393.443,19.72780603
148.4603382,0.5238,0.0,5.402,0.16066,0.81,285.0,1.512,12.2,5335.0,0.83,0.87,-0.04,4.55,584.136,3.53
33.13610077,0.1748,0.0,4.163,0.08252,0.444,357.0,3.86,6.0,4245.0,0.637,0.649,0.0,4.641,636.694,2.322
19.94750023,0.1421,0.0,1.756,0.08613,0.02,625.0,36.14,8.88,5749.0,0.864,0.961,-0.1,4.547,1366.18,2.92454357
8.93484887,0.0928,0.0,2.579,0.01359,0.888,1124.0,377.25,4.01,6688.0,1.347,1.336,0.07,4.304,938.417,1.83
448.303558,0.6762,0.0,12.713,0.03486,0.217,369.0,6.062,6.66,6137.0,1.19,1.12,0.0,4.33,716.76,2.47
16.29595382,0.123,0.0,2.129,0.03696,0.0924,678.0,52.146,4.31,5727.0,0.97,0.98,0.0,4.45,1107.5,1.91
46.71640015,0.2588,0.0,7.353,0.03455,0.159,531.0,18.74,9.28,5856.0,1.092,1.057,0.16,4.386,1771.31,3.00177922
3.312792,,,2.097,0.1815,0.893,1119.0,260.965,19.6,5558.0,0.966,0.789,-0.116,4.368,456.122,4.662
2.14084,,,1.569,0.0628,0.941,1267.0,428.205,10.4,5377.0,0.971,0.984,0.018,4.454,144.202,3.207
11.8981,0.10203,0.002,3.015,0.01309,0.974,929.0,161.0,4.16,5905.0,1.257,1.041,-0.09,4.26,1025.1,1.99
42.913751,0.25764,0.0,5.121,0.01606,0.403,810.0,73.501,7.75,6101.0,2.06,1.41,0.14,3.95,996.32,2.7
9.30987,0.08827,0.0,3.455,0.01145,0.04,913.0,167.2,2.62,5714.96,1.19951,1.02,0.0775,4.28866,729.823,1.42553017
3.17060005,0.0415,0.0,1.5778,0.03254,0.029,1080.0,245.904,3.53,5582.0,0.92,0.95,0.04,4.49,872.328,1.7
4.30744,0.049,,2.3379196,0.10948419,0.49,955.0,196.0,8.1,5151.0,0.86,0.87,0.17,4.4,169.422,3.01
35.1810304,0.2281,0.0,7.373,0.10246,0.799,664.0,76.339,16.5,6195.0,1.24,1.17,0.02,4.31,1848.84,4.21
5.604710102,0.0588,0.0,2.885,0.021,0.1771,866.0,132.98,3.25,5401.0,0.777,0.871,-0.16,4.593,1042.45,1.6187808
25.262887,0.18,0.0,3.698,0.01255,0.1,756.0,62.241,3.78,6067.0,1.461,1.17,0.15,4.196,948.781,1.77
8.70181574,0.0777,0.0,3.019,0.03041,0.045,750.0,56.212,3.22,5383.0,0.87,0.91,0.1,4.52,864.331,1.61
4.45743164,0.0448,0.0,2.3577,0.01757,0.175,732.0,95.443,1.32,4679.0,0.71,0.76,0.05,4.62,342.144,1.09
321.2120056,0.94082,0.0,3.961,0.24072,0.8577,310.0,3.4,59.1,6018.0,1.286,1.09,0.06,4.257,979.541,8.93504475
24.94598,0.1817,,5.2,0.019,0.4,801.0,,4.7,6570.0,1.39,1.29,-0.03,4.26,266.864,2.01
13.61159129,0.12178,0.0,7.508,0.00955,0.112,958.0,285.295,2.6,6209.0,1.45,1.25,0.16,4.21,840.269,1.42
16.092361,0.112,0.0,1.937,0.01369,0.54,503.0,17.819,0.347,4661.0,0.671,0.78,0.1369,4.647,152.094,0.75
34.525528,0.2069,0.0046,3.8206653,1.831,0.14,497.0,10.1,177.98390792,5026.0,0.748,0.77,0.32,4.66,177.945,10.1
10.681572,0.096,0.0,3.542,0.03078,0.04,897.0,98.9,6.12,5551.0,1.301,1.037,0.26,4.223,1026.43,2.35
2.99793191,0.04218,0.0,4.392,0.00451,0.403,1616.0,1982.268,0.64,6170.0,1.35,1.21,0.0,4.25,535.048,0.89
10.50534,0.0752,,2.4850401,0.13206016,0.35,488.0,8.1,4.82,3800.0,0.534,0.54,-0.5,4.5,62.3446,2.04
1.1589,0.0164,,1.1688702,0.34706759,0.43,861.0,92.5,8.35,3400.0,0.451,0.452,0.0,4.5,80.6532,2.82
4.48758907,0.05202,0.0,2.8308,0.0112,0.54,1305.0,827.221,2.1,6079.0,1.15,1.05,-0.12,4.34,779.596,1.25
40.74976,0.249,0.09,5.4,0.6026,0.76,684.0,14.5514,200.23189641,6170.0,1.316,1.21,0.09,4.29,168.067,11.06326395
59.36249924,0.30883,0.0,14.04,0.02336,0.001,566.0,37.2,9.65,5786.0,1.471,1.006,-0.02,4.106,508.201,3.07250761
0.664073806,0.0143,0.0,1.1019,0.02126,0.019,1703.0,2190.082,1.92,5123.0,0.79,0.84,0.03,4.57,882.324,1.21
4.0782387,0.0561,0.025,4.8475616,0.6046696,0.154,1728.0,532.0,1064.72516345,6311.0,1.81,1.35,-0.1,4.05,281.314,14.57167491
7.851928,0.057,0.0,1.66,0.38739591,0.35,395.0,4.0,6.37,3342.0,0.34,0.34,0.03,4.91,33.3631,2.19
3.6915224,0.0467,,2.720758,1.63160232,,1213.23,512.0235,259.66580852,5720.0,1.064,1.0,,4.37355,209.229,14.81827249
18.85019,0.1177,0.0,3.23,0.261,0.21,443.0,6.39,10.8,4065.0,0.597,0.606,0.05,4.65,40.0654,3.14
9.4060467,0.08747,0.0,5.161,0.00795,0.397,981.0,254.701,2.33,5933.0,1.22,1.08,0.07,4.3,1026.48,1.33
21.194733,,,4.65,0.0263,0.41,569.0,,1.98,5424.0,0.8,0.86,-0.17,4.56,239.289,1.22
56.35418576,0.25787,0.0,3.29,0.1037,0.0293,352.0,4.436,6.17,4871.0,0.72,0.75,-0.13,4.6,313.068,2.36
8.1577094,0.0711,0.105,4.001,0.8186,0.423,918.9,91.0972,96.4,5300.0,0.92,0.96,0.36,4.55,109.557,9.1
6.2216147,0.06753,0.0,3.2606,0.01714,0.1424,1101.0,380.134,3.64,6261.0,1.32,1.21,0.03,4.27,939.001,1.73
3.60147201,0.0428,0.0,2.522,0.07777,0.021,996.0,233.031,8.91,5217.0,0.81,0.86,0.03,4.56,1005.43,2.93
7.06599,0.0591,,1.62,0.221,0.57,,17.9,5.99,4127.0,0.491,0.551,,4.786,180.697,2.32
29.90722674,0.17522,0.0,4.812,0.05974,0.1119,564.0,25.147,5.73,5871.0,0.94,0.97,-0.17,4.48,513.748,2.26
3.48456408,0.0287,0.428,0.7637,1.155,0.628,494.0,9.91,24.5,3207.0,0.2932,0.2634,0.15,4.944,44.9565,3.44
0.548177,0.01189,0.063,0.998,0.02487,0.53,1617.0,1138.0,1.42,4440.0,0.678,0.74,0.12,4.618,47.3924,1.166
84.5733226,0.3778,0.0,5.715,0.08916,0.1557,366.0,4.042,8.55,5472.0,0.9,0.94,0.12,4.5,1064.31,2.86
2.616235,0.0252,0.0,1.19,0.11206014,0.11,568.0,17.3,1.75,3384.0,0.32,0.313,-0.02,4.89,15.8095,1.09
5.70588,0.04749,0.038,0.98,0.0821,0.89,557.0,16.1,3.09,3803.0,0.439,0.439,-0.43,5.2,10.0055,1.533
2.76953,0.02933,0.039,1.15,0.0712,0.665,709.0,42.2,2.14,3803.0,0.439,0.439,-0.43,5.2,10.0055,1.24
2.154849,0.027,0.03,1.66,4.95521823,0.26,750.0,54.0,222.4798849,3660.0,0.51,0.53,0.1,4.75,112.71,11.32107051
3.341815,0.046,0.0,2.769,0.01782,0.01,1356.0,677.503,3.12,5952.0,1.157,1.171,0.22,4.377,657.223,1.58
5.025598,,,2.28,0.0485,0.272,,,2.34,4663.0,0.663,0.746,-0.25,4.667,206.608,1.332
51.07926307,0.26769,0.0,6.3729,0.07368,0.615,503.0,12.5,8.5,5927.0,1.05,1.04,-0.01,4.42,530.122,2.85
11.20066445,0.0975,0.0,3.786,0.02199,0.0975,808.0,100.91,3.46,5964.0,1.1,1.07,0.04,4.39,1425.43,1.68
3.932461302,0.0444,0.0,2.1982,0.04555,0.416,894.0,111.11,3.15,4700.0,0.7,0.73,-0.11,4.62,508.809,1.59
3.57554956,0.04304,0.0,2.463,0.00965,0.462,1061.0,186.069,0.566,5131.0,0.79,0.83,0.0,4.57,389.143,0.86
7.05254,0.0692,,1.899,0.103,0.53,,118.0,7.65,5413.0,0.86,0.89,0.11,4.522,181.746,2.68
5.0988179,0.04825,0.22,1.36,0.393,0.887,603.6,20.8,13.6,3708.0,0.55,0.577,0.35,4.718,33.0231,3.76
6.47027579,0.0686,0.0,3.241,0.01169,0.63,926.0,186.076,1.04,5487.0,0.94,0.94,0.13,4.46,651.674,1.02
14.878296,0.1153,0.0,7.504,0.03228,0.701,692.0,54.19,3.71,5471.0,0.85,0.88,-0.12,4.54,2093.62,1.75
0.558842003,0.0128,0.0,0.7848,0.02809,0.307,1787.0,2412.15,3.28,5151.0,0.792,0.903,0.21,4.592,820.957,1.62573811
44.347,0.23332,0.0,6.399,0.07917,0.778,484.0,24.114,56.2,5656.0,0.89,0.97,-0.2,4.53,1337.61,3.1
3.0091324,0.041,0.0,2.269,0.01914,0.1801,1177.0,449.975,2.18,5597.0,0.9,0.93,-0.06,4.5,1015.69,1.28
6.398042,0.0604,0.09,2.143,0.1446,0.566,714.0,43.3,10.2,4511.0,0.65,0.73,0.0,4.62,31.5666,2.79
0.868386528,0.0163,0.0,1.0575,0.05384,0.4646,1389.0,672.113,3.53,4817.0,0.74,0.8,0.1,4.6,647.424,1.7
10.86060047,0.0988,0.0,2.2874,0.01896,0.987,1108.0,356.24,7.77,6455.0,1.496,1.087,-0.36,4.125,1299.32,2.70393215
54.18915,0.313,0.432,4.55,0.3708,0.846,688.0,6.7645,947.12865286,5980.0,1.78,1.47,0.15,3.8,382.898,11.99360935
3.052524,0.04047,,2.2564388,1.58532048,,1159.07,426.5351,533.95172376,5470.0,0.952,0.949,,4.43994,363.66,13.77583728
18.87974,0.1242,0.08,3.67,0.1199,0.21,498.0,10.2,9.7,4511.0,0.65,0.73,0.0,4.62,31.5666,2.39
11.60649967,0.0885,0.0,2.229,0.07717,0.3817,584.0,27.47,6.52,4703.0,0.701,0.686,-0.14,4.582,710.724,2.43836702
14.44912,0.1201380843,0.0,2.8,,0.5,709.0,,2.3,6015.0,1.29,1.12,0.098,4.27,848.254,1.32
8.803809,0.08215,0.208,3.016,0.836,0.199,940.0,72.699,91.21675281,5555.0,0.912,0.954,0.099,4.496,246.353,8.47398941
18.24783,0.153,0.22,11.1,0.193,0.34,1184.0,357.0,276.51071409,6069.0,2.55,1.44,0.2,3.783,519.229,11.88151954
18.787839,,,4.7,,0.701,,,22.8,5946.0,1.239,0.945,-0.257,4.227,606.992,5.098
20.16034462,0.13372,0.0,3.8215,0.03364,0.8887,510.0,15.291,3.26,4944.0,0.74,0.8,-0.04,4.6,259.639,1.62
13.79019,,0.13,3.301,0.114,0.33,646.0,29.035,7.32,5185.0,0.79,0.83,0.02,4.6,116.567,2.61
28.625653,0.1857,0.0,4.601,0.06527,0.021,573.0,14.877,6.76,5566.0,0.91,0.94,0.03,4.5,1114.24,2.49
3.438753,0.03845,0.14,1.92,3.29144087,,759.0,55.4,85.3,3913.0,0.62,0.64,0.0,4.68,181.139,12.0
4.860674,0.061,0.043,2.92,0.614,0.84,1375.0,292.245,731.0053361,5734.0,1.51,1.04,0.14,4.24,248.504,12.778238
4.095779896,0.0457,0.0,1.704,0.04055,0.752,851.0,124.3,3.02,4791.0,0.742,0.759,0.07,4.577,711.509,1.55098292
15.77979614,0.1232,0.0,4.0334,0.05414,0.025,713.0,66.269,5.86,5723.0,0.96,0.98,-0.01,4.47,861.494,2.29
9.182417,0.091,0.0,4.343,0.00847,0.63,1052.0,429.813,2.21,6189.0,1.382,1.256,0.0322,4.233,881.404,1.29
0.792052,0.01679,0.0,0.3656119,0.15617799,,1978.0,1781.1556,29.32,5443.0,0.949,1.02,0.27,4.35,80.4373,4.72
7.411141,0.0748,0.0,2.4852,0.06205,0.0062,905.0,228.283,6.71,5785.0,0.99,0.98,-0.03,4.44,1089.87,2.48
2.9887615,0.04145,0.0,3.00648,1.304,0.32,1431.0,699.0,260.61929374,5771.0,1.095,1.063,0.191,4.385,361.857,13.64132951
10.59357,0.0727,,2.4,0.21,,,4.9,4.66,3499.0,0.436,0.457,0.09,4.822,102.483,2.0
11.06201,0.061,0.0,1.7587777,0.309,0.19,326.0,1.8,4.82,3185.0,0.275,0.249,-0.07,4.95,30.5212,1.672
9.795647,0.0785,,2.5992,0.12797,0.42028,542.0,21.964,7.51,4349.0,0.678,0.622,0.03,4.72,109.218,2.65
0.728113,,,0.7992,0.068,0.49,932.0,,1.37,3782.0,0.32,0.418179,-0.18,5.0,150.124,1.1
11.637071,0.103,0.0,3.289,0.06043,0.01,857.0,108.717,35.7,5888.0,0.958,0.99,0.11,4.502,1050.64,2.27
16.092,0.12789,0.0,2.879,0.04354,0.79,718.0,66.122,16.13,5685.0,1.03,1.02,0.12,4.417,228.678,2.41
267.291,0.718,0.0,7.46,0.042,0.41,208.0,0.5,35.0,4925.0,0.64,0.69,-0.37,4.68,300.874,1.41
71.52530845,0.3091,0.0,5.9273,0.62794,0.015,340.0,2.472,26.7,4834.0,0.73,0.77,-0.01,4.6,382.509,5.59
7.994037,,,4.271047,0.04046194,,1022.99,258.8217,8.0,5846.29,1.25324,1.055,-0.2729,4.26525,107.118,2.75
12.73719978,0.10625,0.0,3.382,0.01063,0.364,697.0,56.3,1.55,5420.0,0.868,0.874,0.0,4.502,438.703,1.13863767
9.088516,0.0813,0.0,3.5568,2.134,0.17,801.0,68.6,324.18497514,5321.0,0.791,0.867,0.071,4.581,176.436,12.59889431
9.467814048,0.0691,0.0,2.4437,0.2237,0.081,407.0,8.559,5.39,3631.0,0.46,0.49,-0.01,4.79,174.826,2.18
2.1225735,0.03319,0.0,1.64688,0.0191,0.99,1763.0,1600.0,298.75870258,5966.0,1.248,1.082,0.027,4.278,337.064,19.83989584
8.001968,0.0854,0.174,4.632,0.4273,0.2,1259.0,406.0,203.41018048,6101.0,1.564,1.296,0.181,4.161,373.345,11.1529358
201.1214,0.67249,0.0,10.575,0.04734,0.77,300.0,2.121,4.98,5694.0,0.96,0.98,0.01,4.47,482.119,2.08
1.8237305,0.02636,,1.519,0.1435,0.48,941.0,188.0,9.1,4435.0,0.671,0.734,0.175,4.55,77.2554,2.765
3.517494394,0.0378,0.0,1.4847,0.0561,0.027,704.0,68.723,2.45,4184.0,0.57,0.59,-0.3,4.7,253.867,1.37
7.31946363,0.0898,0.0,4.839,0.01567,0.112,1682.0,323.294,5.18,6541.0,1.63,1.38,0.04,4.16,1014.62,2.13
25.76051,,,,,0.475,,,9.93,5236.0,0.92,0.954,0.237,4.488,274.864,3.124
2.002849,0.0272,0.0,1.66,2.50765147,0.34,939.0,137.0,624.0,3996.0,0.646,0.666,0.14,4.67,390.415,10.78
13.02365861,0.10916,0.0,3.9714,0.06224,0.883,743.0,76.375,6.21,5683.0,0.95,0.97,-0.01,4.47,663.418,2.37
3.162697,0.043,0.0,1.9,0.05261,0.52,1308.0,668.215,7.13,5821.0,1.114,1.06,0.08,4.358,703.302,2.57
5.21104261,0.06035,0.0,3.3011,0.01038,0.66,1107.0,351.69,1.24,6112.0,1.09,1.1,-0.03,4.41,623.901,1.07
8.25978,0.075,0.0,3.005,0.02984,0.64,714.0,66.578,2.39,5117.0,0.722,0.848,0.16,4.636,717.527,1.35
7.406106,0.0684,0.0,2.8826,0.04187,0.52,771.0,61.175,3.44,4884.0,0.749,0.777,0.02,4.579,341.908,1.674
23.9210791,0.1871,0.0,4.692,0.01508,0.1687,1020.0,197.846,5.48,6807.0,1.84,1.5,0.05,4.08,921.778,2.2
6.87745,0.06,0.0,1.35,0.16323,0.19,484.0,17.583,5.18,4258.0,0.555,0.541571,-0.18,4.729,264.993,2.13
4.3474032,0.0543,0.0,4.8624,0.2949,0.409,1534.0,923.6,105.83685953,5607.0,1.75,1.131,0.19,4.005,327.927,10.36830715
8.20395,0.075,0.0,2.74,0.10783,0.06,742.0,43.768,7.32,5020.0,0.85,0.748,-0.02,4.492,600.241,2.61
75.12375,0.332,0.018,8.599,1.1171,0.419,441.0,9.6,419.53349724,5700.0,1.058,0.89,-0.21,4.2,348.849,11.30986153
4.872171,,,2.584,0.218,,1042.0,195.925,23.7,5631.0,1.02283,1.0,,4.41846,290.646,5.22
18.16406,0.12,0.0,2.97,0.092,0.22,510.0,17.21,14.0,4925.0,0.64,0.69,-0.37,4.68,300.874,1.95
9.401312,,,2.112,0.0275,0.883,,,7.89,5911.0,1.32,0.993,-0.049,4.194,249.303,2.729
3.8016122,0.05222,0.0,3.4296,0.749,0.584,1570.0,1013.0,457.67290608,6202.0,1.438,1.313,0.182,4.24,334.993,13.57407563
8.13087,,,,,,,,2.9,5794.0,1.20424,1.069596,0.25,4.25,389.702,1.51398464
3.936551,0.043,0.05,2.2,1.5461,0.2,690.0,39.0,82.63538582,3870.0,0.6,0.63,0.4,4.67,130.091,8.29464572
6.30560247,0.0657,0.0,2.468,0.02208,0.5424,1125.0,57.751,1.51,4862.0,0.74,0.78,0.0,4.6,510.029,1.13
1.260259094,0.02231,0.0,1.8742,0.11307,0.791,1569.0,924.374,9.91,5281.0,0.82,0.86,-0.04,4.56,890.352,3.12
0.941967,,,2.2,,,,,0.271,5050.28,0.966,0.859,0.18,4.402,936.341,0.7
17.44490636,0.1263,0.0,4.0988,0.08561,0.2495,679.0,39.01,6.62,5387.0,0.84,0.87,-0.06,4.54,760.43,2.46
24.31575992,0.17,0.0,4.1383,0.06433,0.653,683.0,71.843,11.0,6161.0,1.22,1.13,0.01,4.32,1215.11,3.31
2.55314213,0.0366,0.0,1.858,0.01853,0.32,1312.0,803.679,2.27,5667.0,0.92,0.95,-0.07,4.49,1246.92,1.31
3.1342791,0.033548,0.097,1.311,0.1236,0.69,698.0,39.0,6.36,3690.0,0.515,0.513,0.0,4.725,45.1309,1.9
9.977219,0.0677,0.075,2.17,0.04598525,0.24,417.0,4.98,0.704,3459.0,0.421,0.415,-0.07,4.809,31.1265,0.914
92.4362973,0.3729,0.0,5.709,0.08302,0.9096,348.0,3.788,9.48,5515.0,0.87,0.9,-0.08,4.52,862.92,3.04
4.0197517,0.04871,0.0,2.7751,0.794,0.21,1091.0,237.0,71.51139158,5306.0,0.886,0.954,0.344,4.524,219.614,8.60849718
7.493134,0.0657,0.0,1.97,0.1421,0.75,651.0,29.81,13.2,4227.0,0.672,0.679,-0.1,4.57,73.5977,2.76
16.608164,0.1116,0.0,3.19,0.1808,0.53,499.0,10.32,11.84,4227.0,0.672,0.679,-0.1,4.57,73.5977,3.12
12.509529,0.109,0.0,4.022,0.01553,0.06,875.0,139.112,2.51,5949.0,1.224,1.043,0.05,4.303,823.804,1.39
34.885,,,,,0.28,,,3.19,4982.79,0.757541,0.912,,4.61492,283.29,1.6
54.418694,0.29,0.0,4.511,0.08748,0.07,443.0,10.186,9.48,5854.0,1.091,0.954,0.1,4.401,1083.06,3.04
20.42228798,0.15431,0.0,6.192,0.01893,0.646,785.0,109.842,4.04,6194.0,1.29,1.19,0.08,4.29,886.588,1.84
3.5514058,0.0475,0.0,2.575,0.867,0.785,1471.0,781.8,117.59651059,5910.0,1.265,1.135,0.233,4.288,460.995,12.84549188
2.3505614,0.03386,0.0,2.934,1.265,0.097,1544.0,947.8,533.95172376,5691.0,1.073,0.936,0.013,4.35,,13.15934334
4.5207265,0.0571,0.0,4.406,0.806,0.27,1456.0,750.9,79.45710175,5936.0,1.477,1.215,0.158,4.184,566.189,14.4595851
96.16987,0.3771,0.0,7.471,0.08945,0.2709,321.0,5.636,5.77,5069.0,0.74,0.77,-0.19,4.59,1225.57,2.27
4.88752985,0.0574,0.0,1.9913,0.0729,0.9,1003.0,239.11,6.26,5568.0,0.957,1.053,0.44,4.499,962.63,2.38091029
3.9014971,0.0505,0.0,4.961,0.815,0.13,1596.0,1084.0,197.05361234,5760.0,1.668,1.12,0.085,4.048,389.916,16.43236571
1.31184443,0.02342,0.0,1.7729,0.02628,0.38,1562.0,1444.516,2.96,5636.0,0.93,0.97,0.04,4.49,495.358,1.53
3.8266472,0.041,,2.113,0.11818154,0.12,798.0,81.1072,6.21,4250.0,0.62,0.644,-0.01,4.6,75.1973,2.37
6.226185,0.05387,0.089,1.986,0.121,0.513,559.0,16.2,4.55,3664.0,0.539,0.538,-0.11,4.75,35.6917,2.046
8.8803256,0.0804,0.031,2.939,0.1238,0.61,880.0,100.0,10.0,5348.0,0.94,0.81,-0.15,4.3,53.6089,3.41
85.7350285,0.3877,0.0,7.457,0.08433,0.797,448.0,7.021,9.53,5825.0,1.03,1.03,0.06,4.42,1175.22,3.05
5.45664,0.0635,0.0,4.162,0.411,0.716,1445.0,728.0,69.28659273,5760.0,1.726,1.15,0.13,4.024,373.675,12.07207221
99.640161,0.404,0.0,4.36,0.09525,0.23,360.0,3.548,8.1,5526.0,0.89,0.891,-0.06,4.486,924.625,2.77
6.010384289,0.058,0.0,2.2243,0.27389,0.436,768.0,87.713,15.1,4828.0,0.73,0.78,0.01,4.61,378.972,4.0
10.2737999,0.0924,0.0,3.233,0.03528,0.847,799.0,96.27,5.13,5806.0,0.899,0.996,-0.04,4.528,871.81,2.11598626
4.52158888,0.052,0.0,3.4897,0.01062,0.203,1214.0,545.672,0.904,5780.0,0.99,1.0,0.0,4.44,813.543,0.98
40.0686727,0.2234,0.0,6.0815,0.09709,0.0192,560.0,31.624,14.7,6020.0,1.13,1.09,0.03,4.37,1082.16,3.94
28.986769,0.187,0.0,3.444,0.04716,0.28,637.0,35.89,6.57,5888.0,1.148,1.036,0.0,4.331,890.758,2.45
5.90124,0.05,0.0,2.112,0.165,0.03,514.0,22.025,1303.0,3900.0,0.53,0.58,0.0,4.64,323.847,2.2
2.787868386,0.0382,0.0,2.0252,0.02009,0.894,1432.0,153.741,1.04,4754.0,0.72,0.76,0.01,4.61,358.518,1.02
0.23597766,,,,,,,,7024.0077947,10000.0,0.0123,0.646,,8.07,186.69,13.78704626
3.4936264,0.0463,0.0,3.557,0.885,0.544,1512.0,872.2,129.03833324,5725.0,1.392,1.088,0.187,4.188,465.992,14.28024141
1.9741954,0.0242,0.09,1.584,0.1749,0.39,798.0,62.1,3.86,3712.0,0.48,0.51,0.18,4.78,189.289,1.79
65.6478424,0.3197,0.0,4.412,0.05887,0.1605,485.0,4.86,5.56,5470.0,0.85,0.88,-0.11,4.53,682.436,2.22
4.039709,0.0493,0.0,3.804,1.3,0.34,1376.0,598.0,225.65816897,5721.0,1.229,0.977,-0.02,4.25,312.674,15.27784069
13.821375,0.1,0.0,3.552,0.07652,0.23,560.0,30.716,3.71,4984.0,0.636,0.706,-0.46,4.669,420.046,1.75
27.80978,0.134,0.059,2.777,0.04068233,0.47,272.9,1.27,0.818,3459.0,0.421,0.415,-0.07,4.809,31.1265,0.953
5.991857017,0.06918,0.0,1.622,0.01843,0.1644,1355.0,740.173,6.08,6237.0,1.65,1.29,0.05,4.11,545.063,2.34
39.93767,0.2257,,5.808,0.07,0.39,734.0,9.84,44.4,5433.0,5.15,1.35,-0.12,4.56,329.309,7.55
8.512035877,0.07996,0.0,2.1916,0.05738,0.852,839.0,133.317,5.1,5842.0,0.88,0.96,-0.23,4.53,337.901,2.11
43.130617,0.236,0.0,3.066,0.04478,0.69,554.0,18.941,6.76,5835.0,1.103,0.97,-0.11,4.326,1280.25,2.49
9.573083,0.1017,0.16,3.684,0.02880909,0.504,931.0,156.75,9.72,6169.0,1.117,1.098,-0.08,4.47,62.7792,2.328
3.66003639,0.04922,0.039,4.74168,0.785,0.556,1775.0,1804.5549,201.50321004,5993.0,1.863,1.187,0.054,3.972,505.703,17.26183028
18.998355,0.138,0.0,2.963,0.04683,0.1,792.0,81.506,26.2118,5897.0,1.289,1.046,-0.0708,4.2,1156.81,2.78
2.8989727,0.0421,0.0,1.78,1.36,1.0,1646.0,1230.0,330.54154328,5772.0,1.468,1.181,0.278,4.174,421.745,18.49481816
2.5441765,0.037,0.0,2.468,0.678,0.715,1429.0,476.965,239.32479047,5621.0,1.23,1.05,0.37,4.2,748.585,11.37711541
23.2856,0.1511,0.17,4.05,0.64736022,,512.97,16.3643,26.69758619,5096.0,0.785,0.849,0.14,4.58,395.398,8.67575106
2.8807198,0.04036,0.0,1.85,1.311,0.88,1395.0,633.0,252.35575516,5640.0,1.062,1.056,0.25,4.41,173.117,13.26022417
27.07237711,0.181,0.0,6.943,0.05142,0.015,605.0,90.1,5.35,5680.0,0.95,0.96,-0.02,4.47,1315.26,2.17
7.008151,0.074,0.0,3.99,0.01164,0.13,1062.0,316.442,2.27,6080.0,1.2,1.2,-0.12,4.4,848.254,1.31
8.779999733,0.0787,0.0,3.2201,0.07557,0.938,713.0,61.24,13.8,5191.0,0.764,0.85,-0.06,4.597,1189.88,3.79037518
105.356383,0.401,0.0,3.658,0.12102,0.4,204.0,2.142,6.85,4713.0,0.721,0.816,0.27,4.612,544.568,2.51
25.575,0.1538,0.071,3.04,,0.677,420.0,7.07,3.0,4500.0,0.677,0.742,-0.02,4.68,59.2474,1.565
2.849883,,,1.3416,0.0273,0.132,,,2.43,5233.0,0.791736,0.860208,-0.04,4.71,184.131,1.3643987
0.938466832,0.01795,0.0,1.271,0.02174,0.63,1876.0,2142.634,2.6,5671.0,0.93,0.95,-0.05,4.48,536.323,1.42
109.4449997,0.4276,0.0,4.1532,0.12696,0.149,340.0,3.14,12.7,5403.0,0.868,0.868,0.0,4.5,790.516,3.60600667
41.74600392,0.23702,0.0,4.6058,0.04218,0.0211,584.0,28.481,6.76,6060.0,1.2,1.1,0.01,4.32,332.443,2.49
19.12947337,0.1439,0.0,3.757,0.04512,0.5396,817.0,56.04,5.22,5743.0,0.93,0.95,-0.13,4.48,840.0,2.14
24.4973698,0.1772,0.0,5.081,0.04491,0.5019,722.0,60.421,7.56,6136.0,1.22,1.14,0.01,4.32,1463.72,2.66
1.877882748,0.02883,0.0,2.327,0.00475,0.0341,1701.0,1892.586,0.64,6118.0,1.16,1.11,0.0,4.35,670.829,0.89
18.6051942,0.1499,0.0,7.18,0.02425,0.093,833.0,156.9,4.74,6194.0,1.23,1.15,0.0,4.32,2465.84,2.02
5.2986,,,3.144,0.197,0.26,,,3.53,4114.0,0.5,0.565,0.006,4.8,451.769,1.7
3.543919,0.039,0.0,2.012,0.0507,0.31,652.0,31.79,1.24,4486.0,0.571,0.593,-0.21,4.733,335.307,1.07
41.194912,0.22,0.0,5.02,0.22139,0.8,439.0,6.162,14.2,5120.0,0.728,0.808,0.06,4.633,826.265,3.85
17.934937,0.142,0.0,5.26,0.01427,0.22,1002.0,101.619,2.45,6435.0,1.108,1.072,-0.1228,4.419,826.613,1.37
22.65398,0.158,0.676,3.468,1.153,0.26,799.0,13.8485,1900.61387386,5581.0,1.05,0.99,0.22,4.4,313.996,11.2089807
52.0688601,0.2739,0.0,3.0436,0.05213,0.83,524.0,17.883,5.95,5806.0,1.01,1.01,0.03,4.43,921.361,2.31
43.8445,0.24006,0.0,6.4175,0.06152,0.28,531.0,20.294,11.17,5858.0,1.04,1.0,-0.12,4.407,444.322,2.56
4.028751,0.051,0.0,2.985,0.01007,0.06,1311.0,619.844,1.98,6090.0,1.264,1.072,-0.08,4.278,625.339,1.22
61.6277,0.3,0.522,6.401,0.8878,0.878,592.0,21.7464,1112.3994245,5579.0,1.07,0.93,0.12,4.35,200.273,12.10569916
6.38784,0.04,0.1,1.354,0.636,0.28,349.0,3.7,4.32,3300.0,0.235,0.231,-0.03,5.05,48.4809,1.914
28.6851324,0.179,0.0,5.467,0.06891,0.77,547.0,23.876,8.96,5834.0,1.04,1.03,0.06,4.42,1175.38,2.94
10.156272,0.08598,0.32,1.91856,,0.149,,,37.0,4969.0,0.894,0.822,-0.221,4.314,152.601,4.67
4.884765,0.0618,0.046,2.61,0.0478,0.29,1055.8,207.1,5.72,5585.0,0.949,0.956,-0.04,4.47,75.2092,1.992
36.4333452,0.2108,0.0,4.213,0.04068,0.25,561.0,21.392,5.31,5870.0,1.04,1.04,0.04,4.42,1180.9,2.16
22.8,0.16517,0.037,4.9916,0.00664,0.26,843.0,130.979,3.38,6072.0,1.659,1.184,-0.03,4.07,396.379,1.521
6.796850204,0.0714,0.0,3.226,0.03931,0.929,985.0,222.91,9.74,6061.0,0.97,1.05,-0.1,4.486,1482.83,3.08851092
4.280958588,0.0503,0.0,2.8753,0.07508,0.3248,1012.0,331.438,7.7,5624.0,0.95,0.97,0.08,4.47,1168.26,2.69
7.267302,0.0451,0.0,2.2691,0.06591,0.28,464.0,13.98,2.1,3788.0,0.472,0.478,-0.28,4.77,177.594,1.25
4.977656,0.055,0.0,2.553,0.02937,0.6,1023.0,159.945,2.6,5631.0,0.802,0.87,0.033,4.586,616.637,1.42
10.311767,0.08618,0.092,3.205,0.02823,0.22,686.0,36.9,3.0,4909.0,0.724,0.803,0.11,4.6,107.796,1.154
4.32421,0.04866,0.34,3.4032,0.148,0.05,1120.0,261.858,16.0,4969.0,0.894,0.822,-0.221,4.314,152.601,3.89
5.72812599,0.0519,0.0,1.9804,0.06434,0.0557,569.0,33.953,2.76,4043.0,0.56,0.58,-0.17,4.71,443.106,1.47
20.09,0.11796,0.0,3.5881,0.14321,0.2174,362.0,5.9,2.03,4082.0,0.61,0.66,-0.2,4.69,400.409,2.36
3.57532,0.0476,0.065,2.77,,0.54,1500.0,,3302.11,5900.0,1.08,1.05,-0.1,4.4,1010.28,11.287
0.3693038,0.00936,0.0,1.0027781,0.07556536,0.4,2223.0,4070.0,7.9,5120.0,0.7595,0.803,-0.04,4.61,152.509,1.69
0.2803244,0.00747,0.0,0.94,0.0507,-0.01,2103.0,3260.0,4.97,4570.0,0.681,0.708,0.0,4.62,61.8736,1.51
7.7485,0.0683,0.092,,,,695.0,39.1,8.0,4570.0,0.681,0.708,0.0,4.62,61.8736,7.0
1.216997663,0.0201,0.0,1.3101,0.04598,0.028,1314.0,588.021,3.33,4877.0,0.75,0.8,0.07,4.6,762.019,1.64
16.1456994,0.1162,0.089,3.7236,0.09892,0.3,590.0,20.3,4.7,4909.0,0.724,0.803,0.11,4.6,107.796,2.17
5.39875259,0.06135,0.09,3.43422,0.03458,0.48,1275.0,441.0,8.03,5847.0,1.2564,1.057,0.11,4.281,144.166,2.357
3.3773512,0.05064,0.057,3.715,0.666,0.415,1802.0,2195.7879,899.45439181,6630.0,1.612,1.516,0.282,4.205,303.006,14.35870428
3.8240801,0.0513,0.117,2.465,1.143,0.8636,1580.0,1005.8946,292.40213444,6280.0,1.396,1.233,0.011,4.239,296.46,16.28664896
17.30713,0.1185,0.047,3.449,0.1909,0.31,470.0,11.91,18.1,4500.0,0.677,0.742,-0.02,4.68,59.2474,3.0
11.17931605,0.09744,0.0,3.043,0.00879,0.381,1159.0,124.507,2.36,6296.0,1.36,1.22,0.02,4.25,629.804,1.34
1.2119189,0.02383,0.0,2.2032,0.9168,0.817,2212.0,,441.77,6050.0,1.363,1.228,0.25,4.258,282.83913869,15.278
0.35500745,0.00901,0.0,0.814,0.0217,,2223.0,4070.0,1.68,5058.0,0.7475,0.779,-0.18,4.61,124.376,1.201
6.380803,,,3.096,0.01604,0.1,,,2.16,5548.0,0.919053,0.986144,0.26,4.56,235.867,1.27328671
4.57953,0.054,0.0,3.282,0.02071,0.91,1040.0,361.514,3.15,5852.0,0.9,0.982,0.1323,4.531,1167.94,1.59
29.53910065,0.204,0.0,4.139,0.04033,0.213,714.0,61.49,8.05,6572.0,1.238,1.298,0.07,4.365,1663.74,2.76022913
26.62949944,0.17177,0.0,7.8308,0.04928,0.0,742.0,101.6,16.5,5866.0,1.417,0.958,-0.2,4.117,651.999,4.20964327
0.1768913,0.005,,0.65,0.015,,1654.0,,8.0,3584.0,0.45,0.46,0.0,4.8,134.311,0.61
13.102,0.088,,2.77,,0.45,447.0,,1652.7077164,3746.0,0.554,0.548,,4.691,120.311,2.66
4.28088,0.0555,0.0,3.334,0.655,0.657,1472.0,783.2,734.18362017,6058.0,1.409,1.242,0.207,4.234,328.802,12.44196858
2.732756,0.03,0.0,1.037,0.06131,0.27,687.0,40.295,1.51,3591.0,0.471,0.5,-0.09,4.785,214.0,1.13
3.75574426,0.0453,0.0,2.2971,0.04174,0.127,977.0,216.568,3.46,5102.0,0.77,0.81,-0.09,4.58,938.168,1.68
3.06785234,0.0344,0.002,2.131,2.937,0.215,825.0,72.442,170.99254,4143.0,0.586,0.577,-0.13,4.663,49.7876,11.197791
8.8720982,0.0892,0.394,3.601,0.5578,0.19,1166.0,343.7178,1144.1822652,5977.0,1.459,1.199,0.15,4.187,335.985,11.89272852
3.22748,0.0429,0.0,4.19,1.257,0.58,1747.0,,349.6112477,6390.0,1.65,1.01,-0.5,4.01,1123.21,18.83108758
25.9422033,0.165,0.0,4.0442,0.05697,0.1281,501.0,27.009,4.38,5044.0,0.77,0.81,-0.03,4.58,791.625,1.93
24.158868,0.106,0.11,2.25,,,,1.2,2.21,3360.47,0.330989,0.271365,,5.048,66.4321,1.29
3.738252,0.0491,0.089,2.975208,0.13164623,0.42,1443.0,790.4759,34.62,5905.0,1.26,1.12,0.167,4.297,275.265,6.06
20.7056504,0.1629,0.0,9.029,0.01159,0.1354,967.0,116.145,2.33,6158.0,1.22,1.14,0.01,4.32,1260.28,1.33
4.973456,0.054,0.0,1.579,0.07416,0.69,867.0,135.077,5.9,5094.0,0.807,0.864,0.2535,4.552,443.483,2.3
10.924709,0.09,0.11,1.8,0.0729,0.86,668.0,33.14,5.65,4757.0,0.762,0.79,0.02,4.49,45.5621,2.24
0.634002937,0.0136,0.0,0.9237,0.03169,0.2174,1714.0,1966.057,2.96,5106.0,0.78,0.82,-0.02,4.58,845.228,1.53
5.50860439,0.06066,0.0,2.9468,0.02121,0.39,934.0,191.811,2.21,5556.0,0.91,0.95,0.05,4.5,411.077,1.29
9.127055,0.0878,0.063,3.654,0.4568,0.631,1038.0,149.0,81.7,5611.0,1.134,1.082,0.439,4.363,175.713,8.14
9.91935684,0.08832,0.0,4.24,0.01867,0.163,838.0,139.884,2.86,5769.0,0.98,0.98,-0.04,4.45,915.212,1.5
11.94014029,0.096,0.0,3.472,0.06317,0.965,625.0,40.12,8.3,4967.0,0.76,0.8,0.01,4.59,916.749,2.81
9.151201,,,2.616,0.1074,0.384,763.05,55.3616,6.43,5243.0,0.7934,0.9,,4.593,108.932,2.4189
3.771116,,,2.3375061,0.1647673,0.424,949.07,125.0643,10.5,4590.0,0.7575,0.73,0.428,4.543,89.637,3.2274
3.09833,0.04271,0.0,1.959,0.0496,0.77,1488.0,628.0,11.0,5611.0,1.134,1.082,0.439,4.363,175.713,2.7
45.348269,0.236,0.0,4.657,0.01629,0.1,531.0,40.099,1.51,5577.0,0.882,0.882,-0.29,4.475,895.678,1.13
1.755835327,0.0277,0.0,1.8136,0.04151,0.1425,1343.0,761.808,3.64,5470.0,0.88,0.91,0.03,4.52,1119.49,1.73
21.301848,0.139,0.099,3.8131,0.00854,0.43,615.0,23.9,1.3,5357.0,0.789,0.79,-0.36,4.5667,63.9207,0.755
13.36702,0.1019,0.098,3.733,0.00122,0.759,718.0,44.5,0.79,5357.0,0.789,0.79,-0.36,4.5667,63.9207,0.3098
4.633611,0.06,0.21,3.76,0.766,0.61,1561.0,734.672,878.0,6643.0,1.71,1.4,0.0,4.05,161.743,15.4
19.288004,0.083,,1.98,0.448,0.195,234.0,0.67,3.02,3075.0,0.24,0.225,-0.25,5.0,42.4048,1.55
3.0255955,0.04233,0.0,2.9592,0.01283,0.72,1484.0,975.181,2.79,6143.0,1.23,1.13,-0.01,4.31,831.991,1.48
20.684342,0.157,0.0,6.416,0.08585,0.29,729.0,88.852,11.6,6250.0,1.146,1.114,0.072,4.401,1549.09,3.43
32.6479,0.1716,,4.0,0.159,0.25,337.0,2.9,5.86,4044.0,0.61,0.63,0.12,4.67,108.449,2.29
4.13962966,0.0537,0.0,3.284,0.01109,0.1442,1352.0,1328.654,4.74,6826.0,1.85,1.51,0.04,4.08,1368.83,2.02
0.5182331,0.00915,0.0,0.724,0.0831892,0.44,1089.0,233.0,1.32,3458.0,0.391,0.381,0.1,4.88693,20.373,1.193
9.28699,0.0846,0.41,3.3652,0.06917,0.02,851.0,87.6,6.1,5541.0,0.859,0.936,-0.13,4.55,218.562,2.209
9.605027,0.09008,0.099,3.0045,0.00558,0.77,1052.0,204.0,1.3,5847.0,1.2564,1.057,0.11,4.281,144.166,0.979
8.222419656,0.0683,0.0,2.7045,0.14686,0.246,558.0,24.063,7.13,4298.0,0.64,0.67,-0.06,4.66,323.899,2.57
4.585512,0.057,0.0,3.272,0.04012,0.03,1307.0,456.732,9.01,5786.0,1.491,1.164,0.36,4.157,787.07,2.95
31.33510017,0.2054,0.0,6.071,0.02649,0.706,666.0,46.53,7.51,6404.0,1.142,1.175,-0.06,4.393,1494.39,2.64976949
4.09639,0.0448,,1.6,0.052,0.72,791.0,,3.29,4629.0,0.67,0.71,-0.14,4.64,227.775,1.63
56.39879,0.3081,0.7471,4.069,0.746,0.17,605.1,22.3,731.0053361,6096.0,1.293,1.23,0.14,4.26,319.632,12.28504285
3.701212,0.048,0.0,2.476,0.03274,0.05,1087.0,329.801,3.78,5913.0,0.976,0.947,0.11,4.491,1357.01,1.77
7.397225,0.0559,,1.7,0.106,0.61,458.0,7.3,2.68,3433.0,0.426,0.428,-0.39,4.66,22.0337,1.52
10.864384,0.079,0.33,1.853,0.07487,0.65,495.0,6.5,3.22,3740.0,0.48,0.498,-0.08,4.774,167.0,1.61
6.963630199,0.07375,0.0,3.176,0.00681,0.0504,1298.0,229.4,1.01,6040.0,1.686,0.984,-0.44,3.978,468.771,1.0101666
28.579743,0.1752,0.034,4.162,0.10813969,0.63,600.0,21.0,8.0,5348.0,0.94,0.81,-0.15,4.3,53.6089,3.195
4.6594779,,,0.9011821,0.17251706,0.78,450.0,17.2664,7.7,3515.0,0.511,0.515,-0.2,4.73,43.1865,2.33
38.353037,0.2132,0.031,5.36,0.10290917,0.44,540.0,14.3,2.8,5348.0,0.94,0.81,-0.15,4.3,53.6089,2.995
6.203449,0.062,0.034,2.86,0.0469,0.455,932.0,162.1675,4.94,5660.0,0.877,0.869,-0.28,4.49,64.5978,2.071
4.147020258,0.0502,0.0,2.8969,0.36807,0.5,1258.0,690.13,39.1,5967.0,1.15,1.11,0.14,4.36,1019.65,7.0
4.84532,0.0523,0.0,3.061,,0.807,1177.0,480.0,211.99154747,5550.0,1.213,1.002,0.35,4.35,898.168,14.57167491
30.94191,0.1898,,5.28,0.068,0.11,615.0,28.6,6.8,5850.0,0.96,0.97,-0.14,4.398,316.819,2.5
3.573203671,0.0457,0.0,2.8837,0.2975,0.26,1210.0,1129.272,30.4,5834.0,1.11,1.09,0.24,4.39,1291.98,6.04
9.59070716,0.08679,0.0,3.4847,0.05548,0.838,1087.0,82.766,5.18,5431.0,0.85,0.88,-0.06,4.54,338.522,2.13
384.843,1.046,0.0,10.63,0.0199,0.69,265.0,1.1,3.29,5757.0,1.11,1.037,0.21,4.32,551.727,1.63
4.030467,0.04766,0.0,2.7761,0.2331,0.21,1089.0,235.0,116.00736855,5191.0,0.902,0.889,0.152,4.48,728.525,4.74139884
7.720860004,0.0761,0.0,1.5151,0.0265,0.5024,1021.0,257.14,9.91,5887.0,1.177,0.985,-0.06,4.29,602.218,3.12103321
58.034616,0.261,0.0,5.435,0.08071,0.19,486.0,5.57,4.23,5502.0,0.68,0.902,0.14,4.62,740.537,1.89
1.289588112,0.0224,0.0,1.4219,0.02896,0.3924,1448.0,944.873,2.73,5352.0,0.83,0.88,-0.04,4.55,911.269,1.46
9.77,0.07295,0.0,2.4764,0.18978,0.09,460.0,15.412,2.94,4082.0,0.61,0.66,-0.2,4.69,400.409,2.83
3.700619936,0.04647,0.0,5.408,0.00686,0.735,1329.0,1113.4,4.1,5423.0,1.404,0.915,0.08,4.105,686.461,1.85644292
24.2758007,0.16,0.0,4.59,0.07022,0.1881,580.0,26.68,7.18,5745.0,0.837,0.928,-0.2,4.559,1059.51,2.58158428
27.453592,0.1656,0.1,3.5353,0.01163,0.57,495.0,10.0,4.3,4909.0,0.724,0.803,0.11,4.6,107.796,0.861
5.286965,0.05521,0.1,2.591,0.0043,0.06,857.0,90.0,1.1,4909.0,0.724,0.803,0.11,4.6,107.796,0.46
47.0569043,0.2388,0.0,5.2722,0.15312,0.1277,411.0,7.917,10.9,5332.0,0.82,0.86,-0.07,4.55,852.888,3.3
11.07085,,,2.1937617,0.11497328,0.395,561.17,22.4219,6.6,4570.0,0.7007,0.69,-0.238,4.705,42.4061,2.4566
14.400974,0.117,0.0,3.906,0.03964,0.57,828.0,79.703,6.94,5812.0,1.238,1.038,0.07,4.269,686.723,2.53
2.53573424,0.03753,0.0,3.941,0.0068,0.054,1671.0,2144.553,1.98,5748.0,1.4,1.05,0.09,4.16,866.331,1.22
3.183792,0.041657,0.132,2.457,0.08502084,0.536,1317.0,80.884,16.137,5626.0,1.028,0.95,0.08,4.45,175.748,3.186
12.51616,0.11,0.0,4.838,0.0263,0.2,848.0,286.6,3.86,6209.0,1.048,1.088,-0.06,4.452,1856.28,1.79
11.008151,0.082,0.0,2.087,0.14625,0.51,488.0,16.26,5.18,4351.0,0.566,0.596,-0.17,4.721,468.094,2.13
3.9306,0.036,,1.291,0.0955,0.307,518.0,12.6,1.84,3505.0,0.337,0.342,-0.12,4.94,9.44181,1.2
20.729042,0.139,0.0,2.781,0.05617,0.57,530.0,16.029,4.74,5208.0,0.806,0.763,-0.14,4.545,466.735,2.02
8.7396758,0.0713,0.0,3.866,0.1431,0.957,577.0,26.17,10.8,4406.0,0.628,0.632,-0.24,4.643,701.255,3.29
14.7967458,0.12758,0.0,5.638,0.00561,0.32,874.0,181.591,0.871,6170.0,1.28,1.2,0.16,4.3,422.269,0.97
12.19148,0.119,,3.063,0.2275,0.253,660.0,44.7551,17.4,5190.0,0.831,0.87,0.1,4.54,130.46,4.34
3.554856915,0.04333,0.0,2.1026,0.02329,0.331,1157.0,814.925,3.82,6109.0,1.17,1.11,0.01,4.35,941.902,1.78
2.46236,0.036,0.0,1.768,0.01801,0.22,1326.0,833.469,3.26,5696.0,1.195,1.07,0.15,4.31,634.939,1.62
8.408878,0.076,0.0,3.485,0.07989,0.04,809.0,123.818,6.17,5544.0,0.841,0.782,-0.5221,4.506,513.206,2.36
17.66484,0.101,0.0,2.7644951,0.07363925,0.285,347.0,3.43,4.1,3759.0,0.44,0.44,-0.24,5.11,41.9176,1.25
7.127659798,0.0692,0.0,2.491,0.02292,0.1274,784.0,89.24,2.59,5159.0,0.821,0.868,0.16,4.548,584.136,1.4162338
2.930289,0.034,0.38,1.94,5.083,0.32,675.0,34.6,170.4,3586.0,0.52,0.54,-0.03,4.77,162.229,11.9
46.827915,0.22,0.0,2.084,0.15377,0.77,276.0,1.753,6.39,4486.0,0.571,0.593,-0.21,4.733,335.307,2.41
21.76129913,0.1399,0.0,1.2657,0.12358,0.916,486.0,13.3,8.92,4859.0,0.72,0.781,0.0,4.612,169.948,2.93295657
6.402513,0.0708,0.42,3.907,0.38149509,0.629,1388.0,602.0,96.30200732,6400.0,1.415,1.313,0.09,4.2,123.297,9.2362001
3.250619,0.04,0.0,2.135,0.02184,0.47,962.0,195.221,1.51,4997.0,0.763,0.825,0.17,4.582,406.529,1.13
11.763051,0.095,0.0,2.899,0.10373,0.17,616.0,34.746,6.04,4914.0,0.763,0.757,0.17,4.583,648.109,2.33
7.165219784,0.0765,0.0,1.6563,0.04338,0.955,1034.0,270.34,6.01,6174.0,1.103,1.162,0.1,4.417,1409.19,2.3249424
24.58721573,0.1552,0.0,3.8669,0.09075,0.1088,530.0,27.644,6.8,5327.0,0.82,0.86,-0.09,4.55,1113.65,2.5
10.08740044,0.0956,0.0,2.9884,0.05681,0.975,942.0,186.14,9.36,6310.0,1.095,1.143,-0.06,4.417,1276.29,3.01665969
6.49801525,0.06717,0.0,2.3167,0.01909,0.1732,1026.0,301.329,2.86,5782.0,1.06,1.0,0.02,4.38,567.806,1.5
1.682696148,0.0219,0.0,1.38,0.07038,0.1187,750.0,100.295,2.3,3712.0,0.48,0.51,-0.07,4.77,173.354,1.32
67.968015,0.313,0.0,7.802,0.03218,0.1,443.0,17.063,3.82,5666.0,0.992,0.876,-0.1975,4.39,813.192,1.78
4.138575,0.048,0.0,2.226,0.02677,0.02,954.0,158.188,2.13,5123.0,0.816,0.867,0.151,4.547,309.353,1.26
1.348335,0.0229,0.03,1.77,0.12063536,0.19,1441.0,714.0,11.0,4960.0,0.83,0.88,0.37,4.54,177.504,3.02
0.3219225,0.00709,0.06,0.629,0.0212,0.584,1365.0,579.0,0.633,3522.0,0.458,0.455,-0.01,4.776,9.41263,0.699
4.880974,0.0607,0.18,1.68,0.33855527,1.043,1387.0,602.0,122.6817651,6100.0,1.336,1.16,-0.15,4.2,344.045,18.10250383
33.8678531,0.1805,0.0,3.682,0.08948,0.6804,394.0,5.833,6.08,4673.0,0.72,0.77,0.12,4.62,611.115,2.34
12.0717249,0.0809,0.0,4.9738,0.07592,0.868,395.0,3.07,0.7,3705.0,0.5,0.51,-0.27,4.75,271.701,1.23
3.444714,0.03845,0.049,2.094,0.0645,0.25,775.0,60.3,6.69,3997.0,0.619,0.63,0.33,4.64,39.6345,1.69
4.8026345,0.03144,,1.186,0.407,0.23,404.0,4.41,2.75,3225.0,0.2106,0.1798,0.04,5.046,37.2209,1.466
8.52349648,0.0778,0.0,2.76,1.723,0.649,732.0,34.6952,220.0,5280.0,0.768,0.853,0.0,4.598,100.588,10.72
11.41928253,0.0795,0.0,3.9867,0.09156,0.799,419.0,14.442,4.66,4435.0,0.63,0.67,-0.17,4.66,440.426,2.0
4.08899022,0.05009,0.0,3.465,0.01579,0.374,1537.0,778.592,3.26,6160.0,1.23,1.15,0.03,4.32,1296.02,1.62
7.435583,,0.0,2.36,0.13106803,0.546,576.34,26.0758,9.2,4174.0,0.62,0.57,-0.58,4.62,27.9956,2.268
15.3889274,0.1186,0.021,4.382,0.0372,0.4512,803.0,95.0,7.5,5942.0,1.072,0.94,-0.315,4.35,101.321,2.275
50.819172,0.2573,0.08,3.7496,0.0582,0.8315,482.0,8.17,15.4,5368.0,0.85,0.88,-0.08,4.51,162.481,2.513
0.57130782,0.0132,0.0,1.599,0.02847,0.0766,2324.0,4656.0,7.54,5578.0,0.99,0.913,-0.005,4.408,244.59,1.606
13.340603,0.1078,0.18,3.7822,0.0903,0.2603,838.0,70.0,7.9,5578.0,0.99,0.913,-0.005,4.408,244.59,2.712
0.462929709,0.00624,0.0,0.5242,0.45073269,0.137,816.0,73.67,2.37,3080.0,0.189,0.151,0.22,5.07,14.8846,1.286
0.9479981,0.00978,0.0,0.6195,0.42005289,0.33,564.3,24.14,1.94,2960.0,0.182,0.139,-0.09,5.115,26.4927,1.212
4.98991,0.02961,0.0001,1.167,1.89314106,0.0367,324.4,2.637,7.16,2960.0,0.182,0.139,-0.09,5.115,26.4927,2.488
4.720219,0.0626,0.073,4.6416,0.555,0.504,1679.0,1112.85,753.2571,6274.0,1.925,1.464,0.119,4.034,200.492,15.647764
0.98934551,0.01544,0.0,0.9747,0.1323,0.4307,900.0,121.0,4.9,3550.0,0.45,0.502,0.23,4.833,35.2736,1.759
2.75485,0.01992,0.0011,0.9152,,0.27,395.5,5.83,0.91,2960.0,0.182,0.139,-0.09,5.115,26.4927,1.032
130.194,0.509,0.008,8.4534,1.15709,0.25,381.0,2.466,7.6,6018.0,0.94,1.04,0.05,4.51,783.831,9.7
85.312,0.384,0.014,2.702,0.19026,1.017,439.0,4.331,4.0,6018.0,0.94,1.04,0.05,4.51,783.831,9.0
45.154,0.2514,0.04,5.797,0.62087,0.251,543.0,10.119,2.1,6018.0,0.94,1.04,0.05,4.51,783.831,7.1
10.995039,0.0987,0.032,4.5655,0.088,0.4589,1033.0,180.0,5.9,5897.0,1.269,1.06,0.035,4.26,256.011,4.15
5.3518963,0.0565,0.134,3.2362,0.01184,0.6022,1293.0,490.0,5.35,5775.0,1.25,0.84,-0.46,4.25,200.394,1.837
18.7959228,0.1445,0.0493,7.258,0.24314,0.446,984.0,157.541,29.875,6150.0,1.606,1.129,-0.04,4.102,1455.57,8.059
6.45442009,0.0683,0.0,2.6772,0.05861,0.88,999.0,234.98,8.43,6092.0,0.943,1.016,-0.22,4.496,1060.77,2.83677238
288.822,1.0896,0.182,,,,,,69.92,5913.0,1.1618,1.0479,-0.07,4.3284,1800.82,8.564
21.869741,0.162,0.19,5.479,0.01152,0.71,790.0,112.128,1.27942148,6239.0,1.358,1.108,-0.16,4.247,237.401,1.58
9.139703,0.09103,0.18,3.0912936,0.03584158,0.808,1135.0,246.0,16.9,6146.0,1.264,1.204,0.14,4.3,129.804,2.87
49.276764,0.2149,0.0,3.696,0.11329,0.514,298.0,1.533,5.31,4075.0,0.6,0.62,-0.02,4.68,357.621,2.16
5.65377733,0.0626,0.0,1.9612,0.03668,0.3062,1020.0,409.917,5.99,6058.0,1.18,1.12,0.07,4.34,986.364,2.32
1.4468849,0.02359,,1.111,0.0532,0.785,1329.0,1452.18,15.2,5280.0,0.768,0.853,0.0,4.598,100.588,1.95
5.414654,0.058,0.03,2.77,0.49830756,0.31,907.0,112.0,20.31,4960.0,0.83,0.88,0.37,4.54,177.504,5.93
24.646729,0.1357,0.048,3.428,0.0822,0.14,371.8,3.17,2.68,3844.0,0.546,0.549,-0.157,4.704,44.0727,1.582
44.55603,0.2014,0.091,4.17,0.0782,0.24,305.2,1.44,2.2,3844.0,0.546,0.549,-0.157,4.704,44.0727,1.458
20.83424726,0.1483,0.0,4.0748,0.09884,0.256,595.0,24.507,8.35,5418.0,0.86,0.9,0.01,4.53,916.706,2.82
35.622233,0.2101,0.0,5.146,0.07787,0.261,523.0,18.751,11.2,5782.0,0.99,1.0,0.01,4.45,1058.72,3.35
190.323494,0.721,0.04,15.7,0.11417,0.81,426.0,7.8,50.9,5854.0,2.192,1.247,0.3261,3.895,338.732,8.18
22.250949,0.144,0.0,1.689,0.06187,0.94,539.0,20.01,6.62,5307.0,0.767,0.844,-0.24,4.572,969.0,2.46
3.792622,0.04041,0.054,1.773,2.444,0.7348,689.0,38.0,130.94530368,3747.0,0.588,0.612,0.425,4.686,138.367,10.60369574
10.64387,0.075,0.0,2.6991119,0.124,0.265,493.7,10.7276,5.738,3863.0,0.547,0.556,-0.19,4.78,30.6796,2.079
36.445171,0.182,0.0,4.153,0.11556,0.76,332.0,2.945,88.8775,4263.0,0.556,0.577,0.0,4.729,321.542,1.95
1.2436258,0.0213,0.03,1.19,0.179,0.52,1479.0,435.33,73.2,4985.0,0.808,0.837,0.11,4.49,165.105,3.46
2.029088,0.02037,0.0,0.725,0.1101,0.701,586.0,20.8,0.941,3300.0,0.2789,0.262,,5.0,12.4814,0.991
1.224866322,0.0219,0.0,1.7027,0.0196,0.67,1741.0,2174.33,1.46,5282.0,0.79,0.82,-0.19,4.57,852.0,1.12
16.141132,0.1237,0.23,2.1,0.036,0.38,804.0,69.7,10.4,5868.0,0.999,0.97,-0.12,4.47031,121.971,2.332
11.25402929,0.0991,0.0,4.679,0.04334,0.0292,888.0,151.77,5.27,5753.0,0.98,1.0,0.03,4.45,1354.46,2.15
6.414914,0.068,0.0,3.3,0.0121,0.08,1069.0,271.0,2.18,6003.0,1.178,0.929,-0.2159,4.31,349.549,1.28
2.46050993,0.0304,0.0,2.003,0.02768,0.03,969.0,208.54,1.76,4796.0,0.72,0.77,-0.03,4.62,875.523,1.18
61.0370117,0.31318,0.0,8.851,0.04375,0.0304,610.0,19.997,9.64,6167.0,1.23,1.14,0.01,4.32,1053.04,3.07
7.49556,0.07619,,3.5904,0.058,0.28,968.0,209.0,9.2,5867.0,1.058,1.02,0.04,4.39,269.183,2.58
6.2678399,0.06839,0.0,2.952024,0.026759,0.6465,1169.8,309.0,3.63,5998.0,1.17,1.07,0.09,4.43,18.2702,2.0189
17.0678997,0.1321,0.0,6.165,0.02624,0.106,769.0,82.56,5.85,6347.0,0.996,1.053,-0.34,4.464,1775.44,2.28642395
17.8999,0.1439,0.0,5.34,0.0771,0.34,971.0,96.0,14.2,6150.0,1.241,1.24,0.18,4.224,160.414,3.86
5.4588385,0.06519,0.0,3.726,0.123,0.24,1442.0,467.0,20.2,6150.0,1.241,1.24,0.18,4.224,160.414,4.74
47.1611696,0.262,0.0,4.059,0.08161,0.028,503.0,11.889,7.61,5665.0,0.94,0.97,0.01,4.48,1196.04,2.67
4.903321551,0.06011,0.0,2.8699,0.03425,0.72,1247.0,601.891,6.17,6123.0,1.27,1.18,0.13,4.3,685.599,2.36
1.480280042,0.0257,0.0,2.486,0.00605,0.77,1822.0,2597.27,1.59,5897.0,1.259,1.026,0.02,4.25,756.486,1.14651332
41.6855,0.241,0.0,,0.049,,546.0,,22.2481,5766.0,1.08,1.67,-0.15,4.5,179.461,2.57807
14.245648,0.10479,0.17,4.2336,0.1051,0.614,585.0,180.487,6.35,4930.0,0.742,0.761,-0.1,4.6,46.2122,2.4
2.757982666,0.0388,0.0,2.2906,0.02208,0.46,1332.0,788.501,4.58,6067.0,1.07,1.09,-0.03,4.42,543.375,1.98
133.3036741,0.4765,0.0,7.416,0.1199,0.0035,301.0,1.572,7.75,5176.0,0.8,0.84,-0.01,4.57,748.326,2.7
73.7578875,0.3259,0.0,2.69,0.18369,0.714,375.0,4.66,16.9,5029.0,0.93,0.847,0.48,4.429,595.331,4.28
10.590547,0.098,0.13,4.258,1.029,0.272,947.0,118.413,58.7,6000.0,1.051,1.146,0.09,4.44,130.855,10.3
41.05854,0.2163,,5.165,,0.337,489.0,,5.04,5266.0,0.788,0.798,-0.2,4.54,32.1585,2.601
20.060548,0.122,0.0,3.312,0.14947,0.11,401.0,4.03,4.86,4255.0,0.554,0.581,-0.51,4.73,428.018,2.05
9.20761013,0.08276,0.0,2.8892,0.12431,0.7434,972.0,69.2,10.8,5678.0,1.303,1.015,0.2,4.215,489.876,3.27870115
6.029301321,0.0585,0.0,1.5798,0.19127,0.89,678.0,45.528,9.64,4483.0,0.67,0.7,-0.05,4.64,534.788,3.07
6.14727918,0.0611,0.0,2.7627,0.01197,0.5,770.0,83.18,0.437,4868.0,0.74,0.79,-0.01,4.6,199.0,0.8
0.984940167,0.01824,0.0,1.9543,0.00814,0.847,2335.0,2775.0,0.566,5839.0,0.99,0.99,-0.07,4.45,717.555,0.86
191.2318,0.676,0.039,16.942,0.10612,0.579,403.0,4.656,6.4,5600.0,1.82,1.1,-0.17,3.96,1232.9,6.14
30.793091,0.1785,,4.8636,,0.113,533.0,,3.9,5266.0,0.788,0.798,-0.2,4.54,32.1585,1.94
13.673694,0.1039,,3.7044,,0.155,699.0,,6.3,5266.0,0.788,0.798,-0.2,4.54,32.1585,2.388
44.87020111,0.2529,0.0,4.199,0.06361,0.2951,536.0,19.5,9.8,6122.0,0.996,1.07,-0.1,4.471,1732.91,3.09935997
6.293099,,,1.9,,0.621,,,5.74,4213.0,0.675,0.87,-0.098,4.719,200.727,2.262
69.8956,0.32,0.0,5.276,0.05484,0.5146,442.0,5.33,7.05,5756.4,0.759,0.893,0.1064,4.538,758.3,2.55321772
7.305699922,0.0755533961,0.0,1.4228,0.02649,0.932,972.0,172.3,2.0,5622.0,1.045,1.078,0.35,4.34518,391.038,1.695
1.44259224,0.0284,0.0,3.0151,0.01745,0.673,2700.0,10171.005,7.08,7044.0,1.95,1.58,-0.01,4.05,573.0,2.56
20.678772,0.154,0.0,4.515,0.03239,0.5,749.0,74.36,6.21,5867.0,1.304,1.09,0.337,4.264,768.86,2.37
5.35227,0.0618,0.33,2.39,1.02,0.825,,,170.032,5650.0,1.19,1.098,0.19,4.36,732.409,13.11
1.22621732,0.0218,0.0,2.1486,0.00561,0.005,2024.0,3973.86,0.59,6011.0,1.12,1.09,0.03,4.38,682.882,0.87
4.378081,0.0579,0.045,8.4203321,0.16043825,0.605,1162.08,430.9826,304.1617855,4974.0,3.52,1.36,0.205,3.39,455.82,15.10970598
308.5471,0.93416,0.0,18.464,0.05868,0.022,330.0,4.786,11.8,6431.0,1.51,1.31,0.03,4.2,966.801,3.46
13.33668,0.112,0.112,4.384,0.821,,860.0,69.8726,2955.8041851,5651.0,1.102,1.041,0.3,4.371,508.686,10.42435205
59.87756,0.24861,0.25,4.845,0.13848,0.29,273.0,1.69,5.27,4017.0,0.62,0.635,0.03,4.67,335.079,2.15
12.794585,0.088,0.0,3.45,0.08167,0.41,455.0,16.625,2.96,4096.0,0.534,0.654,-0.12,4.732,388.63,1.53
5.19492202,0.064,0.0,3.148,0.02729,0.1578,1238.0,699.644,5.22,6060.0,1.15,1.11,0.03,4.36,2163.9,2.14
4.0337142,0.0613,0.341,4.044,0.2969,0.32,2290.0,1910.26,7024.0077947,7700.0,2.3,1.86,-0.01,3.982,515.603,13.67495645
7.18585,0.073,0.0,4.2542613,1.11924995,,1100.0,210.609,203.41018048,5831.0,1.119,1.007,0.06,4.344,438.842,11.2089807
20.17202,0.141,0.0,3.108,0.53681,0.02,564.0,21.409,45.7,5274.0,1.094,0.811,0.18,4.321,574.228,7.68
3.222969273,0.04078,0.0,2.8575,0.02327,0.0347,1239.0,535.188,3.78,5928.0,1.08,1.06,0.04,4.4,860.391,1.77
6.412515037,0.0685,0.0,5.3087,0.11564,0.679,1069.0,270.162,12.9,5820.0,1.01,1.0,-0.02,4.43,946.683,3.64
13.297004,0.093,0.0,3.277,0.02197,0.18,515.0,16.64,0.566,4498.0,0.586,0.635,0.0,4.69,425.0,0.86
6.9913086,0.0679,0.0,2.2124,0.05554,0.8508,716.0,54.109,4.98,4836.0,0.73,0.78,-0.01,4.6,487.525,2.08
4.49876092,0.0542,0.0,3.8308,0.046,0.834,1133.0,575.644,6.35,5887.0,1.05,1.03,0.01,4.41,1508.71,2.4
0.381073,0.009,0.19,0.5856,0.624,0.65,2100.0,114.0,444.962,3879.0,0.58,0.595292,0.032,4.7,243.836,2.3
196.435224,0.6421,0.0,8.602,0.06319,0.48,324.0,1.29,4.94,5422.0,0.86,0.9,0.01,4.53,831.287,2.07
3.035190105,0.0394,0.0,0.6182,0.06969,0.965,1143.0,403.53,6.75,5505.0,0.873,0.887,-0.04,4.503,1002.12,2.48812698
29.3494775,0.1715,0.0,4.207,0.06592,0.4344,451.0,8.88,4.78,4919.0,0.74,0.79,-0.04,4.6,679.106,2.03
55.188023,0.3,0.0,9.167,0.03594,0.05,568.0,33.948,6.9,6169.0,1.343,1.191,0.04,4.254,930.32,2.52
1.19655156,0.0205,0.0,1.1901,0.02246,0.2353,1414.0,974.089,1.98,5166.0,0.8,0.84,0.01,4.57,962.459,1.22
14.844387,0.134,0.0,5.626,0.01779,0.31,1092.0,274.318,6.94,6620.0,1.85,1.65,0.06,4.063,808.762,2.53
232.040326,0.7326,0.0,12.235,0.02908,0.61,327.0,2.71,4.86,5903.0,1.156,0.974,-0.1,4.3,778.654,2.05
18.01621096,0.1369,0.0,3.996,0.04995,0.023,768.0,41.185,6.66,5884.0,1.08,1.06,0.06,4.39,1014.62,2.47
3.5852313,0.04628,0.17,2.9352,1.69092285,0.392,1367.0,583.0,189.42573057,5804.0,1.105,1.028,0.003,4.363,511.388,14.84069045
2.60544751,0.04042,0.304,4.3656,1.11399639,0.464,1818.0,1821.0,176.07693748,5872.0,1.666,1.297,0.208,4.1079,738.519,18.05766791
4.580358,0.051,0.0,2.142,0.03083,0.26,889.0,303.62,17.4,5105.0,0.801,0.91,0.2385,4.556,487.675,1.4
1.6284279,0.0267,0.038,2.3688,1.18,0.31,1706.0,1559.4762,502.15,5700.0,1.029,0.96,0.09,4.395,309.137,12.184
2.84938,0.04574,0.0,3.753,0.76,0.59,2190.0,5502.8822,400.4658,6900.0,1.57,0.77,-0.03,4.35,364.411,14.90797
6.178196,0.067,0.0,3.264,0.01019,0.26,1082.0,284.8,1.92,6003.0,1.178,0.929,-0.2159,4.31,349.549,1.21
2.237492751,0.0325,0.0,1.8241,0.03309,0.961,1160.0,336.673,2.33,5099.0,0.76,0.8,-0.12,4.58,591.776,1.33
13.060855,0.108,0.0,3.278,0.02366,0.76,734.0,50.169,2.42,5841.0,0.881,0.816,-0.3382,4.541,613.129,1.36
17.028937,0.127,0.0,4.732,0.05689,0.34,755.0,65.359,7.41,5835.0,1.103,0.97,-0.11,4.326,1280.25,2.63
5.49548621,0.05838,0.0,2.511,0.00858,0.1232,1293.0,583.523,0.779,5618.0,0.95,0.97,0.08,4.47,946.602,0.94
16.332995,0.118,0.0,2.122,0.0289,0.12,591.0,26.373,2.07,5212.0,0.781,0.798,-0.11,4.566,252.733,1.24
51.111,0.287,0.616,11.233,0.01415,0.27,492.0,54.3,34.9,4965.0,2.861,1.227,0.22,3.58,443.03,3.268
3.951623,0.0499,0.0,1.853,0.7628,0.87,1193.0,,182.43442,5772.0,1.1,1.06,0.25,4.38,334.037,11.19
17.340824,0.134,0.0,3.425,0.01708,0.17,755.0,76.86,2.83,5886.0,1.145,1.08,0.0844,4.35,845.97,1.49
1.35413379,0.02317,0.0,2.0688,2.00395507,0.271,1550.0,950.0563,435.42491759,5227.0,0.876,0.904,0.15,4.51,341.925,12.57647635
4.622654,,,2.7,,0.434,,,2.45,5543.0,0.566,0.757,-0.543,4.973,507.94,1.371
15.0337,0.1182,0.0,3.272,0.03749,0.01,669.0,47.32,4.17,5429.0,0.900327,0.95,0.16,4.50699,733.143,1.87477762
374.876239,1.0525,0.0,11.328,0.09265,0.8922,282.0,0.544,10.3,5474.0,0.89,0.92,0.02,4.51,617.339,3.19
5.766193,0.064,0.0,3.846,0.03648,0.0,1159.0,448.102,6.08,6050.0,1.216,0.982,-0.08,4.299,1027.45,2.34
3.648103,0.0395,0.0,1.8264,0.0361,0.23,715.94,73.0,1.86,4236.0,0.58,0.62,-0.29,4.719,29.661,1.13
4.631296,0.0549,0.055,1.435,0.486,0.958,1211.0,225.013,70.55790635,5690.0,1.06,1.06,0.07,4.37,177.118,11.09689089
4.841962,0.0546,0.0,2.2428837,0.03186638,0.73,1000.0,183.6642,6.4,5464.0,0.83,0.913,0.04,4.64,147.476,1.6
5.24972541,0.05554,0.0,2.766,0.00619,0.48,954.0,189.343,0.219,5555.0,0.87,0.9,-0.13,4.52,404.542,0.66
3.036179,0.0283,0.0,0.9432,0.18205,0.025,520.0,6.705,1.41,3359.0,0.24,0.22,-0.3,5.03245,96.339,1.11
7.824904,0.065,0.0,2.217,0.057,0.24,555.0,14.2,2.18,4255.0,0.554,0.581,-0.51,4.73,428.018,1.28
77.611455,0.3474,0.082,7.2566,0.08275,0.588,430.0,5.71,13.4,5495.0,0.9164,0.929,0.07,4.446,282.563,2.606
3.709870645,0.0471,0.0,3.1,0.20203,0.1237,1151.0,472.236,16.0,5513.0,0.88,0.92,-0.01,4.52,1277.33,4.13
4.60358,0.05071,0.0,2.3499,0.04498,0.21,810.0,108.042,6.15,4782.0,0.73,0.79,0.18,4.605,208.369,1.48
11.96409988,0.0997,0.0,4.526,0.07842,0.0552,808.0,100.96,12.2,5903.0,0.961,0.922,-0.26,4.437,1404.38,3.53387773
8.10501635,0.0805,0.0,4.443,0.02099,0.2763,959.0,483.262,3.22,5866.0,1.06,1.04,0.03,4.4,2013.27,1.61
7.05395,0.06903,0.0,1.7244,0.05211,0.92,840.0,113.3,6.04,5411.49,0.872088,0.94,-0.03,4.53007,516.09,2.33153725
6.49424,0.0615,,1.7,0.11,0.41,688.0,,5.43,4667.0,0.69,0.74,-0.08,4.63,258.113,2.19
10.8772,0.056,,3.65,0.18272189,0.714,429.43,8.3169,6.46,3770.2,0.527,0.557,0.022,4.61929,46.0891,2.426
83.9997,0.312,,5.04,0.18565913,0.373,217.26,0.5449,5.34,3770.2,0.527,0.557,0.022,4.61929,46.0891,2.167
1.5227591,0.01808,0.008,1.231,5.806,0.29,694.0,42.5,86.7,3260.0,0.358,0.34,0.27,4.86,80.1423,8.7
12.02289963,0.1016,0.0,1.2667,0.07786,1.1579,776.0,85.78,14.5,5982.0,0.879,0.967,-0.28,4.535,1589.81,3.90012032
5.03728015,0.06321,0.0,1.8848,0.00784,0.1647,1321.0,813.524,2.04,6417.0,1.41,1.3,0.13,4.25,530.658,1.23
3.694284,0.0327,0.039,1.23,0.08328226,0.44,510.9,13.5,1.4,3490.0,0.329,0.345,,4.89044,19.8782,0.941
3.484129906,0.0453,0.0,1.356,0.01616,0.03,1132.0,389.41,2.77,5696.0,0.921,1.022,0.14,4.519,1028.37,1.47418907
5.101379454,0.058,0.0,2.5932,0.08946,0.027,1050.0,233.621,10.6,5836.0,1.06,1.04,0.09,4.4,1056.36,3.24
24.73723,0.0946,0.043,2.15,0.538,0.23,226.0,0.43,5.6,3096.0,0.2159,0.1844,-0.15,5.041,14.9861,1.73
3.77794,0.027,0.05,1.13,0.29,0.09,422.0,5.3,1.91,3096.0,0.2159,0.1844,-0.15,5.041,14.9861,1.272
0.683684256,0.01406,0.0,0.9993,0.02856,0.6331,2023.0,1391.4,2.57,4976.0,0.76,0.81,0.02,4.59,541.189,1.41
14.37457351,0.11287,0.0,4.782,0.03358,0.035,779.0,83.427,4.42,5817.0,1.05,1.01,0.0,4.4,649.65,1.94
7.44628,0.0534,0.14,2.021,0.40457242,0.39,435.0,6.0,5.4,3422.0,0.372,0.368,-0.19,4.68,30.0346,2.52
4.9652229,0.04,0.036,1.0,0.06330581,0.76,462.95,9.1,0.907,3490.0,0.329,0.345,,4.89044,19.8782,0.981
11.32972,0.1,0.0,3.992,0.01743,0.34,855.0,121.816,33.9,5821.0,1.114,1.06,0.08,4.358,703.302,1.44
12.00096042,0.0906,0.0,3.433,0.04801,0.595,632.0,37.81,4.19,5194.0,0.82,0.87,0.09,4.55,913.65,1.88
3.42064689,0.0426,0.0,1.767,0.03568,0.92,1129.0,382.68,5.77,5370.0,0.966,0.877,0.14,4.411,,2.27
0.84742346,0.0171,0.0,0.8769615,0.04243933,0.82,1400.0,1876.1315,11.1,5464.0,0.83,0.913,0.04,4.64,147.476,1.8
100.8274113,0.4029,0.0,8.281,0.17788,0.5291,364.0,3.986,13.8,5403.0,0.85,0.89,0.0,4.54,1001.68,3.8
20.03479958,0.15865,0.0,6.627,0.01244,0.3312,967.0,216.2,8.72,6120.0,2.0,1.251,0.02,3.934,928.989,2.89459458
9.42887179,0.08742,0.0,4.4123,0.05654,0.011,1163.0,255.74,9.64,6160.0,1.23,1.15,0.03,4.32,1296.02,3.07
14.53244172,0.1083,0.0,3.1732,0.14263,0.1427,664.0,33.091,9.96,5350.0,0.84,0.89,0.02,4.54,550.383,3.13
64.5949,0.327,0.021,8.943,0.424,0.68,636.0,70.9731,743.71847238,5802.0,1.7,1.11,0.1,4.03,296.271,11.54525012
4.850180149,0.05975,0.0,5.676,0.00645,0.2278,1098.0,724.2,3.02,6032.0,0.973,1.055,-0.06,4.485,1004.55,1.54869189
6.2574,0.0669,0.11,3.4880319,0.0813,0.15,1062.0,232.392,6.32,5770.0,0.968,1.022,0.07,4.47,84.5362,2.879
21.38521506,0.14078,0.0,4.0311,0.06694,0.518,574.0,27.223,6.21,5522.0,0.87,0.92,-0.04,4.53,509.408,2.37
10.61340046,0.0957,0.0,0.9829,0.01502,0.3418,987.0,242.6,4.92,5865.0,1.388,1.023,0.0,4.163,627.171,2.06512018
11.197259,0.0903,0.2,3.379,0.1301,0.279,686.0,36.9,7.6,4869.0,0.77,0.776,-0.09,4.51,59.7117,2.94
3.9791,0.051,0.0,,1.04,,1550.0,,320.995,5924.0,1.14,1.14,0.37,4.47,2501.75,12.666
59.980627,0.312,0.0,6.582,0.02824,0.27,568.0,22.234,5.27,6108.0,1.284,1.076,-0.031,4.273,891.462,2.15
0.567857136,0.01228,0.0,0.9869,0.03348,0.4563,1848.0,1835.159,2.89,5039.0,0.77,0.81,-0.02,4.58,575.322,1.51
6.252972,0.062,0.0,2.64,0.10369,0.11,823.0,76.217,5.48,5120.0,0.728,0.808,0.06,4.633,826.265,2.2
8.483,0.0784,0.0,2.485,0.00691,0.0558,879.0,149.3,0.799,5731.43,0.996208,1.023,-0.1455,4.45124,294.122,0.94678642
14.453895,,,6.792,0.0298,0.284,,,5.66,5822.0,1.543,1.119,-0.091,4.107,696.1,2.243
10.33974,0.08482,0.0,3.041,0.102,0.379,777.0,55.9,5.0,5378.0,0.732,0.761,-0.44,4.6,832.532,2.55
7.2385854,0.07107,0.0,3.1069,0.02758,0.147,816.0,103.147,2.48,5444.0,0.84,0.93,0.01,4.55,372.05,1.38
15.36262753,0.1126,0.0,3.657,0.04683,0.25,608.0,32.23,4.42,4919.0,0.74,0.78,-0.06,4.6,618.0,1.94
14.362565,0.1054,,4.032,0.045,0.3,621.0,24.78,3.41,4929.0,0.719,0.758,-0.07,4.604,68.0473,1.664
2.343231895,0.0315,0.0,2.0391,0.02465,0.047,1054.0,292.31,1.76,4940.0,0.77,0.83,0.15,4.58,513.103,1.18
3.3704181,0.0446,0.0,4.888,0.561,,1783.0,1680.0,188.47224535,5700.0,1.77,1.07,0.0,4.05,942.122,15.64773706
8.67900242,0.083,0.0,2.835,0.03016,0.2348,949.0,142.545,3.97,5771.0,0.98,0.99,-0.02,4.45,1054.87,1.82
7.768915,0.0632,,2.06,0.097,0.46,520.62,12.23,3.97,3710.0,0.535,0.559,0.27,4.729,52.9328,1.821
3.0766891,0.02267,0.17,1.2491751,1.88485607,0.09,449.0,6.69,15.6,3100.0,0.204,0.166,-0.26,5.041,55.419,2.86
7.33683936,0.0724,0.0,3.512,0.03258,0.018,875.0,160.457,3.33,5557.0,0.89,0.92,-0.06,4.51,1047.84,1.64
158.6853308,0.54494,0.0,11.677,0.08983,0.8756,350.0,3.987,10.4,5867.0,1.01,0.98,-0.14,4.42,446.844,3.21
4.51436633,0.055,0.0,2.956,0.02307,0.118,1231.0,454.604,4.16,6035.0,1.22,1.15,0.14,4.32,1201.4,1.87
3.179262921,0.04166,0.0,1.0248,0.02064,0.2924,1101.0,397.252,1.92,5486.0,0.85,0.94,0.01,4.55,278.987,1.21
1.92279873,0.029,0.0,1.9191,0.02597,0.1332,1215.0,496.82,2.27,5191.0,0.8,0.84,-0.03,4.56,614.571,1.31
8.112245,0.0567,0.36,3.127852,0.47230724,0.21,426.0,5.45,19.5,3412.0,0.38,0.372,0.37,4.849,73.3345,2.749
271.9445,0.847,0.117,11.45,0.04831689,0.33,268.57,1.56,123.0,5800.0,1.05,1.1,0.2379,4.02198,95.2016,3.2
15.665323,0.1001,0.089,2.932,0.1177,0.35,420.0,4.9,6.9,3725.0,0.547,0.542,-0.21,4.8,27.1701,2.047
0.8574347,0.010777,,0.65,0.1517,0.45,707.0,41.5,4.0,3075.0,0.242,0.23,0.3,5.01,23.1008,1.03
1.3888725,0.01541,,0.7,0.1531,0.608,634.0,26.8,1.76,3200.0,0.259,0.254,0.11,5.01,31.4566,1.18
17.31716585,0.1054,0.0,3.1599,0.1473,0.4912,454.0,24.631,9.8,5009.0,0.75,0.79,-0.11,4.59,721.027,3.1
127.8338098,0.56004,0.0,10.8773,0.19185,0.8869,554.0,16.228,30.8,6260.0,1.36,1.23,0.09,4.25,1387.2,6.09
1.269090374,0.02156,0.0,1.5736,0.03409,0.6,1331.0,889.888,3.75,5043.0,0.77,0.82,-0.01,4.58,399.034,1.76
10.506825646,0.0895,0.0,3.7432,1.33555,0.407,668.0,50.563,74.5,5286.0,0.85,0.9,0.16,4.54,983.697,10.24
14.5539759,0.1256,0.0,6.254,0.03197,0.863,939.0,140.057,9.53,6383.0,1.47,1.3,0.06,4.21,1266.34,3.05
4.24153639,0.0491,0.0,3.115,0.01881,0.257,1177.0,617.407,2.45,5745.0,0.97,0.98,0.0,4.46,985.699,1.37
1.022678821,0.019,0.0,1.3395,0.01292,0.6,1734.0,3345.453,2.42,6014.0,1.13,1.08,0.02,4.37,1068.68,1.36
41.805985,0.2329,0.0,6.132,0.04947,0.875,533.0,19.02,5.77,5860.0,1.04,1.04,0.06,4.42,1073.48,2.27
8.57503552,0.09473,0.0,8.545,0.01606,0.351,1374.0,979.136,15.8,5028.0,3.42,1.25,-0.03,3.46,1259.28,4.11
13.73469807,0.101,0.0,2.3574,0.07464,0.0596,634.0,38.274,5.39,5208.0,0.8,0.84,-0.05,4.56,703.168,2.18
0.928310498,0.0159,0.0,1.3,0.03762,0.181,1115.0,493.553,2.18,4248.0,0.62,0.65,-0.09,4.67,503.568,1.28
12.28,0.08551,0.021,2.7096,0.27947,0.475,431.0,7.6,5.12,3914.0,0.512,0.544,-0.13,4.68,335.307,2.78
8.70419416,0.08087,0.0,2.9741,0.10749,0.5,748.0,84.406,9.59,5322.0,0.85,0.89,0.08,4.54,792.336,3.06
4.28686431,0.0535,0.0,4.4231,0.13219,0.8303,1217.0,859.509,20.4,6125.0,1.22,1.15,0.05,4.33,1591.04,4.77
10.11716531,0.1024,0.0,4.939,0.02887,0.848,1163.0,421.917,12.3,6761.0,1.71,1.45,0.02,4.13,1482.74,3.55
23.58447697,0.15911,0.0,5.464,0.04292,0.859,730.0,78.59,7.75,5747.0,1.24,1.01,0.05,4.25,985.041,2.7
10.045569313,0.09036,0.0,3.1986,0.06739,0.68,766.0,90.629,5.82,5668.0,0.87,0.96,-0.1,4.54,382.136,2.28
17.2559,0.10725,0.013,2.0371,0.20548,0.828,385.0,4.82,6.2,3914.0,0.512,0.544,-0.13,4.68,335.307,2.72
5.660672935,0.06092,0.0,4.6722,0.07378,0.663,1115.0,671.064,9.59,5785.0,1.08,0.99,-0.01,4.36,841.496,3.06
11.3910025,0.092,0.0,2.297,0.04486,0.0917,618.0,40.589,3.86,5108.0,0.78,0.82,-0.03,4.58,784.56,1.79
4.59725385,0.055,0.0,2.823,0.0313,0.3034,1105.0,350.597,4.38,5803.0,1.04,1.03,0.1,4.42,1458.59,1.93
51.92927591,0.2742,0.0,5.3083,0.34258,0.1656,574.0,23.602,27.0,5602.0,0.91,0.93,-0.06,4.5,2046.68,5.63
20.74028413,0.17012,0.0,10.3853,0.10233,0.7495,798.0,279.787,16.4,6117.21,2.21562,1.15,0.1436,3.80778,1594.74,4.2
13.0729,0.10896,0.0,3.0401,0.07055,0.8052,739.0,44.0,3.64,5367.0,0.814,0.907,0.19,4.46,575.581,2.2
8.508324398,0.08361,0.0,3.5033,0.06521,0.72,909.0,193.68,7.18,5813.0,1.03,1.02,0.03,4.42,807.48,2.58
8.09219642,0.07684,0.0,5.455,0.00653,0.799,1089.0,413.603,1.55,5770.0,1.16,0.99,0.0,4.3,361.896,1.14
31.5922646,0.22111,0.0,13.84,0.01451,0.283,688.0,194.385,3.12,5674.0,1.32,1.0,0.07,4.19,1303.72,1.58
5.62153941,0.05984,0.0,2.3638,0.01723,0.0812,992.0,266.249,2.15,5732.0,0.97,0.99,0.02,4.46,593.54,1.27
7.09714223,0.0533,0.0,2.244,0.03695,0.05,425.0,15.028,0.721,3804.0,0.44,0.46,-0.43,4.81,283.155,0.92
50.28638192,0.26721,0.0,6.3668,0.11193,0.1226,543.0,20.882,13.8,5919.0,1.12,1.05,0.02,4.36,639.771,3.79
40.0587473,0.2265,0.0,5.533,0.12394,0.952,489.0,13.508,12.3,5507.0,0.9,0.93,0.06,4.5,780.585,3.54
11.29695137,0.1033,0.0,4.583,0.01985,0.852,907.0,160.18,3.53,6037.0,1.11,1.07,-0.02,4.38,1122.0,1.7
6.88337562,0.0678,0.0,2.2442,0.04584,0.075,857.0,247.47,5.1,5698.0,0.97,0.98,0.03,4.46,1073.76,2.11
11.11990653,0.0911,0.0,3.3296,0.06363,0.68,649.0,38.71,4.94,5240.0,0.79,0.87,-0.04,4.58,367.0,2.07
27.52197994,0.1445,0.0,4.0704,0.23128,0.1244,314.0,3.641,7.27,3931.0,0.53,0.55,-0.19,4.73,283.41,2.6
5.632528453,0.0598,0.0,2.153,0.06539,0.455,844.0,148.456,5.35,5312.0,0.83,0.87,0.0,4.55,556.726,2.17
9.93143556,0.0915,0.0,5.659,0.03986,0.792,931.0,286.026,5.31,5849.0,1.04,1.04,0.06,4.42,1780.38,2.16
6.91134416,0.07586,0.0,5.6555,0.02017,0.26,1086.0,794.778,3.53,5695.0,1.2,1.01,0.15,4.28,1378.47,1.7
11.13125132,0.10036,0.0,4.1751,0.02112,0.67,952.0,299.97,5.1,5839.0,1.38,1.19,0.34,4.23,931.192,2.11
6.40087618,0.07317,0.0,2.5038,0.01408,0.0158,1109.0,962.264,2.24,5475.0,1.09,0.93,0.09,4.33,817.584,1.3
19.590025,0.1367,0.058,4.2,0.1038,0.426,636.0,35.0031,9.71,5660.0,0.877,0.869,-0.28,4.49,64.5978,3.083
14.175685,0.1074,0.055,3.85,0.0705,0.423,708.0,53.8795,6.98,5660.0,0.877,0.869,-0.28,4.49,64.5978,2.539
1.8587033,0.0274,0.0,2.059,0.0396,0.16,1474.0,786.0,4.7,5490.0,0.85,0.93,0.02,4.53,123.739,1.84
5.747725012,0.054,0.0,1.8222,0.08201,0.5717,641.0,41.674,4.31,4346.0,0.65,0.68,-0.03,4.65,274.767,1.91
18.82747265,0.1353,0.0,4.732,0.10062,0.025,632.0,45.278,8.3,5373.0,0.83,0.87,-0.08,4.54,1232.29,2.81
19.80792185,0.1399,0.0,3.524,0.06163,0.1913,624.0,35.276,6.71,5579.0,0.91,0.94,0.0,4.5,1127.12,2.48
0.927859821,0.01668,0.0,1.4398,0.05153,0.29,1361.0,772.498,4.82,4913.0,0.75,0.79,0.01,4.59,431.051,2.04
8.73485836,0.0843,0.0,4.444,0.02707,0.293,890.0,339.296,3.97,5906.0,1.05,1.03,0.01,4.42,1393.85,1.82
3.749100061,0.04682,0.0,1.8438,0.01826,0.1203,1160.0,490.707,2.63,5850.0,1.01,1.04,0.05,4.45,547.026,1.43
2.613020856,0.0298,0.0,1.93,0.05997,0.8551,713.0,89.652,3.46,4128.0,0.57,0.59,-0.24,4.7,431.776,1.68
2.053879821,0.0313,0.0,2.1809,0.05467,0.891,1523.0,890.333,7.22,5830.0,1.03,1.02,0.05,4.42,1165.66,2.59
7.1027268,0.0576,,2.7542652,0.13177158,0.17,482.0,12.9,5.2,3681.0,0.512,0.514,0.07,4.7266,64.2308,1.92
161.5280101,0.5874,0.0,3.6935,0.46536,0.0287,366.0,9.365,35.7,5694.0,0.94,0.96,-0.05,4.48,2251.03,6.64
11.0895723,0.1082,0.0,6.3412,0.01481,0.768,1422.0,451.177,10.2,6403.0,2.42,1.57,0.04,3.87,917.804,3.17
124.4198398,0.479,0.0,3.6612,0.4107,0.0143,416.0,1.648,23.8,5324.0,0.81,0.85,-0.09,4.56,998.961,5.23
1.21956827,0.0204,0.0,1.5672,0.04949,0.1661,1252.0,588.95,3.19,4848.0,0.73,0.78,-0.02,4.6,532.726,1.6
37.8144514,0.2316,0.0,8.5785,0.04125,0.9052,626.0,46.303,7.13,6058.0,1.31,1.22,0.29,4.29,944.561,2.57
4.31361,0.0471,0.13,1.38,1.12718587,0.651,885.0,132.5691,56.64,4802.0,0.69,0.75,0.15,4.14,134.655,6.81
1.266938,0.0249,0.09,1.85,0.258,0.56,2155.0,2579.61,68.2,6177.0,1.31,1.29,0.35,4.37,485.219,7.16
18.92540274,0.1694,0.0,3.7409,0.06409,0.826,1171.0,27.736,5.9,5598.0,0.92,0.94,-0.01,4.49,930.457,2.3
7.42608998,0.0778,0.0,3.7017,0.04433,0.64,1037.0,241.128,8.85,6186.0,1.28,1.19,0.06,4.3,1169.57,2.92
4.240122,0.051204842,,2.388,0.0842,,1164.91,254.588,7.03,5670.0,0.93,0.99665,0.09,4.5,43.1406,2.54811
12.06222443,0.09735,0.0,2.1007,0.03032,0.392,750.0,62.955,3.26,5594.0,0.93,0.94,0.0,4.48,449.964,1.62
27.6655226,0.1754,0.0,6.508,0.04692,0.51,641.0,48.947,6.48,5901.0,1.06,1.05,0.04,4.41,1076.28,2.43
13.32388301,0.0862,0.0,3.2768,0.07813,0.073,378.0,11.845,4.74,4554.0,0.66,0.7,-0.13,4.64,633.937,2.02
7.1396941,0.075,0.0,3.929,0.05129,0.869,965.0,256.828,4.9,5596.0,0.9,0.92,-0.08,4.5,1688.12,2.06
15.611,0.131,0.03,3.304,0.05204898,0.783,911.0,111.9729,10.48,6252.6,1.22,1.2,0.143,4.372,35.26,2.884
0.3994445,0.008332353,,0.8028796,0.03308174,,1362.93,571.5072,0.689,3702.0,0.485948,0.483901,,4.75,18.1037,0.9086617
4.2889731,0.0656,0.066,3.086,0.649,0.9099,2001.0,646.761,3932.0,6935.0,2.35,1.41,-0.34,3.85,589.423,21.59
2.534756273,0.0339,0.0,4.4149,0.0463,0.673,1218.0,519.95,8.25,5998.0,1.11,1.07,0.02,4.37,2004.72,2.8
7.23400469,0.07196,0.0,2.1648,0.04924,0.032,831.0,119.603,4.62,5473.0,0.87,0.93,0.04,4.53,552.058,1.99
11.55102504,0.09993,0.0,3.714,0.04028,0.914,845.0,170.137,7.61,5935.0,1.06,1.05,0.01,4.41,961.468,2.67
60.0855082,0.3148,0.0,6.929,0.04322,0.79,485.0,30.997,6.17,6052.0,1.08,1.13,0.12,4.42,714.437,2.36
21.3587621,0.1539,0.0,5.905,0.06401,0.847,691.0,54.869,8.15,5857.0,1.02,1.01,-0.01,4.43,1259.46,2.78
40.4287755,0.2244,0.0,7.553,0.09161,0.89,494.0,17.234,12.7,5664.0,0.95,0.97,0.02,4.47,939.455,3.61
10.29672521,0.1009,0.0,2.7238,0.10118,0.298,1129.0,58.9,4.9,4687.0,0.61,0.63,-0.52,4.67,991.618,2.06
2.364369015,0.03752,0.0,3.2852,0.00288,0.812,1752.0,2108.073,0.477,6230.0,1.5,1.26,0.12,4.19,400.289,0.82
13.5225106,0.1073,0.0,3.8931,0.06697,0.8,652.0,43.916,5.14,5427.0,0.84,0.93,0.03,4.55,454.626,2.12
9.97683705,0.0849,0.0,3.419,0.09922,0.899,802.0,83.494,7.56,5461.0,0.87,0.91,-0.02,4.52,771.494,2.66
2.617032536,0.0331,0.0,2.0451,0.04994,0.146,996.0,196.127,3.29,4751.0,0.71,0.75,-0.07,4.62,646.667,1.63
14.16399294,0.1057,0.0,4.3241,0.07281,0.027,694.0,46.362,6.76,5570.0,0.92,0.93,-0.01,4.49,586.137,2.49
4.59489604,0.05655,0.0,2.853,0.0109,0.69,1319.0,844.751,2.86,6173.0,1.38,1.21,0.08,4.24,849.036,1.5
4.40966548,0.05454,0.0,2.1066,0.01327,0.0419,1192.0,568.378,2.48,5877.0,1.15,1.1,0.22,4.36,753.723,1.38
25.96200249,0.18395,0.0,6.2696,0.0368,0.772,850.0,87.457,11.5,6675.0,1.73,1.43,0.04,4.12,829.343,3.4
110.96546,0.3679,0.0,12.841,0.12832,0.858,239.0,0.77,7.85,4644.0,0.69,0.73,-0.06,4.63,491.997,2.72
5.83376092,0.0687,0.0,3.8589,0.05329,0.2653,1143.0,464.765,6.35,5754.0,1.0,1.0,0.04,4.44,2022.9,2.4
15.59461874,0.122,0.0,5.0872,0.08677,0.6,718.0,117.828,8.75,5678.0,0.95,0.96,-0.03,4.46,1499.66,2.9
6.93366476,0.07592,0.0,4.322,0.01196,0.803,1104.0,390.636,2.48,5988.0,1.26,1.11,0.07,4.28,1000.28,1.38
32.2968798,0.1885,0.0,4.617,0.04722,0.207,503.0,14.683,3.75,5248.0,0.81,0.85,-0.05,4.56,830.712,1.76
98.7180406,0.3982,0.0,6.4184,0.732,0.588,360.0,3.97,59.6,5857.0,1.02,1.02,0.02,4.44,2161.6,8.98
4.417696479,0.047,0.0,1.9161,0.02792,0.92,790.0,92.16,2.13,5030.0,0.77,0.82,0.01,4.58,366.656,1.26
9.7678805,0.08631,0.0,1.9474,0.06003,0.938,749.0,73.59,4.9,5421.0,0.86,0.91,0.01,4.53,449.773,2.06
3.949631375,0.0463,0.0,1.5788,0.08072,0.02,966.0,197.29,5.82,5047.0,0.78,0.82,0.01,4.58,850.327,2.28
3.148664534,0.039,0.0,2.1794,0.05505,0.652,1097.0,547.293,5.52,5333.0,0.84,0.88,0.04,4.54,1039.03,2.21
9.1149903,0.0866,0.0,4.4852,0.03012,0.0189,906.0,129.534,3.61,5743.0,0.99,0.99,0.03,4.45,831.685,1.72
12.05707239,0.09874,0.0,2.2598,0.05198,0.3058,689.0,53.823,4.54,5478.0,0.86,0.93,0.01,4.54,411.486,1.97
1.36414864,0.02398,0.033,1.194,0.707,1.024,1701.0,852.162,360.09958513,5359.0,1.041,0.987,0.399,4.397,176.833,18.49481816
71.4517775,0.34593,0.0,6.024,0.02169,0.0884,561.0,16.851,5.18,6335.0,1.4,1.25,0.04,4.24,848.396,2.13
0.921032135,0.01982,0.0,2.5345,0.01015,0.852,2362.0,8159.933,1.41,5869.0,1.02,1.01,-0.04,4.42,1311.23,1.11
130.3546919,0.5183,0.0,6.382,0.51287,0.675,369.0,5.046,45.4,5730.0,0.99,1.0,0.06,4.45,1304.25,7.65
134.2527298,0.50998,0.0,9.105,0.08321,0.0253,393.0,4.98,11.4,5886.0,1.15,1.05,0.03,4.33,582.828,3.38
8.0880135,0.0753,0.0,1.7768,0.09529,0.5932,792.0,77.841,7.85,5310.0,0.83,0.87,-0.02,4.54,576.503,2.72
1.921437396,0.02876,0.0,1.7519,0.02787,0.45,1276.0,562.217,2.45,5331.0,0.84,0.87,-0.01,4.54,465.612,1.37
8.03755877,0.0719,0.0,2.7866,0.02865,0.1116,744.0,72.44,2.33,5241.0,0.81,0.86,-0.01,4.55,490.0,1.33
19.76172042,0.1464,0.0,3.5906,0.03925,0.859,791.0,153.493,2.99,5328.0,0.74,0.78,-0.4,4.59,1081.738,1.54
9.91723428,0.08595,0.0,3.2597,0.04579,0.786,903.0,108.3,7.27,5948.0,1.08,1.05,0.01,4.39,802.163,2.6
13.7521072,0.1015,0.0,2.7024,0.12156,0.89,556.0,18.196,8.3,4747.0,0.72,0.75,-0.04,4.61,570.727,2.81
2.806242328,0.0328,0.0,1.717,0.05996,0.0196,771.0,106.585,2.99,4315.0,0.61,0.65,-0.16,4.67,540.134,1.54
3.568096926,0.04781,0.0,3.2455,0.00984,0.816,1407.0,877.327,5.69692195,6113.0,1.32,1.16,0.06,4.26,391.644,1.3
1.907805199,0.02911,0.0,1.8531,0.01254,0.8,1268.0,1162.51,0.64,5436.0,0.82,0.91,-0.06,4.57,405.104,0.89
15.7738221,0.1277,0.0,4.9443,0.03127,0.895,955.0,185.203,5.69,6139.0,1.29,1.16,0.05,4.28,801.479,2.25
34.8538276,0.20988,0.0,5.3577,0.08418,0.77,522.0,20.976,8.91,5888.0,1.03,1.03,0.0,4.42,943.444,2.93
8.0472642,0.077,0.0,4.5,0.0486,0.837,855.0,354.221,6.3,5839.0,1.04,1.03,0.04,4.41,1519.25,2.39
5.8706191,0.0545,0.0,2.4983,0.05056,0.642,616.0,37.11,2.83,4223.0,0.62,0.65,-0.06,4.66,484.891,1.49
52.6298417,0.2689,0.0,5.964,0.06368,0.828,544.0,8.57,5.56,5533.0,0.89,0.92,-0.03,4.51,1182.05,2.22
56.4349938,0.29131,0.0,4.7029,0.05691,0.019,465.0,10.857,6.17,5642.0,0.98,0.96,0.04,4.43,548.364,2.36
49.6221509,0.2726,0.0,7.093,0.04911,0.67,546.0,20.99,9.22,6002.0,1.09,1.07,-0.01,4.38,682.522,2.99
3.12686223,0.03807,0.0,1.1975,0.07946,0.7251,1391.0,129.223,5.86,4755.0,0.72,0.77,0.02,4.61,284.916,2.29
105.9564148,0.4217,0.0,6.986,0.22864,0.322,324.0,2.661,14.9,5232.0,0.83,0.87,0.07,4.55,1012.41,3.96
19.17891293,0.1392,0.0,5.2,0.07528,0.004,640.0,62.198,7.65,5595.0,0.91,0.93,-0.06,4.49,1246.43,2.68
16.00494214,0.1345,0.0,6.4648,0.03657,0.853,1040.0,172.112,12.3,6769.0,1.81,1.49,0.06,4.09,739.357,3.55
4.336429331,0.0564,0.0,4.1031,0.01092,0.796,1453.0,981.68,3.57,6144.0,1.57,1.22,0.04,4.13,408.303,1.71
3.744439,0.04975,0.0,2.9492,0.00733,0.938,1328.0,954.588,1.32,5961.0,1.25,1.14,0.19,4.3,598.313,1.09
10.3507721,0.09081,0.0,6.565,0.02731,0.844,842.0,274.845,4.7,5682.0,0.97,0.98,0.05,4.46,1369.24,2.01
3.021668632,0.0417,0.0,2.758,0.01719,0.92,1332.0,875.419,3.78,6160.0,1.25,1.16,0.05,4.31,978.125,1.77
4.85386933,0.0569,0.0,2.799,0.01964,0.2258,1052.0,258.702,3.68,6028.0,1.14,1.11,0.06,4.37,1025.03,1.74
6.53192704,0.065,0.0,3.1164,0.07719,0.2007,907.0,153.138,6.44,5403.0,0.85,0.89,0.0,4.54,1001.68,2.42
16.87727414,0.12585,0.0,3.7835,0.08336,0.0703,642.0,40.4,7.04,5582.0,0.9,0.96,0.05,4.51,574.314,2.55
7.03932553,0.0734,0.0,3.448,0.09005,0.956,1060.0,266.514,19.5,6146.0,1.22,1.15,0.04,4.33,1198.03,4.65
6.24146367,0.06428,0.0,3.0771,0.01637,0.915,1111.0,231.432,2.92,6098.0,1.16,1.1,-0.01,4.35,711.297,1.52
18.11472949,0.14403,0.0,5.2269,0.02415,0.74,830.0,124.646,6.8,6187.0,1.35,1.21,0.11,4.26,651.318,2.5
41.6979976,0.22363,0.0,5.6754,0.04408,0.747,537.0,21.987,5.1,6035.0,1.02,1.06,-0.09,4.45,757.791,2.11
3.709213846,0.04658,0.0,2.5575,0.01311,0.595,1206.0,410.4,2.1,5927.0,1.05,1.04,-0.01,4.42,530.122,1.25
51.300634,0.2716,0.0,6.987,0.05814,0.928,492.0,15.007,8.6,5663.0,0.91,0.93,-0.12,4.5,934.49,2.87
49.7701438,0.2559,0.0,10.085,0.35292,0.779,455.0,10.16,29.5,5612.0,0.91,0.93,-0.07,4.5,2300.53,5.93
11.79162572,0.1002,0.0,3.007,0.04154,0.034,857.0,124.072,4.38,5665.0,0.93,0.94,-0.09,4.47,1137.29,1.93
16.57110363,0.121,0.0,2.9613,0.06662,0.69,614.0,33.479,6.3,5388.0,0.84,0.88,-0.06,4.54,624.8,2.39
44.9309804,0.27967,0.0,6.498,0.044,0.895,565.0,92.131,6.99,6100.0,1.16,1.19,0.22,4.38,1619.03,2.54
5.69919514,0.06116,0.0,2.3878,0.01613,0.76,964.0,139.5,2.04,5715.0,0.94,1.0,0.05,4.49,476.733,1.23
12.8345022,0.1075,0.0,3.2666,0.0281,0.902,891.0,149.42,4.66,6087.0,1.14,1.07,-0.1,4.35,799.008,2.0
43.3167737,0.2288,0.0,5.065,0.09875,0.923,459.0,20.174,7.41,5409.0,0.83,0.86,-0.11,4.54,1349.43,2.63
44.96417488,0.22737,0.0,5.0412,0.08116,0.5005,379.0,4.957,5.18,4861.0,0.75,0.81,0.09,4.59,216.354,2.13
34.2685705,0.193,0.0,4.8184,0.06993,0.677,477.0,10.17,5.99,5253.0,0.82,0.86,-0.01,4.55,579.273,2.32
3.989539666,0.04741,0.0,1.5403,0.019,0.085,903.0,259.029,2.04,5476.0,0.87,0.9,-0.03,4.52,504.605,1.23
1.045622658,0.0192,0.0,1.8269,0.0213,0.77,1710.0,1686.09,2.3,5431.0,0.86,0.9,0.02,4.53,1052.53,1.32
4.75793986,0.05768,0.0,4.677,0.01245,0.6614,1372.0,1211.822,3.5,6228.0,1.42,1.16,-0.1,4.19,1502.32,1.69
12.12400943,0.0965,0.0,3.3136,0.07884,0.0809,675.0,36.787,5.73,5198.0,0.8,0.83,-0.06,4.57,654.549,2.26
18.93054959,0.137,0.0,3.344,0.07201,0.7017,766.0,16.101,5.27,4954.0,0.76,0.81,0.04,4.59,422.246,2.15
4.30655689,0.05542,0.0,4.0697,0.0257,0.58,1177.0,760.524,7.41,6209.0,1.34,1.22,0.09,4.26,1090.51,2.63
2.46697439,0.03489,0.0,1.5646,0.03087,0.83,1139.0,453.648,2.79,5322.0,0.85,0.89,0.08,4.54,792.336,1.48
7.41086267,0.06993,0.0,3.2769,0.01241,0.064,850.0,119.631,0.809,5555.0,0.87,0.9,-0.13,4.52,404.542,0.95
13.22713379,0.1027,0.0,3.2928,0.0886,0.013,638.0,39.1,6.12,5178.0,0.8,0.84,-0.03,4.56,568.546,2.35
28.26731672,0.1701,0.0,4.5693,0.12083,0.1203,517.0,11.92,7.75,5206.0,0.8,0.83,-0.07,4.57,609.638,2.7
5.1750073,0.05649,0.061,2.025,1.283,0.8239,1000.0,162.7267,206.58846455,5360.0,0.846,0.897,0.1,4.538,210.915,10.83908434
7.56052806,0.0761,0.0,3.8262,0.06598,0.0279,914.0,159.422,6.85,5547.0,0.92,0.94,0.06,4.49,1455.5,2.51
5.14438011,0.0549,0.0,2.72,0.03107,0.1171,923.0,152.746,2.63,5060.0,0.77,0.81,-0.03,4.58,820.913,1.43
27.5073799,0.1771,0.0,5.239,0.05807,0.0166,569.0,41.431,8.75,5958.0,1.11,1.06,0.03,4.38,1242.62,2.9
0.893041236,0.0143,0.0,1.1042,0.07417,0.0468,893.0,199.846,2.15,3631.0,0.46,0.49,-0.01,4.79,174.826,1.27
46.8779367,0.2495,0.0,9.635,0.05398,0.633,484.0,17.416,6.26,5797.0,0.99,0.99,-0.03,4.44,946.565,2.38
12.43931193,0.09755,0.0,3.121,0.02821,0.83,627.0,35.408,2.18,5066.0,0.78,0.81,-0.01,4.56,282.565,1.28
2.295036233,0.0335,0.0,1.6459,0.01707,0.16,1304.0,647.256,2.04,5723.0,0.94,0.98,-0.02,4.49,389.397,1.23
26.41045478,0.1616,0.0,2.996,0.09911,0.0671,512.0,19.127,7.7,5301.0,0.82,0.86,-0.03,4.55,942.485,2.69
2.578855068,0.0362,0.0,2.3296,0.03552,0.1264,1230.0,553.056,4.62,5902.0,1.08,1.05,0.04,4.4,879.683,1.99
6.1799844,0.0629,0.0,2.1059,0.08112,0.01,814.0,45.12,6.26,5215.0,0.81,0.86,0.01,4.56,1042.27,2.38
0.813166719,0.01664,0.0,1.4276,0.01782,0.724,1693.0,1717.276,1.81,5550.0,0.91,0.94,0.05,4.5,495.156,1.19
16.8601286,0.1246,0.0,5.553,0.02734,0.417,765.0,175.855,4.62,6077.0,1.14,1.09,0.0,4.36,1596.8,1.99
4.89337519,0.0621,0.0,3.316,0.01384,0.218,1374.0,831.143,3.09,6176.0,1.3,1.17,0.03,4.27,938.417,1.57
82.5342519,0.3104,0.0,4.8336,0.18954,0.033,260.0,1.371,6.99,4392.0,0.61,0.64,-0.25,4.67,389.561,2.54
2.344511944,0.03496,0.0,1.398,0.00587,0.1899,1471.0,1146.953,0.477,5791.0,1.07,1.01,0.04,4.38,393.642,0.82
24.0862707,0.1478,0.0,2.2287,0.10417,0.7965,500.0,13.051,8.1,4850.0,0.73,0.76,-0.08,4.61,656.48,2.77
28.5057189,0.1793,0.0,6.252,0.07558,0.827,555.0,61.663,8.35,5765.0,0.99,1.0,0.04,4.45,1919.19,2.82
25.2034787,0.1693,0.0,4.552,0.06971,0.1684,600.0,34.742,6.17,5438.0,0.83,0.86,-0.16,4.55,1304.19,2.36
2.51462432,0.0354,0.0,1.6093,0.02284,0.3688,1217.0,519.636,2.33,5522.0,0.87,0.9,-0.09,4.52,607.916,1.33
5.28789787,0.06791,0.0,8.528,0.03439,0.577,1661.0,1610.087,32.5,4972.0,3.39,1.11,-0.04,3.43,1152.68,6.28
1.569066502,0.02742,0.0,2.7835,0.01472,0.716,1849.0,2944.0,3.12,6199.0,1.32,1.2,0.07,4.27,982.716,1.58
7.433234,0.0795,0.259,3.854,0.695,0.835,1198.0,184.322,1233.17421916,6100.0,1.319,1.208,0.175,4.279,604.591,12.31866979
3.609308907,0.0455,0.0,1.7448,0.15834,0.4,1092.0,419.91,13.4,5635.0,0.93,0.94,-0.01,4.49,1122.48,3.73
34.3511874,0.2101,0.0,4.222,0.05994,0.88,576.0,26.928,8.1,5816.0,1.02,1.02,0.03,4.43,1101.42,2.77
16.22371307,0.1212,0.0,2.502,0.02623,0.0577,676.0,49.35,2.89,5590.0,0.92,0.94,0.0,4.49,757.382,1.51
2.03231845,0.02869,0.0,1.1214,0.03084,0.009,1011.0,267.142,2.1,4708.0,0.72,0.78,0.06,4.62,486.94,1.25
2.352265797,0.0325,0.0,1.707,0.03186,0.095,1019.0,227.962,2.04,4692.0,0.7,0.74,-0.06,4.62,703.038,1.23
17.14647302,0.1291,0.0,3.841,0.04403,0.1344,811.0,62.061,4.62,5753.0,0.96,0.98,-0.03,4.47,1140.57,1.99
13.24503188,0.1092,0.0,4.367,0.01561,0.0777,887.0,195.353,3.29,5758.0,1.36,1.08,0.21,4.21,591.098,1.63
1.931559839,0.0298,0.0,1.6283,0.04919,0.78,1290.0,710.019,6.17,5762.0,0.98,0.98,-0.03,4.45,344.251,2.36
7.6847716,0.0732,0.0,2.599,0.02741,0.0598,830.0,108.069,2.76,5517.0,0.9,0.93,0.03,4.5,743.03,1.47
15.0447198,0.11309,0.0,5.819,0.00979,0.88,931.0,131.7,1.6,5889.0,1.17,0.94,-0.27,4.27,563.493,1.15
3.692983728,0.0389,0.0,1.7291,0.079,0.2074,745.0,103.909,4.66,4598.0,0.7,0.76,0.13,4.63,290.324,2.0
56.1886887,0.29871,0.0,6.089,0.03462,0.887,503.0,28.851,5.02,5754.0,1.13,1.08,0.29,4.37,817.647,2.09
1.104463509,0.0188,0.0,1.0547,0.04935,0.0959,1397.0,815.407,3.5,5054.0,0.77,0.81,-0.02,4.58,625.692,1.69
10.62784997,0.0961,0.0,5.013,0.03267,0.876,872.0,206.563,7.32,5941.0,1.14,1.09,0.11,4.36,1657.36,2.61
3.856918547,0.04662,0.0,1.9839,0.01278,0.1132,972.0,225.216,1.01,5345.0,0.84,0.88,0.01,4.54,420.215,1.01
9.30412078,0.0748,0.0,1.8914,0.06586,0.2185,583.0,33.76,3.75,4597.0,0.7,0.75,0.11,4.62,397.455,1.76
14.07971466,0.1176,0.0,1.3354,0.01695,0.0309,931.0,54.93,2.83,5945.0,1.14,1.09,0.09,4.37,343.226,1.49
16.54080322,0.1183,0.0,2.544,0.037,0.0306,570.0,24.87,3.02,5153.0,0.79,0.85,0.0,4.57,374.0,1.55
2.05333679,0.0324,0.0,2.3751,0.00663,0.813,1737.0,1766.593,1.41,6113.0,1.28,1.12,-0.02,4.27,405.533,1.11
0.693842855,0.01554,0.0,1.5236,0.00493,0.693,2161.0,3496.493,0.165,5589.0,0.94,0.96,0.01,4.48,362.623,0.61
13.68237119,0.1156,0.0,4.163,0.01796,0.86,802.0,352.508,3.26,5909.0,1.06,1.06,0.05,4.41,1754.19,1.62
25.369116,0.17515,0.0,4.634,0.01138,0.0573,755.0,63.246,2.89,6210.0,1.38,1.23,0.12,4.24,505.531,1.51
14.97435694,0.11056,0.0,2.4309,0.02654,0.2656,631.0,39.321,2.39,5374.0,0.83,0.87,-0.08,4.55,418.417,1.35
23.5540725,0.2134,0.0,7.159,0.00856,0.827,1381.0,516.101,3.53,8480.0,1.73,1.6,-0.51,4.17,983.245,1.7
5.1856142,0.0631,0.0,4.076,0.02526,0.012,1314.0,652.966,6.08,6327.0,1.43,1.26,0.04,4.23,1460.1,2.34
5.132485618,0.0497,0.0,1.631,0.09622,0.217,584.0,26.266,4.01,3753.0,0.49,0.52,-0.09,4.76,259.328,1.83
4.37034536,0.0519,0.0,2.819,0.01778,0.093,1191.0,415.553,2.51,5743.0,0.98,0.99,0.03,4.46,1258.36,1.39
4.76703963,0.0528,0.0,1.85,0.01634,0.941,1046.0,253.964,1.98,5616.0,0.93,0.95,0.01,4.48,661.022,1.22
4.79028459,0.05485,0.0,2.7287,0.0142,0.84,938.0,194.976,1.41,5612.0,0.93,0.95,0.03,4.49,568.487,1.11
11.89520511,0.09704,0.0,3.5,0.01843,0.2042,787.0,83.014,2.3,5778.0,1.0,1.0,0.02,4.44,691.331,1.32
58.6017925,0.2996,0.0,5.543,0.03964,0.392,508.0,17.016,4.94,5862.0,1.0,0.99,-0.09,4.44,981.233,2.07
25.0824626,0.17543,0.0,6.357,0.02446,0.119,776.0,98.8,4.46,6166.0,1.2,1.13,-0.01,4.33,1072.88,1.95
8.07124073,0.0753,0.0,2.653,0.03182,0.3724,856.0,152.047,3.53,5568.0,0.92,0.94,0.04,4.49,1176.53,1.7
12.94130146,0.1082,0.0,4.468,0.03288,0.028,795.0,142.096,5.22,6051.0,1.15,1.1,0.03,4.36,1316.57,2.14
2.949029052,0.0369,0.0,2.0393,0.03583,0.0874,1027.0,206.874,2.48,4904.0,0.74,0.78,-0.04,4.6,615.231,1.38
22.70816791,0.1603,0.0,3.633,0.02988,0.89,677.0,80.984,6.21,6217.0,1.28,1.19,0.04,4.3,1213.71,2.37
7.97034958,0.0755,0.0,2.7665,0.04908,0.019,839.0,93.308,5.22,5519.0,0.89,0.92,0.01,4.51,1077.63,2.14
2.892217506,0.034,0.0,1.3657,0.03855,0.4795,794.0,124.866,2.07,4306.0,0.63,0.66,-0.1,4.66,377.976,1.24
78.1000231,0.3625,0.0,8.322,0.06569,0.85,480.0,10.336,10.2,6112.0,1.21,1.14,0.06,4.33,1291.01,3.18
18.82634264,0.128,0.0,2.333,0.07958,0.198,591.0,23.18,6.17,5130.0,0.8,0.85,0.05,4.57,729.227,2.36
42.1917357,0.2315,0.0,7.108,0.04887,0.733,526.0,23.263,4.82,5544.0,0.89,0.92,-0.03,4.51,1230.42,2.04
2.852348975,0.0305,0.0,0.706,0.14029,0.295,621.0,50.777,2.18,3658.0,0.34,0.35,-0.59,4.93,289.899,1.28
10.71252541,0.0784,0.0,2.7219,0.11986,0.4588,485.0,26.229,5.18,4253.0,0.57,0.59,-0.35,4.7,547.726,2.13
187.747029,0.5791,0.0,5.408,0.1583,0.2898,267.0,1.3,10.7,5211.0,0.79,0.82,-0.11,4.57,719.802,3.26
2.543072855,0.0358,0.0,2.7494,0.0152,0.83,1319.0,995.67,2.24,5794.0,0.99,0.99,-0.02,4.45,1049.19,1.3
14.37508035,0.11858,0.0,2.9658,0.02515,0.2384,786.0,101.4,3.57,5913.0,1.04,1.04,0.0,4.42,721.534,1.71
4.6174141,0.06311,0.039,4.5122,0.9323,0.184,1669.0,1212.0072,365.50266805,6860.0,1.605,1.572,0.317,4.224,423.84,16.11851425
17.6700642,0.1348,0.0,5.772,0.03484,0.51,778.0,41.04,4.04,5683.0,0.94,0.95,-0.09,4.47,2011.41,1.84
108.593329,0.41251,0.0,7.988,0.03496,0.007,374.0,4.55,3.64,5798.0,0.93,0.92,-0.26,4.46,635.736,1.73
33.2406882,0.1975,0.0,4.982,0.03419,0.88,486.0,14.188,3.5,5446.0,0.86,0.9,-0.02,4.53,634.906,1.69
3.97599768,0.04635,0.0,2.1411,0.0206,0.331,936.0,181.205,1.46,5183.0,0.79,0.85,-0.03,4.57,431.622,1.12
51.3285623,0.2731,0.0,9.439,0.06923,0.836,546.0,22.981,7.56,5724.0,0.94,0.96,-0.08,4.48,1246.05,2.66
6.42200058,0.06745,0.0,2.6602,0.01666,0.281,1000.0,238.508,3.71,6247.0,1.34,1.21,0.05,4.26,693.618,1.75
120.0181272,0.5326,0.0,11.604,0.08828,0.489,473.0,18.0,20.3,6453.0,1.51,1.4,0.35,4.23,1115.62,4.76
5.12330347,0.0556,0.0,2.9984,0.02862,0.308,994.0,160.765,4.5,5664.0,0.95,0.97,0.04,4.47,842.459,1.96
61.6178167,0.302,0.0,3.752,0.13507,0.091,424.0,6.451,12.9,5543.0,0.91,0.94,0.04,4.5,1083.41,3.65
8.67888593,0.0805,0.0,3.4818,0.05406,0.7,905.0,128.55,5.9,5792.0,1.0,1.0,0.0,4.44,809.897,2.3
6.11009134,0.06931,0.0,2.447,0.00643,0.1549,1125.0,348.046,0.779,6191.0,1.23,1.24,0.26,4.35,522.823,0.94
1.252752174,0.0239,0.0,2.0755,0.02,0.328,2199.0,2399.974,3.36,6104.0,1.17,1.11,0.0,4.35,1090.7,1.65
1.063788673,0.0198,0.0,1.0764,0.02658,0.466,1650.0,1015.434,2.18,5105.0,0.78,0.82,-0.03,4.57,446.914,1.28
3.53232449,0.0459,0.0,2.8072,0.02366,0.012,1159.0,453.142,3.15,5851.0,1.04,1.03,0.05,4.42,1030.7,1.59
62.8916228,0.2881,0.0,6.867,0.0791,0.3272,384.0,4.547,6.12,5298.0,0.83,0.87,-0.01,4.55,867.931,2.35
4.919583795,0.06024,0.0,4.1876,0.04257,0.586,1312.0,764.078,8.15,6322.0,1.34,1.25,0.11,4.28,847.508,2.78
4.51005748,0.0511,0.0,2.1605,0.03037,0.1523,1063.0,206.414,2.73,5406.0,0.84,0.88,-0.09,4.54,767.701,1.46
37.6467384,0.2466,0.0,6.117,0.04274,0.3661,787.0,11.382,5.43,5893.0,1.06,1.05,0.04,4.41,685.087,2.19
1.151166506,0.0177,0.0,1.1881,0.06059,0.029,957.0,243.984,3.19,3934.0,0.54,0.56,-0.13,4.72,188.158,1.6
11.55562343,0.0983,0.0,1.6536,0.04415,0.2754,703.0,55.758,4.54,5569.0,0.9,0.93,-0.02,4.5,753.135,1.97
26.0204423,0.168,0.0,4.84,0.11644,0.87,675.0,26.356,10.3,5558.0,0.89,0.92,-0.04,4.51,1306.53,3.2
0.7698536,0.0156,0.0,1.0276,0.01096,0.6139,1650.0,1462.098,0.64,5252.0,0.82,0.86,0.0,4.55,377.06,0.89
8.79617863,0.0872,0.0,3.3986,0.02863,0.0655,938.0,118.52,4.66,6077.0,1.15,1.1,0.02,4.36,841.536,2.0
3.273460736,0.0349,0.0,1.7732,0.0269,0.8221,625.0,50.427,0.809,3864.0,0.49,0.51,-0.33,4.77,162.006,0.95
76.957857,0.3436,0.0,9.384,0.03671,0.4724,451.0,25.76,4.08,5656.0,0.94,0.96,0.02,4.47,1314.64,1.85
13.2217576,0.1032,0.0,2.9069,0.08765,0.451,640.0,39.56,7.8,5210.0,0.8,0.85,-0.03,4.56,420.0,2.71
37.94563,0.2181,0.0,4.025,0.10329,0.914,515.0,12.938,9.22,5453.0,0.86,0.9,-0.04,4.53,1121.89,2.99
6.89225223,0.0732,0.0,2.4556,0.02144,0.0864,1156.0,641.814,3.15,5936.0,1.04,1.04,-0.04,4.42,1408.75,1.59
25.30889748,0.17274,0.0,5.6829,0.01554,0.7101,710.0,60.372,3.33,6025.0,1.25,1.16,0.18,4.3,324.618,1.64
16.78176602,0.1202,0.0,3.7533,0.0908,0.5185,545.0,21.531,5.99,4990.0,0.76,0.82,0.02,4.59,215.814,2.32
15.3787546,0.12353,0.0,4.373,0.01934,0.359,1039.0,62.025,3.19,6010.0,1.13,1.09,0.03,4.37,490.488,1.6
2.361724329,0.0299,0.0,1.2234,0.0587,0.007,922.0,150.055,3.33,4512.0,0.68,0.72,0.03,4.63,491.406,1.64
106.247547,0.4301,0.0,13.668,0.03974,0.539,377.0,11.862,4.27,5712.0,0.97,0.98,0.02,4.46,1299.97,1.9
1.52372816,0.0208,0.0,1.4652,0.03647,0.84,818.0,143.968,2.6,3959.0,0.54,0.56,-0.17,4.72,291.275,1.42
16.07677615,0.1281,0.0,2.237,0.05919,0.0683,724.0,85.385,5.6,5635.0,0.93,0.95,0.0,4.49,1337.25,2.23
17.1369543,0.135,0.0,6.366,0.03621,0.692,775.0,165.573,4.98,5913.0,1.06,1.04,0.0,4.4,1717.48,2.08
14.30511983,0.11147,0.0,4.449,0.08634,0.868,693.0,40.853,10.1,5491.0,0.88,0.9,-0.03,4.52,928.978,3.15
40.8365012,0.21857,0.0,4.944,0.02752,0.363,496.0,12.11,3.19,5578.0,0.92,0.94,-0.01,4.49,557.193,1.6
12.5720095,0.10863,0.0,4.717,0.00923,0.71,886.0,139.77,1.81,6188.0,1.21,1.14,-0.02,4.33,538.481,1.19
0.929906678,0.01911,0.0,1.7428,0.01087,0.102,2291.0,5067.603,2.92,6169.0,1.4,1.18,0.02,4.21,465.417,1.52
0.962867382,0.0183,0.0,1.6247,0.03035,0.329,1666.0,2651.424,3.22,5488.0,0.87,0.9,-0.07,4.52,1350.32,1.61
0.675649486,0.0153,0.0,1.9035,0.02007,0.3724,2085.0,4849.257,3.36,5906.0,1.08,1.07,0.1,4.4,1635.82,1.65
31.0571618,0.1803,0.0,3.401,0.06366,0.335,480.0,13.571,5.22,5337.0,0.82,0.86,-0.09,4.55,999.64,2.14
66.5579057,0.33982,0.0,10.399,0.02142,0.2764,757.0,35.293,4.16,6227.0,1.32,1.2,0.04,4.28,1486.7,1.87
23.4774101,0.1785,0.0,7.271,0.01512,0.62,738.0,190.851,3.71,6221.0,1.33,1.21,0.06,4.26,1494.22,1.75
3.11602791,0.0415,0.0,1.909,0.03452,0.195,1123.0,375.55,3.33,5353.0,0.83,0.87,-0.04,4.55,1090.0,1.64
14.88801098,0.11151,0.0,5.062,0.02605,0.65,831.0,79.9,3.89,5885.0,1.03,1.02,-0.03,4.42,678.069,1.8
33.8786838,0.2004,0.0,5.811,0.07001,0.8727,564.0,18.153,8.55,5550.0,0.91,0.93,0.01,4.5,973.368,2.86
1.311555568,0.024,0.0,2.025,0.01723,0.1283,1655.0,2176.358,2.15,5677.0,0.97,0.98,0.05,4.46,1303.22,1.27
5.19104016,0.0625,0.0,4.268,0.02901,0.809,1183.0,462.91,8.75,6564.0,1.57,1.4,0.22,4.2,2140.6,2.9
12.9460978,0.1062,0.0,9.583,0.01687,0.89,764.0,80.34,4.31,6175.0,1.25,1.16,0.04,4.31,2921.99,1.91
10.10769068,0.0889,0.0,3.657,0.02949,0.2545,879.0,322.399,3.36,5608.0,0.94,0.97,0.08,4.48,1720.48,1.65
1.29123275,0.02598,0.0,1.876,0.0066,0.02,1887.0,8385.9,1.65,6299.0,1.33,1.22,0.03,4.27,1699.46,1.16
10.65276707,0.0918,0.0,2.711,0.0854,0.0524,737.0,59.789,5.86,5323.0,0.81,0.85,-0.13,4.56,1078.46,2.29
11.47685909,0.0976,0.0,2.702,0.02406,0.2007,796.0,78.156,2.99,5715.0,0.94,0.96,-0.05,4.48,1003.26,1.54
109.6471842,0.4382,0.0,6.248,0.08997,0.02,428.0,3.298,8.3,5628.0,0.92,0.94,-0.04,4.49,932.446,2.81
11.87456832,0.09915,0.0,1.9902,0.02266,0.432,728.0,77.559,2.45,5581.0,0.9,0.95,0.0,4.51,528.685,1.37
19.78297415,0.14219,0.0,5.4661,0.03732,0.746,708.0,68.971,4.98,5807.0,1.06,1.01,0.02,4.39,784.23,2.08
5.30880656,0.0598,0.0,3.018,0.01275,0.173,1042.0,278.902,1.16,5659.0,0.97,0.98,0.07,4.46,868.056,1.05
7.99019627,0.0785,0.0,3.274,0.01659,0.1761,1113.0,223.442,2.92,6080.0,1.17,1.1,0.02,4.35,1053.57,1.52
6.26406846,0.0615,0.0,2.442,0.03787,0.232,809.0,80.741,2.7,4903.0,0.74,0.77,-0.07,4.6,621.853,1.45
15.64591713,0.1229,0.0,4.012,0.05721,0.328,710.0,78.355,5.86,5614.0,0.91,0.94,-0.03,4.5,1223.04,2.29
0.740928422,0.0153,0.0,1.1202,0.01955,0.202,1873.0,2909.21,2.1,5218.0,0.82,0.86,0.05,4.55,1146.1,1.25
11.95398936,0.0885,0.0,2.644,0.08559,0.744,525.0,14.867,5.48,4407.0,0.67,0.7,0.03,4.63,506.434,2.2
13.71220213,0.1091,0.0,2.4927,0.07867,0.2381,676.0,41.472,6.04,5303.0,0.82,0.86,-0.05,4.55,1045.92,2.33
19.67416124,0.14628,0.0,3.5985,0.02113,0.85,711.0,59.77,3.39,6112.0,1.09,1.1,-0.03,4.41,623.901,1.66
8.63043276,0.0779,0.0,3.131,0.03258,0.595,739.0,62.823,3.39,5216.0,0.8,0.84,-0.04,4.56,897.352,1.66
3.27646405,0.0443,0.0,2.272,0.0323,0.001,1195.0,521.101,3.97,5556.0,0.93,0.95,0.08,4.49,1493.43,1.82
24.4002549,0.1441,0.0,2.875,0.09341,0.8548,437.0,9.183,6.39,4523.0,0.67,0.7,-0.09,4.64,601.629,2.41
25.3842686,0.1728,0.0,3.638,0.0585,0.1228,649.0,29.701,5.69,5747.0,0.94,0.96,-0.1,4.48,1197.04,2.25
7.46725407,0.0806,0.0,3.713,0.00757,0.891,1035.0,271.25,1.76,6149.0,1.21,1.21,0.24,4.36,593.026,1.18
45.0904643,0.2478,0.0,3.905,0.04356,0.1046,487.0,13.78,4.04,5545.0,0.89,0.92,-0.04,4.51,902.204,1.84
5.57654784,0.06763,0.0,3.745,0.00581,0.57,1183.0,929.122,0.871,6241.0,1.28,1.18,0.0,4.29,1028.16,0.97
132.9968322,0.47267,0.0,7.469,0.12754,0.7629,241.0,1.141,9.22,4662.0,0.72,0.79,0.19,4.62,476.957,2.99
2.215710358,0.0313,0.0,1.8915,0.02851,0.2195,1283.0,559.275,3.39,5527.0,0.9,0.93,0.03,4.51,890.724,1.66
12.2854603,0.0882,0.0,3.037,0.16171,0.0153,434.0,17.674,7.22,4098.0,0.61,0.63,0.02,4.67,453.795,2.59
15.0540329,0.1078,0.0,4.275,0.02215,0.2682,665.0,57.579,3.43,5949.0,1.09,1.06,0.03,4.38,648.979,1.67
68.8861915,0.31444,0.0,5.95,0.01445,0.241,501.0,21.624,2.33,5850.0,1.1,0.97,-0.14,4.33,514.524,1.33
3.81371974,0.0464,0.0,2.005,0.03322,0.049,1029.0,279.941,3.02,5486.0,0.89,0.92,0.04,4.51,1174.46,1.55
4.7683049,0.05501,0.0,3.2517,0.02518,0.04,1219.0,425.169,4.04,5981.0,1.13,1.09,0.06,4.37,853.959,1.84
3.35183158,0.0449,0.0,1.9405,0.03453,0.2047,1294.0,1021.904,4.38,5759.0,0.93,0.95,-0.16,4.48,1756.71,1.93
0.881841146,0.0171,0.0,1.3051,0.02499,0.1448,1564.0,1600.049,2.24,5188.0,0.79,0.83,-0.04,4.57,971.325,1.3
16.3583055,0.14023,0.0,9.573,0.01149,0.2552,959.0,198.471,4.19,6161.0,1.72,1.36,0.3,4.1,738.261,1.88
12.4127754,0.10733,0.0,4.369,0.01081,0.13,933.0,211.549,2.83,6129.0,1.36,1.17,0.05,4.23,891.192,1.49
9.99113313,0.0833,0.0,2.645,0.03917,0.1954,660.0,33.978,3.02,4985.0,0.75,0.78,-0.1,4.59,622.818,1.55
14.00947528,0.104,0.0,3.405,0.01699,0.268,617.0,34.32,1.08,5193.0,0.79,0.82,-0.11,4.57,321.0,1.03
3.40165668,0.044,0.0,1.7944,0.01559,0.2439,1236.0,545.575,3.12,6133.0,1.21,1.14,0.04,4.33,843.701,1.58
6.73972381,0.068,0.0,4.106,0.0142,0.1225,1011.0,196.533,2.07,5733.0,1.03,1.02,0.11,4.41,835.882,1.24
0.663085258,0.0141,0.0,1.0691,0.03227,0.3047,1681.0,2460.582,2.63,5053.0,0.77,0.8,-0.07,4.58,805.562,1.43
2.668313762,0.0376,0.0,2.3659,0.02662,0.333,1252.0,546.908,2.92,5502.0,0.87,0.9,-0.09,4.52,1105.95,1.52
90.4113556,0.4024,0.0,6.523,0.11868,0.1992,413.0,6.86,11.5,5753.0,0.97,0.98,-0.02,4.46,945.775,3.41
22.2419092,0.16005,0.0,7.255,0.00649,0.0964,954.0,149.409,2.45,6130.0,1.79,1.29,0.05,4.04,777.025,1.37
4.4968604,0.0413,0.0,1.7864,0.19325,0.323,535.0,27.176,6.9,3827.0,0.53,0.55,-0.06,4.74,340.691,2.52
0.916140768,0.0156,0.0,1.1495,0.00985,0.0551,1212.0,421.965,0.208,4439.0,0.67,0.7,-0.03,4.64,202.782,0.65
24.85462415,0.1992,0.0,8.9587,0.07501,0.6578,1095.0,174.58,27.9,7099.0,2.02,1.62,0.01,4.04,687.094,5.74
2.032325072,0.0326,0.0,1.718,0.03155,0.2099,1542.0,1302.948,4.62,5905.0,1.08,1.06,0.07,4.4,1347.71,1.99
22.9221266,0.15698,0.0,8.261,0.01403,0.52,684.0,84.83,2.67,5986.0,1.1,1.06,-0.02,4.38,840.503,1.44
48.4308991,0.239,0.0,3.755,0.08864,0.3077,396.0,4.744,5.73,5006.0,0.77,0.82,0.03,4.58,744.294,2.26
4.55139967,0.0499,0.0,2.491,0.01887,0.248,907.0,144.813,1.55,5213.0,0.8,0.84,-0.03,4.56,664.83,1.14
7.56127224,0.0751,0.0,2.938,0.01806,0.03,891.0,182.375,2.6,5771.0,1.0,1.01,0.04,4.44,897.783,1.42
13.5630972,0.1109,0.0,5.632,0.03364,0.751,733.0,103.51,4.19,5701.0,0.96,0.97,0.01,4.47,1575.23,1.88
22.20813214,0.17116,0.0,7.3225,0.04632,0.757,803.0,160.612,10.2,6406.0,1.46,1.34,0.25,4.24,830.638,3.18
16.10467749,0.14146,0.0,5.607,0.0123,0.854,1159.0,430.691,5.14,5944.0,1.94,1.25,0.05,3.97,880.895,2.12
7.42693741,0.0734,0.0,2.848,0.02265,0.0304,899.0,177.842,2.92,5842.0,0.99,1.0,-0.04,4.45,961.907,1.52
0.968526023,0.01839,0.0,1.2904,0.01281,0.3216,1677.0,2367.804,1.76,5791.0,0.98,0.99,-0.02,4.45,801.993,1.18
6.49441289,0.0612,0.0,2.243,0.03573,0.3452,732.0,58.15,2.39,4630.0,0.69,0.71,-0.1,4.63,583.641,1.35
16.301259,0.1186,0.0,3.984,0.02792,0.3778,557.0,20.51,1.98,4870.0,0.75,0.8,0.04,4.6,459.957,1.22
13.32351601,0.11625,0.0,3.927,0.01101,0.1698,872.0,132.663,2.33,6155.0,1.22,1.18,0.14,4.34,559.598,1.33
40.9903986,0.2383,0.0,7.261,0.02973,0.1111,627.0,40.652,4.78,5904.0,1.09,1.06,0.05,4.38,1840.77,2.03
28.474748,0.16431,0.0,4.809,0.07638,0.87,489.0,10.313,7.18,5044.0,0.76,0.8,-0.07,4.59,849.312,2.58
28.8432647,0.1679,0.0,3.1,0.07567,0.0125,491.0,13.77,6.21,5235.0,0.8,0.85,-0.03,4.56,845.0,2.37
60.92832271,0.28682,0.0,6.3262,0.07444,0.789,467.0,10.555,7.61,5690.0,0.98,0.95,-0.06,4.43,289.907,2.67
7.06317341,0.0656,0.0,2.261,0.01988,0.4332,827.0,98.834,1.46,5181.0,0.79,0.82,-0.08,4.57,546.998,1.12
59.4970952,0.26657,0.0,5.602,0.13017,0.406,369.0,2.451,8.4,4709.0,0.72,0.78,0.11,4.62,614.859,2.83
7.01075434,0.0771,0.0,2.1522,0.02228,0.91,1453.0,324.282,3.97,6140.0,1.19,1.13,0.01,4.34,1347.52,1.82
6.03356196,0.07045,0.0,10.264,0.00895,0.558,1598.0,1217.395,11.0,5047.0,3.38,1.28,-0.02,3.49,1095.05,3.32
5.424749281,0.0504,0.0,1.1431,0.768,0.1042,625.0,36.05,22.9,4188.0,0.59,0.6,-0.22,4.68,141.98685057,5.11
136.205626,0.4626,0.0,5.491,0.12093,0.4104,248.0,1.011,7.27,4857.0,0.74,0.8,0.06,4.6,731.298,2.6
2.94194094,0.0363,0.0,2.0333,0.03083,0.03,988.0,191.919,2.1,4839.0,0.72,0.76,-0.09,4.61,541.714,1.25
94.2887577,0.38555,0.0,4.144,0.05054,0.62,369.0,4.179,5.86,5747.0,0.95,0.97,-0.04,4.47,623.706,2.29
0.577369579,0.01186,0.0,1.0963,0.04004,0.71,1757.0,1598.664,2.99,5063.0,0.74,0.78,-0.18,4.59,515.453,1.54
87.9732136,0.39765,0.0,14.69,0.08667,0.0803,446.0,10.714,12.3,5884.0,1.12,1.04,0.03,4.36,800.871,3.54
213.257663,0.6085,0.0,7.775,0.21896,0.03,202.0,0.492,9.85,4598.0,0.7,0.73,-0.01,4.62,475.248,3.11
13.32196237,0.1284,0.0,6.23,0.01321,0.6896,1299.0,672.06,5.27,6805.0,1.79,1.49,0.04,4.1,1056.9,2.15
2.164570968,0.0273,0.0,1.3848,0.05251,0.338,783.0,134.981,2.63,4070.0,0.6,0.62,-0.02,4.68,465.826,1.43
10.41725184,0.0914,0.0,4.187,0.02104,0.12,870.0,117.515,2.6,5778.0,1.0,1.01,0.06,4.44,987.237,1.42
5.835983111,0.06159,0.0,2.0601,0.05468,0.129,884.0,149.135,4.5,5515.0,0.86,0.93,-0.03,4.54,253.295,1.96
6.98152703,0.08161,0.0,5.896,0.00374,0.717,1384.0,975.81,2.6,6179.0,2.17,1.45,0.11,3.93,614.648,1.42
1.574090272,0.0236,0.0,1.5994,0.02249,0.1115,998.0,225.233,0.721,4106.0,0.6,0.62,-0.06,4.68,401.484,0.92
4.16055856,0.04836,0.0,2.615,0.00758,0.1152,985.0,265.325,0.418,5541.0,0.9,0.93,0.01,4.5,540.604,0.79
29.6091744,0.19068,0.0,5.471,0.01259,0.418,629.0,58.6,1.65,5838.0,1.07,1.02,0.01,4.39,661.421,1.16
14.2563227,0.1187,0.0,4.389,0.02061,0.3572,797.0,95.22,3.05,5831.0,1.02,1.02,0.03,4.43,1697.81,1.56
11.72292176,0.09833,0.0,4.175,0.04922,0.71,766.0,81.641,5.65,5740.0,0.98,1.0,0.03,4.46,674.598,2.24
15.6049212,0.12208,0.0,4.521,0.00734,0.7218,1013.0,105.771,2.92,6681.0,1.75,1.45,0.06,4.12,552.55,1.52
4.15244722,0.0616,0.0,2.5916,0.02234,0.71,1941.0,209.752,2.54,5598.0,0.92,0.94,-0.01,4.49,930.457,1.4
4.29264638,0.04958,0.0,2.622,0.00625,0.64,991.0,229.104,0.399,5521.0,0.89,0.93,0.01,4.51,516.09,0.78
0.968972376,0.0197,0.0,1.622,0.01185,0.065,1844.0,2730.51,1.37,5793.0,1.01,1.01,0.06,4.44,1220.0,1.1
10.67607169,0.11051,0.0,4.549,0.01418,0.403,1049.0,817.579,3.33,6184.0,1.36,1.28,0.35,4.28,1530.32,1.64
5.08005848,0.06447,0.0,5.2587,0.02228,0.427,1673.0,1452.904,11.2,6166.0,2.06,1.41,0.07,3.96,1060.68,3.36
9.478522,0.0914,0.0,6.223,0.01846,0.1291,946.0,464.773,3.02,6080.0,1.18,1.13,0.05,4.34,1575.2,1.55
4.24261881,0.0481,0.0,2.658,0.01876,0.3441,926.0,166.106,1.6,5288.0,0.81,0.85,-0.09,4.56,692.594,1.15
7.84931739,0.07419,0.0,3.736,0.00682,0.0776,925.0,359.79,0.363,5817.0,0.99,0.96,-0.14,4.43,924.141,0.76
0.991665274,0.0205,0.0,2.378,0.00773,0.224,2102.0,5228.785,1.32,6166.0,1.25,1.18,0.08,4.32,1513.14,1.09
23.9109011,0.1696,0.0,5.055,0.0294,0.398,709.0,119.237,5.56,6031.0,1.13,1.09,0.02,4.37,2171.87,2.22
8.82713457,0.0829,0.0,2.086,0.04168,0.152,797.0,92.138,4.5,5608.0,0.95,0.97,0.08,4.47,944.54,1.96
7.61760804,0.07116,0.0,3.479,0.00854,0.234,1020.0,171.478,1.55,6053.0,1.16,1.11,0.03,4.35,771.152,1.14
6.83437001,0.0618,0.0,2.1537,0.01726,0.3201,636.0,40.831,0.615,4557.0,0.67,0.72,-0.06,4.64,177.355,0.88
2.226491086,0.0267,0.0,1.7225,0.18391,0.0332,697.0,115.909,6.35,4094.0,0.53,0.54,-0.45,4.73,769.146,2.4
4.13592271,0.0516,0.0,2.789,0.01562,0.168,1226.0,535.42,3.05,6097.0,1.19,1.14,0.07,4.34,1328.0,1.56
3.74032496,0.049,0.0,2.439,0.01656,0.277,1287.0,645.543,2.96,6099.0,1.17,1.11,0.02,4.34,1380.16,1.53
31.80634,0.1596,0.0,3.794,0.01417,0.1357,378.0,23.237,1.24,4990.0,0.75,0.8,-0.05,4.59,482.287,1.07
3.05710069,0.04,0.0,3.523,0.0144,0.254,1202.0,1918.34,2.99,6213.0,1.28,1.18,0.04,4.29,1639.47,1.54
4.77468005,0.05701,0.0,3.809,0.00513,0.03,1137.0,864.037,0.437,5770.0,1.05,1.0,0.03,4.39,840.128,0.8
7.44142113,0.08084,0.0,4.731,0.00884,0.0517,1075.0,503.722,2.15,6202.0,1.29,1.19,0.05,4.29,1004.1,1.27
5.77721211,0.06272,0.0,2.423,0.01343,0.3722,1260.0,662.713,3.57,5512.0,1.3,0.94,0.05,4.18,1126.64,1.71
3.50470358,0.04278,0.0,2.01,0.00907,0.0046,1019.0,189.886,0.244,5101.0,0.79,0.83,0.0,4.57,325.737,0.68
2.71603809,0.0396,0.0,1.859,0.00985,0.0906,1360.0,672.414,1.2,5946.0,1.08,1.06,0.03,4.39,976.868,1.06
4.56380468,0.051,0.0,2.32,0.02222,0.3223,980.0,185.568,2.04,5203.0,0.8,0.84,-0.02,4.56,845.022,1.23
5.53608151,0.0519,0.0,2.1817,0.12233,0.1665,566.0,51.044,5.73,4098.0,0.61,0.63,0.02,4.67,453.795,2.26
8.07392849,0.0594,0.0,2.217,0.1056,0.928,420.0,9.081,2.73,3578.0,0.43,0.46,-0.03,4.83,225.393,1.46
2.31942009,0.0346,0.0,1.612,0.00964,0.4104,1490.0,561.12,0.779,5530.0,0.96,0.97,0.2,4.46,1154.13,0.94
39.859484,0.23431,0.0,8.06,0.01555,0.03,597.0,44.728,2.13,5698.0,0.96,0.98,0.04,4.46,1115.35,1.26
29.91136794,0.179,0.0,6.836,0.0942,0.68,541.0,16.817,10.7,5672.0,0.97,0.99,0.09,4.46,617.55,3.27
66.373379,0.3237,0.0,11.181,0.0415,0.0011,471.0,33.378,4.27,5706.0,0.92,0.95,-0.11,4.49,2146.23,1.9
25.69578251,0.1348,0.0,3.9289,0.11308,0.5133,314.0,5.688,7.04,4984.0,0.73,0.78,-0.14,4.61,524.247,2.55
2.44357812,0.0337,0.0,1.822,0.00673,0.258,1249.0,574.37,0.437,5697.0,0.92,0.95,-0.09,4.5,544.456,0.8
3.93766373,0.05474,0.0,4.916,0.00239,0.098,1947.0,2023.005,2.51,6481.0,2.55,1.64,0.06,3.84,640.409,1.39
39.4419839,0.2346,0.0,7.285,0.01724,0.0264,682.0,33.046,2.27,5802.0,1.0,1.0,0.01,4.45,1110.48,1.31
296.637865,0.85672,0.0,16.2231,0.281,0.423,332.0,4.208,33.1,5770.0,1.2,1.0,0.01,4.28,651.999,6.35
3.43276598,0.0442,0.0,4.156,0.00632,0.481,1134.0,390.57,0.347,5765.0,0.99,1.0,0.02,4.45,616.697,0.75
18.0540381,0.1327,0.0,4.409,0.02831,0.175,635.0,41.514,2.76,5528.0,0.9,0.93,0.03,4.5,908.805,1.47
2.27163926,0.0351,0.0,4.043,0.00824,0.2925,1522.0,1269.46,2.21,6241.0,1.31,1.21,0.07,4.28,2712.58,1.29
3.78470649,0.04974,0.0,3.108,0.0036,0.021,1311.0,730.531,0.437,6138.0,1.23,1.17,0.12,4.33,492.894,0.8
117.040498,0.45332,0.0,8.545,0.07704,0.613,349.0,2.51,8.91,5360.0,0.84,0.88,-0.03,4.54,635.145,2.93
1.538188437,0.0241,0.0,1.7022,0.02717,0.2451,1234.0,510.566,1.81,4940.0,0.73,0.76,-0.16,4.6,629.93,1.19
153.979578,0.552,0.0,8.994,0.07925,0.159,330.0,2.723,7.9,5655.0,0.93,0.95,-0.03,4.49,1206.11,2.73
4.34195123,0.05207,0.0,2.696,0.00772,0.0018,1236.0,308.46,0.809,5940.0,1.09,1.07,0.04,4.39,619.862,0.95
122.363553,0.4823,0.0,9.32,0.03528,0.255,407.0,8.196,3.26,5767.0,0.99,0.99,0.02,4.45,1328.2,1.62
1.638653058,0.0276,0.0,1.948,0.01669,0.0975,1610.0,1707.252,2.1,5735.0,0.96,0.97,-0.03,4.47,1385.7,1.25
6.770302008,0.064,0.0,1.9398,0.1304,0.838,812.0,102.87,11.2,5493.0,0.86,0.89,-0.11,4.53,1731.27,3.36
2.358951515,0.03336,0.0,1.633,0.00941,0.385,1278.0,513.03,0.566,5462.0,0.88,0.91,0.02,4.52,556.58,0.86
5.79180156,0.06669,0.0,3.273,0.01185,0.1628,1222.0,495.652,3.46,6319.0,1.4,1.25,0.06,4.24,945.454,1.68
20.50586978,0.1326,0.0,4.0602,0.21055,0.79,518.0,15.648,12.2,4841.0,0.73,0.77,-0.04,4.6,633.66,3.52
2.94654179,0.04136,0.0,3.28,0.0057,0.3175,1497.0,1431.311,1.2,6377.0,1.39,1.25,0.02,4.24,1221.05,1.06
2.03387914,0.0322,0.0,3.201,0.00736,0.238,1789.0,2491.119,0.363,5416.0,0.87,0.9,0.03,4.53,1493.64,0.76
151.86392,0.5594,0.0,8.622,0.08412,0.016,318.0,2.297,10.9,5943.0,1.13,1.1,0.12,4.37,845.824,3.3
1.208465026,0.02216,0.0,1.5105,0.02402,0.78,1767.0,1652.907,3.5,5980.0,1.11,1.09,0.05,4.38,900.678,1.69
3.38555488,0.04287,0.0,1.914,0.0116,0.129,1476.0,757.132,2.92,6297.0,1.39,1.23,0.04,4.24,675.303,1.52
99.2530951,0.38249,0.0,6.006,0.0538,0.947,300.0,1.871,3.78,5078.0,0.74,0.81,-0.14,4.61,497.093,1.77
28.2274184,0.1778,0.0,5.648,0.11134,0.025,565.0,33.802,14.9,5925.0,1.07,1.05,0.03,4.4,1530.3,3.96
11.62905828,0.0987,0.0,2.846,0.0088,0.3696,854.0,125.89,1.37,5892.0,1.12,1.05,0.04,4.36,572.403,1.1
4.1653651,0.05379,0.0,3.2895,0.01226,0.0903,1048.0,932.132,1.16,5789.0,0.96,1.04,0.1,4.49,760.708,1.05
3.88689525,0.0534,0.0,3.658,0.00583,0.825,1574.0,2099.752,2.3,6341.0,1.76,1.37,0.09,4.08,1104.64,1.32
2.6157554,0.0364,0.0,2.639,0.01204,0.25,1379.0,1343.114,1.87,5808.0,1.0,1.01,0.02,4.44,1455.36,1.2
6.9424334,0.0743,0.0,3.39,0.01608,0.343,1003.0,289.778,2.21,5892.0,1.08,1.06,0.08,4.4,1384.16,1.29
20.4966197,0.1527,0.0,6.38,0.02429,0.42,843.0,173.171,5.14,6228.0,1.42,1.16,-0.1,4.19,1502.32,2.12
28.51120525,0.16704,0.0,4.5784,0.18967,0.65,423.0,8.769,11.4,4758.0,0.72,0.78,0.01,4.61,302.955,3.38
20.0711504,0.1502,0.0,6.137,0.04057,0.2205,826.0,78.667,5.69,6010.0,1.15,1.1,0.05,4.36,1396.41,2.25
0.900376476,0.01855,0.0,1.393,0.00414,0.75,2078.0,3743.275,0.399,5665.0,1.19,1.02,0.23,4.29,595.634,0.78
8.40691199,0.07555,0.0,1.8785,0.0202,0.2048,1048.0,75.56,1.65,5282.0,0.81,0.86,-0.04,4.56,416.692,1.16
2.936584681,0.0372,0.0,1.8519,0.02796,0.0999,1190.0,328.984,2.67,5306.0,0.83,0.86,-0.01,4.55,805.936,1.44
21.1284569,0.15264,0.0,3.789,0.01757,0.78,935.0,40.644,2.79,6010.0,1.13,1.09,0.03,4.37,490.488,1.48
15.95994513,0.1272,0.0,4.3653,0.05441,0.0814,721.0,63.95,5.65,5884.0,0.98,1.05,0.01,4.48,570.659,2.24
3.6146051,0.04608,0.0,3.188,0.00439,0.316,1397.0,1087.781,0.498,5880.0,1.27,1.06,0.04,4.25,755.678,0.83
13.1829642,0.1066,0.0,3.636,0.0518,0.016,661.0,42.825,3.97,5196.0,0.8,0.84,-0.05,4.57,1167.49,1.82
3.95116882,0.04765,0.0,2.5916,0.00609,0.4297,1160.0,518.437,0.363,5564.0,0.99,0.94,0.06,4.41,399.114,0.76
5.858858,0.073,0.33,3.938,0.325,0.6,1648.0,429.794,1182.32167404,6240.0,2.19,1.483,0.03,3.926,629.161,13.09208946
1.827082299,0.02835,0.0,1.95666,0.11647,0.63,1877.0,892.812,9.8,5524.0,0.89,0.92,0.0,4.51,462.322,3.1
3.51576315,0.0426,0.0,1.364,0.0264,0.2492,1033.0,209.464,2.04,4951.0,0.75,0.8,-0.02,4.59,570.835,1.23
0.63642408,0.01416,0.0,1.0604,0.02179,0.2987,1846.0,2138.079,2.21,5267.0,0.84,0.89,0.12,4.54,1043.56,1.29
163.692349,0.5442,0.0,6.856,0.1138,0.028,274.0,1.408,7.75,5201.0,0.8,0.84,-0.06,4.57,729.964,2.7
5.72717226,0.0575,0.0,2.177,0.03109,0.2816,794.0,71.31,2.27,4985.0,0.75,0.78,-0.1,4.59,622.818,1.31
16.21775407,0.1201,0.0,4.9296,0.07583,0.875,664.0,129.374,8.4,5894.0,1.04,1.03,0.0,4.42,973.121,2.83
3.219821056,0.04053,0.0,2.1157,0.0504,0.0676,998.0,240.151,1806.36,5174.0,0.8,0.86,0.05,4.57,861.527,1.75
20.3505213,0.14062,0.0,7.316,0.01018,0.192,695.0,114.332,0.972,5839.0,1.02,1.02,0.02,4.43,991.845,1.0
22.4764425,0.131,0.0,3.56,0.05454,0.176,419.0,7.29,3.39,4770.0,0.72,0.77,0.0,4.61,499.0,1.66
124.828679,0.4679,0.0,6.334,0.06475,0.1636,350.0,1.933,7.46,5706.0,0.97,0.99,0.05,4.46,872.279,2.64
0.849907889,0.014,0.0,1.0925,0.01311,0.259,1139.0,396.64,0.52,4584.0,0.7,0.75,0.11,4.63,466.0,0.84
62.9228557,0.30249,0.0,11.298,0.04178,0.848,462.0,24.791,6.94,5682.0,0.97,0.98,0.05,4.46,1369.24,2.53
42.5215895,0.2391,0.0,5.798,0.06856,0.1267,510.0,21.243,8.55,5796.0,1.01,1.01,0.04,4.43,1498.58,2.86
8.45808312,0.0875,0.0,3.068,0.02587,0.1625,1117.0,339.573,6.17,6327.0,1.43,1.26,0.04,4.23,1460.1,2.36
9.32807355,0.08307,0.0,3.936,0.00452,0.044,788.0,124.307,0.156,5645.0,0.91,0.94,-0.07,4.49,403.933,0.6
4.83817712,0.0316,0.0,1.26,0.1544,0.2607,354.0,2.5,2.83,3208.0,0.3,0.28,0.48,4.93,78.8906,1.49
13.3997099,0.1168,0.0,3.532,0.01673,0.375,886.0,162.544,3.22,6069.0,1.13,1.1,0.0,4.37,1416.31,1.61
21.8635301,0.1466,0.0,3.582,0.09762,0.4402,551.0,24.901,8.25,5507.0,0.89,0.92,0.02,4.51,1159.3,2.8
8.50340718,0.08185,0.0,2.8346,0.01889,0.952,1021.0,454.5,3.29,5899.0,1.15,1.02,-0.05,4.32,680.54,1.63
23.2382792,0.1753,0.0,8.191,0.01798,0.187,903.0,228.219,3.46,6064.0,1.29,1.17,0.14,4.28,1475.6,1.68
2.416601183,0.03557,0.0,1.9656,0.00845,0.0429,1343.0,715.106,0.693,5748.0,1.04,1.07,0.27,4.44,382.989,0.91
27.4785572,0.17707,0.0,8.305,0.00889,0.008,736.0,64.689,1.87,6167.0,1.22,1.15,0.01,4.32,898.31,1.2
16.2950903,0.116,0.0,3.644,0.01979,0.2499,574.0,23.918,1.24,4961.0,0.76,0.8,-0.01,4.59,590.601,1.07
110.2869374,0.43927,0.0,4.442,0.01453,0.1163,414.0,6.1,1.76,6023.0,1.1,1.03,-0.13,4.37,349.549,1.18
3.040330424,0.0374,0.0,1.8394,1.14054,0.7264,1021.0,499.064,62.3,5181.0,0.8,0.84,-0.01,4.57,842.947,9.21
3.76182115,0.047,0.0,3.3906,0.05106,0.59,1121.0,514.124,7.32,5616.0,0.96,0.97,0.09,4.46,1228.83,2.61
160.129918,0.6276,0.0,13.176,0.1183,0.6344,450.0,7.813,20.4,6224.0,1.32,1.21,0.07,4.27,1842.13,4.77
6.10826019,0.07109,0.0,3.649,0.00565,0.4504,1267.0,903.908,2.13,6620.0,1.65,1.41,0.04,4.15,1229.25,1.26
161.4743937,0.56201,0.0,10.598,0.08282,0.882,343.0,5.568,10.2,5829.0,1.04,1.02,0.03,4.42,839.784,3.18
38.1312831,0.2322,0.0,6.345,0.01989,0.7984,613.0,57.079,4.27,6159.0,1.25,1.16,0.03,4.31,1479.14,1.9
14.28226676,0.0978,0.0,2.7398,0.09832,0.019,446.0,12.486,5.18,4201.0,0.61,0.64,-0.09,4.67,284.761,2.13
198.7112502,0.6253,0.0,8.5374,0.21708,0.0803,258.0,1.05,12.9,5178.0,0.8,0.84,-0.03,4.56,568.546,3.65
3.93276465,0.04766,0.0,2.9166,0.02349,0.3347,1140.0,480.405,2.86,5769.0,0.98,0.98,-0.04,4.45,915.212,1.5
5.33905686,0.0525,0.0,1.6507,0.07555,0.02,817.0,115.765,5.06,5048.0,0.77,0.81,-0.03,4.58,661.014,2.1
198.680179,0.63323,0.0,8.287,0.06454,0.3376,297.0,1.825,5.69,5321.0,0.82,0.86,-0.04,4.55,858.77,2.25
23.6225913,0.15413,0.0,6.544,0.0057,0.0733,797.0,74.635,0.363,5852.0,1.0,1.0,-0.07,4.44,734.85,0.76
11.55530021,0.0911,0.0,2.799,0.025,0.2609,674.0,78.163,1.76,5100.0,0.78,0.81,-0.06,4.58,680.828,1.18
3.70175428,0.04487,0.0,2.6262,0.02985,0.257,1050.0,265.407,2.86,5307.0,0.86,0.87,0.02,4.51,681.086,1.5
2.5904434,0.03553,0.0,2.1618,0.03309,0.1071,1484.0,353.561,3.33,5477.0,0.88,0.92,0.03,4.52,489.876,1.64
5.3227406,0.05744,0.0,2.571,0.03424,0.0643,1167.0,135.179,3.36,5477.0,0.88,0.92,0.03,4.52,489.876,1.65
21.81293494,0.1495,0.0,4.3891,0.11754,0.0574,639.0,28.504,9.85,5440.0,0.86,0.9,-0.01,4.53,991.336,3.11
10.8118737,0.10136,0.0,2.611,0.0088,0.896,922.0,236.005,2.76,6436.0,1.5,1.31,0.04,4.2,796.477,1.47
14.53261362,0.11341,0.0,2.4079,0.03289,0.0071,746.0,98.574,4.01,5796.0,0.98,0.99,-0.02,4.45,728.668,1.83
22.12679948,0.1525,0.0,3.686,0.04361,0.2604,721.0,16.317,3.43,5156.0,0.81,0.85,0.07,4.56,500.892,1.67
1.682934604,0.0265,0.0,1.8737,0.01462,0.4643,1270.0,564.581,0.937,5214.0,0.82,0.92,0.22,4.57,390.354,0.99
0.538354308,0.01232,0.0,1.4801,0.01902,0.1093,2386.0,5272.4,2.96,5948.0,1.08,1.05,0.01,4.39,802.163,1.53
89.722292,0.41037,0.0,10.678,0.02637,0.5959,508.0,18.1,4.5,6166.0,1.2,1.13,-0.01,4.33,1072.88,1.96
1.138543376,0.02204,0.0,2.0922,0.00662,0.1988,2537.0,4457.2,1.41,6260.0,1.27,1.16,-0.03,4.29,666.334,1.11
17.97979059,0.14017,0.0,5.6021,0.04759,0.758,828.0,94.137,8.75,6185.0,1.33,1.24,0.23,4.28,761.966,2.9
4.36128348,0.0518,0.0,2.058,0.01769,0.374,1000.0,243.08,2.27,5772.0,1.0,1.0,0.04,4.44,837.481,1.31
5.94220998,0.059,0.0,2.2737,0.02726,0.0025,797.0,71.94,2.04,4908.0,0.75,0.8,0.04,4.6,459.076,1.23
9.5085156,0.0958,0.0,4.381,0.00979,0.143,1131.0,265.018,2.92,6337.0,1.4,1.25,0.04,4.24,1273.78,1.52
16.080661147,0.1185,0.0,2.8707,0.31974,0.0448,614.0,67.509,18.1,5203.0,0.8,0.85,-0.02,4.56,310.301,4.45
17.276296119,0.12109,0.0,3.94332,1.0458,0.0127,538.0,20.618,46.1,5014.0,0.76,0.82,0.0,4.59,369.645,7.72
105.6551369,0.43519,0.0,9.243,0.13669,0.0767,407.0,7.071,13.1,5821.0,1.0,0.99,-0.03,4.44,1402.82,3.68
56.0560538,0.232,0.0,4.595,0.1851,0.018,265.0,0.729,5.1,3722.0,0.51,0.53,0.07,4.75,276.881,2.11
364.758031,0.8507,0.0,13.006,0.14815,0.875,166.0,0.193,10.0,4434.0,0.67,0.71,0.05,4.64,387.248,3.14
30.99660733,0.1885,0.0,2.7959,0.06553,0.791,500.0,14.72,5.52,5322.0,0.84,0.91,0.11,4.55,349.0,2.21
13.24934059,0.11248,0.0,4.4634,0.06476,0.3503,806.0,101.143,7.7,5882.0,1.07,1.04,0.03,4.39,818.001,2.69
54.6495759,0.2846,0.0,8.405,0.04325,0.018,538.0,22.372,5.99,5965.0,1.12,1.08,0.06,4.38,1769.14,2.32
1.644224613,0.02909,0.0,2.7822,0.00478,0.3188,1897.0,3111.322,0.615,6366.0,1.34,1.26,0.12,4.28,781.611,0.88
18.49235668,0.1254,0.0,3.5297,0.16789,0.0294,603.0,25.056,13.1,5564.0,0.91,0.93,0.01,4.49,613.179,3.68
0.764864926,0.01553,0.0,1.1779,0.0163,0.3596,1733.0,1552.133,1.12,5160.0,0.79,0.83,-0.03,4.57,694.89,1.04
33.42035034,0.20906,0.0,5.0911,0.03848,0.6281,581.0,25.942,5.39,5810.0,1.05,1.03,0.06,4.4,319.675,2.18
40.6069821,0.2259,0.0,5.719,0.06964,0.0279,521.0,12.39,7.41,5772.0,1.0,1.0,0.03,4.44,703.758,2.63
7.25931979,0.0718,0.0,6.198,0.02475,0.204,967.0,615.253,3.71,5904.0,1.07,1.04,0.03,4.4,1358.95,1.75
23.67517607,0.1536,0.0,4.612,0.10197,0.858,528.0,20.182,8.75,5279.0,0.81,0.84,-0.09,4.56,619.723,2.9
1.444453798,0.0245,0.0,0.9748,0.02216,0.162,1800.0,713.168,1.76,5079.0,0.77,0.81,-0.08,4.58,517.292,1.18
56.6747285,0.2836,0.0,5.422,0.08831,0.1803,522.0,10.349,8.75,5722.0,0.95,0.97,-0.03,4.47,890.296,2.9
39.8189932,0.24153,0.0,10.798,0.01962,0.0066,650.0,73.335,4.12,5820.0,1.31,1.05,0.06,4.22,905.825,1.86
3.8361623,0.0458,0.0,2.4044766,0.53575775,0.227663,934.5,150.0,41.8,4987.0,0.8268,0.8712,0.305,4.541,122.066,6.02802815
175.138819,0.6095,0.0,10.666,0.06345,0.07,346.0,1.989,8.35,5837.0,1.03,1.03,0.02,4.42,1125.3,2.82
12.27065865,0.1058,0.0,3.106,0.03165,0.1375,811.0,86.645,3.22,5774.0,0.93,0.95,-0.16,4.49,768.903,1.61
15.0217983,0.1197,0.0,4.557,0.01109,0.0973,874.0,137.91,2.57,5863.0,1.29,1.06,0.06,4.24,555.051,1.41
240.7989397,0.7655,0.0,16.442,0.50229,0.6356,342.0,3.944,39.6,5644.0,0.91,0.94,-0.07,4.5,1441.63,7.06
3.895936844,0.046,0.0,2.3389,0.85448,0.541,1005.0,458.912,68.7,5715.0,0.96,0.98,0.02,4.47,1357.75,9.76
54.5094166,0.2401,0.0,4.222,0.06222,0.0368,308.0,3.078,3.57,4524.0,0.68,0.71,-0.02,4.63,505.829,1.71
91.080482,0.3982,0.0,9.65,0.07386,0.8866,415.0,9.113,9.64,5659.0,0.94,0.96,0.01,4.48,1285.48,3.07
85.273256,0.3677,0.0,9.462,0.07678,0.3751,443.0,9.1,8.96,5831.0,1.04,1.03,0.06,4.42,1355.54,2.94
0.653553572,0.0129,0.0,1.5399,0.45959,0.8829,1437.0,1134.386,28.1,4677.0,0.71,0.76,0.04,4.61,607.917,5.77
23.20584623,0.16619,0.0,4.2998,0.03479,0.059,1002.0,63.805,20.2,6096.0,2.56,1.64,0.38,3.84,786.091,4.75
13.6473676,0.11978,0.0,7.769,0.00633,0.0137,913.0,449.632,0.721,6116.0,1.21,1.14,0.05,4.33,1286.1,0.92
64.6588017,0.3211,0.0,7.549,0.02354,0.1325,535.0,18.383,5.56,6182.0,1.27,1.18,0.05,4.29,1307.66,2.22
153.343364,0.5545,0.0,10.715,0.0388,0.261,377.0,6.93,7.61,6095.0,1.22,1.15,0.08,4.32,1571.46,2.67
2.37030743,0.0344,0.0,1.845,0.0317,0.3929,1256.0,734.619,3.19,5635.0,0.93,0.94,-0.01,4.49,1122.48,1.6
0.762129261,0.0164,0.0,1.076,0.00712,0.399,1872.0,2761.757,0.437,5592.0,0.93,0.95,0.03,4.49,667.693,0.8
1.616883696,0.0266,0.0,1.5845,0.04599,0.7883,1774.0,496.898,4.66,5334.0,0.83,0.87,-0.03,4.54,541.432,2.0
22.36656079,0.1449,0.0,5.151,0.09868,0.815,536.0,35.337,8.7,5518.0,0.88,0.91,-0.01,4.51,1131.73,2.89
29.9633247,0.1614,0.0,2.632,0.08932,0.0556,391.0,5.469,4.5,4422.0,0.67,0.7,-0.02,4.64,553.218,1.96
48.051405,0.2528,0.0,7.638,0.02745,0.147,564.0,9.86,2.33,5256.0,0.81,0.86,-0.01,4.56,740.0,1.33
4.02582254,0.0483,0.0,2.7665,0.02653,0.017,1169.0,357.082,3.33,5792.0,1.0,1.0,0.0,4.44,809.897,1.64
10.35533177,0.0895,0.0,3.4276,0.07506,0.029,777.0,75.623,8.45,5343.0,0.84,0.88,0.0,4.54,774.152,2.84
5.1762429,0.0586,0.0,5.15,0.00787,0.2178,1243.0,146.22,0.457,5605.0,0.93,0.94,0.01,4.49,908.444,0.81
14.58649607,0.11638,0.0,4.0393,0.03787,0.37,852.0,130.757,5.95,6117.0,1.18,1.1,-0.06,4.33,748.188,2.31
65.6488341,0.3094,0.0,7.431,0.09839,0.038,390.0,4.704,14.0,5756.0,1.0,1.0,0.06,4.45,1017.82,3.82
15.0330105,0.1236,0.0,5.416,0.01322,0.1488,928.0,131.818,1.87,5845.0,1.0,1.0,-0.05,4.44,1217.82,1.2
1.847889171,0.0288,0.0,1.8934,0.03233,0.2183,1374.0,1513.457,3.64,5706.0,0.93,0.96,-0.07,4.49,814.125,1.73
7.75192492,0.08137,0.0,3.4849,0.0406,0.54,852.0,407.833,4.62,5789.0,0.96,1.04,0.1,4.49,760.708,1.99
3.91795101,0.0482,0.0,2.586,0.01165,0.3837,1030.0,269.248,1.08,5643.0,0.94,0.96,0.03,4.48,764.726,1.03
31.7785901,0.20066,0.0,8.056,0.0262,0.29,564.0,89.473,3.39,5828.0,1.01,1.02,0.03,4.44,1151.73,1.66
5.32786292,0.06101,0.0,4.678,0.00872,0.116,1023.0,968.555,0.972,5828.0,1.01,1.02,0.03,4.44,1151.73,1.0
82.304003,0.3704,0.0,13.843,0.0737,0.0358,485.0,25.17,5.18,5393.0,0.81,0.85,-0.17,4.55,2435.94,2.13
30.8609366,0.18298,0.0,4.109,0.01289,0.2778,525.0,36.121,0.749,5686.0,0.86,0.93,-0.18,4.54,495.148,0.93
0.93875077,0.01867,0.0,1.3901,0.02807,0.013,1676.0,2218.145,3.12,5708.0,0.96,0.97,0.0,4.46,865.596,1.58
219.3217528,0.73361,0.0,12.358,0.36287,0.244,313.0,2.055,41.2,6000.0,1.14,1.11,0.08,4.37,1364.53,7.22
1.5184299,0.02755,0.0,3.414,0.01968,0.561,1926.0,6797.623,4.98,6005.0,1.12,1.08,0.01,4.37,1508.33,2.08
3.9466141,0.0471,0.0,2.836,0.03094,0.3014,981.0,276.373,2.83,5121.0,0.76,0.79,-0.17,4.58,1191.19,1.49
8.23984869,0.0817,0.0,5.617,0.0251,0.1804,1093.0,481.352,3.64,5893.0,1.05,1.04,0.03,4.42,1899.24,1.73
16.0506213,0.11946,0.0,2.939,0.00944,0.0123,630.0,30.476,0.52,5410.0,0.85,0.89,-0.03,4.53,320.478,0.84
25.4338197,0.1707,0.0,6.424,0.0302,0.232,667.0,83.081,4.08,5780.0,0.99,1.0,0.03,4.45,2002.96,1.85
161.5163345,0.503,0.0,6.456,0.21834,0.2865,211.0,0.519,8.96,4350.0,0.66,0.7,0.06,4.65,466.084,2.94
70.9674603,0.3392,0.0,6.8992,0.07847,0.0474,438.0,8.443,12.3,6179.0,1.25,1.17,0.04,4.31,381.773,3.54
6.76284377,0.07318,0.0,5.872,0.00567,0.1156,1337.0,724.861,1.04,6266.0,1.34,1.21,0.02,4.26,1137.81,1.02
16.1779561,0.1285,0.0,5.269,0.02985,0.081,754.0,138.538,3.82,5812.0,1.02,1.02,0.04,4.43,1202.47,1.78
7.03902374,0.0744,0.0,3.8898,0.05298,0.862,1051.0,461.993,9.11,6129.0,1.24,1.16,0.07,4.31,1661.87,2.97
3.750832285,0.0484,0.0,1.95913,0.23979,0.0902,1129.0,389.404,19.4,5626.0,0.92,0.95,-0.01,4.49,863.037,4.63
13.64618192,0.1089,0.0,3.374,0.0633,0.91,678.0,59.396,5.39,5485.0,0.87,0.91,-0.03,4.52,769.2,2.18
20.54981883,0.14354,0.0,5.4586,0.15643,0.47,657.0,53.002,14.1,5769.0,0.98,0.98,-0.04,4.45,915.212,3.84
4.41745855,0.05631,0.0,2.9563,0.0292,0.73,1810.0,719.373,8.75,6570.0,1.66,1.4,0.06,4.14,781.582,2.9
16.33889626,0.13485,0.37,9.3575,0.17184,0.8108,963.0,211.711,321.0083,4908.0,2.52,1.0,0.13,3.64,1063.58,10.16
21.80451088,0.1406,0.0,3.3931,0.11449,0.751,543.0,25.296,10.7,5452.0,0.85,0.88,-0.09,4.53,762.081,3.26
210.630591,0.6477,0.0,8.675,0.16578,0.6871,234.0,0.568,12.6,5053.0,0.77,0.81,-0.06,4.58,555.189,3.6
51.84688575,0.2607,0.0,4.7788,1.03136,0.681,413.0,6.532,56.3,5172.0,0.81,0.86,0.07,4.56,791.163,8.68
3.728731093,0.0455,0.0,2.6734,0.52265,0.558,1023.0,253.456,34.8,5355.0,0.84,0.88,0.0,4.54,918.21,6.54
2.243381847,0.028,0.0,1.0205,0.08217,0.1408,822.0,146.511,3.5,4192.0,0.57,0.6,-0.27,4.69,342.254,1.69
21.02247699,0.13615,0.0,4.0906,0.17725,0.76,521.0,15.801,11.5,5148.0,0.78,0.84,-0.03,4.58,872.493,3.41
76.378033,0.2952,0.0,4.952,1.1004,0.6067,240.0,0.79,33.8,3724.0,0.52,0.55,0.17,4.74,352.0,6.43
37.6327084,0.1861,0.0,4.547,0.16617,0.2955,299.0,3.97,6.62,4098.0,0.61,0.63,0.02,4.67,453.795,2.46
46.4063358,0.25697,0.0,6.9941,0.04735,0.843,588.0,28.767,7.8,6170.0,1.24,1.15,0.0,4.31,752.562,2.71
4.243747226,0.0501,0.0,3.368,0.14782,0.0243,1063.0,301.46,12.9,5735.0,0.95,0.98,-0.02,4.47,1041.0,3.64
11.59822172,0.0798,0.0,2.6256,0.28045,0.798,396.0,8.241,9.48,3701.0,0.49,0.51,-0.02,4.77,295.196,3.04
2.33743801,0.0325,0.0,2.014,0.09712,0.4935,1070.0,308.547,6.53,4945.0,0.75,0.79,-0.05,4.6,665.68,2.44
509.997402,1.1218,0.0,8.481,0.1267,0.0254,182.0,0.26,5.43,4736.0,0.63,0.66,-0.46,4.66,331.213,2.19
12.25383217,0.09968,0.0,2.213,0.01393,0.4886,678.0,86.499,1.01,5381.0,0.84,0.88,-0.04,4.54,567.556,1.01
10.94027841,0.0952,0.0,2.2868,0.05386,0.5044,764.0,70.965,5.6,5549.0,0.89,0.92,-0.05,4.51,787.894,2.23
24.54350418,0.17337,0.0,7.3096,0.11513,0.788,616.0,62.2,12.2,5808.0,1.01,1.01,0.03,4.44,1691.88,3.52
30.229104,0.19471,0.0,6.4658,0.04434,0.708,755.0,61.495,10.4,6346.0,1.47,1.28,0.09,4.21,860.355,3.21
17.20523483,0.1192,0.0,3.6211,0.10806,0.0431,553.0,26.889,7.18,5212.0,0.79,0.83,-0.1,4.57,504.667,2.58
8.098887986,0.0832,0.0,4.21479,0.69111,0.054,986.0,484.006,67.6,5995.0,1.12,1.09,0.04,4.37,2083.37,9.67
9.07097734,0.0854,0.0,2.7085,0.10262,0.013,825.0,77.098,9.32,5443.0,0.86,0.9,-0.03,4.53,737.702,3.01
1.287076762,0.0188,0.0,1.5086,0.07294,0.0873,871.0,223.745,3.29,4103.0,0.6,0.63,-0.04,4.68,388.384,1.63
3.689926291,0.0469,0.0,2.6286,0.04267,0.1166,1147.0,706.62,6.44,5890.0,1.11,1.08,0.13,4.38,1492.48,2.42
186.404271,0.3875,0.0,10.46,0.0129,0.2936,925.0,26.258,3.12,6256.0,1.32,1.2,0.02,4.27,1114.91,1.58
3.383538066,0.04244,0.0,1.4365,0.02557,0.8,1133.0,316.718,2.67,5462.0,0.88,0.91,0.02,4.52,556.58,1.44
5.154484417,0.0546,0.0,2.8866,0.07459,0.7713,964.0,176.685,6.94,5441.0,0.86,0.89,-0.01,4.53,831.842,2.53
5.11177904,0.0593,0.0,2.96,0.02678,0.2011,1351.0,1079.458,9.53,6846.0,1.88,1.54,0.06,4.08,903.51,3.05
4.221625357,0.052,0.0,2.8959,0.0658,0.72,1176.0,718.075,7.41,5835.0,1.0,1.01,0.0,4.44,1209.4,2.63
16.54964934,0.1196,0.0,4.0043,0.07445,0.0374,656.0,32.142,5.77,5296.0,0.83,0.88,0.01,4.55,612.803,2.27
22.18329658,0.14527,0.0,5.0606,0.07481,0.0253,646.0,46.44,8.2,5746.0,1.02,0.99,0.02,4.41,771.471,2.79
21.30022655,0.15161,0.0,4.0882,0.06598,0.861,725.0,82.302,11.8,6267.0,1.32,1.21,0.03,4.27,1023.85,3.46
10.00652995,0.0933,0.0,5.218,0.09361,0.769,876.0,181.408,13.5,5871.0,1.04,1.04,0.02,4.42,1327.44,3.75
10.37168453,0.08628,0.0,3.0479,0.12549,0.537,720.0,42.493,8.75,5099.0,0.78,0.83,0.0,4.58,635.009,2.9
104.3518976,0.4297,0.0,3.586,0.02438,0.0482,355.0,9.31,2.33,5622.0,0.87,0.96,-0.04,4.54,459.273,1.33
9.27358194,0.0759,0.0,3.3004,0.12883,0.387,649.0,44.09,7.13,4779.0,0.71,0.75,-0.07,4.61,568.431,2.57
8.30864937,0.0747,0.0,3.221,0.08361,0.0993,747.0,62.926,5.99,5293.0,0.82,0.86,-0.03,4.55,605.274,2.32
425.47785,1.12191,0.0,17.848,0.09984,0.1856,248.0,1.217,10.5,5797.0,1.02,1.01,0.03,4.43,1947.54,3.23
58.3620495,0.29256,0.0,6.2859,0.56353,0.0467,446.0,7.565,38.7,5646.0,0.94,0.96,0.02,4.48,621.378,6.96
5.743477265,0.0625,0.0,3.4527,0.12402,0.64,982.0,484.51,11.1,5660.0,0.93,0.95,-0.03,4.49,1765.23,3.34
18.42794624,0.1247,0.0,2.8702,0.07066,0.2867,526.0,16.879,5.27,5132.0,0.79,0.83,-0.01,4.57,564.277,2.15
8.600104109,0.0747,0.0,4.0251,0.2946,0.0265,760.0,77.258,17.9,5322.0,0.83,0.87,-0.02,4.55,531.944,4.42
7.65880414,0.0723,0.0,3.0576,0.06682,0.854,858.0,120.47,6.3,5612.0,0.91,0.95,-0.01,4.5,682.896,2.39
2.752359753,0.03841,0.0,2.1154,0.08194,0.78,1178.0,489.149,8.4,5593.0,0.93,0.96,0.03,4.49,585.187,2.83
2.437033302,0.0351,0.0,3.201,0.0244,0.745,1513.0,1825.301,3.36,5761.0,1.01,1.01,0.06,4.43,1395.56,1.65
3.166353714,0.0432,0.0,3.3039,0.14734,0.0645,1273.0,1089.549,12.5,5633.0,0.91,0.94,-0.05,4.5,1921.15,3.58
21.67697486,0.1408,0.0,3.1263,0.08572,0.895,530.0,23.824,5.39,4897.0,0.74,0.79,-0.03,4.6,815.637,2.18
12.3764661,0.0893,0.0,2.7534,0.1771,0.6375,483.0,14.386,7.9,4286.0,0.63,0.65,-0.09,4.66,311.175,2.73
24.283377,0.166,0.0,5.2551434,0.2844,0.135157,602.99,33.0,22.4,5684.0,0.9574,1.0258,0.147,4.486,81.2271,5.20315158
259.33683,0.745,0.0,15.979,0.03497,0.014,304.0,2.76,4.16,5710.0,0.95,0.97,-0.01,4.47,1525.52,1.87
2.104722184,0.0331,0.0,1.7575,0.09055,0.8,1365.0,705.051,8.2,5575.0,0.92,0.94,0.0,4.5,693.766,2.79
5.33175,0.069,0.0,6.4852265,0.422,0.358842,1493.97,1071.42,387.0,5982.0,2.195,1.5055,0.343,3.928,336.608,14.19902343
0.4702743,0.0116,0.0,1.282804,0.02094931,0.333121,2130.02,5028.6263,3.58,5460.0,0.9105,0.9513,0.146,4.496,125.463,1.41792246
3.595769645,0.0449,0.0,3.3249,0.03837,0.911,1296.0,677.569,7.27,5860.0,1.08,1.05,0.08,4.39,1221.96,2.6
5.378868441,0.05494,0.0,2.7154,0.04834,0.758,833.0,110.619,4.27,5160.0,0.79,0.85,-0.02,4.57,414.825,1.9
3.275822621,0.04541,0.0,2.9721,0.02749,0.49,1730.0,1364.762,5.06,6170.0,1.21,1.13,-0.01,4.33,1173.57,2.1
5.007317779,0.0556,0.0,4.2223,0.76301,0.341,998.0,234.28,54.5,5777.0,0.98,0.99,-0.02,4.45,2497.51,8.52
3.722156413,0.0452,0.0,1.9911,0.07574,0.6393,1046.0,997.089,8.45,5693.0,0.96,0.98,0.04,4.46,1445.53,2.84
5.85296257,0.0647,0.0,4.6003,0.11465,0.316,1056.0,782.415,15.2,6000.0,1.15,1.1,0.07,4.35,1421.81,4.02
5.263415765,0.0612,0.0,2.1778,0.10668,0.75,1103.0,358.994,14.8,5863.0,1.04,1.03,0.01,4.42,843.689,3.95
47.0319479,0.2447,0.0,5.906,0.03678,0.161,492.0,9.08,4.19,5448.0,0.86,0.9,-0.02,4.53,780.566,1.88
220.1303357,0.75318,0.0,21.445,0.17964,0.0468,389.0,7.4,26.1,6146.0,1.26,1.17,0.06,4.3,1274.01,5.52
15.87364565,0.11251,0.0,3.6124,0.04156,0.395,632.0,38.229,4.62,5634.0,0.91,0.93,-0.07,4.49,451.794,1.99
11.51516988,0.0965,0.0,2.0189,0.14304,0.2438,657.0,32.679,9.01,5107.0,0.8,0.85,0.07,4.57,695.059,2.95
81.1694299,0.3554,0.0,7.709,0.11832,0.5484,436.0,5.615,11.4,5677.0,0.94,0.97,0.01,4.48,785.137,3.39
5.404272197,0.06014,0.0,2.4748,0.07703,0.76,1073.0,224.146,10.1,5980.0,1.11,1.09,0.05,4.38,900.678,3.16
9.5739181,0.1,0.276,4.3070829,0.317,0.781926,1199.55,354.639,89.4,6039.0,2.032,1.4643,0.332,3.986,223.465,12.3485023
10.288914,0.091,0.29,1.5329366,0.0854,0.327997,701.66,9.0686,19.1,5216.0,0.8418,0.9342,0.248,4.557,65.9501,2.4801338
15.28469497,0.1224,0.0,5.901,0.03213,0.796,852.0,128.783,5.02,6062.0,1.13,1.08,-0.02,4.37,1159.31,2.09
5.392025388,0.0583,0.0,2.981,0.11514,0.79,850.0,138.751,7.46,5075.0,0.78,0.82,-0.01,4.58,926.598,2.64
4.093573252,0.0514,0.0,2.2856,0.05386,0.1554,1182.0,414.601,7.41,5863.0,1.05,1.03,0.02,4.41,1239.5,2.63
11.02347475,0.0794,0.0,1.421,0.18422,0.907,429.0,8.37,5.73,3768.0,0.53,0.55,0.11,4.73,130.645,2.26
34.18890521,0.19784,0.0,5.3184,0.10632,0.836,526.0,19.314,10.1,5616.0,0.93,0.95,0.01,4.48,638.301,3.16
21.05358596,0.16052,0.0,7.2144,0.04966,0.8731,731.0,97.8,7.51,5808.0,1.01,1.01,0.03,4.43,1539.63,2.65
3.9443736,0.051,0.0,4.8636539,0.67324885,0.243028,1414.84,1078.5987,95.3,5567.0,1.7031,1.1576,0.405,4.035,323.265,14.11645916
4.537143,0.057,0.0,4.029272,0.41997559,0.272206,1278.0,732.0077,99.0,5752.0,1.4536,1.2187,0.397,4.194,319.036,9.65807033
10.35584657,0.085,0.0,2.8121,0.06812,0.921,620.0,19.18,3.68,4655.0,0.69,0.73,-0.07,4.62,330.0,1.74
18.654874,0.132,0.0,3.9484217,0.14954449,0.425159,587.77,28.0,5.4,5213.0,0.8649,0.8889,0.168,4.51,169.422,3.43139739
37.92548,0.212,0.0,3.5440768,0.13707889,0.565603,463.98,11.0,14.5,5213.0,0.8649,0.8889,0.168,4.51,169.422,3.5141875
21.21708973,0.1508,0.0,5.3643,0.0636,0.841,706.0,61.02,8.6,5967.0,1.1,1.08,0.04,4.39,973.76,2.87
2.820192408,0.0397,0.0,2.5077,0.04675,0.484,1367.0,935.827,6.3,5913.0,1.04,1.04,-0.03,4.42,1153.13,2.39
16.08524954,0.1173,0.0,3.5655,0.15586,0.1067,613.0,28.216,8.85,5071.0,0.77,0.8,-0.08,4.58,664.843,2.92
287.378949,0.87762,0.0,18.886,0.43769,0.0358,350.0,3.3,30.6,5677.0,0.94,0.96,0.01,4.48,2310.11,6.06
12.2057513,0.1016,0.0,2.454,0.15145,0.3223,895.0,39.915,10.3,5355.0,0.84,0.88,-0.01,4.54,413.873,3.2
6.6513802,0.0678,0.0,2.1356,0.10756,0.1915,1095.0,89.632,7.56,5355.0,0.84,0.88,-0.01,4.54,413.873,2.66
4.182002531,0.04958,0.0,2.2165,0.08616,0.0601,974.0,211.884,6.76,5490.0,0.88,0.97,0.17,4.54,394.55,2.49
28.59915399,0.1422,0.0,3.6632,0.15851,0.894,298.0,2.297,4.5,3813.0,0.48,0.51,-0.24,4.77,205.118,1.96
4.125546869,0.0529,0.0,3.1389,0.14873,0.67,1243.0,826.765,20.8,6038.0,1.2,1.15,0.14,4.34,2063.41,4.83
29.00790538,0.1759,0.0,4.8259,0.09063,0.937,498.0,15.227,6.21,5242.0,0.81,0.85,-0.06,4.56,661.876,2.37
6.521210666,0.0682,0.0,2.8091,0.07604,0.907,932.0,258.059,11.2,5971.0,1.14,1.09,0.06,4.36,1065.82,3.35
3.314946338,0.0433,0.0,1.7069,0.13982,0.895,1155.0,339.401,10.8,5437.0,0.86,0.9,-0.02,4.53,853.119,3.29
4.48558383,0.0295,0.0,0.8208,0.2265,0.3763,365.0,4.2,2.04,3299.0,0.26,0.24,0.04,5.01,127.591,1.23
4.347285527,0.0524,0.0,2.0739,0.04516,0.2089,1174.0,710.872,4.19,5611.0,0.91,0.94,-0.04,4.5,1448.34,1.88
4.6122,0.0345,0.26,1.039,0.2194,,,7.8,2.04,3537.0,0.256,0.258,,5.022,110.561,1.23
1.096026,0.01462,0.15,0.895,0.0346,,,78.0,0.17,3691.0,0.318,0.347,,4.965,86.0386,0.615
4.655411,0.048,0.06,1.89,0.0129,0.1,,78.6,0.257,4348.35,0.6694,0.694512,0.01,4.64,49.3855,0.69
25.8401,0.173,0.0,5.6703771,0.1806,0.293789,615.03,34.68,45.8,5735.0,1.0235,1.0363,0.149,4.431,146.858,6.2163865
9.915615,,0.1,2.66,0.02,0.43,,,2.24,4695.0,0.71,0.77,0.14,4.53373,188.175,1.3
5.73594,0.0532,,2.654,0.1496,0.65,565.0,24.1,4.31,3930.0,0.57,0.61,-0.33,4.71,202.943,1.91
10.93241,0.0818,,3.498,0.1378,0.83,456.0,10.2,5.73,3930.0,0.57,0.61,-0.33,4.71,202.943,2.26
1.419549,0.0164,0.09,0.945,0.1565,,,46.0,1.37,3622.0,0.284,0.292,,5.0,62.5785,1.1
15.189034,0.078,0.11,2.15,,,,2.2,1.65,3360.47,0.330989,0.271365,,5.048,66.4321,1.16
3.6451389,0.04726,0.0,2.3643117,0.078,0.491787,1212.45,543.8,18.4,5908.0,1.0311,1.0844,0.11,4.445,82.3432,3.11976057
7.6188,0.0667,,2.487,0.1041,0.68,658.0,44.5,4.74,4742.0,0.66,0.68,-0.33,4.51,334.967,2.02
19.07863,0.1229,,3.859,0.1065,0.86,485.0,13.1,6.99,4742.0,0.66,0.68,-0.33,4.51,334.967,2.54
19.72567,0.14481,0.051,7.202,0.05779,0.701,751.0,119.882,4.8,5803.0,1.72,1.125,0.1,4.46,1859.71,4.6
7.38449,0.07525,0.078,5.7351,0.03498,0.04,1042.0,444.053,7.4,5803.0,1.72,1.125,0.1,4.46,1859.71,2.99
14.78869,0.11956,0.037,6.1191,0.07818,0.527,827.0,175.951,8.0,5803.0,1.72,1.125,0.1,4.46,1859.71,5.24
6.102325,0.059,0.06,2.15,0.1076,,,62.9,4.54,4674.13,0.634663,0.745273,,4.668,252.318,1.97
16.537944,0.127,0.0,3.0940434,0.0608,0.506807,723.33,53.0216,15.2,5801.0,1.0162,1.0022,0.019,4.424,91.9362,2.61143902
2.0344671,0.0145,,0.708,0.11420994,0.449,422.0,5.3,3.78,3022.0,0.13,0.0989,0.164,4.99625,22.55,1.77
3.07222,0.0372,0.0041,1.8732,0.0539,0.192,722.0,164.625,6.75,4540.0,0.678,0.73,0.04,4.639,369.451,1.53
2.900706,0.035,0.19,1.3032,0.0389,,,80.8,2.24,4421.98,0.634754,0.704613,-0.225,4.653,134.188,1.3
5.3846104,0.059,0.0,3.1784345,0.06306901,0.270951,1005.43,237.996,16.6,5621.0,0.9715,0.9483,0.026,4.438,226.671,2.47852533
2.799868,0.0378,0.0,1.9316857,0.02048553,0.507245,1269.21,560.3349,1.4,5785.0,0.9356,0.9196,-0.193,4.457,44.647,1.21612741
9.52355,0.0792,0.0079,2.3569,0.14913,0.609,495.0,36.482,6.74,4540.0,0.678,0.73,0.04,4.639,369.451,2.74
5.2549,0.06,0.0,3.239598,0.0567,0.282173,1075.31,339.1,10.0,5934.0,1.0072,1.0269,-0.05,4.441,67.6203,2.42763557
2.3106446,0.034,0.0,1.6276453,0.6717,0.828766,1264.29,203.685,120.0,5394.0,0.9608,0.9835,0.348,4.463,149.667,8.71664516
3.770107,0.045,0.0,2.8696267,0.43611801,0.266055,943.19,195.2882,31.3,5058.0,0.8036,0.853,0.131,4.558,124.68,5.3422266
23.540678,0.147,0.0,4.260461,0.0956,0.318654,520.66,16.8576,30.0,5224.0,0.7511,0.7663,-0.294,4.564,85.8034,2.30381001
5.70439,0.0638,0.39,4.2082686,0.09409863,0.464615,1213.02,576.8749,40.4,5614.0,1.5326,1.0678,0.205,4.092,284.388,4.94057819
19.1541,0.13821,,6.73,0.0333,0.13,889.0,119.0,4.86,6256.0,1.29,0.96,-0.32,4.198,449.237,2.05
6.68796,0.0617,,3.04,0.1042,0.0,,44.1,5.27,4613.0,0.643,0.702,,4.659,396.913,2.15
3.04405,0.0443,0.0,1.3514496,0.0082735,0.689382,1585.57,1413.5,4.3,6353.0,1.4182,1.251,-0.018,4.227,45.6181,1.36354953
31.6372,0.1779,,4.0,0.0999,0.12,,10.7,4.23,5054.0,0.76,0.75,-0.224,4.544,349.881,1.89
20.5065,0.1344,,3.01,0.1104,0.7,,15.3,5.65,4899.0,0.73,0.77,-0.19,4.603,313.764,2.24
9.21165,0.0923,0.0,4.96,,0.438,1230.0,,10.9,6302.0,1.511,1.194,-0.06,4.23,272.909,3.06
9.61419,0.085,0.0,2.7649671,0.09336533,0.497766,759.0,74.7359,10.6,5457.0,0.8426,0.8784,-0.079,4.529,107.055,2.66146528
2.6998279,0.0374,0.0,2.3792512,0.2798,0.290584,1203.44,1198.41,44.1,5388.0,0.9583,0.9552,0.257,4.453,114.865,4.96846551
8.7529,0.0705,,2.68,0.1337,0.54,,18.8,3.15,4326.0,0.546,0.611,-0.1132,4.742,257.443,1.59
2.77065,0.0309,,2.307,0.209,0.62,,59.0,4.38,4175.0,0.45,0.51,,4.81,457.125,1.93
4.8101069,0.06505,0.0,6.9888,0.6965,0.46,1903.0,2029.17,143.02278315,6640.0,2.62,1.73,0.14,3.84,371.686,23.9872187
38.09722,0.1654,0.0,3.24,0.0977,0.011,268.0,0.81,3.19,3638.0,0.382,0.404,-0.3,4.878,252.0,1.6
22.8827,0.1517,,3.2,0.0425,0.63,,24.6,3.57,5413.0,0.86,0.89,0.11,4.522,181.746,1.71
11.2954,0.0905,,1.75,0.094,0.89,,38.3,5.9,5055.0,0.731,0.774,,4.592,311.313,2.3
2.103189,0.0364,0.011,4.1218716,0.7142,0.329214,1942.12,14140.0,374.71969185,6054.0,1.961,1.467,0.38,4.02,302.819,17.02644168
4.291452,0.0469,0.0,2.38,1.91807234,0.4,783.0,62.0,657.0,4230.0,0.708,0.739,0.41,4.63,377.483,9.86
69.33684,0.347,0.17,7.16,0.8735,0.277,414.0,44.5933,124.90656395,5730.0,1.006,1.034,0.18,4.3,148.987,9.60609646
25.4556,0.189,,4.24,0.079,0.35,,139.0,14.5,6771.0,1.63,1.4,,4.15,517.534,3.9
20.257,0.1627,,5.49,0.0481,0.24,,188.0,10.5,6771.0,1.63,1.4,,4.15,517.534,3.22
6.71837,0.071,,2.496,0.29,0.4,938.0,132.26,47.6745,5970.0,0.79,1.08,0.0,4.67,576.683,6.38913
6.53044,0.0619,,3.06,0.095,0.34,,98.0,4.94,5312.0,0.726,0.741,,4.576,499.891,2.07
8.05428,0.0708,,2.72,0.0668,0.09,,41.0,3.12,4746.0,0.675,0.73,-0.21,4.632,168.652,1.58
9.325038,0.076,0.1,2.372,0.0809,0.7,500.0,10.0,4.04,4222.06,0.646783,0.676023,-0.11,4.828,83.6448,1.84
1.7727471,0.03089,0.0,1.7866633,0.0243,0.623403,2007.6,2981.98,8.0,6237.0,1.6454,1.2518,-0.136,4.098,191.649,2.59987579
1107.5923,2.7205,0.0581,,,,,,483.0,6210.0,1.7903,1.2207,-0.14,4.018,1212.45,11.8739
13.97896,0.1112,,3.52,0.1076,0.26,,62.0,8.7,5622.0,0.93,0.94,0.06,4.478,232.964,2.89
6.98541,0.0559,,1.41,0.291,0.88,,13.4,5.27,4006.0,0.426,0.477,,4.852,153.192,2.15
50.92092,0.245,0.2,4.104,0.1193,,,4.3,6.99,4726.29,0.734626,0.756446,0.129,4.53371,321.722,2.54
14.334892,0.1228,0.077,5.66,,0.26,917.0,,48.3,5675.0,1.38,1.22,0.0,4.0,127.28,7.93595834
5.4693827,0.05263,0.342,1.867,3.2411856,0.242,624.0,25.3,1830.69162432,3707.0,0.622,0.645,0.501,4.653,211.247,11.72459381
2.13570304,0.02793,0.0,1.891,2.92726185,0.28,889.7,104.3,624.85064816,3943.0,0.6113,0.635,0.332,4.66,191.51,11.48920522
17.46819,0.122,0.39,3.72,0.0926,0.3,641.0,24.3644,10.5,5278.0,0.78,0.8,-0.27,4.5,60.3418,2.5
2.470498,,0.0,2.3016,0.02730272,0.24,1364.0,575.597,4.04,5475.0,0.92,0.91,0.03,4.5,52.62,1.45
2.499387,0.036,0.164,3.14,1.061,0.41,1603.0,945.55,228.0,5665.0,1.25,1.07,0.3,4.25,597.873,13.72
3.601501,0.048,0.035,3.07,1.363,0.34,1358.0,556.616,638.0,5940.0,1.08,1.03,-0.11,4.28,527.789,13.4
19.5666,0.1402,,5.12,0.0818,0.15,,59.1,5.95,6060.0,0.98,0.96,-0.21,4.444,377.822,2.31
7.8142,0.081,,5.48,0.0392,0.42,,430.0,7.61,5995.0,1.56,1.16,0.3,4.118,561.93,2.67
21.750264,0.121,0.08,,,,,2.0,5.39,3654.47,0.402049,0.494727,,4.83016,124.156,2.18
11.23479,0.1093,0.0341,6.567,0.478,0.121,1134.0,275.6,766.60211768,6016.4,1.72,1.163,0.097,4.01,397.953,12.1393261
4.42587,0.05778,0.0023,1.65,0.2447,,1293.0,465.179,593.0,6117.0,1.53,1.312,0.25,4.1,139.484,25.0
9.1004157,0.0792,0.215,2.431,0.0889,0.34,753.2,51.2858,9.7,5048.0,0.758,0.8,0.0,4.582,62.4491,2.469
5.842641,0.0684,0.055,4.554,0.267,0.849,1571.6,1017.0,294.62693329,5707.0,2.369,1.158,,3.76,435.174,15.02003414
2.74697,0.03014,0.07,1.664,0.092,,,41.5,2.08,3910.0,0.424,0.484,,4.863,125.529,1.244
2.49412,0.032,0.17,1.704,0.0304,,,136.4,2.1,4356.47,0.744261,0.69563,-0.24,4.62,118.011,1.25
16.067541,0.117,0.19,2.755,0.29296501,0.7,635.0,34.32,14.1,5291.0,0.866,0.833,-0.044,4.48,74.7969,5.09
6.4215,0.0665,,2.81,0.0814,,,178.0,6.39,5652.0,0.93,0.95,0.278,4.481,284.876,2.41
27.86,0.1768,,4.61,0.0704,,,25.3,4.78,5652.0,0.93,0.95,0.278,4.481,284.876,2.03
2.399964,0.031,0.13,1.992,0.0404,0.56,979.0,211.0,2.3,4402.71,0.619575,0.701968,0.04,4.697,252.596,1.32
5.424865,0.0409,0.0,4.08,0.3018,0.16,850.0,,1175.971,3540.0,1.05,0.56,,4.06317,139.268,5.04
95.4001,0.4607,0.0331,11.6316864,0.26000616,,254.65,0.9938,11.3,5723.2,1.313,1.0936,0.01,4.0,399.017,7.661
9.283188,,,,,,,,31.1,4972.0,2.568173,0.986876,-0.03,3.63,916.319,6.11721229
3.705871,,,,,,,,10.2,5649.0,0.913754,0.982829,0.07,4.61,315.363,3.17824034
7.06466,0.0696,0.023,2.586,0.8268,0.771,868.0,132.0,27.4,5350.0,0.934,0.911,0.139,4.45,132.353,9.19
1.53818001,0.0167,0.01,1.1027,0.0841,0.31,602.0,54.562,0.84,3410.0,0.334,0.326,-0.11,4.85873,134.397,0.96
17.471291,0.1322,0.061,4.306,0.1106,0.48,752.0,58.1,20.4,5784.0,0.96,0.996,-0.038,4.45,57.2651,3.49
18.840942,0.14,0.17,4.65,0.0331,0.24,794.23,82.0,9.6,6008.0,1.17,1.1,-0.4924,4.26,103.297,2.24
2.576184,0.02949,0.04,1.56,4.99042529,0.674,714.0,43.0,254.0,3635.0,0.489,0.514,-0.09,4.77,117.992,11.92
2.2035373,0.0272,0.0,1.67,2.828,0.36,837.0,77.0,588.0,3896.0,0.54,0.556,-0.27,4.73,306.144,10.42
20.35847252,0.1208,0.042,3.574,3.912,0.389,377.0,3.3,196.0,3711.0,0.541,0.562,-0.11,4.74,268.685,10.55
1047.8356,2.026,0.26,22.992,0.5096,0.114,206.0,0.3,158.915,5597.0,1.179,1.011,-0.088,4.3001,568.117,9.180171
22.808533,0.151,0.0,4.1100011,0.0977,0.376844,528.67,14.6287,16.0,5165.0,0.8123,0.8801,0.124,4.562,59.4314,2.7438269
41.474219,,,6.12,0.098,,,,10.2,5784.0,0.98083,1.018617,0.06,4.45,330.739,3.17207779
21.574023,,,,,,,,1.34,5631.0,0.912206,0.904597,-0.19,4.38,160.679,1.09308317
13.841901,,,2.94,0.0635,0.55,,,6.8,5695.0,0.95,1.01,0.14,4.48,321.215,2.5
28.482786,,,5.976,0.0747,,,,7.16,5712.0,0.906367,0.963364,-0.09,4.55,315.014,2.57581891
1.05979,,,1.7496,0.02514,,,,2.54,5507.0,0.878161,0.956055,0.13,4.68,197.932,1.40006712
1.50801,0.027,,1.032,0.179,0.34,855.0,89.0458,7.41,4008.0,0.657,0.63,,4.5,78.4525,2.63
4.07853,0.0506,,1.561,0.453,0.3,695.0,38.7885,8.4,3580.0,0.485,0.5,,4.5,61.171,2.83
4.074554,0.0453,0.052162,1.8373729,0.2650095,-0.518,825.0,78.1,19.8,4360.0,0.697,0.745,0.11,4.55,58.2609,3.66
22.779878,,,3.648,0.1252,,,,10.8,5507.0,0.878161,0.956055,0.13,4.68,197.932,3.28568401
3.405164,,,2.0328,0.0579,,,,5.91,5491.0,0.910685,0.971461,0.27,4.55,300.397,2.30165603
2.2979749,0.02839,0.44,1.1472,0.0992,0.47,830.0,68.5516,4.86,3750.0,0.595,0.578,0.148,4.65,77.6888,2.05124347
1.40152604,0.0208,0.0,1.02,0.05937541,0.74,998.0,149.3748,4.07,3842.0,0.604,0.614,-0.03,4.84,25.1496,1.63
18.294549,,,,,,,,8.22,5043.0,0.758046,0.789481,-0.14,4.46,244.443,2.79522879
12.48749,,,4.296,0.0904,,,,7.3,5522.0,0.928158,0.941851,0.11,4.41,363.064,2.60585269
5.056973,0.0633,0.091,3.61,0.0784,0.662,1493.0,817.0,61.0,5940.0,1.721,1.323,0.225,4.087,212.128,5.09
4.532,0.0539,0.1543,1.99,0.73,0.5348,895.1,102.43,46.1687,4994.0,0.745,0.822,0.272,4.608,96.2338,6.9559
4.5445828,0.0361,0.06,1.6,3.55986327,0.089,441.0,6.29,32.59,3180.0,0.302,0.298,0.04,4.97,43.1448,6.43
6.3085044,0.06614,,3.144,0.38,0.13,1040.0,226.0,32.7,5749.0,0.93,0.97,0.15,4.43,207.891,6.25
95.272656,0.4021,0.133,8.268,1.55,0.16,420.0,,266.9772,5625.0,0.96,0.96,-0.01,4.54,412.98,11.948794
2.080615,,,,,,,,0.586,4720.0,0.712365,0.74479,-0.06,4.46,76.4986,0.86850263
14.64558,,0.1303,2.12,,0.52,418.0,,0.065,4540.0,0.678,0.83,0.04,4.639,369.451,1.13
8.679885,,,3.84,0.0598,,,,7.13,5757.0,1.008231,1.047488,0.25,4.45,394.083,2.56948149
3.901287,,,3.408,0.01173,,,,2.38,5753.0,1.189232,1.021545,0.13,4.23,325.4,1.34762583
6.66767,,,4.824,0.014,,,,2.66,5753.0,1.189232,1.021545,0.13,4.23,325.4,1.43839723
11.137278,,,4.896,0.0419,,,,7.16,5753.0,1.189232,1.021545,0.13,4.23,325.4,2.57634456
10.904821,0.05722,0.15,1.657,0.387,0.26,321.4,1.6823,3.36,3229.0,0.2432,0.2101,-0.18,4.989,32.0266,1.65
13.621832,,,,,,,,3.41,5673.0,0.890666,0.950811,-0.1,4.58,187.234,1.66551298
28.867253,,,4.224,0.0864,,,,7.04,5377.0,0.841458,0.913111,0.07,4.65,200.802,2.55211506
2.62669762,0.04392,0.053,4.19904,0.925,0.08,2090.0,2520.03,546.66486004,6860.0,1.755,1.637,0.334,4.161,663.834,18.41635529
11.6334681,0.1086,0.274,5.1288,0.2781,0.29,1036.0,180.0,68.96876432,5490.0,1.663,1.107,0.372,4.04,213.283,9.26982704
4.50638,0.0468,,2.0392007,1.25229614,0.21,524.92,17.9436,27.2,3477.0,0.494,0.492,,4.5,115.369,5.65
13.6308205,0.111,0.0,4.327,0.11791033,0.273,716.0,74.7,9.1,5289.0,0.98,0.901,0.24,4.39,68.192,3.41
25.05713123288,,,7.5424225,0.0533486,,688.61,53.1389,10.6,5696.0,1.15281,1.14,,4.26563,143.138,3.23968384
125.8723,0.50155,0.0,9.0191,1.23895,0.394,394.0,4.882,157.18,5990.0,1.0,1.08,0.05,4.47,704.438,11.23
12.400047,,,4.176,0.0311,0.21,,,3.9,5748.0,0.981614,0.963657,-0.11,4.34,392.872,1.8017647
17.355066,,,9.168,0.0211,0.14,,,10.6,5791.0,2.196069,1.180894,-0.23,3.81,375.67,3.24925008
4.417965,0.0485,0.035,2.45,0.67901682,0.5,899.0,130.1481,26.4,4969.0,0.719,0.78,-0.01,4.63,197.906,5.3
7.576544,,,3.432,0.0197,0.36,,,2.6,5748.0,0.981614,0.963657,-0.11,4.34,392.872,1.41817537
5.628466,,,8.208,0.0219,0.54,,,7.69,5250.0,1.717458,0.891587,-0.09,3.95,606.128,2.68657205
8.054246874,0.078375,,3.4202,0.07068165,,877.67,140.93,8.78,5583.0,0.995,0.99,0.1282,4.44,97.7562,2.905
8.2000844,0.0753,0.29,2.544,0.0831,0.55,806.0,58.0,603.877,5160.0,0.792,0.847,0.13,4.569,141.731,2.4996027
8.865663,0.0756,0.075,2.8488,0.0987,0.33,797.5,48.3,11.41003981,5365.0,0.719,0.735,-0.578,4.591,203.896,2.46597575
14.650111974,0.119466,,2.6433,0.033,,580.0,71.34,5.67,5859.0,0.98,1.06,,4.4776,79.7665,2.246
14.316941,,,3.84,0.0375,0.0,,,3.42,5569.0,0.868889,0.934356,-0.06,4.61,249.742,1.66608079
29.62682,,,4.992,0.1302,0.09,,,10.4,5569.0,0.868889,0.934356,-0.06,4.61,249.742,3.20569097
6.20401,0.0573,,1.76,0.02108404,0.713,747.0,52.0,0.937,4675.0,0.63,0.653,-0.343,4.654,12.7781,0.99
4.7369696,0.05174,0.071,2.56632,0.0988,0.27,965.8,146.9,20.97667486,5128.0,0.789,0.823,0.022,4.56,154.83,2.71257333
8.407115,0.0854,0.207,6.2712,0.0891,0.895,1566.0,114.149,174.48779544,4673.0,4.14,1.17,0.328,3.276,878.43,13.45077684
9.7579,0.0774,,1.8,0.0504,,,16.8,3.33,4079.0,0.632,0.65,-0.11,4.653,124.458,1.64
4.38395,0.0454,,1.776,0.0324,,,48.8,2.33,4079.0,0.632,0.65,-0.11,4.653,124.458,1.33
2.858646,,,2.232,0.0308,0.188,,,3.12,5176.0,0.839696,0.900994,0.31,4.57,287.188,1.57889322
7.094570865,0.072502,0.0,2.5704,0.02842381,0.37157,922.72,164.26,4.0,5690.0,0.957,1.01,-0.064,4.45,62.1274,1.642
637.2093,1.24,,13.41,,0.0,,,12.9,5528.0,0.905339,0.97,0.12,4.51122,891.092,3.64
10.1367349,0.0986,0.119,5.1216,0.093,0.37,1185.0,339.0,34.00763955,6260.0,1.518,1.246,-0.044,4.169,518.625,5.06645928
11.390931,0.0944,0.079,3.9696,1.361,0.378,701.4,40.0,638.83509807,4899.0,0.832,0.863,0.42,4.534,475.758,10.59248676
5.172191,,,1.7664,0.0964,,,,6.86,5015.0,0.768067,0.824345,0.03,4.63,190.81,2.51267885
10.283918787,0.093013,,3.7225,0.08651246,,779.83,87.81,8.92,5700.0,0.895,1.02,,4.54131,168.248,2.933
5.8267311,0.069,,5.042,0.1274,0.16,1439.0,716.0,78.5,6110.0,1.648,1.291,0.124,4.118,179.147,6.41
6.326768,0.0664,0.52,1.9656,0.0418,0.53,1049.0,195.0,7.4,5680.0,0.973,0.974,0.078,4.452,113.123,2.18575124
8.834978,0.077,,5.995,0.61322553,0.34,854.0,41.4199,80.8,4080.0,1.45,0.7,,3.84689,159.244,10.73820351
5.97114713,0.050748,0.0,1.5784,0.14371086,0.48,506.07,18.13,9.0,3834.0,0.491,0.489,-0.062,4.773,37.4418,1.92
3.73659,0.0482,0.087,2.13,0.03918,0.847,1509.4,865.0,13.31,6005.0,1.31,1.05,-0.1,4.2,112.958,2.83
5.76918,0.0602,,3.4,0.134,0.41,977.0,,12.0,5610.0,0.94,0.87,-0.19,4.43,703.616,3.49
21.491984,0.1515,0.319,4.452,0.551,0.18,717.6,40.0,88.99195396,5640.0,1.055,1.005,0.165,4.393,329.304,8.54124329
2.25021,0.0304,,1.2,0.1,0.43,979.0,,5.14,4667.0,0.69,0.74,-0.08,4.63,258.113,2.12
13.175682,0.0809,0.056,2.17,0.24793477,0.43,368.0,3.0,6.57,3392.0,0.41,0.408,-0.02,4.69,31.0597,2.08
8.953487683,0.07994,0.0,3.0631,0.1136,0.382466,713.83,52.02,32.0,5030.0,0.76,0.85,-0.002,4.573,94.6375,2.562
16.736888935,0.129365,0.0,4.9804,0.0989,0.259467,703.49,59.13,14.6,5759.0,1.0,1.03,0.052,4.409,111.445,3.66
12.409,0.1151,,5.9,0.024,0.41,1061.0,,8.2,6504.0,1.57,1.32,0.04,4.16,521.716,2.79
7.17256,0.0699,,2.8,0.07,0.4,886.0,,7.13,5528.0,0.92,0.88,-0.1,4.45,406.254,2.57
9.30075,0.0694,,2.7,0.214,0.44,437.0,,6.12,3717.0,0.49,0.52,-0.04,4.76,147.03,2.35
8.082376554,0.080496,,3.5635,0.0559,,959.0,254.83,10.0,5879.0,1.24,1.07,0.096,4.28,104.158,3.143
2.94815527,0.03379,0.128,1.68,2.409,0.714,742.0,50.3,124.0,3713.0,0.57,0.6,0.47,4.69,226.318,10.3
13.81513,0.1041,,3.6,0.036,0.41,639.0,,3.68,5152.0,0.82,0.79,-0.09,4.5,228.839,1.74
22.341702927,0.164086,,2.7826,0.0472,,598.0,63.31,7.65,6179.0,1.14,1.18,,4.3969,114.39,2.68
8.303341406,0.073872,,1.8708,0.043,0.41,755.55,53.91,4.45,4814.0,0.781,0.78,0.07,4.584,70.9819,1.946
12.11839,0.0923,,2.4,0.12,0.42,551.0,,5.43,4629.0,0.67,0.71,-0.14,4.64,227.775,2.19
7.775,0.0576,,1.248,0.058,0.73,427.0,,0.972,3420.0,0.36,0.4,-0.1,4.9,31.0849,1.0
1.60588,0.0216,,1.3,0.034,0.4,789.0,,0.498,3725.0,0.5,0.52,-0.03,4.76,64.0065,0.83
19.0921,0.149,,6.0,0.049,0.37,831.0,,9.27,6351.0,1.31,1.21,0.01,4.29,661.873,3.0
9.978541,0.0932,0.48,3.6,0.0206,0.55,1220.0,317.0,6.5,6310.0,1.499,1.084,-0.456,4.122,80.8994,2.36509493
20.523,0.1159,,3.192,0.098,0.29,389.0,,3.89,3810.0,0.54,0.58,-0.1,4.7,72.9105,1.8
6.034,0.0513,,2.1528,0.131,0.28,586.0,,4.66,3810.0,0.54,0.58,-0.1,4.7,72.9105,2.0
3.183387,0.047,0.0,2.017,1.0143,0.84,1693.0,1365.0,373.13054982,6405.0,1.409,1.29,0.0,4.27,476.831,15.47960235
330.0716,0.9342,0.0,4.295,0.06167,0.68,286.0,1.58,17.4,5990.0,0.985,1.061,-0.0098,4.47,704.438,2.94
5.748916,0.072,0.0,4.412,0.5509,0.61,1666.0,1278.0,458.6263913,6850.0,1.83,1.5,0.0,4.1,675.281,14.81827249
6.6132,0.065,0.0,5.646,0.7763,0.07,1414.0,663.0,203.41018048,6250.0,1.426,1.25,0.0,4.25,559.243,13.67495645
34.005019,0.1136,,2.9,3.4206,0.186,204.4,0.0003,19.2,3230.0,0.234,0.23,-0.53,5.016,38.6057,4.6
13.635109,0.1363,0.3,2.4164839,0.11543279,0.44,358.0,3.91,19.5,3491.0,0.464,0.454,-0.05,4.77262,42.409,1.77
2.3260155,0.0208,0.055,0.96,0.32797891,0.22,543.0,14.0,2.47,3370.0,0.232,0.22,-0.13,4.8,25.2788,1.36
30.158577,0.2157,0.745,4.217,0.2217,0.43,976.0,15.1027,921.7023803,6160.0,2.333,1.469,0.065,3.869,392.259,11.98240037
6.5886982,,0.0,1.874,0.0852,0.767,819.8,75.3,2.95,4975.0,0.72,0.715,-0.31,4.576,78.7415,2.224
21.06884,0.1418,,3.9,0.03,0.44,638.0,,3.71,5677.0,0.92,0.86,-0.29,4.44,212.902,1.75
46.9622,0.25,0.153,5.8,0.07577887,0.47,479.0,11.3814,11.32,5666.0,0.897,0.94,-0.27,4.47,69.6026,2.54
10.06049,0.0887,,3.8,0.07,0.38,794.0,,7.46,5503.0,0.95,0.92,0.07,4.45,197.299,2.64
9.691,,0.04,15.7960068,0.05129618,0.2,882.37,143.259,114.41822652,4700.0,4.1,1.07,0.25,3.244,439.52,11.43316031
12.42205,0.1013,,3.3,0.065,0.44,684.0,,5.73,5425.0,0.83,0.9,-0.07,4.56,170.998,2.26
12.885779,0.097,0.0,2.4,0.317,0.779,588.0,22.0,8.0,4687.0,0.715,0.756,0.014,4.62,119.24,4.29
6.293287,0.06,0.0,2.59,0.181,0.34,747.0,58.0,10.32,4687.0,0.715,0.756,0.014,4.62,119.24,2.99
10.778838,0.0889,0.023,3.739,0.113,0.15,802.0,67.5,5.93,5342.0,0.843,0.806,-0.41,4.47,85.799,2.865
8.52695,0.0858,,3.7,0.016,0.4,1140.0,,5.43,5960.0,1.61,1.16,0.09,4.09,476.882,2.19
4.888,0.05258,0.251,2.35562,0.43421,0.227,838.0,100.77,25.0,4653.0,0.683,0.811,0.31,4.663,37.7647,4.36
5.973865,0.0687,0.0,2.843,0.02087,0.701,1309.0,512.0,3.8,6354.0,1.258,1.204,0.025,4.3,31.964,1.979
10.8945,0.073,0.039,2.1288,0.31683854,0.549,415.0,4.72,4.46,3563.0,0.4232,0.437,-0.109,4.826,36.0118,2.52
10.09489,0.0886,,3.6,0.05928,0.4,764.0,,6.39,5620.0,0.84,0.91,-0.19,4.55,275.255,2.41
17.10197,0.127,0.057,3.357,1.143,0.688,842.0,20.0982,50.85254512,5525.0,0.9,0.95,0.09,4.505,231.782,9.97599282
3.348237,0.029322,0.0789,0.9876,0.87,0.74346,530.9,13.185,9.2,3297.0,0.3273,0.3041,-0.31,5.04,47.3444,3.309
2.709813,0.041,0.0,3.282,0.9949,0.11,1671.0,1293.0,197.68926915,5990.0,1.375,1.08,-0.2,4.2,535.689,14.90794433
8.79758977,0.0712,0.072,2.76,2.309,0.43,528.0,12.92,112.0,3790.0,0.594,0.619,0.42,4.68,186.562,9.75
2.86041,0.0409,,2.6,0.02,0.39,1529.0,,4.5,5945.0,1.39,1.11,0.1,4.2,540.773,1.96
8.32727,0.0769,0.0,2.5,0.05325,0.39,750.0,66.0,7.0,5315.0,0.79,0.87,-0.09,4.59,102.564,2.03
15.48043,0.1271,,4.2,0.037,0.41,795.0,,5.99,6059.0,1.13,1.14,0.16,4.39,416.457,2.32
11.2365985,0.1041,0.46,2.535,0.9414,0.709,1252.0,37.6345,392.20025424,6295.0,1.28,1.181,0.0,4.291,141.812,13.11450742
26.8199,0.1567,,4.1,0.09,0.41,507.0,,7.04,5262.0,0.75,0.71,-0.44,4.54,149.464,2.55
4.0378962,0.04947,0.09,2.9331124,1.461,0.755,1438.0,786.2949,148.42,6100.0,1.186,1.0,-0.25,4.19,882.472,15.558
6.51389,0.0494,,2.0,0.624,0.42,416.0,,6.99,3459.0,0.37,0.38,-0.01,4.89,109.237,2.54
10.24368,0.093,0.385,2.999,0.941,0.921,1056.0,190.912,642.01338214,5909.0,0.92,1.02,-0.15,4.517,204.429,10.76062147
4.144965,0.0531,,2.7096,0.0078,0.42,1429.0,,3.09,6209.0,1.45,1.16,-0.08,4.18,360.76,1.57
20.380799,0.1597,0.0,6.653,0.2164,0.48,966.0,153.5185,38.45723725,6380.0,1.577,1.307,-0.101,4.159,191.649,8.00321222
4.400028,0.0497,,1.56,0.1682,0.38,848.0,,9.01,4877.0,0.77,0.85,0.26,4.59,280.518,2.95
141.241671,0.534,0.496,6.7368,1.29905,0.15,347.0,3.3,613.4119,5830.0,0.96,1.01,0.16,4.473,921.986,11.09691
94.1022,0.3715,0.364,4.937,1.791,0.48,338.0,7.4445,415.40172795,4870.0,0.771,0.771,0.08,4.551,184.986,11.25381662
30.033302,0.1992,0.334,3.01,1.07,1.056,747.0,42.0912,278.09985612,5730.0,1.459,1.168,0.316,4.176,126.279,16.47720163
3.7065585,0.04756,0.24,2.23,1.616,0.7796,1292.0,464.0,327.36325921,5890.0,0.985,1.044,0.071,4.469,221.673,13.65253849
3.5658116,0.0492,0.1,4.015,0.823,0.18,1673.0,1310.0,308.29355479,6390.0,1.451,1.25,-0.102,4.215,543.008,14.35870428
30.951524,0.1649,0.06,3.7608,0.2117,0.39,338.0,2.9,8.05,4035.0,0.59,0.62,0.03,4.69,161.555,2.76
20.88977,0.154,0.06,5.498,0.2213,0.47,686.0,52.0,19.0,5625.0,1.16,1.07,0.34,4.29,170.562,5.4
18.718269,0.1291,,6.888,0.1816,0.38,583.0,,13.7,5139.0,0.85,0.82,0.07,4.49,488.152,3.77
27.359,0.1768,,3.0,0.112,0.35,347.0,,5.06,3926.0,0.62,0.64,0.0,4.7,76.1486,2.1
3.334966,0.0488,,3.936,0.0374,0.43,1711.0,,9.17,6747.0,1.61,1.4,0.0,4.17,786.439,2.98
5.4233207,0.0604,0.055,5.111,1.086,0.12,1350.0,554.0,184.02264765,5692.0,1.462,0.998,-0.048,4.11,476.899,16.6117094
4.9394392,0.0628,0.13,4.98,0.563,0.487,1566.0,1004.0,270.15414595,5990.0,1.842,1.35,0.208,4.036,532.629,15.07607904
7.479182,0.0726,0.182,3.528,1.541,0.639,919.0,115.0,572.0911326,5380.0,0.912,0.912,0.206,4.479,213.073,12.34108775
80.389,0.402,0.04,8.6668849,0.23154424,,599.0,85.9385,66.74396547,6400.0,1.517,1.338,0.2,4.202,282.536,9.52763359
2.21778105,0.03138,0.078,1.717,1.515,0.718,1190.0,334.0,99.16246298,4930.0,0.788,0.837,0.283,4.569,154.715,10.5700688
4.5661061,0.0557,0.066,3.71,0.662,0.24,1286.0,456.0,81.99972901,5723.0,1.209,1.105,0.324,4.319,302.086,10.72699453
15.532477,0.08608,0.111,1.86,0.276,0.664,338.1,2.13,4.1,3376.0,0.3714,0.3527,-0.01,4.846,24.7399,2.126
1.8805201,0.02107,0.0099,1.09,0.1198,0.465,683.5,36.4,3.04,3376.0,0.3714,0.3527,-0.01,4.846,24.7399,1.401
15.852975,0.1208,,4.8408,0.1118,0.34,720.0,,9.96,5713.0,0.99,0.94,-0.1,4.42,315.014,3.13
7.148972,0.0804,0.0339,7.126,0.19,0.19,1515.0,4792.5,6995.40323807,5920.0,2.26,1.334,0.18,3.856,416.104,11.46678726
7.122605,0.067,,3.072,0.0207,0.54,879.0,,1.92,5558.0,0.86,0.79,-0.37,4.46,182.983,1.21
3.37077196,0.02604,0.029,1.422,16.65899107,0.177,417.9,5.54,53.39517238,3007.0,0.2276,0.207,0.142,5.039,73.8131,9.5836785
3.122832,0.0384,0.0,2.68,2.806,0.36,1001.0,124.0,953.485221,4672.0,0.76,0.77,-0.04,4.58,195.795,12.55405838
3.8212867,0.0481,0.105,2.486,1.21,0.34,1170.0,308.0,565.73456446,5550.0,0.918,1.015,0.384,4.519,226.63,11.02963701
2.262196,0.0295,0.0,2.36,2.447,0.13,1043.0,198.0,190.6970442,4610.0,0.65,0.67,-0.17,4.64,162.51,9.86390302
2.8240932,0.0474,0.0,3.97,0.897,0.309,2250.0,4913.69,532.36258173,7800.0,1.79,1.75,0.0,4.1,170.696,16.98160576
5.840002,0.05023,0.5,1.884,,0.4,496.0,,5.61,3660.0,0.473,0.496,-0.013,4.783,185.605,2.231
3.62156552,0.04856,0.072,2.223,1.172,0.8835,1488.0,817.0,155.10026262,6094.0,1.245,1.165,0.182,4.314,394.486,14.70618268
6.491682808,0.0694,0.0,4.33,0.71633,0.561,1219.0,418.797,,5620.0,1.411,1.047,0.21,4.162,1935.04,12.3299
2.85188338,0.03997,0.0,2.76,0.01149,0.659,1607.0,903.77,3.09,5620.0,1.411,1.047,0.21,4.162,1935.04,1.56926
2.22816,0.033,0.0,2.015,0.063,0.17,1538.0,928.0,8.9,5635.0,1.05,0.97,0.136,4.41,167.598,2.46
5.71548654,0.066,0.076,4.027,1.101,0.336,1358.0,567.0,254.2627256,6490.0,1.241,1.174,-0.24,4.32,276.105,14.20177855
3.3462406,0.048,0.22,4.176,0.4576,0.464,1657.0,1258.0,69.28659273,5703.0,1.735,1.32,0.416,4.077,404.211,12.80065596
3.6089254,0.0494,0.16,2.359,0.67,0.928,1621.0,1153.0,187.51876013,5840.0,1.626,1.24,0.188,4.106,486.721,14.4595851
1.543069,0.0247,,1.644,0.0286,0.42,1203.0,,2.48,4877.0,0.77,0.85,0.26,4.59,280.518,1.38
29.31773,0.15135,0.014,3.78,0.0868,0.12,333.0,2.05,5.79,3664.0,0.539,0.538,-0.11,4.75,35.6917,1.732
3.007812,0.0434,0.089,3.84,0.666,0.41,1726.0,1484.0,1058.36859531,6000.0,1.545,1.21,0.084,4.139,542.026,13.75341932
3.9540709,0.05448,0.083,4.27,0.669,0.394,1639.0,1203.0,397.28550875,6206.0,1.634,1.378,0.216,4.15,479.145,14.60530185
3.535055,0.054,,5.328,0.6314,0.32,2004.0,1124.0,,7147.0,2.192,1.691,0.055,3.979,1038.41,18.0
8.687721,0.0773,,2.7504,1.2388,0.23,665.0,,50.9,4812.0,0.76,0.82,0.22,4.59,458.139,8.18
1.921036,0.0291,,1.7496,0.1967,0.37,1186.0,,12.2,5060.0,0.82,0.89,0.28,4.56,402.915,3.52
1.7554137,0.02918,0.0,1.76208,1.474,0.724,1516.0,867.7365,404.263,5475.0,0.963,1.076,0.32,4.503,185.932,12.745
12.20772,0.098,,3.48,0.1001,0.31,665.0,52.5,7.27,5263.0,0.807,0.851,-0.037,4.555,138.018,2.6
31.70603,,,2.3326321,0.0292865,0.53,757.0,54.0,4.4,6320.0,1.273,1.16,-0.1,4.294,106.289,2.727
9.428089,0.083,0.0,1.67,0.0799,0.902,794.0,65.0,10.6,5230.0,0.82,0.876,0.03,4.5,110.513,2.75
13.733314,0.096,0.07,2.952,0.1582,0.44,502.0,10.2,7.27,4484.0,0.619,0.629,-0.225,4.653,134.188,2.6
2.4919863,0.0287,0.0,1.747,0.20939594,0.404,703.0,40.6,6.28,3476.0,0.508,0.512,0.05,4.8,37.8871,2.415
6.7663,,,1.0575063,0.19983739,0.41,400.0,3.4093,0.84,3436.0,0.22,0.19,-0.54,5.02076,39.4122,0.96
1.7429935,0.02798,0.0143,2.26704,2.75,0.221,1521.0,932.9076,1102.82,5625.0,0.906,0.96,0.04,4.53,213.283,16.432
16.9841,0.13,0.04,3.66,,0.68,795.0,67.0,24.5,5725.0,1.09,1.0,0.07,4.33,114.293,2.63
278.3618,,0.0,12.71,,0.5,367.0,3.01,4.6,6320.0,1.273,1.16,-0.1,4.294,106.289,3.54
6.33932,,,3.02,0.1739,0.388,874.0,138.0,14.5,5310.0,0.91,0.93,0.24,4.42,290.495,3.9
28.380619,0.1796,0.12,4.9392,1.1093,0.17,524.0,,123.00021,5370.0,0.88,0.96,0.24,4.54,153.856,9.11
1.58252,,,1.752,0.03,0.57,,,0.84,4752.0,0.669,0.711,0.019,4.596,314.35,0.96
18.0983,,,4.32,0.0298,0.74,,,5.35,5782.33,1.2247,1.106,,4.29996,611.804,2.17
38.9853,0.227,0.06691,4.565,0.61591,0.74,523.0,18.903,29.9,5774.0,0.958,1.022,0.05,4.49,628.257,8.08
3.4950412,0.0263,,0.893,0.282,0.19,374.0,4.7,1.55,3030.0,0.2075,0.171,0.164,4.99,22.55,1.14
1.9551,0.0293,0.009,1.8336,1.96349909,0.669,1394.84,690.3398,466.828704,5400.0,0.843,0.892,-0.12,4.54,184.848,13.069694
3.238486,0.037,0.00032,1.95,0.05908,0.394,873.0,97.6159,4.64,4316.0,0.662,0.647,-0.23,4.45,62.699,1.754
0.22419578,0.0063,0.0,0.292,0.054,0.573,2063.0,2649.15,6.2,4109.0,0.651,0.661,-0.02,4.68,36.0559,1.534
9.96318,0.0783,0.00038,2.501,0.10181,0.574,600.0,21.8202,3.48,4316.0,0.662,0.647,-0.23,4.45,62.699,2.301
13.6088,0.112293,0.0114,5.175,0.03761,0.84,755.0,76.81,9.0,5833.0,0.972,1.02,0.06,4.472,1131.64,1.9
1.7452851,0.03216,0.024,1.9608,0.751,0.8857,2255.0,3879.8071,1687.66884117,6740.0,1.55,1.452,0.11,4.22,492.888,15.22179579
4.1509768,0.05134,0.1585,2.3592,1.153,0.666,1244.0,159.592,3651.84839643,5790.0,1.021,1.037,0.254,4.436,377.054,11.60129502
3.37594,,,3.538,0.127,0.685,1710.0,874.29,29.9,5762.0,1.69,1.02,0.27,4.22,588.368,5.98
3650.0,4.5,0.0,53.6,0.18,0.79,183.0,0.19,4131.79,4898.0,2.7,0.9,-0.23,3.52,551.886,12.44199
8.26726,0.0796,0.0,3.43,0.1338,0.42,805.0,100.0,15.4,5373.0,0.905,0.94,0.22,4.45,197.989,3.4
3.4252602,0.0453,0.0,2.4264,1.38,0.71,1285.0,517.0,152.55,5540.0,1.05,1.06,0.14,4.42,352.464,13.45
5.185738,0.0525,0.22,2.0304,1.3112,0.14,716.0,62.5,51.0,4526.0,0.675,0.71,0.04,4.63,169.398,7.16
13.603,0.098,0.2,2.976,0.11,0.479,536.0,,7.2,4684.0,0.673,0.69,-0.137,4.622,336.25,2.586
11.30717,0.0924,0.0,2.8,0.0264,0.23,603.1,22.04,2.31,4664.0,0.662,0.703,-0.12,4.57,59.861,0.994
7.581367,0.0796,0.0165,4.4856,0.911,0.22,1195.0,321.879,2094.48920213,6220.0,1.263,1.167,0.044,4.304,277.419,12.41955062
6.961508,0.0753,0.078,2.7504,0.649,0.849,1213.0,106.619,2606.1929374,6020.0,1.312,1.165,0.24,4.268,634.712,11.93756445
49.4643,0.2877,0.021,,,,,,2.07,5636.0,0.936,0.957,-0.25,4.492,1025.02,3.05
9.485236,0.0761,0.02,2.918,3.2417,0.45,541.0,14.28,2493.0,3977.0,0.609,0.644,0.44,4.67,152.219,11.59
2.65206166,0.02603,0.078,1.7256,12.6188,,593.0,20.6,224.0,3363.0,0.351,0.344,-0.08,4.88,126.126,13.2
187.366,0.6992,0.024,,,,,,19.02,5636.0,0.936,0.957,-0.25,4.492,1025.02,7.04
12.563636,0.1079,0.332,6.62,0.0243,0.28,1143.0,285.0,9.3,6047.0,1.662,1.107,-0.07,4.1,79.407,2.82
26.44,0.1683,0.0033,3.9783,0.18435,0.641,562.0,19.558,12.15,5401.0,0.898,0.91,0.2107,4.49,904.326,4.07
5.502558,,,3.1711008,0.08447023,0.16,928.0,102.6644,5.6,5099.0,0.78,0.82,-0.01,4.61,115.45,2.23
0.448959,,,0.7637477,0.06748277,0.24,1120.0,258.7482,0.779,3419.0,0.38,0.37,,4.85,75.7664,0.94
7.1079475,0.072,0.24,3.2441716,0.05016058,0.266,967.11,145.5707,21.755,5553.0,0.934,0.956,-0.07,4.56,22.4035,2.14
45.52234,0.269,0.485,4.2704237,0.30285453,0.699826,674.54,51.0074,129.0,6241.0,1.6131,1.2484,-0.095,4.116,79.6682,9.39553231
15.8523,,,3.792,0.0532,0.32,766.35,,4.12,5502.7,0.83,0.877,-0.13,4.46,243.935,1.86
2.6446,0.0248,0.129,1.32,0.386,0.391,534.0,20.7,5.77,3385.0,0.33,0.331,-0.02,4.8983,79.3002,2.05
3.19152309,0.04815,0.2791,2.9638,0.82,0.7301,1890.0,1161.72,4217.58296089,6970.0,1.523,1.449,-0.159,4.234,213.053,14.79585452
53.81149,0.257,0.0,4.68,0.0841,0.56,329.0,3.0647,15.8,4426.0,0.729,0.745,-0.08,4.87,82.7982,2.3
20.5438281,0.146,0.21,4.068,0.07993817,0.544,678.92,35.3582,15.539,5553.0,0.934,0.956,-0.07,4.56,22.4035,2.692
106.14468,0.45,0.098,8.26,1.0168,0.704,400.0,362.642,222.0,6021.0,1.065,1.079,-0.03,4.4,156.786,11.24
3.7784022,,0.0,2.82963,2.45824117,0.319,1158.0,279.0,154.78243421,5392.0,0.853,0.814,-0.15,4.487,274.96,13.19297028
12.99894,0.107,0.2,4.46,0.13395838,0.19,870.0,90.5151,9.5,5840.0,1.019,0.9903,-0.028,4.412,155.141,3.83
2.13174,,,,,0.21,,,0.26,4991.0,0.554,0.78,-0.0892,4.63444,253.026,0.692
3.80464,,,,,0.61,,,1.98,5960.0,1.61,1.073,0.09,4.09,476.882,1.22
11.62071,0.1049,0.046,5.59,0.0486009,0.2,1003.11,265.4,9.82,6310.0,1.43,1.15,-0.16,4.19,107.898,3.05
13.1225,,,3.98,,0.47,750.0,,6.57,5532.0,0.947,0.958,0.218,4.52,392.251,2.45
3.96151,,,2.16,0.0485,0.4,,,0.972,4326.0,0.634,0.611,-0.1132,4.742,257.443,1.0
4.50756,,,2.184,0.0267,0.7,,,3.53,5724.0,0.823,0.928,-0.22,4.5,369.888,1.7
20.71663,0.1275,0.00043,2.167,0.16605,0.8549,470.0,19.4978,4.4,4316.0,0.662,0.647,-0.23,4.45,62.699,2.939
5.690476,0.0599,,1.107,0.147,0.9451,700.0,39.9451,21.1,5660.0,1.021,1.03,0.0895,4.45,151.738,4.8704
1.9145601,0.02607,,1.692,0.02766,0.336,1040.0,,0.96,4316.0,0.662,0.647,-0.23,4.45,62.699,1.2
15.23335,0.1039,0.00045,2.348,0.11231,0.734,521.0,0.6071,5.63,4316.0,0.662,0.647,-0.23,4.45,62.699,2.417
1.2392495,0.018,0.0,1.1,0.29173715,0.589,934.0,127.0,9.83,3657.0,0.505,0.505,0.196,4.735,86.1759,2.81
2.50387,,,2.6,,0.51,1425.0,,3.39,5612.0,1.2,0.987,0.194,4.2,373.078,1.66
20.4415,0.14728,0.014,6.642,0.03634,0.5131,660.0,44.8,4.6,5833.0,0.972,1.02,0.06,4.472,1131.64,1.9
33.0257179,0.2049,0.0,6.032,0.05071,0.044,564.0,23.95,5.52,5819.0,0.99,1.049,0.14,4.468,1709.4,2.21
199.66876,0.6193,0.0,8.996,0.02519,0.046,305.0,2.06,2.7,5678.0,0.921,0.794,-0.4,4.409,635.736,1.45
3.5951,0.047,0.06,4.33,,0.42,1616.0,1037.0,8.75,5430.0,1.71,1.05,0.2,3.99,321.296,1.95
15.624,0.13,0.07,6.37,,0.6,990.0,160.0,14.67,5430.0,1.71,1.05,0.2,3.99,321.296,3.67
10.91647,0.09586,0.05561,3.6496,0.1479,0.372,758.0,68.563,9.5,5466.0,0.897,0.99,0.27,4.528,376.863,3.438
2.345863002,0.0318,0.0,1.6795,0.03167,0.035,997.0,233.38,2.04,4769.0,0.714,0.799,0.12,4.622,595.683,1.23
10.161023528,0.0918,0.0,3.1627,0.16539,0.716,904.0,157.97,19.3,6032.0,1.06,0.999,-0.14,4.387,1252.13,4.62
35.747,0.22,0.15,9.56,,0.25,752.0,53.0,10.18,5430.0,1.71,1.05,0.2,3.99,321.296,3.94
3.07644709,0.0407,0.0,2.6326,0.02167,0.708,1253.0,583.25,3.22,5670.0,1.022,0.949,0.06,4.397,690.819,1.61
5.05821338,0.0567,0.0,1.132,0.07483,1.004,1168.0,439.8,80.2,4883.0,1.667,0.951,0.56,3.972,426.088,10.69
32.376183,0.1789,0.0,4.4639,0.07454,0.896,392.0,5.61,5.73,4580.0,0.675,0.748,0.08,4.641,440.561,2.26
180.921729,0.6135,0.0,8.99,0.07424,0.025,302.0,1.96,5.9,5818.0,0.848,0.937,-0.22,4.554,943.444,2.3
4.92126,,,1.4072515,0.08845792,0.449,536.0,13.8663,2.18,3547.0,0.42,0.41,,4.81,45.0907,1.28
61.569765,0.3045,0.0,9.75,0.02983,0.486,530.0,18.66,6.53,5626.0,1.389,0.991,0.14,4.149,2065.59,2.44
4.309397,0.05511,0.0,2.8977,0.03107,0.19,1134.0,396.619,3.59,5471.0,1.118,1.003,0.2,4.47,937.013,1.715
0.764017553,0.0154,0.0,1.103,0.01282,0.442,1589.0,1503.79,0.566,5142.0,0.755,0.84,-0.06,4.602,694.627,0.86
24.61480613,0.1575,0.0,2.6602,0.1798,0.435,586.0,27.93,16.4,5312.0,0.986,0.859,0.16,4.384,635.145,4.2
3.126089,0.03963,0.0,1.6824,1.29,0.866,1153.0,294.0,306.38812,5150.0,0.855,0.85,-0.03,4.503,211.196,10.603714
1.338230994,0.02261,0.0053,2.16648,2.312,0.184,1653.0,1188.6219,381.3940884,5436.0,0.912,0.899,-0.05,4.472,267.206,15.12091496
25.867811,0.165,,4.291,0.26128827,0.817,643.0,40.4612,89.0,5504.0,1.163,1.012,0.326,4.232,345.659,6.61
2.42150341,0.0382,0.0,2.965,0.01715,0.55,1532.0,1305.04,3.26,6213.0,1.195,1.27,0.36,4.387,2022.9,1.62
20.6180348,0.1228,0.0,3.267,0.07695,0.155,359.0,3.92,3.09,3757.0,0.576,0.581,0.48,4.681,320.588,1.57
1.54285047,0.0195,0.0,1.18,0.21544856,0.24,794.0,66.0,5.3,3544.0,0.421,0.42,-0.12,4.97,60.9425,1.98
7.331602,0.0694,0.178,1.54,0.0893,0.736,799.0,27.4026,7.4,4850.0,0.81,0.83,0.2,4.5,69.835,2.54
15.6112238,0.1169,0.0,3.873,0.01135,0.468,637.0,38.99,0.693,5383.0,0.842,0.874,0.0,4.528,532.955,0.91
4.89964477,0.05999,0.0,3.07,1.0957,0.691,1362.0,259.864,98.841,5940.0,1.242,1.2,-0.008,4.231,211.877,15.46839337
3.7852503,0.049,0.0,3.2,0.13388791,0.12,1445.0,650.4959,20.1,6241.0,1.1,1.2,0.01,4.41,352.269,4.26
3.61126721,0.0514,0.057,3.5377447,0.56840944,0.65,1749.0,1818.5489,1541.4755,6450.0,1.68443,1.393,-0.05,4.035,381.174,15.58048317
35.12803,0.1982,0.027,3.046,0.2066,0.78,490.0,16.5,7.3,5187.0,0.758,0.849,-0.09,4.608,41.9091,3.27
5.44354,0.0641,0.0,3.6,0.281,0.39,1270.0,440.0,32.10083,6050.0,1.22,1.19,0.19,4.34,114.173,7.06167
104.61611,0.456,0.09,9.3317949,0.61114633,0.12,562.01,23.5778,20.0,6260.0,1.04,1.11,-0.06,4.45,178.26,8.2
4.06844957,0.0504,0.0,2.8349,0.00798,0.55,1170.0,442.08,0.904,5751.0,1.071,1.028,0.21,4.391,392.739,0.98
6.50327035,0.0634,0.0,2.591,0.04183,0.08,804.0,98.81,3.43,4999.0,0.843,0.8,0.18,4.49,962.459,1.67
0.626281766,0.0133,0.0,1.1812,0.04331,0.553,1711.0,2011.27,3.75,4922.0,0.823,0.79,0.2,4.505,726.346,1.76
1.091418901,0.0234,0.0447,3.001,1.53777921,0.424,2601.0,8220.584,467.2101,6265.0,1.69,1.325,0.12,4.11,427.246,22.02564708
0.78883852,0.01652,0.0126,1.607,2.077,0.6671,2113.0,3320.0,366.77398168,5616.0,1.006,0.965,0.04,4.417,268.325,15.86070769
3.317921,0.0369,0.03,1.95,2.501,0.51,719.0,44.5,127.4,3751.0,0.58,0.61,0.5,4.72,188.336,10.2
8.689099,0.0514,0.0,1.184,0.1783,0.65,307.0,2.208,1.03,3240.0,0.2317,0.1977,-0.15,5.004,92.1913,1.017
19.53527,0.0649,0.0,1.07,0.1732,0.875,234.0,0.75,1.2,3240.0,0.2317,0.1977,-0.15,5.004,92.1913,1.06
22.79020351,0.1528,0.0,5.0394,0.06179,0.036,634.0,38.27,7.13,5478.0,1.053,0.914,0.16,4.354,855.82,2.57
3.82315697,0.0511,0.0,2.388,0.00472,0.064,1282.0,638.38,0.381,6202.0,1.122,1.213,0.21,4.422,558.855,0.77
13.28613,0.10027,0.0,3.2825,0.10396,0.929,715.0,34.4,4.5,5378.0,0.732,0.761,-0.44,4.6,832.532,2.34
150.0189511,0.523,0.0,4.3823,0.43197,1.252,325.0,2.62,,5618.0,0.897,0.846,-0.22,4.46,692.14,32.6
3.59645081,0.0473,0.0,2.661,0.01496,0.781,1327.0,732.82,3.39,5887.0,1.235,1.09,0.16,4.292,1331.25,1.66
36.8601,0.21101,0.0,7.495,0.07141,0.474,549.0,30.4,5.84,5732.0,1.324,0.921,-0.11,4.1,1435.44,3.5
92.7297248,0.3608,0.0,6.83,0.12575,0.857,276.0,1.38,8.3,4580.0,0.675,0.748,0.08,4.641,440.561,2.81
11.49500229,0.1038,0.0,7.602,0.00514,0.911,1105.0,351.79,2.96,6033.0,1.788,1.127,-0.1,3.985,513.426,1.53
284.215,0.86695,0.0,7.793,0.16503,0.888,321.0,2.49,15.0,5922.0,1.143,1.076,0.11,4.3,865.73,5.44
14.092583189,0.1084,0.0,4.1536,0.05304,0.586,597.0,30.1,3.97,5081.0,0.77,0.864,0.12,4.596,776.55,1.82
11.6044881,0.0981,0.0,3.409,0.02676,0.118,841.0,118.5,4.19,5533.0,1.166,0.934,0.16,4.275,978.678,1.88
94.886902,0.4025,0.0,6.923,0.06417,0.982,429.0,7.99,16.7,5888.0,1.097,0.966,-0.1,4.342,890.758,4.24
3.15722086,0.0454,0.0,3.762,0.00497,0.001,1791.0,2436.47,2.57,6120.0,2.0,1.251,0.02,3.934,928.989,1.41
3.03267135,0.0405,0.0,1.774,0.00424,0.238,1187.0,468.31,0.156,5640.0,0.921,0.962,0.06,4.492,340.965,0.6
2.67555212374,,0.0,3.2277336,1.43409909,0.1,1589.0,1360.1641,283.50293904,6783.0,1.34415,1.167,0.1478,4.24271,258.777,15.13212395
22.5687423,0.1595,0.0091,5.2019019,0.5726021,0.14,702.0,92.4087,131.0,5720.0,1.035,1.063,0.25,4.439,249.006,10.81
3.4741085,0.0542,0.0,3.57552,1.309,0.503,2262.0,4362.5,1074.90106,8720.0,1.565,1.76,-0.29,4.29,136.426,19.514869
14.844261,0.131,0.2,3.528,0.7245,0.51,745.0,28.1152,54.0,5910.0,0.897,1.03,,4.51,386.879,8.47398941
8.15872,0.0801,0.31,4.3968,1.3,0.47,1059.0,209.118,807.2882,5600.0,1.03,1.34,0.17,4.5,89.9606,12.66617
47.7055,0.2253,0.0,5.959,0.11615,0.88,347.0,3.42,8.6,4706.54,0.666755,0.75,0.1267,4.6652,621.996,2.87084792
9.75376,0.0892,0.0,2.331,0.04308,0.295,813.0,103.3,4.93,5501.0,0.873196,0.96,-0.04,4.53812,909.28,2.0692036
5.77954,0.0532,0.0,2.5213,0.03966,0.7593,598.0,30.22,3.38,4132.0,0.726119,0.65,-0.14,4.52897,417.014,1.65623882
5.62012,0.0577,0.0,2.751,0.02037,0.1793,772.0,84.01,2.13,4632.11,0.746,0.814,-0.046,4.6,567.44687087,1.26174569
84.6866,0.4172,0.042,10.0248,0.03477,-0.31,611.0,31.269,53.9,7500.0,1.57,1.59,0.05,4.22,596.625,3.0
207.62,0.7584,0.11,6.733,0.05051,0.89,453.0,9.97,6.0,7500.0,1.57,1.59,0.05,4.22,596.625,4.0
2.0478,0.0296,0.0,,,0.12,,,0.688,4520.0,0.655,0.727,-0.003,4.659,577.6,0.90819
14.3868,0.1137,0.0,2.1417,0.05696,0.1614,776.0,85.46,9.45,5735.81,1.072,0.944,0.3698,4.353,626.691,3.03320653
9.18186,0.08296,0.0,3.396,0.03636,0.88,804.0,72.4,3.11,5376.0,0.836475,0.93,0.04,4.56164,928.978,1.57799279
169.134,0.5738,0.0,8.614,0.06716,0.1775,273.0,1.3,5.57,5146.0,0.840217,0.87,0.03,4.5288,584.142,2.22186207
18.5012,0.1275,0.0,3.179,0.04211,0.2241,555.0,22.4,3.2,5093.0,0.725742,0.85,-0.24,4.64592,857.14,1.60190793
11.9548,0.096,0.0,2.1433,0.09037,0.0841,906.0,40.4,8.44,5049.84,0.777785,0.842,-0.013,4.58166,335.515,2.83910787
1.2107,0.02065,0.0,1.434,0.01591,0.597,1351.0,697.6,1.25,4975.03,0.741698,0.822,0.08,4.61249,222.345,1.07315686
234.239,0.76094,0.0,12.925,0.04665,0.944,329.0,2.2,8.76,6031.0,1.0937,1.12,0.07,4.40949,717.597,2.90129941
33.4969,0.2008,0.0,4.111,0.01686,0.2291,630.0,37.3,2.12,4681.53,0.772344,0.747,0.0341,4.53577,247.771,1.25954761
4.3315366,0.04913,0.0,2.9136,,0.14,1085.0,229.7,31.46517,5326.0,0.877,0.843,0.051,4.478,211.896,6.792654
83.5781,0.35905,0.0,7.2487,0.06308,0.912,655.0,9.3,9.19,5941.54,1.08751,1.09,-0.2603,4.40263,626.819,2.98385261
9.51216,0.0745,0.0,2.9497,0.11694,0.133,530.0,18.66,8.15,4303.0,0.714145,0.67,-0.23,4.55657,543.444,2.78043818
17.6046,0.1072,0.0,3.716,0.23744,0.715,362.0,4.07,10.9,3844.0,0.62859,0.610816,0.06,4.62724,337.926,3.30395896
63.0382,0.32185,0.0,7.3269,0.06587,0.81,465.0,11.8,9.93,5853.19,1.12865,1.06,0.2537,4.35826,651.117,3.12483349
29.9221,0.1954,0.0,2.758,0.03453,0.0103,782.0,33.45,11.3,5878.3,1.06066,1.07,0.135,4.471,,3.3769596
29.740451,,,5.29,0.0888,0.39,606.0,,11.2,5532.0,1.13,0.93,0.08,4.3,738.136,3.36
14.647531,,,4.008,0.0872,0.94,,,7.27,5724.0,1.1,0.928,-0.22,4.5,369.888,2.6
0.911724,,,1.416,0.0179,0.96,,,2.54,5724.0,1.1,0.928,-0.22,4.5,369.888,1.4
21.185,0.14247,0.0,2.776,0.00717,0.0332,785.0,90.2,9.2,6001.0,1.255,0.858,-0.5428,4.547,887.064,1.19
34.169,0.19924,0.0,4.487,0.02038,0.319,475.0,11.8,2.23,5233.0,0.835,0.901,0.18,4.54,501.574,1.13
10.367437,,,2.08,0.1946,0.43,437.0,,5.1,3779.0,0.52,0.56,0.26,4.74,162.408,2.11
0.354884,,,1.07,0.0553,0.25,,,1.87,4114.0,0.5,0.565,0.006,4.8,451.769,1.2
7.685,0.0634,0.0,1.174,0.11408,0.3073,613.0,27.35,11.02,4413.0,0.667,0.681,0.13,4.63,290.324,2.58
31.828,0.18688,0.0,4.17,0.0079,0.681,686.0,52.5,10.36,6001.0,1.255,0.858,-0.5428,4.547,887.064,1.21
7.187257,,,2.57,0.1829,0.21,640.0,,6.39,4599.0,0.63,0.66,-0.26,4.65,320.336,2.41
19.991944,,,4.94,0.0748,0.45,687.0,,7.95,5789.0,1.04,0.98,-0.02,4.39,489.368,2.74
9.032178,,,3.25,0.1028,0.4,518.0,,2.48,4385.0,0.49,0.54,-0.66,4.78,453.567,1.38
7.806164,,,2.78,0.0681,0.39,934.0,,6.99,5769.0,1.05,1.02,0.08,4.4,694.734,2.54
19.89526,0.1461,0.35,8.267,0.3463,0.27,787.0,69.5,37.1,5500.0,1.28,1.03,0.33,4.21,391.537,7.5
10.616384,,,2.6,0.0162,0.74,809.0,,1.6,5788.0,0.94,0.96,-0.1,4.48,268.357,1.15
52.713494,,,4.64,0.0757,0.73,477.0,,6.3,5788.0,0.94,0.96,-0.1,4.48,268.357,2.39
22.996591,,,4.43,0.047,0.37,673.0,,7.85,5994.0,1.06,1.1,0.08,4.43,211.43,2.72
11.561052,,,3.73,0.0255,0.42,861.0,,4.78,5920.0,1.09,1.01,-0.06,4.36,208.357,2.03
14.871387,,,4.14,0.19,0.39,727.0,,5.6,5791.0,0.95,0.98,-0.05,4.47,176.051,2.23
2.871512,0.0392,,2.376,0.039,0.43,1173.0,,2.54,5438.0,0.83,0.966999,0.0,4.6,330.916,1.4
26.27057,,,4.62,0.1025,0.39,492.0,,5.6,5106.0,0.78,0.84,0.03,4.58,327.783,2.23
4.169783,0.0499,,2.7312,0.0935,0.4,1057.0,,6.8,5499.0,1.0,0.94,-0.23,4.5,496.289,2.5
0.813143,0.0149,,1.3,0.029,0.41,1347.0,,1.37,4460.0,0.62,0.66,-0.33,4.7,150.21,1.1
2.289363,,,1.88,0.0535,0.41,1149.0,,2.79,5171.0,0.8,0.83,-0.03,4.55,418.395,1.48
0.77401,0.0164,,1.5792,0.0237,0.41,1815.0,,1.87,5438.0,0.83,0.966999,0.0,4.6,330.916,1.2
0.57023,,,,,,,,0.566,5500.0,0.89,0.911717,0.0,4.6,176.51,0.86
15.28078,,,3.46,0.0187,0.43,756.0,,2.13,6004.0,0.98,0.99,-0.18,4.45,320.07,1.26
4.562546,0.0549,,2.8,0.02,0.42,1091.0,,2.86,5859.0,1.0,1.06,0.19,4.5,198.604,1.5
0.50557,0.0127,,0.9,0.01,0.41,2271.0,,0.64,5859.0,1.0,1.06,0.19,4.5,198.604,0.89
11.811437,,,2.064,0.0722,,,,5.9,5765.0,0.93,1.0,-0.39,4.4,561.929,2.3
0.179719,0.0058,0.0,0.6288,,0.02,1471.0,,158.915,3697.0,0.29,0.463,-0.059,5.0,98.8765,0.64
3.793306,,,1.53,0.1007,0.24,543.0,,3.05,3669.0,0.41,0.43,-0.04,4.86,91.722,1.56
2.255436,,,0.984,0.269,0.28,,,0.972,3297.0,0.25,0.407,-0.33,4.9,109.888,1.0
17.70632,,,2.03,0.677,0.39,266.0,,5.48,3315.0,0.28,0.27,0.09,4.97,123.202,2.2
2.800120115,0.0343,0.0,0.9654,0.07067,0.0237,956.0,197.81,6.25,4786.0,0.704,0.686,-0.2,4.579,560.445,2.37850461
40.0306015,0.24082,0.0,4.979,0.02286,0.907,617.0,31.5,5.5,5855.0,1.373,1.161,0.26,4.227,829.985,2.20677414
11.7195663,0.0729,,4.872,0.1434,0.37,849.0,,9.53,5161.0,0.85,0.89,0.2,4.53,308.105,3.05
14.4536756,0.1007,,3.22,0.1225,0.58,747.0,,9.96,5397.0,0.83,0.86,-0.09,4.53,423.065,3.13
13.81499958,0.0903,0.0,2.3244,0.10751,0.9,391.0,5.52,5.83,3732.0,0.509,0.515,0.02,4.736,156.264,2.28372556
80.23190308,0.3543,0.0,4.656,0.08887,0.93,380.0,4.91,8.4,5436.0,0.888,0.92,0.12,4.505,611.461,2.83137505
31.58889961,0.20989,0.0,3.4026,0.03606,0.194,682.0,49.2,10.0,5866.0,1.367,1.02,0.0,4.175,1070.17,3.1446145
16.05730057,0.1199,0.0,3.546,0.0575,1.6947,645.0,41.04,5.49,5644.0,0.806,0.9,-0.24,4.575,1232.19,2.203
2.524009943,0.0344,0.0,1.1968,0.0303,0.2288,1203.0,495.14,3.11,5420.0,0.871,0.849,-0.06,4.487,922.255,1.57686072
2.2193023,0.0373,0.21,1.236,0.0432,0.43,769.0,79.9,1.65,4009.0,0.59,0.63,0.32,4.69,72.0444,1.16
14.1330314,0.0964,,3.648,0.0974,0.34,655.0,,4.98,5044.0,0.7,0.79,-0.16,4.64,228.327,2.08
59.65829849,0.2873,0.0,5.239,0.10438,0.9319,393.0,5.66,9.34,5243.0,0.831,0.887,0.14,4.547,820.506,3.01299077
10.41889954,0.0917,0.0,3.0069,0.07146,0.1256,855.0,126.48,6.78,5692.0,1.064,0.946,0.04,4.36,764.456,2.49508857
105.0149994,0.4161,0.0,6.287,0.0296,0.6112,406.0,7.8,5.81,5868.0,1.042,0.915,-0.22,4.363,501.229,2.27904508
4.1957798,0.0488,0.0,2.1421,0.09487,0.1988,1047.0,283.78,6.89,5229.0,1.005,0.878,0.32,4.378,601.029,2.51990972
42.42720032,0.22622,0.0,6.133,0.06587,0.962,496.0,13.8,10.9,5330.0,1.013,0.869,0.18,4.366,858.77,3.29265785
197.5110016,0.68434,0.0,11.2447,0.25756,0.8342,391.0,6.0,67.5,5616.0,1.674,1.032,0.04,4.004,866.331,9.65837605
4.043540001,0.0413,0.0,1.4572,0.04162,0.154,613.0,33.34,2.51,3871.0,0.532,0.573,0.07,4.744,221.186,1.39109603
12.18420029,0.10301,0.0,2.4468,0.0515,0.977,819.0,71.3,5.19,5771.0,1.068,0.984,0.06,4.374,619.146,2.13189678
9.762980461,0.0821,0.0,3.064,0.05532,0.499,703.0,57.59,3.87,5052.0,0.816,0.773,0.02,4.503,561.229,1.79426276
211.0339966,0.62348,0.0,7.119,0.19534,0.8954,215.0,0.5,10.1,4658.0,0.686,0.743,0.0,4.632,274.18,3.14950109
3.825910091,0.0465,0.0,1.8057,0.09344,0.96,1005.0,241.25,6.28,5223.0,0.885,0.913,0.32,4.505,840.182,2.38421141
85.65399933,0.39565,0.0,6.877,0.04887,0.0491,522.0,9.9,12.9,5818.0,1.647,1.149,0.24,4.065,657.023,3.64762153
3.215090036,0.04391,0.0,3.9026,0.0158,0.849,1155.0,1485.0,7.68,5541.0,0.934,0.942,0.12,4.472,871.564,2.68609988
29.4557991,0.1879,0.0,3.451,0.05338,0.018,598.0,30.3,8.0,6036.0,0.949,1.018,-0.16,4.491,825.883,2.75047868
23.3593998,0.1637,0.0,5.389,0.05701,0.002,684.0,51.68,9.58,6244.0,1.009,1.069,-0.2,4.46,1338.49,3.05774442
10.27530003,0.10549,0.0,6.3195,0.02102,0.742,1211.0,504.3,10.7,6150.0,2.086,1.448,0.22,3.96,409.46,3.26437302
56.57320023,0.2633,0.0,4.188,0.07833,0.927,356.0,3.79,5.52,4701.0,0.775,0.758,0.24,4.54,408.007,2.21110724
59.77080154,0.29496,0.0,4.4935,0.0566,0.7411,522.0,16.4,10.2,6214.0,1.122,1.101,-0.02,4.382,816.592,3.18179549
15.19419956,0.1214,0.0,3.106,0.03678,0.895,893.0,150.25,8.15,5588.0,1.593,1.031,0.14,4.047,1509.084,2.78068551
22.13339996,0.1416,0.0,2.02,0.06546,0.025,507.0,15.65,7.5,5165.0,0.702,0.782,-0.32,4.633,897.597,2.64755943
34.45859909,0.2039,0.0,7.434,0.0431,0.626,559.0,23.05,10.5,6161.0,0.862,0.95,-0.5,4.545,1660.45,3.22686692
1.62116,0.02732,0.0,3.28,0.00575,0.27,2130.0,,4.04,5799.0,1.59,1.04,-0.03,4.05,155.317,1.31
95.61100006,0.4267,0.0,7.374,0.04874,0.1925,421.0,7.45,6.26,6002.0,1.081,1.135,0.2,4.424,1040.1,2.38127597
1.025869966,0.0187,0.0,0.8069,0.02707,0.0385,1520.0,1264.7,2.61,5123.0,0.847,0.828,0.14,4.501,430.254,1.42200732
1.615360022,0.0213,0.0,1.1435,0.04996,0.931,806.0,99.32,2.78,3821.0,0.486,0.49,-0.28,4.755,336.952,1.47519116
3.266639948,0.04238,0.0,2.0589,0.0057,0.748,1072.0,316.9,0.422,5450.0,0.842,0.944,0.1,4.563,249.343,0.79239584
5.756229877,0.05825,0.0,1.071,0.06307,0.9274,773.0,86.0,5.6,4931.0,0.734,0.794,0.0,4.605,305.792,2.22927435
15.13589954,0.1286,0.0,2.1846,0.02655,0.983,933.0,179.16,5.62,6050.0,1.572,1.24,0.14,4.137,632.766,2.23346338
56.49330139,0.31769,0.0,8.473,0.03883,0.8,681.0,35.8,11.1,6160.0,2.046,1.443,0.24,3.976,1056.88,3.32992941
159.3939972,0.53325,0.0,8.395,0.1033,0.77,289.0,1.5,9.17,5135.0,0.874,0.812,0.12,4.464,1057.21,2.98104391
13.78730011,0.11636,0.0,5.747,0.00751,0.2071,894.0,122.1,2.81,5691.0,1.458,1.068,0.26,4.139,443.371,1.48674404
9.229579926,0.0933,0.0,2.235,0.04921,0.0469,1021.0,257.11,12.8,6320.0,1.252,1.273,0.24,4.347,2080.51,3.63582354
16.34359932,0.1264,0.0,5.3072,0.08926,0.0295,730.0,67.34,9.44,5730.0,1.056,1.008,0.16,4.394,908.501,3.03295685
35.01190186,0.2093,0.0,2.868,0.04367,0.3865,603.0,29.9,7.33,5872.0,1.153,1.041,0.1,4.332,690.336,2.61157023
3.138789892,0.037,0.0,1.6594,0.01741,0.98,1022.0,257.32,2.02,5242.0,0.722,0.684,-0.54,4.556,486.174,1.22719556
103.427002,0.4438,0.0,5.03,0.09501,0.03,416.0,7.08,10.6,6208.0,1.024,1.086,-0.12,4.454,1377.61,3.25107395
8.988320351,0.0845,0.0,4.65,0.01608,0.1213,864.0,131.92,3.95,5984.0,0.906,0.993,-0.2,4.521,1443.09,1.81406781
64.61750031,0.297,0.0,5.796,0.24866,0.8919,383.0,5.09,25.1,5043.0,0.881,0.834,0.3,4.47,,5.395
7.343709946,0.0697,0.0,1.1449,0.05744,0.0605,839.0,117.5,6.48,5757.0,0.762,0.865,-0.5,4.597,783.666,2.43056832
88.64399719,0.3815,0.0,7.82,0.06255,0.883,391.0,5.51,15.5,5661.0,0.934,0.941,0.0,4.471,565.752,4.05537256
11.9296999,0.1028,0.0,6.152,0.07093,0.823,770.0,83.04,15.9,5831.0,0.921,1.016,0.0,4.517,2254.69,4.12801189
12.14680004,0.11082,0.0,6.401,0.00707,0.891,1097.0,271.6,3.4,5877.0,1.963,1.187,0.04,3.927,451.242,1.66049425
12.21829987,0.10632,0.0,2.5724,0.18434,0.885,835.0,107.6,23.7,5822.0,1.081,0.957,-0.06,4.351,1002.53,5.22108654
205.9120026,0.6785,0.0,9.992,0.23788,0.844,298.0,1.85,30.1,5644.0,0.969,0.981,0.14,4.457,1497.33,6.00434637
10.44089985,0.0915,0.0,3.4464,0.08377,0.7893,829.0,111.52,7.8,5738.0,0.981,0.936,-0.06,4.426,839.332,2.70926154
12.28849983,0.1017,0.0,2.813,0.03669,0.2477,913.0,164.61,3.18,5109.0,1.671,0.929,0.1,3.96,434.456,1.59615726
131.1900024,0.46206,0.0,7.548,0.09159,0.069,284.0,1.3,8.13,4898.0,0.803,0.774,0.14,4.518,513.107,2.77771129
35.59730148,0.22429,0.0,6.0844,0.0652,0.41,646.0,53.0,16.0,6212.0,1.209,1.082,-0.04,4.309,522.605,4.14042267
5.823520184,0.0615,0.0,2.2441,0.08887,0.931,955.0,196.33,7.81,5774.0,0.864,0.916,-0.22,4.526,1083.28,2.71275017
6.230319977,0.066,0.0,1.6493,0.14492,0.92,875.0,138.33,16.8,5477.0,0.865,0.983,0.21,4.557,1321.38,4.26508
8.847940445,0.0699,0.0,2.0876,0.0519,0.3878,479.0,12.48,3.0,3867.0,0.552,0.581,0.1,4.718,221.639,1.54502915
49.47819901,0.2587,0.0,2.479,0.052,0.048,462.0,10.73,5.38,5776.0,0.849,0.939,-0.18,4.554,669.573,2.1782413
2.757590055,0.0296,0.0,1.0669,0.05631,0.093,615.0,33.79,2.16,3683.0,0.424,0.454,-0.22,4.84,270.739,1.273
3.7572999,0.04444,0.0,0.9205,0.02585,0.0192,877.0,158.2,2.9,4901.0,0.716,0.807,0.04,4.618,409.602,1.513
101.1330032,0.4137,0.0,4.366,0.15029,0.2031,380.0,4.91,14.6,5492.0,1.016,0.921,0.16,4.389,1009.87,3.91815325
14.82009983,0.11054,0.0,3.902,0.01849,0.059,552.0,24.5,3.76,4825.0,0.732,0.785,0.08,4.603,374.615,1.76378826
11.12969971,0.0989,0.0,2.771,0.0371,0.5298,843.0,119.44,7.97,6122.0,0.964,1.041,-0.18,4.487,1693.86,2.74516914
14.6762429,0.1124,0.1,3.336,0.0749,0.41,618.0,,4.66,4927.0,0.76,0.82,0.07,4.59,188.33,2.0
10.1346454,0.0525,0.16,2.856,0.5276,0.46,474.0,,11.0,3566.0,0.4,0.41,0.1,4.85,179.854,3.31
3.016190052,0.0408,0.0,2.8349,0.02225,0.0297,1449.0,1044.49,4.38,5611.0,1.4,0.995,0.16,4.144,996.105,1.92872921
2.818160057,0.0364,0.0,1.7758,0.03703,0.72,1059.0,298.2,2.58,5167.0,0.787,0.812,-0.04,4.555,,1.413
2.935359955,0.03765,0.0,1.5043,0.10773,0.0841,1022.0,216.9,6.21,4922.0,0.823,0.79,0.2,4.505,726.346,2.36961357
5.604020119,0.05835,0.0,1.0273,0.02249,0.2932,774.0,94.3,2.57,4847.0,0.737,0.756,0.0,4.581,309.696,1.4088539
5.7385647,0.0632,,,,0.43,1066.0,,5.69,5790.0,0.92,0.96,-0.12,4.49,500.497,2.25
21.1701963,0.1195,0.06,3.576,0.1041,0.38,431.0,3.5,4.35,4057.0,0.58,0.62,0.2,4.7,186.197,1.92
8.195949554,0.0718,0.0,2.824,0.07928,0.252,672.0,48.2,6.53,4723.0,0.747,0.734,0.08,4.557,718.945,2.43996509
16.00460052,0.1179,0.0,3.9475,0.08319,0.0246,583.0,27.41,5.59,5180.0,0.769,0.86,0.0,4.597,707.688,2.22678077
12.19139957,0.0984,0.0,1.8832,0.06658,0.03,763.0,80.01,7.99,5516.0,0.967,0.856,-0.06,4.399,1006.63,2.7489262
39.31370163,0.227,0.0,4.8901,0.05001,0.936,540.0,20.04,5.99,6060.0,0.925,1.008,-0.22,4.509,778.602,2.31898181
48.88819885,0.2395,0.0,6.468,0.03722,0.2675,386.0,5.23,2.92,4821.0,0.788,0.765,0.16,4.529,562.348,1.51862272
39.83110046,0.20894,0.0,2.442,0.03888,0.999,420.0,7.33,7.21,5026.0,0.759,0.8,0.0,4.58,423.348,2.58746104
16.3488637,0.145,,,,0.35,735.0,,13.4,5794.0,1.0,0.98,-0.02,4.43,517.687,3.72
21.0267366,0.1599,,,,0.36,624.0,,5.86,5568.0,0.86,0.9,-0.11,4.52,355.54,2.29
24.81209946,0.1668,0.0,3.2245,0.20908,0.957,631.0,37.43,29.4,6086.0,0.921,1.003,-0.26,4.511,982.383,5.91688317
19.65640068,0.1335,0.0,2.57,0.08432,0.969,549.0,21.5,8.99,5288.0,0.74,0.828,-0.24,4.613,807.308,2.94660251
44.29919815,0.2348,0.0,4.367,0.07979,0.683,463.0,10.85,5.79,5316.0,0.915,0.878,0.16,4.459,748.569,2.27349126
4.644909859,0.055,0.0,3.366,0.01474,0.851,1209.0,504.23,3.58,6047.0,1.129,1.021,-0.08,4.343,1034.59,1.71360684
8.94340992,0.08308,0.0,2.469,0.02151,0.0362,946.0,217.4,4.5,6074.0,1.005,0.873,-0.54,4.375,853.275,1.96065412
16.9780102,0.1685,,2.4912,0.037,0.42,533.0,,2.76,5245.0,0.75,0.84,-0.1,4.62,75.5857,1.47
11.2510285,0.0863,,,,0.35,888.0,,7.65,5650.0,0.91,0.93,-0.07,4.49,480.307,2.68
1.962260008,0.02915,0.0,1.45,0.00683,0.169,1448.0,612.3,0.337,5726.0,0.979,0.915,-0.1,4.418,492.847,0.74437023
5.990799904,0.0636,0.0,1.661,0.00723,0.253,987.0,223.93,1.01,5721.0,0.972,0.954,0.0,4.442,269.912,1.011
4.179369926,0.0504,0.0,2.647,0.01728,0.317,1194.0,478.98,3.55,5633.0,1.162,0.973,0.16,4.296,1050.72,1.70557445
2.440829992,0.0322,0.0,0.54,0.05095,1.1473,986.0,223.8,3.83,4803.0,0.698,0.752,-0.08,4.623,,1.7810587
0.412,0.008,0.0,0.73,0.01831,0.2,1180.0,320.0,99.2,3515.0,0.4,0.41,0.1,4.77,172.245,0.51
24.22030067,0.1546,0.0,3.271,0.08063,0.032,505.0,15.43,8.32,5165.0,0.761,0.859,0.02,4.599,983.174,2.81407954
4.765620232,0.05063,0.0,2.165,0.00675,0.3305,1167.0,204.6,0.76,5702.0,1.125,0.837,-0.28,4.258,360.921,0.93353523
7.281690121,0.06686,0.0,1.723,0.01116,0.1001,1086.0,57.1,0.315,4970.0,1.806,0.996,0.32,3.924,249.102,0.73022577
14.1960001,0.1209,0.0,3.577,0.01962,0.2025,818.0,105.7,2.92,6214.0,1.076,1.169,0.07,4.442,876.3,1.51852059
7.362689972,0.0738,0.0,1.3287,0.04293,0.0498,901.0,155.72,8.13,5868.0,0.894,0.987,-0.12,4.53,1360.63,2.77615754
5.652450085,0.05444,0.0,2.062,0.01264,0.1469,856.0,75.0,0.589,5159.0,0.8,0.752,-0.16,4.508,292.111,0.86973029
31.25429916,0.2053,0.0,5.662,0.0438,0.019,635.0,38.54,7.35,6246.0,1.092,1.18,0.07,4.433,2055.82,2.61757235
5.688769817,0.0536,0.0,2.55,0.02415,0.39,645.0,40.88,1.78,4234.0,0.639,0.636,-0.02,4.63,,1.184
30.65279961,0.2014,0.0,4.903,0.02918,0.751,780.0,87.69,9.21,6200.0,1.64,1.158,-0.06,4.072,1008.79,2.98929758
37.88660049,0.2107,0.0,5.165,0.06722,0.026,479.0,12.46,7.38,5513.0,0.818,0.868,-0.16,4.551,1177.53,2.62390658
47.0564003,0.2524,0.0,4.803,0.09205,0.361,497.0,14.43,5.89,5889.0,0.924,0.967,-0.16,4.492,1030.11,2.29763023
30.2541008,0.2043,0.0,2.0875,0.05766,0.1143,660.0,44.87,9.03,6277.0,1.161,1.239,0.21,4.402,885.913,2.95415848
28.735327,,,2.9904,1.398,0.711,,,42.2,3572.0,0.585,0.57,0.126,4.66,266.318,7.322
3.52466011,0.0426,0.0,2.484,0.01297,0.0697,1098.0,344.61,1.45,5372.0,0.916,0.832,-0.02,4.434,612.803,1.11727238
13.22259998,0.1077,0.0,4.337,0.02617,0.1342,740.0,71.11,5.86,5931.0,0.863,0.953,-0.28,4.545,1344.29,2.29064904
11.02066,,,4.32,0.0202,0.666,,,4.9,6138.0,1.486,1.158,0.049,4.156,229.567,2.061
126.5569992,0.52662,0.0,7.923,0.03576,0.9623,524.0,9.4,10.2,6501.0,1.854,1.419,0.1,4.054,871.096,3.16615594
9.688599586,0.0915,0.0,2.0,0.06661,0.118,1014.0,163.1,9.39,6457.0,1.196,1.19,-0.06,4.358,905.069,3.0229133
73.75039673,0.38733,0.0,13.234,0.02299,0.127,677.0,34.7,11.5,6056.0,2.481,1.408,0.14,3.797,1091.0,3.40627075
21.700156,,,4.104,0.0789,0.346,,,4.95,5452.0,0.811,0.922,-0.027,4.585,278.412,2.072
13.06260014,0.0938,0.0,3.244,0.04643,0.3063,527.0,18.25,4.0,4522.0,0.655,0.646,-0.22,4.615,421.152,1.82828927
2.790659904,0.0334,0.0,0.662,0.02239,0.0437,816.0,104.74,1.68,4353.0,0.603,0.648,-0.18,4.681,189.833,1.16480773
4.950610161,0.0525,0.0,1.808,0.03095,0.458,885.0,145.23,3.01,5431.0,0.717,0.802,-0.44,4.623,798.595,1.54732469
9.178569794,0.0819,0.0,2.1421,0.07965,0.3185,753.0,76.14,8.58,5506.0,0.788,0.876,-0.2,4.584,772.283,2.86719266
7.9389334,,,1.464,0.0209,0.505,,,1.26,4473.0,0.675,0.754,-0.244,4.653,145.701,1.075
4.626049995,0.0516,0.0,0.56,0.03469,0.302,1012.0,247.34,5.13,5834.0,0.797,0.852,-0.5,4.566,842.492,2.1170287
9.842579842,0.0918,0.0,1.5672,0.06264,0.234,801.0,97.62,8.05,5585.0,0.972,1.064,0.48,4.49,1076.48,2.75971163
13.02680016,0.10233,0.0,0.785,0.03566,0.3879,643.0,31.6,2.95,5083.0,0.844,0.844,0.22,4.512,275.694,1.52955541
4.86631012,0.0506,0.0,1.758,0.03667,0.2366,881.0,110.4,3.46,4996.0,0.831,0.791,0.14,4.497,849.312,1.68023962
6.080039978,0.0597,0.0,1.308,0.0184,0.254,808.0,100.72,2.21,4991.0,0.804,0.767,0.04,4.513,,1.289
35.86619949,0.2134,0.0,7.216,0.02509,0.717,633.0,37.92,8.22,6078.0,1.189,1.005,-0.16,4.29,799.008,2.79502603
5.939119816,0.0699,0.0,2.236,0.04245,0.107,1357.0,122.82,14.2,6068.0,1.797,1.294,0.16,4.04,991.618,3.8580709
6.149559975,0.06868,0.0,5.5694,0.03337,0.388,1287.0,686.9,14.8,5687.0,1.775,1.08,0.04,3.973,905.406,3.95000623
42.87770081,0.2197,0.0,1.991,0.10688,0.02,451.0,9.8,5.97,5256.0,0.832,0.768,-0.16,4.483,667.405,2.31495961
135.1880035,0.48418,0.0,8.8191,0.06634,0.76,345.0,3.7,7.12,5731.0,0.906,0.846,-0.32,4.451,375.522,2.5685207
11.3295,0.10493,0.043,5.86,0.00171,0.81,1215.0,198.4,2.11,5818.0,1.384,1.12,0.23,4.2,287.339,0.868
3.622760057,0.0467,0.0,2.7868,0.01806,0.75,1304.0,683.84,3.47,5794.0,1.216,1.032,0.14,4.282,1125.24,1.68119739
1.116119981,0.02103,0.0,1.3577,0.01092,0.0569,1659.0,1770.2,1.07,5721.0,0.905,0.983,0.02,4.517,299.104,1.02732734
10.77690029,0.0871,0.0,2.616,0.01583,0.069,752.0,75.83,2.95,5455.0,0.852,0.759,-0.34,4.457,697.253,1.52696349
20.65780067,0.1435,0.0,8.232,0.00982,0.188,728.0,66.27,6.0,5468.0,1.306,0.923,0.14,4.171,1277.32,2.32107188
39.67679977,0.21507,0.0,5.04,0.06112,0.9403,473.0,8.8,8.05,5244.0,0.888,0.808,0.02,4.449,519.122,2.76001201
4.592380047,0.0519,0.0,2.2748,0.10277,0.02,924.0,172.6,9.9,5351.0,0.796,0.89,-0.04,4.582,641.374,3.11856756
8.167360306,0.07976,0.0,3.286,0.01054,0.2789,865.0,138.5,1.46,5808.0,0.902,0.987,-0.06,4.522,113.025,1.11955354
6.566060066,0.0635,0.0,1.7315,0.04024,0.3312,777.0,57.6,4.06,4818.0,0.856,0.809,0.56,4.481,480.869,1.84398883
4.782999992,0.0535,0.0,2.3788,0.10087,0.003,886.0,145.48,9.04,5170.0,0.807,0.891,0.18,4.574,651.783,2.95501875
11.28,,0.028,,,0.34,,,5.42,6312.0,1.259,1.139,-0.2,4.298,1633.49,2.05
6.459980011,0.0652,0.0,1.785,0.03942,0.1106,883.0,144.06,5.29,5704.0,0.804,0.897,-0.3,4.575,1350.32,2.15492527
5.363709927,0.0588,0.0,2.875,0.01143,0.008,1059.0,296.73,0.894,5553.0,1.098,0.941,0.16,4.33,760.065,0.97698289
5.943719864,0.0563,0.0,1.847,0.0301,0.121,674.0,48.82,1.32,4391.0,0.682,0.671,0.04,4.598,360.468,1.08940238
2.186619997,0.0299,0.0,1.585,0.01178,0.2799,1099.0,345.07,0.79,4904.0,0.772,0.745,0.0,4.535,460.899,0.94374867
21.06080055,0.1463,0.0,5.2472,0.03012,0.0215,669.0,47.39,4.36,5706.0,1.034,0.94,0.0,4.382,590.268,1.923
11.39169979,0.0956,0.0,4.971,0.00473,0.2265,886.0,145.67,2.32,5557.0,1.249,0.897,0.0,4.198,402.947,1.32578716
6.38669014,0.0617,0.0,1.2428,0.02296,0.0597,811.0,102.25,1.57,5071.0,0.811,0.768,-0.02,4.505,479.263,1.14315727
4.820590019,0.05712,0.0,3.468,0.00409,0.0158,1328.0,493.0,0.587,6046.0,1.396,1.024,-0.16,4.158,529.596,0.86867375
6.331230164,0.0633,0.0,2.688,0.03066,0.094,822.0,108.04,4.03,5383.0,0.759,0.851,-0.22,4.603,851.595,1.83707938
6.22,0.0542,,,0.119,0.43,432.0,,8.91,3387.0,0.379,0.403,,4.885,176.291,2.93
0.673862,,,1.6,,0.266,,,3.12,5236.0,0.92,0.954,0.237,4.488,274.864,1.579
3.572326,,,1.3,,0.892,,,6.42,5387.0,0.966,0.937,0.11,4.435,199.354,2.417
26.68,0.1516,,,0.083,0.35,641.0,,8.2,5440.0,0.898,0.954,,4.512,209.071,2.79
3.865053,,,1.6,,0.208,,,1.67,3578.0,0.382,0.374,-0.051,4.847,62.3804,1.163
8.205,0.0594,,,0.071,0.68,635.0,,4.35,4141.0,0.602,0.63,,4.677,123.415,1.92
1.7100566,0.03005,0.0,2.18808,1.386,0.8622,1970.0,826.113,408.09372,5720.0,1.52,1.239,0.32,4.166,250.121,19.537287
17.27474,,,5.2,,0.468,,,7.65,5716.0,1.28,0.944,-0.378,4.197,523.055,2.678
3.262,0.0331,,,0.199,0.42,707.0,,6.48,3752.0,0.505,0.517,,4.743,136.667,2.43
1071.23205,1.883,0.29,16.1784,1.54,0.271,134.4,0.1,321.00669107,4884.0,0.749,0.777,0.02,4.579,341.908,10.16
13.115365,,,2.7,,0.481,,,6.94,3748.0,0.552,0.552,0.005,4.695,121.63,2.53
1.256,0.0198,,,0.0921,0.48,1114.0,,5.82,3924.0,0.688,0.507,,4.462,282.308,2.28
4.941907,,,2.9,,0.309,,,2.19,5563.0,0.927,0.881,0.014,4.45,218.376,1.283
9.22453,,,3.7,,0.259,,,2.42,5563.0,0.927,0.881,0.014,4.45,218.376,1.36
20.978959,,,4.4,,0.213,,,3.45,5335.0,0.784,0.813,-0.171,4.559,162.306,1.677
16.43445,,,3.6,,0.649,,,5.53,5789.0,0.907,0.731,-0.292,4.386,359.439,2.213
4.521953,,,3.0,,0.235,,,3.16,5789.0,0.907,0.731,-0.292,4.386,359.439,1.593
2.231527,,,,,0.517,,,1.26,3623.0,0.348,0.33,0.068,4.874,82.6603,1.076
23.448172,,,5.712,0.0783,0.328,,,8.78,5561.0,1.051,0.823,-0.021,4.313,187.222,2.906
8.777247,,,2.904,0.0934,0.481,,,5.4,4603.0,0.751,0.856,-0.045,4.615,182.207,2.181
17.515472,,,3.936,0.0948,0.268,,,5.03,4752.0,0.758,0.832,0.019,4.596,314.35,2.094
4.194766,,,1.272,0.146,0.446,,,1.82,3623.0,0.348,0.33,0.068,4.874,82.6603,1.191
9.844077,,,3.6288,0.1093,0.337,,,8.98,5479.0,0.922,0.847,-0.064,4.437,463.88,2.945
1.90261131,0.03712,0.01,2.395,0.988,0.8806,2546.0,7010.0,581.62598481,7299.0,1.942,1.88,-0.1,4.136,225.888,21.05046575
9.715043,,,1.992,0.175,0.471,,,2.37,3623.0,0.348,0.33,0.068,4.874,82.6603,1.345
2.060438,,,1.4904,0.1697,0.402,,,8.65,4823.0,0.732,0.923,-0.206,4.674,687.973,2.88
10.413181,,,,,0.803,,,6.13,5678.0,1.071,0.881,0.076,4.321,265.914,2.352
14.010449,0.0782,,1.73,,0.624,337.0,,3.75,3452.0,0.321,0.325,0.01,4.936,27.8123,1.76
20.851337,,,5.2,,0.399,,,4.82,5782.0,1.084,0.802,-0.034,4.273,259.208,2.04
15.398723,,,3.5,,0.711,,,4.08,5726.0,1.058,0.841,-0.238,4.314,406.985,1.85
4.803352,,,2.5,,0.25,,,7.26,5007.0,0.783,0.952,-0.033,4.628,286.727,2.597
8.491282,,,2.3,,0.677,,,11.4,5007.0,0.783,0.952,-0.033,4.628,286.727,3.395
8.0277327,0.0815,0.062,4.4616,0.5705,0.176,1171.0,310.0,58.79825529,6320.0,1.202,1.119,-0.039,4.328,114.048,9.91994792
10.3134,0.0753,0.02,1.92,0.01372,0.7,452.0,9.9,0.07,3841.0,0.535,0.535,-0.18,4.71,66.8624,0.64
2.47063,0.03568,0.0,1.74259,1.6,0.84293,1466.0,903.864,473.5667,5850.0,1.12,1.36,-0.15,4.43,215.32,15.24424
3.855219,0.04018,,2.0141,0.6624,0.345,714.0,41.8646,22.6,3895.0,0.576,0.582,-0.12,4.682,133.122,5.07
9.030501,0.085,0.001,4.288,0.107,0.192,885.0,145.0,15.5,5565.0,1.156,1.058,0.43,4.3437,264.78,3.65
23.0923,0.1288,0.01,1.7012,0.05983,0.87,345.0,3.4,2.1,3841.0,0.535,0.535,-0.18,4.71,66.8624,1.51
13.7815,0.0913,0.017,2.263,0.0756,0.6,410.0,6.8,2.3,3841.0,0.535,0.535,-0.18,4.71,66.8624,1.51
5.3301,0.0426,,,,,,69.529,2.05,4116.0,0.7,0.808,-0.205,4.656,285.162,1.2327
6.669,0.0552,,,,,,56.13,4.38,4343.0,0.732,0.814,-0.102,4.621,260.036,1.9287
2.3114243,0.0334,0.0,2.73504,1.28,0.149,1480.0,957.0053,492.62,5600.0,1.01,0.93,-0.07,4.4,273.703,12.464
4.12448,0.05037,0.23,3.672,0.9,0.615,1367.0,459.542,1547.8321,5588.0,1.21,1.24,0.01,4.33,277.278,12.44199
10.0546535,0.0747,0.107,2.563,0.1416,0.31,501.3,10.5,5.11,3844.0,0.546,0.549,-0.157,4.704,44.0727,2.078
10.56103,0.09514,0.161,2.38,0.0484,0.64,916.0,117.0,8.3,5731.0,1.06,1.03,0.26,4.38,192.69,2.29
4.01593,0.04994,0.197,2.74,0.02607,0.48,1266.0,426.0,7.3,5731.0,1.06,1.03,0.26,4.38,192.69,1.54
4.954,0.06431,0.0,6.048,0.7,0.23,1772.0,1489.5543,133.4886,6430.0,1.8,0.94,-0.08,3.96,523.756,16.36514
3.583893,0.04667,0.376,3.0312,0.77275058,0.36,1324.0,510.8195,43.86054,5679.0,1.086,1.056,0.21,4.386,794.637,9.785457
4.6171,0.05614,0.0,3.5616,1.0,0.272,1216.0,447.82,143.0235,5600.0,0.96,0.71,0.12,4.5,321.084,10.53646
76.8,0.369,0.448,,,,,,1951.46641898,5951.0,1.06,1.13,0.2,4.438,285.584,11.2089807
155.3,0.591,0.254,,,,,,2548.98382414,5951.0,1.06,1.13,0.2,4.438,285.584,12.6
4.23452,0.04748,0.12,2.4552,0.54,0.303,1080.0,185.0743,22.2481,5079.0,0.87,1.12,-0.04,4.56,141.837,7.06167
5.342657,0.0531,0.0,2.41,0.06887,0.583,799.0,137.753,5.99,4916.0,0.855,0.845,-0.01,4.502,341.774,2.32
24.278553,0.1456,0.0,4.39,0.07144,0.312,432.0,8.27,6.08,4324.0,0.788,0.76,-0.06,4.523,271.277,2.34
1.360029395,0.023233633,0.01353,2.1652751,1.94276945,0.06,1674.0,1440.0,529.31142902,5617.0,0.91,0.903,-0.1,4.476,105.166,13.56
14.749143,0.12638,0.1,6.117,0.04205,0.11,955.0,138.7,14.1,5854.0,1.447,1.238,0.321,4.21,525.997,2.903
3.257215,0.0434,0.051,3.2184,1.4719,0.299,1384.0,554.7122,198.953,5680.0,1.103,1.025,0.12,4.36,401.319,13.585
1.5732918,0.02648,0.0,2.39976,1.522,0.322,1689.0,1563.6374,403.945,5400.0,1.058,1.004,-0.08,4.392,369.926,14.247
3.5538229,0.0458,0.095,3.1029,0.01918,0.692,1431.0,700.0,6.8,6004.0,1.12,1.015,-0.14,4.38,454.883,1.57
3.55395,0.05084,0.0,3.6341388,0.98,0.755,1778.0,2276.295,247.9074,6200.0,1.66,1.08,0.14,4.06,515.98,18.04649
2.875317,0.0361,0.015,1.848,0.9898,0.631,970.0,85.1168,2302.899,4595.0,0.694,0.756,0.35,4.63,71.0374,9.718
3.16158,0.04317,0.0,3.1425792,1.5,0.257,1338.29,758.1026,225.6593,5990.0,1.08,1.05,-0.15,4.4,202.218,14.5717
68.9583216,0.3192,0.69,3.0854,0.01238,0.9,438.0,6.15,6.0,5421.0,0.897,0.913,0.05,4.5,68.173,1.199
19.578328,0.1387,0.094,3.744,0.01156,0.727,681.0,35.9,1.4,5495.0,0.9164,0.929,0.07,4.446,282.563,0.952
11.8728787,0.1029,0.19,2.3661,0.03432,0.88,938.0,129.1,5.4,6148.0,1.03,1.03,-0.24,4.416,213.26,2.213
2.8997,0.03866,0.0,2.0808,1.2,0.615,1189.0,176.587,206.5895,5185.0,0.87,1.06,0.27,4.56,134.554,10.53646
3.795963,0.04527,0.045,2.384,0.0285,0.452,1099.0,312.1807,3.24,5660.0,0.877,0.869,-0.28,4.49,64.5978,1.615
1.678328,0.02778,0.095,2.5123,0.01463,0.701,1838.0,1900.0,3.9,6004.0,1.12,1.015,-0.14,4.38,454.883,1.381
289.863876,0.812,0.72,7.415,0.05019,0.768,279.0,1.013,9.1,5596.0,0.869,0.857,-0.255,4.443,194.642,2.1
10.5737534,0.09528,0.32,1.7259,0.03024,0.9288,916.0,117.7,5.4,5687.0,1.066,1.03,0.32,4.4,230.869,2.37
6.4816307,0.0701,0.11,3.649,0.03015,0.58,1276.0,442.0,4.9,5950.0,1.387,1.094,-0.02,4.21,474.861,2.49
10.8540774,0.0936,0.076,3.7768,0.1051,0.594,828.0,78.7,11.1,5495.0,0.9164,0.929,0.07,4.446,282.563,2.894
5.340888,0.05528,0.089,1.153,0.1545,0.9345,854.0,89.0,7.9,4916.0,0.718,0.79,-0.047,4.621,109.749,3.2
1.422614,0.02288,0.093,1.1232,0.0345,0.66,1328.0,519.0,4.3,4916.0,0.718,0.79,-0.047,4.621,109.749,1.43
2.7858212,0.0434,0.0,3.4834,0.006217,0.584,2015.0,2749.0,7.5,6305.0,1.902,1.408,-0.03,4.026,108.522,1.639
3.547851,0.0485,0.0,3.5856,1.0,0.497,1648.0,1212.0044,340.382,6351.0,1.404,1.209,-0.157,4.22,411.211,15.48
6.535,0.063,,2.07,,0.41,558.0,,699.2224954,3861.0,0.5776,0.569,,4.67,94.0424,3.31
4.00167,0.0506,,2.1,1.259,0.34,1238.0,365.8185,,6027.0,1.1,1.08,0.0,4.39,876.565,12.67
4.225384512,0.05191,0.0,2.81829,0.7563,0.015,1111.0,312.514,59.0,5582.0,1.03,1.04,0.37,4.42,630.785,8.92
4.175186,0.0523,0.105,3.3792,1.3791,0.17,1203.0,561.0,1022.14128,5950.0,1.1,1.1,0.15,4.4,856.436,12.92
2.1748,0.028,0.0,1.84,0.056,0.45,1103.0,248.0,8.0,4503.0,0.72,0.7,0.0,4.57,115.461,1.75
5.014234575,0.0626,0.0,4.61153,0.67886,0.0124,1308.0,1146.878,,6733.0,1.8,1.49,0.07,4.1,1249.41,14.96
66.0282,0.33,,3.557,,0.05,,,5.33,5990.0,1.0,1.08,0.05,4.47,704.438,3.03
3.24406,0.0455,0.04,3.6774272,1.3,0.741,1675.0,983.3098,209.7678,5754.0,1.46,0.81,0.27,4.08,197.572,18.15858
4.2337005,0.05503,0.0,2.094,0.86,0.953,1528.0,901.9,104.88337431,6399.0,1.347,1.24,0.06,4.273,410.149,16.10730527
394.62508,1.137,0.078,24.01,0.1651,0.19,362.7,2.86,298.75870258,5950.0,1.822,1.259,0.145,4.016,822.134,8.08167508
2.13775,0.03443,0.0,2.292,0.96,0.86,1865.0,531.159,228.8376,5990.0,1.42,0.98,0.39,4.39,149.216,15.24424
2.382667,0.034,0.0,1.812,0.07943,0.09,1237.0,343.6,7.32,5180.0,1.037,0.916,0.4,4.36,780.256,2.61
2.70579,0.0447,0.0,4.992,0.63,0.136,2190.0,3557.29,371.8611,6480.0,2.1,1.48,0.12,3.96,275.664,18.15858
13.079151,0.109,0.0,3.1451019,0.1143,0.635473,726.89,48.6058,11.9,5497.0,0.9785,1.0062,0.297,4.457,139.49,3.2710301
6.8500246,0.05763,0.34,2.23,3.3133,0.52,495.0,9.97,3179.0,3539.0,0.49,0.531,0.08,4.77,139.042,10.89
10.74,0.09501,0.021,6.0633,0.04152,0.0,1008.0,257.39,7.81,5828.0,1.548,1.078,-0.112,4.09,835.756,3.005
1.6096884,0.0266,,2.232,1.417,0.448,1638.0,1200.0,594.3421,5500.0,1.015,0.97,-0.34,4.411,261.386,13.473218
5.644207,0.0694,0.3775,3.1176,0.44,0.758,1460.0,854.7074,2688.8418,6218.0,1.651,1.394,0.156,4.147,527.995,11.99363
4.5849129,0.055225481,,5.2493974,0.21010683,,1846.6,1729.6714,67.0,6272.0,2.059789,1.069357,,3.8399,312.529,9.6158851
11.6,0.09588,0.0725,2.2603,0.04893,0.03,671.0,48.574,6.86,5187.9,0.826,0.859,0.1166,4.54,644.14,2.196
16.74,0.12091,0.0,2.398,0.09968,0.935,576.0,25.523,6.2,5090.0,0.792,0.827,0.09,4.57,868.477,2.76
6.0784247,0.05006,,2.03,0.195,0.336,527.0,12.8,6.66,3551.0,0.475,0.453,-0.13,4.75,114.549,2.47
5.91,0.05687,0.0,2.3254,0.10629,0.17,585.0,62.577,1.63,4499.3,0.664,0.684,0.1451,4.62,438.359,1.959
49.2519,0.249,0.157,5.502,1.56064615,,399.96,6.0478,208.8132634,5096.0,0.785,0.849,0.14,4.58,395.398,10.13291855
3.6525145,0.047,0.054,4.31,0.966,0.42,1616.0,967.919,176.07693748,5850.0,1.549,1.041,-0.103,4.076,285.895,15.55806521
4.1727,0.05106,0.027,2.07,,0.705,1216.0,,3.5,5770.0,0.968,1.022,0.07,4.47,84.5362,1.9
8.99,0.07519,0.017,2.8606,0.09053,0.008,509.0,35.898,2.06,4499.3,0.664,0.684,0.1451,4.62,438.359,1.857
18.712024,0.145,0.0,6.1681657,0.4867,0.169195,798.3,98.09,74.1,6128.0,1.266,1.1642,0.043,4.296,80.6665,9.07303305
0.54937097,0.0122,0.0,0.9772115,0.037,0.489226,1694.1,1407.22,2.44,4914.0,0.746,0.8048,0.044,4.598,42.5775,1.49681583
4.5199279,0.049,0.0,3.719,,,1331.0,523.0,92.80589484,5550.0,1.16,0.96,0.2,4.1,1093.69,14.88552637
12.055734733,0.101151,,2.0871,0.0807,,584.0,55.58,6.42,5504.0,0.83,0.95,,4.58,66.0929,2.417
5.877556328,0.065757,,2.8907,0.04122881,,1031.14,268.44,5.71,5977.0,1.006,1.1,,4.47,122.494,2.255
28.17232,0.137,0.0,3.3983448,0.09505654,0.104,297.0,1.84,7.4,3759.0,0.44,0.44,-0.24,5.11,41.9176,1.33
12.927748,0.1009,0.067,2.019,0.079,0.903,718.0,8.7194,5.0,5185.0,0.833,0.821,-0.12,4.511,20.4581,2.86
4.023687,0.055,0.0,5.7,0.8925,,1890.0,940.0,371.85923619,6110.0,1.51,1.31,0.28,4.19,364.715,13.67495645
2.7535953,0.03694,0.047,2.4072,1.446,0.461,1218.0,227.759,259.98494,5131.0,0.893,0.887,0.28,4.483,361.155,11.309881
4.21285367,0.0622,0.406,5.52,,0.704,,,19.2,4900.0,3.13,1.17,0.09,3.52,555.546,6.21
1.4079405,0.0204,0.0,0.1333,56.65,7.16,163.0,0.181,4386.054,4710.0,0.0131,0.518,,7.915,24.7359,10.4
4.7947813,0.06277,0.25,5.035,0.6864,0.668,1772.0,1634.0,182.43350562,6212.0,2.197,1.435,0.037,3.9114,233.22,18.28184752
3.915292,0.051,0.0,3.0331397,0.335,0.859948,1392.74,311.498,63.9,5718.0,1.5566,1.1578,0.283,4.119,332.648,10.12369881
2.6800535,0.0376,0.0,1.9284255,0.0456,0.560039,1285.16,342.997,13.0,5497.0,1.0561,0.9867,0.274,4.382,111.276,2.2963977
3.7130765,0.04389,0.052,1.951,1.761,0.7393,962.2,55.9743,308.9292116,4766.0,0.769,0.817,0.306,4.579,128.23,11.14172682
38.8,0.212,0.0,5.923377,0.9593,0.186166,423.63,9.2972,67.4,4927.0,0.8049,0.8414,0.243,4.548,71.6456,7.5406241
23.624,0.163,0.105,5.94,0.425,0.16,703.0,40.3,147.15455244,5844.0,1.016,1.035,0.156,4.439,189.875,7.22979255
3.0240949,0.046,0.017,2.9,0.80048,0.6508,1620.0,1138.115,1026.5909,6041.0,1.42,1.32,0.33,4.26,1005.84,13.663771
5.8768918,0.0675,0.0,4.646,0.624,0.22,1264.0,425.0,530.77343969,5706.0,1.419,1.186,0.387,4.209,277.899,12.22899794
5.7987,,0.091,5.684,0.2387,,1484.0,806.794,519.64944544,6223.0,2.338,1.548,0.37,3.886,603.119,14.39233122
4.7869491,0.06555,0.0,5.1264,0.7627,0.366,1930.0,2320.18,1137.8314,7394.0,1.926,1.648,-0.069,4.11,341.263,18.786284
18.8027,0.105,0.071,1.951,0.16867881,0.747,346.0,2.42,3.17,3563.0,0.4232,0.437,-0.109,4.826,36.0118,1.98
1.7622538,,,0.8779711,0.07335551,0.9261,1324.0,468.5415,6.3,5099.0,0.78,0.82,-0.01,4.61,115.45,2.39
3.39775,0.048,0.08,8.38,0.996,,2410.0,1730.0,200.23189641,6120.0,1.81,1.33,0.26,4.15,379.253,17.37392009
3.6515568,0.0515,0.25,2.508,0.654,0.877,1693.0,1370.0,397.28550875,6370.0,1.56,1.363,0.045,4.185,597.774,13.7646283
1.21687,0.0207,0.0,1.1120799,0.124,0.565234,1236.7,565.5415,12.5,4635.0,0.7558,0.7941,0.328,4.579,72.7512,3.10083009
12.33,0.10612,0.014,6.487,0.05666,0.0587,915.0,144.827,9.99,6028.0,1.099,1.06,-0.0708,4.33,1156.81,2.514
3.9306737,0.03646,,1.419,0.1712,0.464,568.1,17.35,3.87,3568.0,0.397,0.418,0.169,4.862,47.2496,1.792
2.30458952,0.03559,0.047,3.65,1.022,0.16,1984.0,2590.0,435.42491759,6450.0,1.448,1.131,-0.366,4.171,645.294,15.9727975
8.14,0.08045,0.023,4.776,0.04965,0.1134,1050.0,252.246,11.14,6028.0,1.099,1.06,-0.0708,4.33,1156.81,2.348
26.04945,0.1651,,3.662,0.2259,0.738,605.6,22.4,28.9,5445.0,0.879,0.885,0.104,4.498,72.4731,4.55
9.6952,0.0824,0.23,3.1032,0.023,0.33,738.4,,2.14,5026.0,0.765,0.793,-0.021,4.57,166.147,1.26549392
21.269084,0.154,0.3,6.2918286,0.035,0.264781,694.09,58.618,9.7,5815.0,1.131,1.0861,0.193,4.365,72.8871,2.36507598
9.2292005,0.078,0.06,2.995,0.1606,0.21,666.0,32.0,9.13,4580.0,0.709,0.744,0.12,4.8,22.6202,2.69
5.7998164,0.0377,0.32,1.014374,0.8567339,0.55,384.0,3.61,6.8,3131.0,0.245,0.211,0.39,4.985,32.1755,2.122
4.19097,0.04878,0.37,1.944,0.0309,0.49,1122.0,,3.45,5500.0,0.872,0.881,-0.064,4.503,256.887,1.67462172
15.8723,0.1409,0.23,6.192,0.0377,0.38,923.0,,12.7,5520.0,1.7,1.482,0.486,4.148,357.778,3.60929179
7.501428,0.0763,0.164,5.65,0.0213,0.24,1360.0,570.0,12.5,6047.0,1.662,1.107,-0.07,4.1,79.407,2.64
4.153658,0.0519,0.0,1.9128,1.19,0.97,1340.0,278.886,133.4886,6000.0,1.12,1.08,-0.01,4.37,303.941,16.8135
10.695264,0.08911,0.032,2.239,0.09277985,0.836,805.0,137.7252,13.8,5298.0,0.858,0.825,-0.217,4.37,90.7402,3.03
7.532806,0.0757,0.0,5.85,0.46971753,0.2,1257.0,416.0,66.10864,5690.0,1.589,1.021,-0.03,4.045,446.442,11.747032
28.6781,0.1867,0.24,7.5816,0.058,0.37,786.0,125.0,15.3,5700.0,1.533,1.056,0.049,4.092,738.553,4.03523305
3.27109,0.04095,0.22,2.3232,0.0252,0.38,1187.0,,2.98,5288.0,0.889,0.856,-0.05,4.473,211.265,1.53899305
4.6612061,0.059,0.18,2.27,0.628,0.918,1426.0,689.0,235.19302118,6033.0,1.417,1.26,0.249,4.235,434.92,12.25141591
4.162734,0.064,0.0,3.319,1.287,0.63,1410.0,643.0,355.96781584,5710.0,1.7,0.96,0.0,4.43,497.376,18.04645893
1.38665318,0.0248,0.0,2.2968,1.23,0.4,1880.0,1920.0,1172.7927,5800.0,1.11,1.05,0.16,4.37,232.98,13.4508
8.457463,0.03984,,0.9593,0.6659,0.697,272.0,0.906,25.3,2850.0,0.1556,0.118,-0.028,5.126,32.4298,1.367
25.502672,0.1632,0.032,6.153,0.05583759,0.407,743.6,51.0,7.39,5737.0,1.179,0.886,-0.39,4.34,64.9943,2.918
8.3249113,0.0888,0.0,1.983,0.4535,0.92,995.3,164.0,120.45696625,5995.0,1.052,1.142,0.01,4.453,142.488,9.16894621
4.159151,0.052,0.0006,3.5722,1.2712,0.173,1275.0,409.0,374.0,5565.0,1.156,1.058,0.43,4.3437,264.78,12.86
63.48347,0.337,0.57,5.457,0.5357,0.61,615.0,23.786,68.6,6341.0,1.36,1.287,0.12,4.285,224.385,9.75181321
69.048,0.33,0.018,,,0.9,517.2,,4049.13390518,5757.0,1.15,1.01,0.14,4.32,253.385,11.5004142
1.96229325,0.03185,0.0,3.091,1.781,0.097,1893.0,2150.0,309.88269682,6280.0,1.245,1.118,-0.105,4.298,494.818,18.11371281
9.0073,0.0752,0.25,2.58,0.099,0.39,635.8,24.1,5.94,4413.0,0.671,0.699,0.08,4.629,264.213,2.30905002
2.828042,0.04016,0.07,2.57424,1.744,0.573,1442.0,661.1334,291.438,5675.0,1.116,1.078,0.16,4.375,1126.37,16.14
3.7684952,0.0452,0.0,2.84424,1.663,0.2,1119.0,210.575,88.35674,5298.0,0.868,0.87,0.27,4.49546,288.326,12.21781
2.1097019,0.026,0.059,2.1344043,0.13097297,0.533,1395.0,860.0,22.4,5397.0,0.9,0.97,0.16,4.48,163.678,3.42
37.42396,0.1633,0.042,3.314,0.0613,0.29,268.8,0.85,1.25,3459.0,0.421,0.415,-0.07,4.809,31.1265,1.073
10.62656,0.092,0.125,5.415,0.753,0.43,1397.0,571.007,301.9385,6261.0,1.39,1.28,0.24,4.26,340.543,11.99363
7.922806,0.07487,0.043,3.237,0.6673,0.217,857.0,87.0,30.8,5350.0,0.824,0.892,0.03,4.556,289.827,6.59
11.8977,0.0982,0.067,3.823,0.2325,0.299,749.0,51.0,11.12,5350.0,0.824,0.892,0.03,4.556,289.827,3.88
8.2148282,0.0896,0.045,4.337,0.397,0.775,1364.0,577.0,329.58805806,6270.0,1.82,1.42,0.123,4.069,351.487,12.50922246
2.702969,0.033,0.08,1.7,0.51326783,0.25,705.0,41.0,16.8,3530.0,0.567,0.548,0.21,4.71597,92.4366,4.26
6.2996431,0.0654,0.13,2.249,1.025,0.806,929.0,124.2,54.03082919,5271.0,0.873,0.939,0.353,4.529,225.744,9.6397234
1.60200105,0.02871,0.11,2.784,1.897,0.19,1978.0,2560.0,444.9597698,6240.0,1.241,1.229,0.284,4.34,413.673,18.6405349
3.110413,0.043,0.0,3.129,0.994,0.43,1468.0,771.0,276.8285425,5660.0,1.24,1.09,0.0,4.3,399.63,13.45077684
3.814334,0.0404,0.0,1.3793952,0.04577909,0.51,617.0,26.3712,1.58,3643.0,0.501,0.502,-0.12,4.77,29.8424,1.088
0.919783,,,1.4,,,,,0.156,5169.47,0.928,0.821,-0.02,4.52,771.494,0.6
1.527561,0.01944,0.0,1.2,0.28924228,0.29,794.0,65.0,8.71,3521.0,0.43,0.419,0.12,4.793,57.7553,2.378
0.94667944,0.01932,0.0,1.377,1.41,0.8653,2097.0,3230.0,638.83509807,5814.0,1.08,1.072,0.196,4.401,415.135,13.97759893
0.680741,,,1.7,,,,,0.087,5565.53,0.957,0.977,0.14,4.51,1283.05,0.51
23.443162,0.1481,0.0,4.882,0.1439,0.107,550.0,12.8373,16.14568308,4780.0,0.844,0.789,0.082,4.483,82.857,3.48935569
4.77271,0.057,0.14,3.127,0.092,0.34,1242.0,370.603,11.8,6000.0,1.051,1.146,0.09,4.44,130.855,3.52
2.61586178,0.0368,0.028,2.6839,1.3363,0.28,1328.0,428.036,179.89178,5340.0,0.99,0.971,0.43,4.433,154.273,11.130537
7.8457,0.07939,0.22,5.83,0.6,0.43,1313.0,718.188,165.2716,6102.0,1.73,1.42,-0.28,4.07,240.726,14.5717
3.243259796,0.04401,0.0,3.03598,1.75123,0.0013,1243.0,622.014,,5958.0,1.09,1.07,0.04,4.39,1140.95,14.41
3.89713,0.0518,0.047,4.7,0.63127463,0.24,2000.0,1103.809,352.78,6090.0,1.65,1.21,-0.02,4.07,790.663,14.46
28.081912,0.18,0.0,4.541,0.20166,0.44,522.0,15.087,13.2,5433.0,0.869,0.933,0.33,4.551,758.854,3.69
29.090312,0.1525,0.044,4.7,3.75623333,0.35,378.0,3.4,212.94503269,3926.0,0.607,0.632,0.28,4.672,128.438,11.09689089
6.9594731,0.0748,0.064,4.85,0.421,0.03,1175.0,341.0878,71.4,5675.0,1.38,1.22,0.0,4.0,127.28,9.9872018
5.07803,0.0392,0.0,1.2100353,0.56,0.72,471.0,8.8,7.85,3403.0,0.334,0.312,,4.88,62.118,2.72
17.305904,0.16,0.597,2.249,0.28070669,0.52,1221.39,525.9409,2034.1018048,7130.0,2.02,1.59,0.0,3.946,328.475,11.99360935
3.5315902,0.05009,0.0,3.048,0.7011,0.766,1688.0,1356.0,502.16888306,6248.0,1.573,1.343,0.119,4.172,355.59,14.36991326
1.8237146,0.0261,0.0,1.846,2.292,0.713,1186.0,382.0,368.68095212,4738.0,0.7,0.71,0.08,4.56,163.996,12.32987877
4.45724,0.0608,0.0,6.1368,0.65,0.174,1770.0,1747.4151,152.5584,6080.0,1.94,1.03,0.22,3.93,464.469,17.03768
3.671463,0.04988,0.03,2.149,0.434,0.849,1486.0,324.114,75.96098927,5710.0,1.45,1.23,0.44,4.19,248.427,10.5140239
141.834025,0.5516,0.212,8.681,1.16,0.147,400.2,4.09,408.7273314,5929.0,1.079,1.112,0.168,4.417,109.19,11.81426566
3.685504,0.04641,0.04,2.76,,,1250.0,,12.1,5638.0,0.909,0.992,-0.081,4.42,217.011,3.51
6.210291,0.06572,0.013,3.04,,,1050.0,,27.0,5638.0,0.909,0.992,-0.081,4.42,217.011,5.63
0.87724,0.0177,0.0,1.0008,0.025,0.814,2038.0,2852.0,7.67,5679.0,0.98,0.958,0.01,4.435,232.1,1.565
20.225528,0.1362,0.0,2.307,0.0712149,0.787,496.8,10.15,18.1,4664.0,0.662,0.703,-0.12,4.57,59.861,1.874
98.3531,0.439,0.0,24.708,0.0423,0.91,552.0,21.96,56.0,6689.45,1.43,1.164,-0.1141,4.12,1037.4,4.13
1.9495378,0.01848,,0.705,0.20892444,0.717,595.0,23.3722,2.33,3381.0,0.246,0.236,-0.13,4.87,18.2276,1.242
8.0240015,0.0578,0.19,1.7082731,0.40100578,0.46,435.0,5.91,19.1,3370.0,0.413,0.397,0.34,4.804,52.5122,2.734
52.56363,0.269,0.0,6.5715569,0.1193,0.290877,470.31,11.7,7.0,5649.0,0.9593,0.942,-0.018,4.445,67.5478,3.42855926
15.61031,0.1223,0.2,6.0,0.04671437,0.41,950.0,126.8632,10.3,5770.0,1.427,0.97,-0.24,4.12,80.7542,3.08
0.279221,,0.0,0.409,0.0779,0.75,1216.0,284.211,1.17,3247.0,0.293,0.269,-0.32,4.93,20.5488,1.059
3.53269,0.047,0.02,3.48024,1.0,0.13,1502.0,837.7034,212.9461,6000.0,1.24,1.46,-0.05,4.5,317.652,13.78707
3.114905,,,2.3592,2.846,0.666,956.83,198.0922,,4925.0,0.736,0.958,-0.107,4.683,442.813,13.024
5.4122034,0.06016,0.02,2.9472,0.05981,0.438,1418.0,341.809,10.8,5933.0,1.026,0.991,-0.09,4.43197,459.223,2.53
7.12592,0.07229,0.02,3.0014,0.01944,0.558,997.0,236.167,5.6,5933.0,1.026,0.991,-0.09,4.43197,459.223,1.44
25.241192,0.16,0.192,2.958,1.6102969,0.812,451.0,9.8437,152.0,4717.0,0.753,0.789,0.085,4.57,183.078,10.9
31.562,0.1974,0.838,2.12435,0.21254,0.083,651.0,24.6,47.8,5569.0,1.1,1.03,0.19,4.40025,185.875,4.574
0.1120067,,,,,,,,6356.56814,15900.0,0.0131,0.61,,8.05,201.827,11.13051784
3.307441,0.0322,0.032,1.05,0.10605716,0.73,584.0,19.0,2.08,3392.0,0.41,0.408,-0.02,4.69,31.0597,1.32
8.562421,0.077,,3.24,0.5513,0.3,893.0,133.8067,41.8,5644.0,0.99,0.83,-0.3,4.37,564.454,7.28
8.59656,0.0834,,3.7296,0.04,0.39,1001.0,238.0,6.85,5875.0,1.236,1.03,0.04,4.28,300.64,2.51
20.501,0.164,0.27,10.229,0.00895,0.561,662.0,179.0,450.0,5038.0,2.879,1.27,0.04,3.62,869.236,2.88
1.273099,0.0212,0.18,1.587,0.0414,0.23,1378.0,753.1,3.37,5059.0,0.756,0.781,-0.114,4.58,80.5407,1.559
13.68186,0.1104,,3.12,0.0537,0.38,761.0,79.7,6.21,5612.0,1.026,0.91,-0.05,4.45,233.514,2.37
28.454851,0.20092,0.02,8.1223,0.14298,0.0243,769.0,94.325,19.4,6197.21,1.64162,1.19,0.1278,4.08307,455.982,6.14
0.6693124,0.01531,0.0,1.6015,0.01324,0.685,1983.0,4102.008,1.93,5487.0,1.04,0.99,0.35,4.3,338.368,1.19
6.42966,0.06534,,2.9016,0.1027,0.62,839.0,118.0,6.39,5352.0,0.809,0.84,-0.08,4.53,179.943,2.41
5.317429,0.06,0.0,2.901,0.02842,0.12,1105.0,301.367,4.66,5983.0,1.176,0.956,-0.2067,4.31,334.797,2.0
14.09229,0.1102,,2.65,0.0893,0.76,646.0,41.3,12.5,5352.0,0.809,0.84,-0.08,4.53,179.943,2.31
2.6556777,0.039,0.0,2.59584,1.87,0.047,1452.0,640.3258,402.05495,6112.0,0.935,1.09,0.118,4.48,141.887,13.89916
27.36397,0.0886,,4.831,2.06906684,0.849,243.77,3.21,66.5,3072.0,0.56,0.17,,4.438,100.641,9.57246952
6.441008,0.0629,0.231,1.762,0.0914,0.43,743.0,72.9,6.1,4819.0,0.769,0.8,0.095,4.507,23.606,2.25
0.9263237,0.01406,,0.93,0.0952,0.3,940.0,130.0,1.9,3600.0,0.4144,0.413,-0.28,4.98,12.0445,1.331
4.134444,0.052,0.0,3.123,0.0686,0.15,1160.0,457.318,7.75,6043.0,1.014,1.006,0.18,4.467,1644.61,2.7
21.583298,0.141,0.04,2.19,0.1243,0.9,532.0,13.37,8.91,4757.0,0.762,0.79,0.02,4.49,45.5621,2.93
39.64372,0.2238,0.231,6.504,1.266,0.14,514.0,12.1,81.6,5395.0,0.88,0.95,0.14,4.54,758.469,10.8
7.06024,0.0664,0.0,2.687,,0.15,794.0,66.2,4.6,4796.0,0.71,0.79,-0.082,4.53,67.5062,1.272
482.8191,1.152,0.21,11.14,0.69281446,0.46,191.0,48.3867,2946.26933289,5170.0,0.81,0.89,0.16,4.57,216.056,9.42
179.60978,0.6679,0.103,13.755,0.12788,0.44,434.0,5.97,58.47,6047.0,1.492,1.212,0.15,4.17,494.832,5.4539
5.896609783,0.0614,0.0,3.154,0.0144,0.1272,1000.0,108.13,1.98,5392.0,1.087,0.888,0.18,4.314,658.924,1.21936414
15.9653287,0.133,0.171,4.527,0.04861,0.72,973.0,150.536,11.67,6047.0,1.492,1.212,0.15,4.17,494.832,3.4857
30.1556,0.202,0.696,7.874,0.01759,0.544,586.0,110.0,56.0,4965.0,2.861,1.227,0.22,3.58,443.03,3.955
7.4175,0.083,0.46,7.12,0.00726,0.38,930.0,690.0,1100.0,5038.0,2.879,1.27,0.04,3.62,869.236,2.5
1.0376109,0.02061,0.0,1.8155952,0.021,0.329258,1842.23,2898.0,2.8,5908.0,1.0311,1.0844,0.11,4.445,82.3432,1.46954368
331.60296,0.97062,0.0276,14.404,0.83221,0.5485,294.0,1.849,203.0,6031.13,1.185,1.242,0.083,4.27,848.254,11.252
22.549406,,,4.8,,0.544,,,19.2,5784.0,0.961,0.798,-0.038,4.374,85.3751,4.602
4.72673978,0.05343,0.0,2.8898,0.02731,0.1765,1133.0,275.0,4.66,5669.0,0.919,0.911,-0.18,4.47,95.9115,1.478
1.554003928,0.02449,0.0,1.7696,0.04658,0.72,1313.0,651.409,3.64,5350.0,0.83,0.88,-0.03,4.55,603.53,1.73
32.31240082,0.2015,0.0,6.075,0.06778,0.928,699.0,27.05,15.7,5821.0,1.494,1.043,0.04,4.108,1289.41,4.09903273
36.5156053,0.1977,0.0,3.588,0.08554,0.5527,425.0,5.988,5.52,4948.0,0.75,0.79,-0.02,4.59,351.239,2.21
9.525988,,,,,,,,4.81,5909.0,1.420038,1.094693,0.05,4.11,247.266,2.03803688
5.329439,,,2.76,0.026,,,,2.83,5428.0,0.86416,0.938545,0.15,4.63,247.302,1.49090097
14.155185,,,,,,,,5.13,6063.0,1.213565,1.210525,0.41,4.38,492.167,2.1162048
1.592851,0.0273,0.0,1.97,0.02483,0.02,2026.0,1339.658,8.41466053,5777.0,1.02,1.07,0.12,4.49,628.257,1.64
4.2,0.055,,,0.5,,,,1207.7,,1.18,1.24,,,8500.0,9.079
0.469285,,,1.5408,0.02152,,,,1.37,5482.0,0.87,0.942219,0.09,4.6,329.041,1.1
36.552551,,,6.25,0.0802,0.41,598.0,,10.4,5817.0,1.16,0.98,-0.05,4.3,421.408,3.21
13.606629,0.1106,,4.0296,0.0748,0.43,698.0,,4.27,5438.0,0.83,0.966999,0.0,4.6,330.916,1.9
2.58812,0.0361,,2.22,0.03,0.41,1203.0,497.0,2.55,5442.0,0.879,0.85,-0.1,4.51,242.113,1.403
24.664551,0.16,0.0,2.655,0.26249,0.13,567.0,15.2,21.7,5180.0,1.037,0.916,0.4,4.36,780.256,4.95
1.2137672,0.0116,0.04,0.5532,0.1821,0.711,519.0,22.388,0.705944,3068.0,0.17,0.13,-0.33,5.11,40.0595,0.78
16.034656,,,3.0696,0.0947,0.338,,,4.66,4473.0,0.675,0.754,-0.244,4.653,145.701,2.0
3.2253993,0.0382,0.02,2.017,0.0726,0.25,913.0,116.2,6.9,4491.0,0.682,0.711,-0.01,4.64,107.518,1.73
3.835476,0.0373,,1.5408,0.0983,0.44,566.0,20.8,2.83,3695.0,0.45,0.47,-0.19,4.8,69.4798,1.49
5.599308,0.06,0.02,3.681,0.00848,0.22,1142.0,431.256,1.04,6004.0,1.12,0.857,-0.441,4.304,330.575,1.02
0.3652575,0.00962,,1.161,0.0099,0.03,2432.0,6660.0,1.14,5334.0,0.86,0.89,0.02,4.45,298.373,0.935
4.9404681,0.05381019,,1.966,0.0455,,1344.51,182.406,5.56,6086.0,1.13,0.851969,,4.26269,68.4727,2.21898
5.859944,0.068,0.02,3.928,0.0282,0.42,1246.0,609.992,5.4,6211.0,1.41,1.25,0.17,4.232,303.728,2.58
4.8854892,0.06067,0.0,5.1313,0.75693,0.5599,1630.0,1375.11,140.16303,5933.0,1.966,1.359,0.11,3.98,922.562,18.180998
17.855182,0.154,0.34,7.42939,0.90652,0.371,911.0,196.507,349.613,6635.0,1.4,1.5,0.0815,4.308,399.398,13.78707
6.87349,0.08,0.0,6.86,0.37538,0.045,1620.0,1187.965,699.2,6510.0,2.13,1.48,0.1,3.94,2305.01,13.11
17.232366,0.135,0.0,4.566,0.05098,0.53,817.0,138.807,55.3,6089.0,1.264,1.079,-0.08,4.277,1021.66,2.94
1.865962,,,1.9632,0.0383,0.268,,,3.07,5129.0,0.804,1.061,0.187,4.655,203.788,1.564
3.2346996,0.04852,0.0,3.59385,1.08141,0.141,1460.0,792.218,212.31044,5647.0,1.391,1.209,0.34,4.236,587.039,14.616536
95.5,0.371,0.67,5.267,0.5975,0.464,306.0,1.4,41.89,4580.0,0.709,0.744,0.12,4.8,22.6202,7.27
3.353728,0.037,0.0,1.494,0.12647,0.22,615.0,45.843,37.9,4258.0,0.555,0.541571,-0.18,4.729,264.993,1.98
18.01160049,0.14185,0.0,6.7367,0.01029,0.811,900.0,144.3,3.59,6477.0,1.459,1.3,0.1,4.224,295.293,1.71673535
6.771347,0.06702,0.251,2.802,0.293,0.3,836.0,116.0,30.2,5246.0,0.876,0.88,0.12,4.48,249.645,4.74
16.568087,0.12,0.0,4.143,0.13224,0.08,548.0,24.308,7.61,5265.0,0.785,0.793,-0.0314,4.576,754.747,2.67
3.48159251,0.0435,0.0,1.8389,0.01352,0.076,1156.0,421.61,1.41,5418.0,0.93,0.91,0.09,4.46,450.0,1.11
6.679582,,,1.512,0.169,0.367,,,2.52,3623.0,0.348,0.33,0.068,4.874,82.6603,1.392
3.446459,0.0444,0.12,2.4168,1.63207912,0.633,1359.0,489.9461,589.55,5870.0,1.038,0.986,-0.06,4.4,283.971,14.594
1.689868,0.03035,0.6,2.27424,0.917,0.56,2013.0,,375.02,6210.0,1.32,1.305,0.37,4.313,2012.62,13.45
2.380867,,,1.92,0.0506,0.361,,,2.98,4844.0,0.761,0.927,-0.224,4.64,420.819,1.539
7.473223,,,3.5568,0.0661,0.246,,,5.99,5749.0,0.97,0.911,0.074,4.424,428.785,2.32
7.674630165,0.0781,0.0,1.9374,0.0503,0.0562,957.0,198.67,8.37,6063.0,1.001,1.079,-0.02,4.47,1302.87,2.82472883
20.201085,,,3.576,0.0982,0.287,,,4.45,4663.0,0.663,0.746,-0.25,4.667,206.608,1.948
14.5596237,0.116,0.0,5.76,0.02906,0.895,758.0,216.473,4.7,5935.0,1.08,1.06,0.05,4.39,1770.27,2.01
5.1134,0.056,0.0,2.85,,0.65,1070.0,,5.7,4950.0,0.86,0.91,0.3,4.55,591.555,3.7
11.759,0.098,0.0,4.8,,0.3,850.0,,28.0,4950.0,0.86,0.91,0.3,4.55,591.555,5.0
3.56004,0.04461,0.045,2.38,,0.369,1012.0,279.0,6.31,5356.3,0.863,0.935,0.14,4.54,202.585,2.299
3.0566527,0.04026,0.136,2.448,1.25175204,0.724,1398.3,634.1,305.1168,5627.0,1.07,0.931,0.081,4.349,623.232,13.529263
9.75598,0.092,0.077,4.492,,0.012,885.0,,12.2,5939.0,1.136,1.099,0.17,4.361,627.158,4.88
25.934138,0.18,0.0,4.571,0.04145,0.07,695.0,64.933,7.04,6081.0,1.274,1.109,0.0009,4.287,851.87,2.55
3.619188,0.0507,0.34,4.36848,1.3734,0.14,1596.0,1027.296,263.7989,6563.0,1.54,1.33,0.03,4.19,944.603,18.03
303.227,0.9638,0.044,,,,,,3.17,5636.0,0.936,0.957,-0.25,4.492,1025.02,4.65
10.003417,0.078,0.08,2.9232,0.1482,0.41,563.0,15.6,5.06,4014.73,0.569359,0.635026,-0.12,4.849,231.828,2.1
12.99207337,0.11153,0.0,5.9838,0.02706,0.74,866.0,264.576,3.97,5714.0,1.11,0.98,0.03,4.33,1130.21,1.82
13.62749,,,2.16,0.437,0.467,,,5.57,3623.0,0.348,0.33,0.068,4.874,82.6603,2.222
15.50192,0.107,0.21,2.333,0.1294,0.66,420.0,5.1,6.76,4222.06,0.646783,0.676023,-0.11,4.828,83.6448,2.49
4.528598,,,2.57,0.0531,0.4,888.0,,2.83,5106.0,0.78,0.84,0.03,4.58,327.783,1.49
18.4498,0.091,,2.8397,0.399,0.9261,314.0,1.36,5.69,3390.0,0.31,0.3,-0.25,4.816,82.9631,2.25
2.85057,0.0386,0.082,2.19,,0.43,,,270.1555,5260.0,0.9,0.97,0.2,4.3,806.507,10.0881
6.131243,,,2.54,0.0436,0.42,801.0,,2.33,5106.0,0.78,0.84,0.03,4.58,327.783,1.33
4.5776348,0.06007,0.275,3.732,1.08694903,0.696,1645.0,1547.1014,200.2329,6572.0,1.621,1.379,0.0,4.158,878.521,17.59813
10.35239,0.0856,,3.362,0.147,0.88,631.0,37.7,12.5,4870.0,0.74,0.78,-0.02,4.52,403.513,3.58
138.317,0.652,0.0702,,,,481.0,,169.0,6407.0,1.734,1.528,0.21,4.14,1033.16,6.18
3.5357173,0.0403,0.0,2.24,0.3116,0.59,1143.0,191.782,29.24036,5187.0,0.842,0.898,0.1,4.2,322.148,4.976796
13.86825,0.11419,0.0,7.2783,0.00846,0.82,978.0,247.0,3.83,5979.0,1.634,1.034,-0.18,4.1,527.956,1.498
0.8602325,0.01239,0.033,0.801,0.07195358,0.21,830.44,94.3,0.35,3490.0,0.329,0.345,,4.89044,19.8782,0.685
4.2881785,0.0504,0.12,1.58,0.229,0.83,1022.0,186.31,17.1,5295.0,0.818,0.928,0.12,4.54,252.667,4.3
5.24,0.0441,,1.4664,0.067,0.44,502.0,,1.37,3420.0,0.36,0.4,-0.1,4.9,31.0849,1.1
24.3681,0.1516,0.18,3.791,,0.28,525.0,12.7,10.3,4796.0,0.71,0.79,-0.082,4.53,67.5062,2.363
10.18271,0.113,0.2,2.91,0.06674752,0.5,957.2,198.3948,10.3,6200.0,1.19,1.21,0.08,4.2,105.096,3.2
14.574071,0.1291,0.298,2.705,0.557,0.9073,1061.0,248.8554,1147.36054927,6466.0,1.496,1.349,-0.004,4.218,402.63,12.17295304
11.54182,0.1087,,3.7,0.016,0.39,1035.0,,5.35,6570.0,1.39,1.29,-0.03,4.26,266.864,2.17
1.96417,0.0274,,1.1,0.183,0.44,1034.0,,8.75,4676.0,0.69,0.71,-0.14,4.62,191.608,2.9
19.660302,0.11283,0.45,2.618,,0.55,331.0,,7.6,3660.0,0.473,0.496,-0.013,4.783,185.605,2.668
21.853722,0.152,0.0,3.49,0.03556,0.07,618.0,25.26,3.33,5841.0,0.881,0.816,-0.3382,4.541,613.129,1.64
1.208974,0.0189,0.0,1.25976,0.0586,0.3,1035.01,318.0,4.28,4236.0,0.58,0.62,-0.29,4.719,29.661,1.44
9.660186,,,2.856,0.0522,0.306,,,2.42,4663.0,0.663,0.746,-0.25,4.667,206.608,1.361
10.12804789,0.0874,0.0,3.3632,0.04774,0.882,767.0,95.447,4.78,5706.0,0.93,0.95,-0.09,4.48,830.707,2.03
2.72474,0.0417,0.0,4.76,,0.25,,,718.2958,6200.0,1.95,1.29,0.0,3.7,1398.83419686,14.5717
3.071722,0.03957,,1.6128,1.85,0.98,1142.0,279.7736,161.45764,5017.0,0.885,0.876,0.25,4.486,176.818,17.71022
19.507428,,,3.4,0.1237,0.44,508.0,,4.35,4857.0,0.72,0.74,-0.11,4.59,360.36,1.92
31.393463,0.164,,2.112,0.1531,0.37,226.36,,4.27,3341.0,0.32,0.33,-0.21,4.96,65.6138,1.9
5.003777,0.06608,0.013,3.696,0.739,0.904,1816.0,1150.12,181.16219199,6460.0,2.082,1.536,0.072,3.987,341.997,19.2794468
6.10027804,0.066,0.0,4.7487,0.07666,0.817,990.0,227.15,11.4,5992.0,1.15,1.1,0.09,4.36,2297.62,3.39
3.313959,0.0475,0.0,3.2232,0.6658,0.74,1649.0,,266.9772,6061.0,1.81,1.3,0.14,4.04,685.2,15.98
0.677375164,0.015,0.0,1.8243,0.00767,0.864,2099.0,4572.56,0.64,5769.0,1.02,1.01,0.05,4.42,557.652,0.89
4.47904,0.0516,,2.4,0.0327,0.41,1002.0,,3.05,5620.0,0.84,0.91,-0.19,4.55,275.255,1.56
8.050722,,,3.72,0.0303,0.064,960.6,,2.27,5502.7,0.83,0.877,-0.13,4.46,243.935,1.31
2.87814,,,,,0.26,,,1.01,3489.0,0.37344,0.221,,4.8514,161.365,1.01
2.69828,0.0338,,1.5,0.02587,0.42,914.0,,1.92,4715.0,0.65,0.71,-0.25,4.66,129.46,1.21
0.584216,0.0131,0.0,1.5,0.01625,0.38,1818.0,2290.0,2.55,5315.0,0.79,0.87,-0.09,4.6,102.564,1.0
12.1097104,0.10754,0.0,5.8,0.02847,0.41,1005.0,349.193,6.71,6228.0,1.42,1.16,-0.1,4.19,1502.32,2.48
5.675819,0.056,0.23,1.8048,0.0332,,,68.8,2.6,4469.51,0.777569,0.711248,-0.26,4.7,114.637,1.42
8.239493,0.057,0.13,1.512,0.0858,,,4.5,1.12,3459.09,0.36001,0.360031,,4.86815,27.7957,1.04
1.9416423,0.02658,0.062,1.8576,3.29451348,0.281,939.8,129.8,835.570882,4016.0,0.6259,0.662,0.322,4.665,385.689,12.09449018
3.0876262,0.03607,0.045,2.22768,4.04118142,0.328,828.3,78.37,436.69623122,4071.0,0.6428,0.655,0.253,4.638,436.176,13.05846252
7.676972,,,2.2,0.2074,0.36,465.0,,4.74,3804.0,0.46,0.49,-0.1,4.8,166.169,2.02
3.0801716,0.04881,,3.4752,0.907,0.57,2087.0,3331.8707,416.3573,7454.0,1.645,1.635,-0.018,4.22,226.5,17.093725
8.234885,,,3.59,0.0401,0.41,885.0,,4.35,5791.0,0.95,0.98,-0.05,4.47,176.051,1.92
0.67247414,0.01791,,1.801,0.6651,0.7481,3646.0,14429.0,1595.49860314,6540.0,1.698,1.453,0.068,4.139,262.041,15.098497
6.9226,0.0616,,2.0304,0.0537,,,26.5,3.64,4079.0,0.632,0.65,-0.11,4.653,124.458,1.73
11.332,0.083,,,,,,7.0,3.33,3745.0,0.568,0.595,0.11,4.707,123.676,1.64
1.706291,0.0269,0.0,1.68,1.098,0.754,1459.0,729.0,346.4347,5165.0,0.907,0.892,0.22,4.47,262.706,11.54527
2.467583,0.03293,0.0,1.882,,0.2,1127.0,269.0,2.4,4796.0,0.71,0.79,-0.082,4.53,67.5062,1.315
0.669561,0.01419,0.19,1.2912,0.0222,0.36,1873.0,,2.33,5117.0,0.818,0.851,0.134,4.543,272.297,1.33162691
2.399094,,,2.5032,0.0312,,,,3.46,5716.0,0.947599,1.010842,0.13,4.57,318.81,1.67890272
8.269648,,,2.232,0.0543,,,,5.16,5704.0,0.974398,0.999987,0.11,4.41,403.964,2.12381238
14.074524,,,5.688,0.0636,,,,12.5,5967.0,1.333718,1.102661,0.04,4.17,381.878,3.57854073
22.620344,0.1527,,4.92,0.0947,1.14,615.0,,5.9,5482.0,0.87,0.942219,0.09,4.6,329.041,2.3
6.673117,,,,,,,,6.65,4937.0,0.762201,0.826112,0.14,4.71,208.529,2.46610713
9.45889,0.0795,,3.0,0.02669,0.41,631.0,,2.67,4842.0,0.69,0.75,-0.17,4.63,124.433,1.44
26.672263,,,6.048,0.0291,,,,4.64,5890.0,1.077574,0.951027,-0.26,4.25,405.301,1.99552771
7.055908,0.0738,0.28,4.5696,0.0538,0.27,1148.0,,10.2,5783.0,1.253,1.076,0.21,4.273,577.235,3.17214154
26.803023,,,2.928,0.0522,0.497,,,3.5,4473.0,0.675,0.754,-0.244,4.653,145.701,1.689
36.337373,0.215,0.0,6.809,0.28284,0.77,513.0,35.203,161.124,5723.0,0.899,0.95,0.02,4.531,1745.45,5.31
5.616531,0.066,0.0,4.98,1.01,0.573,1567.0,,216.12331676,6730.0,1.52,1.32,-0.1,4.16,925.958,15.80466279
30.8638931,0.19852,0.0,8.421,0.02565,0.0312,743.0,86.473,8.7,6112.0,1.65,1.19,-0.06,4.08,638.49,2.89
25.71268,0.1587,0.111,4.73,0.11514547,0.36,600.0,21.2,13.33,5342.0,0.843,0.806,-0.41,4.47,85.799,2.615
2.541,0.035,0.093,2.376,0.0572,0.31,1371.0,735.49,4.55,5732.0,0.968,0.997,0.14,4.46,106.307,2.05
9.549275422,0.0646,0.0,1.7722,0.18269,0.0309,374.0,5.991,3.15,3519.0,0.33,0.33,-0.31,4.94,99.0688,1.59
17.324,0.14168,0.0,8.045,0.02413,0.0418,964.0,198.245,87.3,5946.0,1.69,1.12,0.09,4.03,976.643,2.92
1.548352,0.0225,0.0,1.21,0.09264111,0.66,999.0,240.195,2.89,4169.0,0.623,0.631,-0.17,4.68,41.1166,2.018
6.1469851,0.0695,0.0,3.392,0.02496,0.083,1164.0,935.124,5.14,6162.0,1.22,1.15,0.01,4.33,2055.77,2.12
13.71933369,0.1174,0.0,5.5426,0.03164,0.694,864.0,141.888,6.3,6224.0,1.29,1.19,0.03,4.29,972.274,2.39
10.1802117,0.0818,0.055,4.131,0.10936,0.636,918.0,261.013,279.68899816,5597.0,1.048,0.947,0.078,4.374,152.892,11.99360935
2.139542,0.032,0.0,2.02,0.02661,0.33,1425.0,821.894,2.7,5744.0,0.886,0.962,0.1213,4.537,780.361,1.45
2.7325321,0.04211,0.0,2.2344,1.097,0.9036,1942.0,2531.1336,467.2101,6700.0,1.524,1.334,0.07,4.197,370.284,17.900773
47.73022,0.249,0.14,6.96,0.24,0.17,513.0,3.8369,20.0,5485.0,0.938,0.905,0.0,4.34,165.393,4.91
35.736,0.2236,0.0,8.995,0.07915,0.9169,774.0,60.157,49.4,6689.45,1.07,1.1,-0.1141,4.42,1037.4,4.3
1.796302,0.027,0.0,1.974,0.02109,0.06,1367.0,850.1,2.07,5580.0,0.863,0.83,-0.25,4.495,1226.85,1.24
3.4913885,0.05018,0.17,3.254,0.4663,0.555,1642.0,1210.0,165.27077164,6370.0,1.434,1.382,0.294,4.266,346.881,10.68215861
55.63934,0.2901,0.0,7.119,0.0853,0.5319,478.0,13.155,9.32,5734.0,0.98,0.99,0.04,4.45,961.405,3.01
8.39846269,0.0835,0.0,6.488,0.03401,0.804,984.0,357.191,7.04,6159.0,1.23,1.16,0.05,4.32,1775.8,2.55
9.95581,0.0994,0.101,10.474,0.1024,0.31,1655.0,1247.74,473.56432643,4896.0,3.55,1.31,0.23,3.48,215.986,11.85910158
3.965991,0.0359,,1.39,0.12,0.47,554.16,15.77,2.59,3558.0,0.374,0.392,-0.09,4.884,31.6354,1.415
6.235633,0.074,0.12,5.813,0.2908,0.12,1468.0,775.0,61.65871096,6070.0,1.857,1.391,0.288,4.046,563.068,10.9175472
10.441989,0.06008,0.24,1.75,0.292,0.44,347.2,2.2554,3.78,3225.0,0.2992,0.2653,-0.03,4.91,40.8668,1.77
8.58289,,,3.1,,0.696,932.0,179.0,6.04,5773.0,1.094,0.99,0.038,4.31,259.208,2.33
10.035385814,0.0886,0.0,3.4185,0.28297,0.0282,786.0,100.779,22.9,5638.0,0.92,0.94,-0.08,4.49,925.037,5.11
8.981016833,0.07925,0.0,1.8737,0.10593,0.097,880.0,166.039,9.53,5661.0,0.9,0.87,-0.28,4.47,394.804,3.05
133.4605235,0.5167,0.0,11.611,0.50329,0.629,433.0,6.356,37.9,5681.0,0.93,0.95,-0.07,4.49,1509.084,6.88
36.57669,0.217,0.02,,,,641.0,,10.4,5784.0,1.147,1.013,0.05,4.32,105.48,2.42
4.123596,0.0529,0.22,2.784,0.55,0.824,1445.0,729.0,99.7981198,5731.0,1.445,1.16,0.269,4.181,493.77,11.67975789
2.15491,0.035,0.028,3.077,0.0085,0.16,1740.0,2316.095,2.4,6211.0,1.41,1.25,0.17,4.232,303.728,1.42
0.645088,,,1.2,,,,,0.0472,4895.97,0.668,0.656,-0.3,4.62,315.177,0.43
4.64489,0.0491,0.0035,2.0271,0.05655,0.478,629.0,94.781,4.13,4540.0,0.678,0.73,0.04,4.639,369.451,1.6
150.878,0.55374,0.0,8.6405,0.06509,0.01,423.0,4.4,9.11,6131.95,1.08841,1.16,-0.25,4.42894,391.181,2.97022762
2.382961,0.034,0.0,2.026,0.0369,0.05,1253.0,484.351,885.098,5428.0,0.945,0.946,0.2107,4.466,904.326,1.77
3.6961049,0.04565,0.083,2.463,0.03967,0.633,1187.0,331.0,9.7,5495.0,0.9164,0.929,0.07,4.446,282.563,1.773
10.508843,0.08432,0.131,4.1,,,635.0,,22.3,3998.0,0.911,0.724,-0.08,4.19,122.386,5.03
86.828989,0.3006,0.0,6.001,0.0857,0.0068,212.0,0.524,2.54,3784.0,0.51,0.54,-0.06,4.75,265.482,1.4
5.906089783,0.065,0.0,2.392,0.02196,0.2362,1012.0,247.83,4.92,5966.0,0.961,1.049,-0.02,4.493,1229.18,2.06673842
2.42629,0.03599,0.0,2.6339,0.01854,0.1,1302.0,826.933,6.35,5538.0,1.07,1.07,0.18,4.409,364.03,1.43
0.727330983,0.0115,0.0,0.9332,0.03976,0.153,849.0,86.97,1.96,3460.0,0.356,0.385,0.07,4.92,,1.216205
1.565409,0.0182,0.0,0.6456,0.27546,0.601,648.0,16.213,2.86,3359.0,0.24,0.22,-0.3,5.03245,96.339,1.5
10.065275,0.074,0.0,1.44,0.10533,0.82,488.0,14.879,35.4,3767.0,0.49,0.58,-0.1,4.779,316.618,1.73
26.7839183,0.16545,0.0,4.517,0.03653,0.036,523.0,14.6,4.38,5471.0,0.89,0.92,0.06,4.51,632.865,1.93
55.8226539,0.2663,0.0,5.493,0.08796,0.1595,379.0,4.107,6.8,5157.0,0.82,0.87,0.13,4.56,752.666,2.5
8.77424,0.07642,0.0,2.1326,0.02619,0.0249,771.0,49.0,2.42,5021.0,0.723259,0.834,-0.07,4.64065,310.315,1.35954736
5.78387022,0.0655,0.0,1.3966,0.04133,0.0146,1051.0,288.69,4.54,6063.0,1.012,1.117,0.07,4.476,1053.49,1.97019818
151.884058,0.573,0.0,12.99,0.03606,0.92,378.0,6.033,8.5,6065.0,1.229,1.098,-0.0442,4.294,636.445,2.85
138.0731,0.53,0.04,,,,411.0,,4.2,5784.0,1.147,1.013,0.05,4.32,105.48,2.4
19.58550072,0.13917,0.0,1.928,0.05329,0.9917,666.0,47.3,7.77,5618.0,0.996,0.911,0.0,4.401,745.74,2.70422447
1.646801908,0.0223,0.0,1.2561,0.03054,0.3448,806.0,139.601,0.59,3964.0,0.53,0.55,-0.25,4.73,215.233,0.87
34.035257,0.213,0.0,7.057,0.07278,0.85,583.0,31.95,9.8,6064.0,1.01,0.969,0.04,4.472,1312.34,3.1
8.3839865,0.0896,0.0,4.992,0.01085,0.0415,1285.0,399.015,0.693,5359.0,0.83,0.87,-0.04,4.55,1551.54,0.91
44.6169557,0.26412,0.0,7.632,0.02397,0.0993,693.0,68.469,6.17,6449.0,1.55,1.32,0.04,4.18,1355.02,2.36
16.85589981,0.1082,0.0,2.309,0.08715,0.038,408.0,6.52,5.94,3967.0,0.587,0.593,0.06,4.674,395.196,2.30911251
18.87064068,0.1401,0.0,3.2476,0.0596,0.0892,701.0,72.957,7.32,5975.0,1.09,1.06,-0.01,4.39,1020.53,2.61
35.968,0.2244,0.0,2.839,0.02697,0.954,667.0,40.844,10.6,5884.0,1.485,1.166,0.2,4.15,917.477,3.25
15.163161,0.127,0.0,6.804,0.04798,0.94,829.0,83.155,13.2,6326.0,1.126,0.992,0.01,4.412,1432.61,3.04
35.58100128,0.18836,0.0,3.9885,0.09881,0.001,408.0,6.3,6.46,4894.0,0.684,0.753,-0.24,4.637,195.439,2.4247685
42.3004954,0.2415,0.0,4.398,0.05079,0.1676,558.0,22.849,8.3,5931.0,1.17,1.12,0.18,4.35,1073.88,2.81
7.1334,0.07255,0.0,4.368,0.0145,0.896,1102.0,318.0,4.19,5905.0,1.257,1.041,-0.09,4.26,1025.1,1.71
51.755394,0.257,0.0,7.465,0.06092,0.76,515.0,16.012,5.54022107,5711.0,1.349,0.818,-0.42,4.105,400.785,3.58
6.88734,0.07309,0.13,4.4276,0.00739,0.54,1155.0,478.214,4.01,5837.0,1.51,1.13,0.1,4.1,304.645,1.34
10.45843441,0.0845,0.0,3.102,0.0332,0.4797,609.0,24.211,2.33,4730.0,0.72,0.76,-0.02,4.62,342.509,1.33
21.10339928,0.15332,0.0,2.0047,0.01933,0.0629,718.0,78.0,5.0,6000.0,1.126,1.068,0.06,4.363,724.971,2.0861268
6.892129898,0.07545,0.0,1.7137,0.00861,0.541,1177.0,439.2,2.24,6164.0,1.446,1.286,0.38,4.227,591.602,1.30027362
11.01816836,0.09763,0.0,4.531,0.05457,0.883,840.0,130.9,7.04,5705.0,0.94,0.96,-0.08,4.48,1826.53,2.55
20.4905,0.1485,0.0,4.961,0.06618,0.011,625.0,36.01,7.16,5484.0,0.835451,0.96,0.21,4.5765,1141.89,2.57673985
9.825792,0.096,0.0,4.961,0.04333,0.68,935.0,239.787,7.18,6250.0,1.146,1.114,0.072,4.401,1549.09,2.58
5.65179605,0.06559,0.0,2.9289,0.0137,0.815,1248.0,506.412,3.61,6106.0,1.44,1.28,0.36,4.23,455.336,1.72
19.96371318,0.1333,0.0,2.4825,0.02709,0.918,564.0,47.97,2.73,5293.0,0.83,0.9,0.08,4.55,255.0,1.46
2.888904849,0.0371,0.0,1.5538,0.04022,0.2063,976.0,173.056,3.43,5053.0,0.77,0.81,-0.06,4.58,555.189,1.67
31.719775,0.198,0.0,4.823,0.03634,0.01,743.0,45.336,5.52,5960.0,1.149,0.989,-0.1498,4.327,586.531,2.21
23.12748644,0.16163,0.0,4.923,0.01623,0.3931,667.0,44.887,2.6,5975.0,1.08,1.08,0.05,4.4,280.629,1.42
2.729599953,0.0394,0.0,2.721,0.01456,0.4515,1455.0,1056.15,3.13,5887.0,1.235,1.09,0.16,4.292,1331.25,1.58313575
37.866281,0.207,0.0,4.769,0.04202,0.32,543.0,36.667,2.7,5788.0,0.722,0.904,-0.12,4.639,1090.51,1.45
3.97076766,0.0443,0.0,1.814,0.03492,0.281,958.0,198.43,2.54,5064.0,0.75,0.79,-0.13,4.59,691.961,1.4
13.62798432,0.1039,0.0,3.0471,0.09128,0.2355,639.0,28.998,5.73,4895.0,0.74,0.77,-0.05,4.6,687.615,2.26
19.00547,0.5,0.36,1.843,0.05424,1.8945,758.0,78.19,7310.053361,5900.0,1.2,0.91,-0.37,4.3,1369.87,2.80224517
8.83922659,0.0795,0.0,1.803,0.03162,0.0905,778.0,58.344,2.63,5236.0,0.82,0.86,0.04,4.55,634.58,1.43
14.383035,0.122,0.0,8.729,0.01785,0.54,889.0,254.25,3.57,6117.0,1.333,1.173,0.0,4.254,965.56,1.71
6.99205,0.0758,0.098,4.842,0.00334,0.063,1299.0,475.0,2.4,6104.0,1.477,1.187,0.01,4.07136,259.935,0.853
3.8482,0.0495,0.0,2.013,0.02039,0.368,1283.0,641.53,4.02,6000.0,1.13152,1.11,0.16,4.37607,1267.67,1.83470985
2.832652134,0.04004,0.0,2.3844,0.01147,0.917,1453.0,1286.386,2.3,5908.0,1.21,1.08,0.12,4.31,802.116,1.32
10.104665,0.094,0.0,2.278,0.01144,0.25,1046.0,207.247,2.39,6075.0,1.235,1.154,-0.1848,4.289,384.917,1.35
24.3078946,0.15932,0.0,2.5981,0.06956,0.0881,532.0,19.87,5.06,5260.0,0.8,0.89,0.01,4.58,246.61,2.1
21.80379,0.1404,0.0,3.582,0.0229,0.52,538.0,14.489,2.06,4884.0,0.749,0.777,0.02,4.579,341.908,1.238
34.989262,0.177,0.0,4.459,0.0593,0.4,341.0,2.11,2.3,4262.0,0.556,0.622827,-0.02,4.729,421.382,1.32
7.781987,0.078,0.0,3.644,0.01069,0.33,983.0,192.273,1.87,5764.0,1.185,0.957,0.0213,4.311,594.447,1.2
1.434741564,0.0252,0.0,1.8811,0.02007,0.28,1664.0,1740.858,2.73,5851.0,1.03,1.01,0.0,4.42,914.299,1.46
3.930821,0.05,0.0,2.962,0.01014,0.19,1317.0,808.093,1.81,6045.0,1.224,0.99,-0.16,4.293,813.713,1.19
13.0313945,0.1057,0.0,4.252,0.05733,0.0304,774.0,86.469,9.32,6096.0,1.2,1.15,0.07,4.33,1379.43,3.01
2.131946513,0.0335,0.0,1.8179,0.02694,0.209,1418.0,672.532,3.02,5504.0,0.89,0.92,0.01,4.51,1103.29,1.55
24.7543966,0.153,0.0,3.532,0.06146,0.709,491.0,10.767,3.89,4776.0,0.72,0.76,-0.06,4.61,593.384,1.8
13.07163,0.116,0.0,3.024,0.02446,0.19,964.0,208.982,5.9,6142.0,1.454,1.198,0.07,4.196,955.168,2.3
22.951,0.17308,0.43,4.4814,0.01298,0.923,873.0,154.705,37.1,6022.0,1.85,1.32,-0.0014,4.02,566.85,2.65
11.67894236,0.1021,0.0,1.2641,0.11851,0.94,830.0,112.07,16.2,6122.0,0.964,1.041,-0.18,4.487,900.678,4.17
7.031462,0.076,0.0,5.848,0.00854,0.11,1194.0,689.457,2.1,6090.0,1.329,1.299,0.079,4.266,840.269,1.25
5.907413537,0.0559,0.0,1.0864,0.5383,0.2815,769.0,124.911,25.9,4963.0,0.75,0.81,-0.01,4.6,824.688,5.5
8.3,0.07885,0.02,3.8786,0.04022,0.921,809.0,107.028,1.84,5505.2,0.875,0.928,0.12,4.51,765.025,1.778
16.21865,0.12692,0.0,7.46,0.04253,0.186,928.0,191.0,7.13,5979.0,1.634,1.034,-0.18,4.1,527.956,3.679
19.55659418,0.1352,0.0,8.0855,0.02981,0.713,797.0,114.389,6.66,5746.0,1.41,0.91,-0.35,4.09,386.177,2.47
2.607543834,0.0393,0.0,1.4646,0.03515,0.206,1431.0,1866.193,4.35,5717.0,0.98,0.99,0.04,4.46,2126.85,1.92
6.186676,0.064,0.0,2.908,0.02026,0.08,851.0,137.068,1.46,5411.0,0.808,0.915,0.17,4.584,824.31,1.12
7.06424,0.068,0.0,1.351,0.0733,0.2,769.0,76.201,3.61,5078.0,0.806,0.853,0.24,4.553,434.632,2.05
67.1277,0.363,0.16,11.3,0.52759,0.386,659.0,45.0,346.43296363,6160.0,1.667,1.407,0.427,4.11,1159.21,12.03844527
4.938864,0.059,0.0,4.279,0.01235,0.15,1244.0,902.239,2.57,6105.0,1.287,1.081,-0.04,4.274,1143.0,1.41
6.309219837,0.054,0.0,1.2831,0.06912,0.118,606.0,31.73,5.13,4380.0,0.53,0.524,-0.92,4.71,611.041,2.11686218
37.815724,0.201,0.0,4.631,0.02758,0.9,401.0,5.985,2.24,4710.0,0.695,0.768,0.1974,4.631,188.027,1.3
22.597053,0.148,0.0,6.031,0.01429,0.02,670.0,101.549,1.46,5577.0,0.882,0.882,-0.29,4.475,895.678,1.12
14.02639961,0.116,0.0,1.2808,0.04036,0.2123,822.0,108.07,6.14,5970.0,1.131,1.057,0.06,4.355,923.551,2.35388681
14.627119,0.118,0.0,3.541,0.03964,0.05,736.0,75.29,5.69,5526.0,1.085,1.081,0.39,4.375,828.592,2.25
51.1309704,0.2705,0.0,5.995,0.03823,0.926,542.0,34.433,6.21,5926.0,1.09,1.06,0.06,4.39,1206.37,2.37
4.61225043,0.053,0.0,2.695,0.00291,0.012,1032.0,268.27,0.087,5495.0,0.961,0.932,0.16,4.442,241.991,0.51
5.448325286,0.06053,0.0,2.2251,0.05294,0.1007,978.0,219.117,5.06,5719.0,0.92,0.99,-0.02,4.51,299.104,2.1
23.198681,0.15845,0.0,9.729,0.02247,0.03,793.0,103.72,4.58,5512.0,1.3,0.94,0.05,4.18,1126.64,1.98
5.186719894,0.0559,0.0,0.8023,0.07127,0.825,860.0,129.37,6.71,5230.0,0.777,0.873,0.0,4.594,679.921,2.47887001
3.833091178,0.04619,0.0,1.372,0.04614,0.3669,1012.0,227.198,3.75,5453.0,0.85,0.92,0.0,4.54,174.234,1.76
11.776,0.08358,0.0,2.9021,0.14291,0.69,446.0,31.016,3.9,4660.0,0.54,0.56,0.2291,4.72,259.533,2.53
54.155743,0.286,0.0,4.608,0.11098,0.91,466.0,7.287,14.0,5804.0,0.957,0.934,0.1,4.504,974.633,3.83
19.02293,0.14,0.0,3.418,0.04016,0.35,647.0,54.197,4.31,5852.0,0.9,0.982,0.1323,4.531,1167.94,1.91
18.3027248,0.1343,0.0,8.164,0.01867,0.34,902.0,147.817,2.76,5685.0,0.96,0.97,0.02,4.46,1273.51,1.47
23.3404007,0.1467,0.0,2.1355,0.06151,0.25,601.0,30.94,9.4,5530.0,0.892,0.773,-0.34,4.425,1022.01,3.02511302
14.8334,0.1134,0.0,4.436,0.09647,0.12,694.0,54.74,8.7,5619.12,0.842301,0.99,-0.048,4.58277,1159.85,2.88940836
76.42230225,0.3462,0.0,8.066,0.05784,0.912,455.0,10.11,14.1,5561.0,1.19,0.946,0.16,4.263,1390.56,3.84829873
2.522559881,0.036,0.0,1.406,0.02102,1.2325,1205.0,499.07,2.89,5591.0,0.86,0.977,0.07,4.559,818.482,1.51110555
12.247629,0.105,0.0,3.278,0.04697,0.15,763.0,94.491,4.5,5956.0,0.927,1.083,0.1509,4.518,940.724,1.96
33.469743,0.2006,0.0,4.513,0.03707,0.0785,609.0,32.52,4.78,5842.0,1.03,1.03,0.04,4.43,1128.72,2.03
10.06082567,0.08926,0.0,4.5782,0.04602,0.05,899.0,183.842,6.8,5802.0,1.09,1.01,0.03,4.36,813.724,2.5
32.5637069,0.19,0.0,5.548,0.05783,0.371,490.0,12.245,5.52,5390.0,0.84,0.89,-0.03,4.54,940.211,2.21
6.11786898,0.06868,0.0,3.47,0.00594,0.764,1211.0,511.757,1.08,6302.0,1.35,1.22,0.02,4.26,478.647,1.03
39.30941904,0.21491,0.0,5.7832,0.11321,0.028,488.0,14.238,9.32,5697.0,0.89,0.97,-0.08,4.53,457.709,3.01
2.580827,0.035,0.0,2.092,0.02702,0.09,1130.0,394.301,2.3,5299.0,0.826,0.865,0.04,4.536,1056.48,1.32
91.50099945,0.35647,0.0,4.842,0.07048,0.2249,310.0,2.0,4.53,5051.0,0.706,0.786,-0.24,4.628,437.823,1.9679397
16.48690033,0.1337,0.0,1.431,0.09879,1.6477,760.0,78.99,14.5,6090.0,1.071,1.173,0.21,4.447,1363.19,3.90351256
17.91323,0.13,0.0,4.51,0.01978,0.0,626.0,38.39,8.69679,5436.0,0.893,0.947,0.12,4.494,765.025,1.2
4.353326,0.041,0.23,2.01,2.174,0.18,563.0,16.7,44.0,3476.0,0.47,0.49,0.18,4.81,108.883,7.9
225.1064,0.768,0.76,4.32,0.9961,0.6,318.0,3.2011,732.0,6096.0,1.152,1.192,0.08,4.39,339.605,12.53
49.499875,0.246,0.0,6.594,0.09652,0.91,402.0,4.619,11.6,5036.0,0.834,0.794,0.06,4.503,688.573,3.43
5.95966,0.0646,0.0,2.896,0.01288,0.26,897.0,153.48,1.42,5146.0,0.866139,0.87,0.36,4.50241,591.019,1.11177184
147.974,0.5302,0.0,6.854,0.12671,0.0235,329.0,2.78,10.9,5754.0,0.834976,1.03,0.0,4.60756,847.339,3.30422249
6.48021673,0.0662,0.0,3.211,0.0142,0.226,934.0,171.133,1.76,5753.0,0.98,0.98,-0.01,4.45,723.431,1.18
11.03189,0.102,0.0,4.935,0.01823,0.38,840.0,154.803,2.73,6184.0,1.066,0.933,-0.06,4.441,1432.17,1.46
8.457496,0.065,0.0,2.304,0.15176,0.48,540.0,35.984,3.97,4347.0,0.492,0.653,0.1179,4.768,580.119,1.82
17.849,0.1385,0.0,5.8919,0.03912,0.853,888.0,138.415,6.1,6492.3,1.25,1.0,0.041,4.24,956.859,3.1
42.1516418,0.2095,0.0,5.0617,0.08955,0.16,349.0,3.84,69.8,4362.0,0.58,0.62,-0.01,4.7,578.796,2.21
20.2641684,0.15763,0.0,4.285,0.01918,0.0843,770.0,132.587,4.04,6202.0,1.29,1.19,0.05,4.29,1004.1,1.84
98.29838,0.408,0.294,6.13,1.0056,0.777,500.0,172.857,305.11527072,5455.0,0.913,0.94,-0.03,4.3,238.377,10.40193409
7.542427,0.079,0.0,4.9,0.01325,0.1,1054.0,376.29,66.4,5593.0,1.485,1.226,0.3965,4.152,762.596,1.69
3.290117953,0.0361,0.0,1.5469,0.07069,0.203,802.0,176.144,4.16,4647.0,0.71,0.77,0.16,4.62,673.01,1.87
2.971353,0.038,0.0,2.648,0.02333,0.04,1200.0,801.741,78.0,5297.0,0.929,0.91,0.04,4.426,889.608,1.43
165.7719,0.641,0.9412,,,0.581,,,1582.78546686,6166.0,1.397,1.271,0.09,4.23,324.448,13.29385111
16.736525,0.139,0.34,2.2,0.12892,0.7,464.0,11.111,7.31,4290.0,0.71,0.67,0.04,4.618,331.545,2.609
3.3004192,0.0471,0.0,4.498,0.00988,0.008,1543.0,2948.362,3.68,6704.0,1.78,1.47,0.09,4.11,1430.84,1.74
5.774464,0.051,0.0,1.878,0.02653,0.12,529.0,16.81,0.33,3810.0,0.512,0.542101,-0.14,4.744,183.365,0.74
4.272250175,0.05068,0.0,2.1432,0.00524,0.767,981.0,221.4,0.202,5450.0,0.842,0.944,0.1,4.563,249.343,0.64472273
1.8498567,0.029962645,,2.518276,0.01954102,,1638.82,1194.2104,3.6,5834.0,1.01733,1.049133,,4.44433,56.0739,1.7193265
3.764191048,0.044,0.0,2.0596,0.05987,0.287,908.0,174.074,3.64,4906.0,0.72,0.75,-0.15,4.61,713.167,1.73
4.715106,0.05,0.0,2.351,0.04175,0.19,823.0,124.961,2.57,4861.0,0.725,0.696,0.22,4.583,657.822,1.41
0.882059,0.01677,0.0,0.5759672,1.17554509,0.976,1283.9,983.4246,425.57437,4730.0,0.754,0.767,0.11,4.7,308.262,14.863134
3.31211,0.044,0.0,,,0.29,1750.0,1554.0,181.16219199,5680.0,1.85,1.07,-0.03,4.09,837.457,15.91675259
4.901452,0.06064,0.08,4.269,0.01396,0.08,1378.0,602.0,10.0,5854.0,1.447,1.238,0.321,4.21,525.997,1.597
107.723601,0.457,0.0,8.08,0.13962,0.32,421.0,5.592,14.4,5885.0,1.028,0.947,0.16,4.453,1370.79,3.89
3.1800218,0.04544,0.1,3.633,0.01219,0.11,1592.0,1073.0,3.8,5854.0,1.447,1.238,0.321,4.21,525.997,1.536
116.331901,0.44664,0.0,6.865,0.15863,0.032,323.0,2.4,9.17,5434.0,0.85,0.91,0.0,4.54,679.361,2.98
48.630408,0.28,0.03,7.018,0.03524,0.62,590.0,31.519,7.46,6106.0,1.359,1.248,0.2142,4.265,352.794,2.64
35.676062,0.224,0.0,7.634,0.04712,0.73,671.0,50.7,11.1,6165.0,1.383,1.189,0.08,4.229,2034.25,3.33
6.562331,0.075,0.0,4.035,0.02697,0.83,1290.0,721.124,11.4,5877.0,1.854,1.367,0.278,4.017,1278.97,3.39
21.963945,0.153,0.0,2.676,0.06934,0.29,643.0,27.327,7.32,5774.0,0.976,0.931,0.0399,4.451,1002.94,2.61
34.1731714,0.19726,0.0,4.4751,0.06309,0.711,465.0,10.166,4.94,5214.0,0.82,0.92,0.22,4.57,390.354,2.07
18.684737,0.113,0.0,3.948,0.12515,0.64,402.0,11.869,4.38,4257.0,0.523,0.602,-0.44,4.74,439.719,1.93
4.544439,0.053,0.0,1.756,0.09072,0.18,1017.0,210.554,8.8,5752.0,1.003,0.914,0.02,4.411,823.242,2.91
18.5084526,0.1383,0.0,6.596,0.07589,1.258,683.0,51.32,,5942.0,0.938,1.028,-0.06,4.506,1076.27,29.33
4.562029839,0.05098,0.0,2.8521,0.00816,0.75,1533.0,242.0,0.961,5343.0,2.506,1.33,0.08,3.764,350.455,0.99679734
10.664903,0.098,0.0,3.293,0.02926,0.87,865.0,132.15,4.82,6012.0,1.048,1.02,-0.218,4.434,1038.99,2.04
23.8990296,0.16587,0.0,15.722,0.02691,0.014,823.0,78.175,3.19,5722.0,0.98,0.99,0.04,4.46,695.967,1.6
7.415563,0.066,0.0,1.971,0.01669,0.15,622.0,35.37,0.48,4504.0,0.623,0.61,0.1905,4.683,260.0,0.74
12.162701,0.097,0.0,1.958,0.03063,0.03,882.0,124.743,3.15,5600.0,0.945,1.002,0.082,4.401,935.446,1.59
21.41616926,0.15482,0.0,7.089,0.03145,0.778,748.0,126.031,5.14,6206.0,1.22,1.16,0.02,4.33,963.18,2.12
6.059219837,0.06489,0.0,1.268,0.01582,0.2004,976.0,201.8,2.41,5734.0,0.962,0.977,0.04,4.462,297.017,1.35670508
7.953528,0.074,0.0,2.598,0.09616,0.36,696.0,59.838,102.3,4985.0,0.739,0.868,0.41,4.626,746.927,2.2
15.995622,0.114,0.0,3.379,0.02217,0.08,550.0,19.986,1.32,4955.0,0.72,0.743,-0.13,4.611,344.19,1.09
3.3118644,0.044,0.0,1.3944,0.59765,0.934,1116.0,470.754,327.35,5460.0,0.94,1.01,0.44,4.5,698.646,9.98
1.611865,0.029,0.0,2.999,0.00956,0.38,1930.0,4097.318,3.09,5920.0,1.588,1.313,0.29,4.129,875.519,1.57
22.714613,0.165,0.0,5.808,0.05686,0.01,766.0,54.105,12.5,5786.0,1.491,1.164,0.36,4.157,787.07,3.58
9.84564,0.09117,0.15,5.7471,0.04367,0.31,947.0,302.474,5.1,5803.0,1.72,1.125,0.1,4.46,1859.71,3.44
11.242861,0.102,0.0,4.194,0.01417,0.21,931.0,157.481,2.73,6090.0,1.264,1.072,-0.08,4.278,625.339,1.46
6.070290089,0.0615,0.0,1.29,0.03441,0.0245,789.0,91.45,5.14,5076.0,0.763,0.86,0.1,4.598,984.187,2.11934728
2.391609907,0.0306,0.0,1.916,0.01892,0.0366,1031.0,266.01,1.33,4935.0,0.685,0.663,-0.42,4.589,763.662,1.09217411
5.25449393,0.0602,0.0,3.078,0.0169,0.837,975.0,213.25,2.57,5550.0,0.954,1.05,0.46,4.5,890.352,1.41
6.245659828,0.0607,0.0,2.372,0.0212,0.2714,731.0,67.62,2.2,4858.0,0.707,0.786,-0.02,4.622,605.631,1.28574667
13.193242,0.116,0.0,4.936,0.05857,0.02,862.0,169.002,7.7,6282.0,1.107,1.113,0.09,4.422,1343.6,2.69
5.16950177,0.05765,0.0,4.507,0.02106,0.3,1309.0,808.844,4.23,6075.0,1.24,1.03,-0.18,4.26,888.027,1.89
4.6955507,0.0437,,2.1638721,0.19691017,0.23,553.0,22.3,3.65,3681.0,0.512,0.514,0.07,4.7266,64.2308,2.26
13.233549,0.115,0.0,6.642,0.05046,0.43,888.0,213.48,23.1,5751.0,1.43,1.229,0.34,4.194,1798.75,3.07
11.349393,0.089,0.0,3.114,0.13899,0.01,610.0,36.293,5.9,5018.0,0.676,0.777,-0.06,4.639,782.088,2.3
29.33434,0.18,0.042,4.8,0.165,0.38,524.0,16.379,11.3,5498.0,0.95,0.99,0.18,4.77,914.221,3.9
4.53702121,0.0486,0.0,1.813,0.05044,0.706,798.0,95.61,3.39,4805.0,0.688,0.769,-0.06,4.633,592.711,1.66
44.2008,0.23225,0.0,4.678,0.02356,0.348,409.0,7.371,1.81,5097.0,0.78,0.82,-0.01,4.58,309.869,1.19
7.19303878,0.0744,0.0,3.435,0.02553,0.0294,995.0,329.283,3.82,5932.0,1.09,1.06,0.03,4.39,1661.28,1.78
8.50699658,0.0802,0.0,3.026,0.02955,0.8031,900.0,103.828,3.46,5455.0,0.85,0.89,-0.07,4.53,839.255,1.68
36.065978,0.189,0.0,4.273,0.15638,0.07,397.0,5.88,7.13,4699.0,0.668,0.671,0.031,4.627,512.0,2.57
3.306539,0.035,0.0,1.767,0.05092,0.26,554.0,24.26,1.32,3568.0,0.482,0.510238,-0.34,4.777,190.401,1.09
38.715185,0.22,0.0,3.458,0.08795,0.17,498.0,12.083,8.2,5752.0,1.003,0.914,0.02,4.411,823.242,2.79
29.198943,0.184,0.0,5.074,0.20472,0.02,540.0,23.64,16.5,5381.0,0.953,1.013,0.3805,4.465,571.034,4.21
14.4273551,0.11606,0.0,3.89,0.0117,0.2427,783.0,111.011,1.81,6046.0,1.09,1.09,-0.01,4.4,652.253,1.19
14.5564533,0.11592,0.0,4.57,0.01038,0.031,787.0,100.001,3.05,6229.0,1.3,1.2,0.04,4.28,749.06,1.56
65.55,0.28,0.2,4.608,0.11,0.567,316.0,,7.7,4684.0,0.673,0.69,-0.137,4.622,336.25,2.69
14.00640607,0.1126,0.0,4.6809,0.07164,0.5014,807.0,100.09,9.69,5837.0,1.09,1.03,0.04,4.38,813.535,3.08
15.74957994,0.1266,0.0,4.6942,0.06595,0.6256,777.0,61.089,7.9,5770.0,0.96,0.98,-0.06,4.46,1104.04,2.73
3.1743516,0.04354,0.096,2.7504,1.54573248,0.487,1414.0,718.9097,224.38798,5943.0,1.061,1.093,0.06,4.425,342.14,13.170575
2.208280087,0.0352,0.0,2.841,0.00879,0.205,1709.0,2016.25,5.56,6028.0,1.454,1.194,0.14,4.189,2617.35,2.21964541
26.6565737,0.1943,0.0,4.954,0.01634,0.686,903.0,157.45,16.1,5159.0,3.062,1.373,-0.04,3.604,1031.91,4.15
5.883430004,0.0625,0.0,2.466,0.02177,0.362,949.0,192.09,3.9,5840.0,0.849,0.942,-0.24,4.553,1373.83,1.80235934
23.654,0.17286,0.0,8.2183,0.33418,0.008,731.0,98.461,169.7,5800.0,0.96,1.06,0.34,4.49,1798.75,5.6
12.90240002,0.103,0.0,2.446,0.03544,0.382,675.0,48.99,4.23,5530.0,0.788,0.882,-0.22,4.586,909.037,1.88971288
14.91110039,0.11583,0.0,3.3353,0.08959,0.014,694.0,48.9,3.49494179,5650.0,0.899,0.932,-0.04,4.5,305.193,3.19744103
26.234138,0.185,0.0,2.435,0.01965,0.12,754.0,77.29,4.5,6175.0,1.472,1.213,-0.0006,4.187,781.611,1.96
5.113981,,,2.46,0.1290375,0.38,1380.0,832.2294,27.2,6502.0,1.49,1.36,0.17,4.22,371.823,5.65
13.5708,0.10987,0.0,3.1989,0.05117,0.69,785.0,96.905,10.44,5858.0,1.04,1.0,-0.12,4.407,444.322,2.5
16.56059504,0.1144,0.0,2.2611,0.07008,0.97,701.0,55.966,7.08,5403.0,0.81,0.85,-0.18,4.56,901.907,2.56
8.014927,0.073,0.0,3.379,0.0363,0.94,865.0,74.887,4.58,5626.0,0.815,0.756,-0.28,4.514,713.964,1.98
54.4092333,0.30045,0.0,9.511,0.0193,0.157,513.0,33.335,3.46,5840.0,1.1,1.03,0.04,4.36,1038.35,1.68
6.96710269,0.0867,0.0,3.643,0.02353,0.5519,1774.0,375.651,7.8,6561.0,1.65,1.39,0.07,4.14,921.784,2.71
56.6449279,0.33571,0.0,15.079,0.00956,0.3679,733.0,83.088,5.1,6228.0,2.15,1.47,0.12,3.94,1002.02,2.11
2.628113746,0.031,0.0,1.8548,0.09368,0.58,737.0,69.56,5.9,4521.0,0.68,0.72,-0.02,4.63,389.0,2.3
7.381998,0.073,0.0,3.124,0.15118,0.53,876.0,132.091,13.2,5560.0,0.939,0.956,0.12,4.466,891.092,3.69
10.35863224,0.0932,0.0,2.574,0.02737,0.0652,860.0,75.641,3.43,5663.0,0.96,0.98,0.06,4.47,1002.74,1.67
160.8842,0.56971,0.306,10.7536,0.77295,0.106,346.0,2.23,48.30991786,5491.0,0.95,0.943,0.17,4.46,349.247,8.594
12.550171,,,3.68,0.0858,0.43,655.0,,7.61,5077.0,0.85,0.83,0.13,4.5,201.856,2.67
2.508553,0.036,0.0,2.294,0.02116,0.09,1278.0,665.437,2.39,5815.0,0.9,1.022,0.187,4.525,719.166,1.35
14.53409958,0.0956,0.0,3.3094,0.05106,0.44,420.0,7.34,3.23,3957.0,0.553,0.551,-0.16,4.693,268.2,1.61301783
5.212333,0.047,0.0,2.129,0.043,0.22,537.0,28.272,20.3,3799.0,0.492,0.591913,-0.2,4.758,241.987,1.03
7.416397,0.061,0.0,2.168,0.05055,0.89,547.0,40.689,2.54,4257.0,0.523,0.602,-0.44,4.74,439.719,1.4
9.600001,0.092,0.0,4.243,0.02712,0.05,967.0,206.91,5.06,5867.0,1.304,1.09,0.337,4.264,768.86,2.1
15.1410397,0.1189,0.0,4.276,0.04768,0.1012,714.0,61.42,4.5,5479.0,0.85,0.88,-0.11,4.53,1117.0,1.96
1.419759989,0.02466,0.0,1.5126,0.00581,0.6002,1700.0,1835.6,0.702,5925.0,1.035,0.968,-0.14,4.394,428.514,0.91307734
41.86869812,0.22971,0.0,5.783,0.01507,0.4484,492.0,13.8,2.4,5852.0,0.837,0.928,-0.3,4.559,521.791,1.35415138
65.9409,0.3244,0.0,7.776,0.05804,0.0108,454.0,10.04,8.29,5712.0,1.19811,1.02,-0.04,4.28968,1506.36,2.80982017
2.0219596,0.0365,,2.724,0.82,0.77,2329.0,3208.41,2542.64,7000.0,1.79,1.59,0.1,4.13,423.552,17.71022
6.885875,0.07,0.0,4.009,0.04285,0.95,946.0,198.554,7.51,5617.0,1.032,1.004,0.12,4.394,1052.24,2.65
1.499146953,0.02317,0.0,1.4421,0.0276,0.0624,1137.0,397.254,1.87,4817.0,0.73,0.8,0.05,4.61,434.684,1.2
42.473269,0.242,0.0,7.168,0.0334,0.74,539.0,25.667,4.62,6012.0,1.024,0.976,0.07,4.437,1047.03,1.99
6.546289921,0.06578,0.0,2.993,0.0803,0.804,810.0,88.2,7.78,5251.0,0.817,0.926,0.21,4.581,1044.36,2.7061946
5.195528,0.06,0.0,3.816,0.01269,0.15,1085.0,422.097,1.76,6012.0,1.024,0.976,0.07,4.437,1047.03,1.18
3.951400042,0.0463,0.0,1.0582,0.04057,1.6426,1083.0,324.78,6.82,5570.0,0.899,0.845,-0.18,4.458,904.702,2.50271696
7.05246,0.0648,0.0049,2.3982,0.14801,0.422,547.0,54.382,6.93,4540.0,0.678,0.73,0.04,4.639,369.451,2.67
26.7575866,0.1815,0.0,5.858,0.04553,0.407,660.0,44.86,5.82,6215.0,1.052,1.111,-0.06,4.44,1502.34,2.28
19.502104,0.1482,0.074,6.5,0.08555836,0.3,253.08,133.1,9.67,6310.0,1.43,1.15,-0.16,4.19,107.898,5.94
2.50806,0.03377,0.0,1.0724,0.15076,0.85,997.0,216.094,10.84,4781.0,0.76,0.81,0.34,4.59,191.904,3.51
8.291,0.07568,0.0,3.613,0.10339,0.839,728.0,65.1,6.0,5080.0,0.8,0.76,0.09,4.51,868.477,3.3
17.157236,0.1309,0.0,11.284,0.01104,0.238,844.0,119.87,3.02,5676.0,1.487,1.016,0.1,4.1,1303.72,1.55
54.414,0.2901,0.0,8.559,0.0598,0.9098,574.0,35.739,37.5,6689.45,1.07,1.1,-0.1141,4.42,1037.4,3.1
4.45814897,0.0533,0.0,2.867,0.01881,0.754,1212.0,511.6,597.796,6100.0,1.083,1.017,-0.12,4.376,969.252,1.61
1.475322314,0.0309,0.0,2.326,0.01549,0.58,2740.0,833.588,1.87,5598.0,0.92,0.94,-0.01,4.49,930.457,1.2
47.449955,0.25861,0.0,10.747,0.02064,0.0183,551.0,58.103,3.61,6026.0,1.12,1.09,0.0,4.37,1198.25,1.72
8.348125,0.075,0.0,2.79,0.02941,0.04,702.0,55.53,2.1,4997.0,0.763,0.825,0.17,4.582,406.529,1.25
35.23319,0.166,0.03,3.48,0.03528,0.9,288.0,1.4,1.46,3748.0,0.52,0.544,0.16,4.74,195.94287175,1.12
25.672083,0.175,0.0,5.627,0.03871,0.38,683.0,64.549,6.62,6065.0,1.229,1.098,-0.0442,4.294,636.445,2.46
1.2652328,0.0159,0.33,1.236,11.02156795,0.313,687.0,54.0,147.15455244,3322.0,0.35,0.335,0.27,4.87,115.557,11.54525012
10.475464,0.08,0.0,2.32,0.10707,0.42,540.0,24.707,4.5,4465.0,0.582,0.66,-0.21,4.709,518.204,1.96
3.20538,0.04017,0.0,2.143,0.04536,0.833,1000.0,220.4,3.87,4974.0,0.827279,0.82,0.09,4.51658,868.477,1.7938153
3.4876812,0.0474,0.086,3.875,0.12988,0.52,1513.0,1240.332,51.1,5667.0,1.56,1.17,0.33,4.12,927.981,5.77
33.884054,0.192,0.0,5.373,0.02241,0.5,533.0,104.962,2.42,5603.0,0.898,0.89,-0.03,4.444,1699.19,1.36
4.72941177,0.0468,0.0,2.234,0.04343,0.236,669.0,47.3,1.98,4224.0,0.603,0.609,-0.2,4.662,543.444,1.22
21.526258,0.142,0.0,8.213,0.019,0.05,621.0,141.4,1.71,5603.0,0.898,0.89,-0.03,4.444,1699.19,1.17
37.30369949,0.2082,0.0,7.793,0.05517,0.02,493.0,14.0,8.98,5646.0,0.817,0.864,-0.28,4.55,1395.13,2.94360686
0.692979676,0.01556,0.0,1.082,0.0061,0.2593,3186.0,5760.944,0.666,6078.0,1.18,1.12,0.04,4.34,674.695,0.9
101.951829,0.4322,0.0,5.989,0.01651,0.0773,428.0,7.92,3.22,6157.0,1.23,1.15,0.03,4.31,895.069,1.61
9.06005,0.0844,0.007,,,0.0,,,921.707,5650.0,0.91,0.98,0.02,4.4,1032.23,11.309881
4.62941,0.0586,0.02,,,0.87,,,266.9772,5700.0,2.15,1.25,0.0,3.85,2005.76,16.36514
4.163873,,,2.75,,0.41,1158.0,,2.99,5789.0,1.04,0.98,-0.02,4.39,489.368,1.54
3.665912,,,1.63,,0.42,1160.0,,2.45,5791.0,0.95,0.98,-0.05,4.47,176.051,1.37
6.20920207,0.061,0.0,2.637,0.01019,0.272,914.0,164.98,0.64,5440.0,0.885,0.782,-0.24,4.438,586.137,0.89
242.4613,0.64,0.14,13.1,0.035,0.12,299.0,2.687,3.57,5638.0,0.93,0.81,-0.29,4.4,730.625,1.71
6.803,0.0719,0.0,4.608,0.00327,0.295,1032.0,577.545,0.37,6004.0,1.092,1.071,0.07,4.4,486.546,0.764
122.0800018,0.4545,0.0,4.121,0.08548,0.9605,297.0,1.8,7.56,5132.0,0.77,0.805,-0.06,4.571,451.312,2.66065673
114.34219,0.4679,0.0,13.001,0.02398,0.529,429.0,12.975,5.56,6132.0,1.27,1.18,0.1,4.29,1826.04,2.22
44.9851885,0.2323,0.0,4.164,0.06178,0.664,433.0,8.34,5.02,5295.0,0.8,0.825,-0.1,4.548,864.331,2.09
7.281099796,0.0696,0.0,2.716,0.03338,0.1063,744.0,72.16,2.86,5008.0,0.788,0.844,0.18,4.572,750.93,1.50004034
3.18897601,0.04413,0.0,2.49,0.00662,0.0889,1309.0,1323.065,0.937,5754.0,1.13,1.08,0.29,4.37,817.647,0.99
0.72091,,,,,,,,2.86,5633.0,0.94,0.93,-0.053,4.4,706.391,1.5
0.578657,,,,,,,,1.87,5765.0,0.93,1.0,-0.39,4.4,561.929,1.2
3.07133,0.03194,,1.22,0.071,0.63,,,2.36,3655.0,0.455,0.461,,4.77,75.1703,1.34
44.552169,0.25,0.0,5.86,0.03621,0.34,572.0,25.3,5.48,6031.0,1.169,1.06,-0.07,4.323,1023.9,2.2
50.790391,0.2804,0.0323,10.883,0.56711,0.268,704.0,41.863,584.78,6150.0,1.606,1.129,-0.04,4.102,1455.57,12.341
225.582809,0.7681,0.0,11.181,0.07549,0.201,348.0,2.305,9.38,5991.0,1.11,1.07,0.01,4.38,1179.01,3.02
177.6693,0.495,0.11,8.95,0.09014,0.26,233.0,0.86,6.04,4723.0,0.706,0.738,-0.01,4.614,802.271,2.33
2.516729,0.0362,0.013,2.5272,1.64065457,0.217,1315.0,558.828,420.471,5403.0,0.925,1.001,0.43,4.51,416.459,11.433
5.546083665,0.078,0.0,2.3929,0.21493,0.7412,2336.0,1526.983,68.7,7010.0,1.95,1.58,0.01,4.06,847.299,9.76
6.6264,0.071,0.0,3.175,0.08146,0.14,895.0,151.491,7.8,5913.0,0.976,0.947,0.11,4.491,1357.01,2.71
5.983944,0.0672,0.0,5.4576,0.3537,0.26,1352.0,558.0,63.88350981,5611.0,1.686,1.13,0.241,4.044,504.775,10.92875618
49.3568,0.28682,0.07,10.916,0.01383,0.677,637.0,46.844,11.8666806,5904.34,1.81719,1.07,0.1381,3.94865,477.992,2.067
4.48487493,0.055,0.0,2.58,0.01349,0.3,1199.0,551.156,2.21,5902.0,1.07,1.05,0.04,4.4,1214.09,1.29
51.06740189,0.2749,0.0,4.407,0.06921,0.4648,499.0,14.69,7.52,6004.0,0.977,1.061,-0.02,4.484,945.775,2.653
9.03502,0.08,0.033,5.92,0.01916,0.32,789.0,91.74,4.47,6312.0,1.259,1.139,-0.2,4.298,1633.49,2.03
33.197861,0.204,0.0,4.544,0.03367,0.14,678.0,36.518,4.04,6023.0,1.007,0.883,-0.2112,4.44,1333.62,1.84
6.158269882,0.06959,0.0,6.285,0.00573,0.3217,1212.0,760.6,3.37,5710.0,1.524,1.003,0.0,4.073,905.825,1.65156749
82.294751,0.3679,0.0,7.009,0.03711,0.085,400.0,11.893,3.78,5655.0,0.9,0.93,-0.13,4.51,1283.05,1.77
3.9652482,0.0272,,1.02,0.36807544,0.38,368.0,4.35,10.7,3065.0,0.2019,0.1667,-0.09,5.049,25.559,1.2
1.55745774,0.02539,0.0232,1.409,0.39,0.135,1539.0,358.839,53.7,5300.0,0.92,0.9,0.11,4.4,249.02,5.53
3.1443189,,,0.821,,0.565,460.0,7.45,0.809,3300.0,0.196,0.174,-0.24,5.094,56.9686,0.95
2.9895932,0.04317,0.0,3.46272,1.187,0.689,1823.0,1840.0,286.68266,6206.0,1.603,1.201,-0.116,4.108,218.05,19.044091
0.4465697,0.01064,0.0,1.308,0.0294,0.14,2319.0,4709.0,2.02,5342.0,0.843,0.806,-0.41,4.47,85.799,1.397
16.75255007,0.1262,0.0,3.184,0.0365,0.7096,801.0,11.523,2.83,4712.0,0.72,0.77,0.06,4.62,331.553,1.49
6.887279987,0.06574,0.0,2.425,0.00802,0.208,788.0,81.3,0.449,5208.0,0.772,0.796,-0.14,4.563,252.733,0.80628032
1.133,0.0147,,,0.0957,0.43,841.0,,2.33,3436.0,0.379,0.408,,4.891,112.486,1.33
20.834237,0.141,0.0,4.341,0.08031,0.46,563.0,24.325,6.12,5299.0,0.826,0.865,0.04,4.536,1056.48,2.35
60.866168,0.2543,0.0,4.42,0.07143,0.423,290.0,1.06,3.82,4092.0,0.6,0.63,0.01,4.67,367.0,1.78
9.37891944,0.0788,0.0,3.3044,0.05635,0.5162,803.0,141.987,6.3,5710.0,0.95,0.97,0.0,4.47,853.977,2.39
8.05333618,0.0917,0.0,5.277,0.00351,0.035,1320.0,925.289,1.41,6291.0,2.04,1.47,0.19,3.98,775.529,1.11
140.2524,0.4706,0.0,6.6,0.0665,0.52,284.0,0.98,5.35,4807.0,0.693,0.719,-0.18,4.618,755.0,2.17
40.6994443,0.22661,0.0,7.208,0.04299,0.51,685.0,39.303,13.4,6424.0,1.49,1.3,0.05,4.21,984.307,3.73
7.991459846,0.0783,0.0,3.2,0.0145,0.94,901.0,155.95,1.95,5700.0,1.006,1.003,0.16,4.434,866.826,1.21463929
1.995,0.0142,,,0.557,0.49,698.0,,7.37,3157.0,0.3,0.117,,4.55,108.74,2.62
24.93,0.1275,,,0.263,0.14,318.0,,5.06,3710.0,0.549,0.478,,4.63,118.318,2.1
7.01,0.0911,,,0.085,0.4,456.0,,3.39,3851.0,0.552,0.561,,4.701,147.866,1.66
2.7970365,0.038,0.0,2.185,0.0481,0.22,1256.0,413.894,9.67,5558.0,0.907,0.91,-0.13,4.48,64.5997,1.93
36.77031,0.205,0.0,4.278,0.13466,0.22,437.0,6.596,7.75,5147.0,0.743,0.756,-0.1,4.622,694.627,2.7
8.77501,0.083,0.0,2.857,0.03519,0.38,837.0,81.761,3.61,5497.0,0.941,0.865,0.13,4.493,940.584,1.72
86.1150888,0.4001,0.0,6.13,0.08752,0.127,441.0,8.927,8.35,5664.0,0.92,0.95,-0.04,4.49,1660.48,2.82
4.45343281,0.05456,0.0,3.796,0.00474,0.3952,1331.0,893.886,0.566,6356.0,1.32,1.21,-0.03,4.28,704.211,0.86
68.16101,0.314,0.0,5.654,0.02956,0.28,405.0,7.444,3.71,5739.0,1.027,0.788,-0.4425,4.364,485.997,1.75
6.98471973,0.07211,0.0,2.723,0.00907,0.451,1059.0,156.608,1.12,5876.0,1.06,1.05,0.05,4.4,460.91,1.04
174.509835,0.55494,0.0,7.098,0.153,0.46,260.0,0.889,10.2,4995.0,0.77,0.81,0.02,4.59,638.249,3.17
13.83539963,0.114,0.0,3.786,0.08671,0.3927,809.0,101.05,10.4,6020.0,1.057,1.03,-0.06,4.403,1514.66,3.21798413
6.07972888,0.06695,0.0,7.3431,0.02898,0.784,1111.0,872.567,4.01,5382.0,0.93,0.88,0.04,4.43,991.214,1.83
3.310651,0.0469,0.0,3.6,0.83,0.31,1540.0,1061.5542,854.9627,5900.0,1.37,1.25,0.29,4.26,516.543,13.56289
2.0439274,,,0.988,0.0465193,0.737,722.0,44.9493,1.258,3437.0,0.483,0.48,-0.12,4.76,22.4467,1.13
6.7987,0.0349,0.0,,,0.46,,,1.15,3648.0,0.282,0.287,-0.048,4.999,134.0,1.047
6.00127,0.05706,0.41,1.33,0.07443595,0.65,790.0,69.6,6.26,4716.0,0.689,0.688,-0.47,4.62,44.526,2.043
5.7459982,0.0418,0.0,1.693,0.365,0.513,440.6,6.27,4.0,3395.0,0.3026,0.2952,-0.07,4.84,27.9276,1.9
47.318218,0.269,0.0,10.579,0.02469,0.24,598.0,51.996,5.27,6117.0,1.333,1.173,0.0,4.254,965.56,2.15
10.9295461,0.0951,0.0,6.062,0.01969,0.4473,770.0,83.14,2.45,5557.0,0.9,0.93,-0.02,4.51,2101.69,1.37
4.159807,0.046,0.0,1.626,0.01592,0.09,759.0,105.001,0.457,4632.0,0.666,0.729,-0.1738,4.652,171.109,0.81
4.583521756,0.0535,0.0,2.715,0.42475,0.0383,1038.0,373.108,51.1,6185.0,1.27,1.18,0.05,4.29,1156.83,8.2
14.4541302,0.11435,0.0,7.095,0.00797,0.522,676.0,216.405,0.779,5718.0,0.95,0.97,-0.03,4.47,863.873,0.94
1.766789062,0.0222,0.0,1.3395,0.10098,0.1039,730.0,94.054,3.64,3827.0,0.53,0.55,-0.06,4.74,340.691,1.73
16.934402,0.115,0.0,3.456,0.03561,0.63,508.0,14.404,2.27,4648.0,0.674,0.652,-0.03,4.627,554.064,1.31
3.49082,0.0418,0.0,1.4513,0.03368,0.116,1010.0,245.65,3.08,5575.53,0.725,0.81,0.225,4.618,818.759,1.56671124
13.137471,0.111,0.0,4.768,0.02128,0.35,825.0,95.51,3.78,5764.0,1.185,0.957,0.0213,4.311,594.447,1.77
10.526294063,0.088,0.0,2.5212,0.9768,0.644,713.0,88.906,61.8,5419.0,0.86,0.9,0.0,4.53,992.071,9.17
1.090011003,0.0197,0.0,1.5,0.01748,0.531,1402.0,911.28,1.12,5081.0,0.77,0.864,0.12,4.596,776.55,1.04
19.57783,0.194,0.43,2.3,0.04326,0.55,621.0,37.8,4.63,5720.0,0.92,1.01,0.12,4.533,326.362,1.992
178.1396,0.563,0.03,9.59,0.06788,0.1,291.0,1.83,5.65,5431.0,0.866,0.884,0.02,4.514,757.048,2.24
116.583183,0.4572,0.0,5.8,0.0819,0.586,371.0,4.47,8.8,5738.0,0.981,0.936,-0.06,4.426,839.332,2.91
10.21420496,0.09358,0.0,5.8558,0.03038,0.8859,957.0,295.826,6.26,5896.0,1.29,1.14,0.23,4.27,850.242,2.38
4.166972,0.05,0.0,2.741,0.08799,0.05,1053.0,304.178,6.08,5642.0,0.839,0.978,0.17,4.566,863.855,2.34
3.908632005,0.0418,0.0,1.8427,0.08672,0.111,787.0,99.097,6.48,4601.0,0.69,0.73,-0.01,4.62,555.574,2.43
2.46502,0.03592,0.0,1.231,0.00306,0.92,1561.0,1503.581,5.0,6104.0,1.23,1.08,-0.2,4.294,88.7832,0.82
3.2141,0.0511,,,,,,619.038,0.937,5711.0,1.375,1.018,0.1415,4.1693,298.219,0.9898
5.9382,0.0586,,,,,,243.518,5.13,5590.0,0.977,0.893,0.014,4.412,654.085,2.116
21.01447,0.1407,0.036,4.186,0.2072,0.07,581.0,32.7,7.2,5187.0,0.758,0.849,-0.09,4.608,41.9091,3.54
2.28909,0.0205,,0.815,0.223,-0.13,424.0,8.4,0.972,3030.0,0.2075,0.171,0.164,4.99,22.55,1.0
3.0223753,0.03863,0.0,2.16,,0.0,1110.0,,4.7,5187.0,0.758,0.849,-0.09,4.608,41.9091,1.301
9.20205,0.09,0.0,4.4317333,1.38123234,,1074.0,203.9517,228.83,6190.0,1.17,1.16,0.05,4.41,726.412,13.34
4.88083852,0.0527,0.0,2.5102,0.0343,0.972,879.0,94.607,2.39,4830.0,0.73,0.78,-0.01,4.61,471.782,1.35
2.970414375,0.0378,0.0,2.2161,0.05307,0.884,991.0,228.11,4.31,5418.0,0.76,0.8,-0.38,4.58,3460.51,1.91
38.3260994,0.2084,0.0,3.073,0.03921,0.963,480.0,12.56,5.86,5229.0,0.903,0.821,0.08,4.441,,2.28995546
10.84969477,0.0914,0.0,3.474,0.11221,0.55,676.0,49.3,7.61,5251.0,0.778,0.869,-0.04,4.592,865.512,2.67
40.80970001,0.24831,0.0,2.7015,0.04361,0.958,623.0,39.2,12.1,6183.0,1.3,1.241,0.26,4.301,681.255,3.50469499
1.970342457,0.02898,0.0,1.7381,0.04032,0.83,1599.0,328.698,2.79,4897.0,0.75,0.8,0.07,4.59,426.088,1.48
11.35011917,0.0796,0.0,2.3758,0.1221,0.035,403.0,11.561,5.35,4027.0,0.57,0.59,-0.12,4.7,355.019,2.17
2.714077555,0.03883,0.0,1.2618,0.01435,0.0953,1301.0,1180.064,1.71,5763.0,0.97,0.98,-0.03,4.45,562.116,1.17
4.337234,0.051,0.0,2.454,0.03756,0.23,996.0,203.406,3.43,5388.0,0.89,0.908,0.12,4.501,400.48,1.67
8.689307296,0.07739,0.0,2.5913,0.1117,0.2037,782.0,58.442,8.8,5403.0,0.86,0.89,0.01,4.53,486.105,2.91
17.815815,0.1352,0.0,3.3668,0.0906,0.56,699.0,62.845,8.25,5962.0,0.966,1.038,-0.2,4.484,1202.96,2.8
12.49341307,0.09636,0.0,2.2382,0.07157,0.0775,649.0,37.753,5.14,5247.0,0.81,0.86,-0.02,4.56,344.901,2.12
59.73667,0.32,0.0,8.4,0.05664,0.28,520.0,18.168,8.6,6080.0,1.2,1.2,-0.12,4.4,848.254,2.87
1.340597468,0.02526,0.0,1.6085,0.01098,0.583,1783.0,3304.101,1.98,5973.0,1.12,1.11,0.15,4.38,290.843,1.22
22.064,0.1599,0.0,3.493,0.03887,0.195,712.0,59.4,7.76,6013.72,1.24959,1.11,0.108,4.28986,735.369,2.70216183
14.55731705,0.12048,0.0,7.7724,0.09569,0.07,879.0,243.376,15.6,5816.0,1.34,1.06,0.12,4.21,905.937,4.08
134.4628,0.52661,0.0,5.874,0.5044,0.9239,412.0,5.7,71.0,5922.0,1.143,1.076,0.11,4.3,865.73,8.86
13.93290318,0.11873,0.0,2.5119,0.01316,0.2992,852.0,127.24,2.76,6154.0,1.23,1.17,0.08,4.33,309.596,1.47
4.637038,0.0611,0.581,4.8312,0.77659973,0.36,1659.0,1342.5733,168.4499,6438.0,1.74,1.415,0.09,4.107,816.988,16.8135
7.81254,0.077,0.0,3.8,0.0099,0.74,1196.0,494.705,8.9,6225.0,1.58,1.24,0.03,4.132,250.11,1.71
6.919798,0.069,0.0,3.339,0.01701,0.27,961.0,305.946,2.13,5816.0,0.958,1.053,0.1,4.436,855.641,1.26
5.433074,0.058,0.0,2.407,0.03282,0.07,841.0,123.802,290.537,5232.0,0.891,0.86,0.13,4.474,527.321,1.43
6.67932,0.068,,2.7096,0.0784,0.37,877.0,140.0,5.95,5442.0,0.879,0.85,-0.1,4.51,242.113,2.31
7.385655,0.0656,0.06,2.5872,0.0882,0.4,601.0,35.3,4.54,4339.0,0.65,0.69,0.02,4.66,102.953,1.97
13.86375,0.10207,0.13,3.22,0.1361,0.34,638.0,27.7,15.9,5010.0,0.713,0.738,-0.34,4.61,116.474,2.592
50.697494,0.286,0.0,6.115,0.06109,0.06,595.0,16.026,8.0,6335.0,1.147,1.051,0.0,4.403,1009.1,2.75
7.256965224,0.07931,0.0,4.8639,0.04632,0.831,1163.0,495.005,10.9,5933.0,1.59,1.21,0.19,4.11,667.604,3.3
4.311792,0.05,0.0,2.735,0.1154,0.52,1038.0,242.471,8.05,5554.0,0.803,0.933,0.07,4.585,1036.49,2.76
5.687945,0.064,0.0,2.214,0.04764,0.25,1088.0,281.845,4.9,5888.0,0.958,0.99,0.11,4.502,1050.64,2.06
14.786889,0.1184,,4.32,0.1692,0.29,739.0,,14.8,5817.0,0.98,1.01,0.0,4.46,411.923,3.95
23.228555,,,3.25,0.0506,0.43,658.0,,5.99,6004.0,0.98,0.99,-0.18,4.45,320.07,2.32
8.357881,0.0806,,3.4704,0.055,0.45,848.0,,7.08,5667.0,0.93,1.0,0.08,4.5,247.637,2.56
41.885775,0.229,0.0,6.241,0.06874,0.75,540.0,16.423,9.32,5731.0,1.063,0.95,0.03,4.343,695.65,3.01
16.087845,0.122,0.0,2.878,0.06125,0.08,668.0,48.662,5.73,5513.0,0.935,0.971,0.11,4.472,576.946,2.26
4.220970154,0.0418,0.0,3.0978,0.226,0.7126,595.0,29.68,14.4,3837.0,0.517,0.544,-0.06,4.747,576.181,3.89404186
5.955,0.0522,0.0,2.3691,0.15051,0.81,635.0,39.95,17.2,4385.0,0.59,0.64,-0.18,4.7,348.291,2.42
7.4500177,,,3.0024,0.1082,0.047,943.2,,6.52,5212.9,0.757,0.799,0.094,4.5962,110.567,2.438
5.640677572,0.0627,0.0,2.9016,0.14533,0.76,1125.0,324.856,17.1,5904.0,1.04,1.03,-0.03,4.42,1125.24,4.3
3.3596055,,,1.42008,0.018,0.715,1229.9,,2.61,5212.9,0.757,0.799,0.094,4.5962,110.567,1.423
7.16892463,0.079,0.0,4.5907,0.01116,0.39,1187.0,499.301,3.5,6350.0,1.55,1.3,0.07,4.17,568.676,1.69
12.98495573,0.10288,0.0,3.4569,0.02572,0.046,818.0,163.052,3.82,6116.0,1.09,1.06,-0.13,4.4,627.455,1.78
7.587266,0.05092,0.0,1.74,,0.21,399.5,4.24,1.55,3307.0,0.326,0.306,0.14,4.897,22.5455,1.251
8.0109434,0.0619,0.022,3.4129,0.13336,0.9461,453.0,12.357,0.98,3705.0,0.5,0.51,-0.27,4.75,271.701,2.1
4.09513932,0.0511,0.0,1.929,0.01817,0.378,1122.0,446.918,2.39,5679.0,0.95,0.97,0.04,4.47,1305.99,1.35
5.931194,0.056,0.0,2.371,0.10351,0.67,614.0,23.5,5.02,4508.0,0.62,0.635,-0.142,4.684,293.499,2.09
12.8159,0.11061,0.02,6.3728,0.02181,0.05,939.0,208.657,7.05,5825.0,1.49,1.08,0.02,4.125,304.645,2.2
12.832235,,,3.408,0.0754,0.262,,,3.51,4200.0,0.691,0.821,-0.008,4.673,195.149,1.693
1.9616241,0.03159,0.134,2.7936,1.40862146,0.38,1778.0,1400.0226,471.65972,5956.0,1.209,1.093,0.0,4.31,666.802,14.773462
18.45847097,0.1301,0.0,3.3077,0.05353,0.7896,632.0,37.81,5.14,5261.0,0.81,0.85,-0.06,4.56,602.176,2.12
1.1947268,0.02234,0.0,1.504,0.11272345,0.712,1860.0,2000.0,26.0,5634.0,1.043,1.032,0.14,4.42,259.947,3.51
13.81019974,0.1131,0.0,3.048,0.13097,0.791,833.0,113.75,18.4,5942.0,1.142,1.009,-0.04,4.327,1427.08,4.48524519
9.878482,0.0932,0.0,3.081,0.04547,0.0925,1003.0,187.848,7.18,6150.0,1.18,1.12,-0.03,4.34,1031.31,2.58
17.58752333,0.1277,0.0,4.3821,0.13778,0.106,706.0,42.543,12.7,5630.0,0.95,0.96,0.03,4.47,776.708,3.61
3.177422,0.039,0.0,1.475,0.11343,0.11,997.0,220.489,6.08,5311.0,0.701,0.859,-0.08,4.646,510.523,2.34
2.211099,0.029,0.0,1.644,0.06617,0.02,931.0,195.005,3.15,4503.0,0.619,0.631,-0.01,4.684,578.796,1.59
51.54,0.2626,0.007,6.3994,0.36443,0.0291,450.0,8.035,13.9,5401.0,0.898,0.91,0.2107,4.49,904.326,5.34
5.350161983,0.05947,0.0,2.243,0.07648,0.58,989.0,183.166,7.65,5646.0,0.94,0.96,0.02,4.48,621.378,2.68
6.388996,0.068,0.0,3.389,0.05433,0.81,970.0,227.225,8.55,5526.0,1.085,1.081,0.39,4.375,828.592,2.86
150.242127,0.5375,0.0,10.979,0.23785,0.345,327.0,2.72,19.4,5541.0,0.91,0.92,-0.02,4.49,1195.54,4.64
10.640263,0.099,0.0,5.284,0.04553,0.09,963.0,324.134,7.61,6105.0,1.287,1.081,-0.04,4.274,1143.0,2.67
7.156804,0.069,0.0,2.567,0.0867,0.05,782.0,71.499,5.82,5160.0,0.805,0.806,0.01,4.565,760.585,2.28
172.7049784,0.58822,0.0,11.2793,0.06301,0.06,355.0,4.525,7.8,5946.0,1.08,1.02,-0.1,4.38,390.374,2.71
20.9568158,0.126,0.0,3.558,0.19179,0.112,363.0,8.66,8.55,4098.0,0.61,0.63,0.02,4.67,453.795,2.86
5.71668872,0.0599,0.0,1.959,0.04317,0.0003,955.0,196.51,4.23,5442.0,0.86,0.9,-0.01,4.52,1107.0,1.89
9.360672,0.084,0.0,3.035,0.02365,0.58,784.0,105.073,3.26,5739.0,1.027,0.788,-0.4425,4.364,485.997,1.62
1.609320045,0.0228,0.0,1.5675,0.07285,0.1042,958.0,199.28,4.27,4224.0,0.603,0.609,-0.2,4.662,543.444,1.90120972
15.434,0.124,0.0,4.2572,0.17859,0.707,721.0,63.79,17.4,5542.0,1.01738,0.98,0.07,4.41433,1335.64,4.34764405
7.972513,0.07,0.0,2.902,0.3245,0.4,497.0,25.44,12.8,4559.0,0.65,0.77,0.2772,4.663,232.75,3.62
85.517344,0.3802,0.0,9.331,0.02702,0.944,482.0,12.75,9.48,5592.0,1.451,1.0,0.16,4.115,1298.88,3.04
3.032145588,0.0421,0.0,3.6764,0.04886,0.843,1507.0,1218.88,9.06,5849.0,1.35,1.08,0.13,4.21,884.378,2.96
5.945041017,0.06104,0.0,2.5711,0.08002,0.0501,857.0,99.6,5.82,5215.0,0.8,0.84,-0.05,4.56,594.464,2.28
9.6310258,0.0905,0.0,5.255,0.02972,0.951,1094.0,338.33,8.75,6432.0,1.345,1.06,-0.34,4.207,903.51,2.9
3.295709,0.039,0.0,1.797,0.18579,0.42,875.0,139.146,8.55,4731.0,0.687,0.737,0.03,4.635,434.684,2.86
7.2,0.05929,0.0,2.5418,0.17659,0.91,509.0,21.481,9.77,4095.6,0.618,0.607,0.03,4.68,311.222,2.579
18.39629936,0.12794,0.0,2.7838,0.0713,0.909,582.0,24.0,6.84,5316.0,0.804,0.876,0.0,4.57,390.552,2.50861954
14.03491514,0.1027,0.0,3.5795,0.08518,0.865,641.0,37.2,6.3,5268.0,0.81,0.85,-0.07,4.55,527.995,2.39
13.19722,0.103,0.0,3.418,0.21414,0.11,642.0,27.791,15.5,4942.0,0.915,0.82,0.3031,4.441,575.988,4.06
8.115317,0.079,0.0,2.954,0.08349,0.75,879.0,113.451,8.25,5938.0,0.898,0.867,-0.09,4.532,1002.14,2.8
8.726,0.0827,0.0,4.473,0.04467,0.42,985.0,222.19,40.0,6039.0,1.43,1.0,-0.07,4.13,1023.9,2.23
56.47542,0.281,0.0,6.133,0.10918,0.89,417.0,7.109,11.4,5797.0,0.876,0.854,-0.12,4.521,602.268,3.38
9.99761851,0.0927,0.0,3.2429,0.06436,0.2341,860.0,129.18,6.48,5753.0,0.97,0.98,-0.02,4.46,945.775,2.43
3.936981,0.048,0.0,1.828,0.13982,0.57,1004.0,206.769,10.1,5433.0,0.869,0.933,0.33,4.551,758.854,3.16
9.977210045,0.0919,0.0,5.908,0.02529,0.812,1028.0,93.64,7.13,5557.0,1.616,1.035,0.16,4.037,1588.41,2.57059831
5.082746517,0.05689,0.0,1.7354,0.02767,0.063,928.0,185.771,2.57,5461.0,0.86,0.95,0.09,4.55,529.268,1.41
14.12841,0.119,0.0,3.733,0.06287,0.85,739.0,58.586,731.209,6105.0,1.046,0.845,-0.29,4.453,1144.86,2.87
10.945723,0.097,0.0,3.004,0.05328,0.51,881.0,131.487,7.9,5888.0,1.148,1.036,0.0,4.331,890.758,2.73
8.180848,0.072,0.0,2.869,0.07235,0.78,716.0,59.799,5.99,5211.0,0.77,0.746,-0.25,4.542,560.885,2.32
6.8430344,0.0678,0.0,2.79,0.1723,0.508,805.0,99.24,5.56,5241.0,0.874,0.879,0.0578,4.499,264.995,2.22
37.514456,0.213,0.0,5.352,0.0935,0.62,478.0,9.042,7.32,5615.0,0.814,0.766,-0.26,4.58,1031.95,2.61
33.006,0.21781,0.0,7.201,0.02781,0.6926,778.0,83.898,64.2,5946.0,1.69,1.12,0.09,4.03,976.643,3.36
3.87595807,0.0485,0.0,2.226,0.00586,0.3822,1081.0,315.457,0.381,5776.0,1.01,1.01,0.05,4.44,336.09,0.77
4.99678284,0.0559,0.0,2.09,0.09347,0.3083,917.0,167.979,7.27,5264.0,0.82,0.86,0.03,4.55,1063.09,2.6
9.488015,0.09,0.0,3.113,0.06158,0.82,793.0,104.641,9.85,5854.0,1.091,0.954,0.1,4.401,1083.06,3.11
14.589347,0.11,0.0,2.404,0.08313,0.6,594.0,22.637,5.69,5147.0,0.743,0.756,-0.1,4.622,694.627,2.25
5.608352,0.055,0.12,1.7976,0.0938,0.66,766.0,68.0,4.38,4402.71,0.619575,0.701968,0.04,4.697,252.596,1.93
16.068638,0.117,0.0,3.546,0.49143,0.0,600.0,21.637,21.5,5120.0,0.728,0.808,0.06,4.633,826.265,4.92
4.4434,0.05105,,2.3,0.0358,0.55,949.0,193.0,2.51,5352.0,0.809,0.84,-0.08,4.53,179.943,1.39
5.657,0.06,,4.296,0.03342,0.29,1211.0,646.0,6.5,5912.0,1.58,1.15,0.0,4.101,476.703,2.433
30.184104,0.193,0.0,5.94,0.09749,0.73,634.0,31.247,15.5,5740.0,1.22,1.021,0.16,4.286,1402.58,4.06
16.01310205,0.1148,0.0,3.0654,0.12632,0.1874,593.0,20.719,7.27,4913.0,0.74,0.79,-0.03,4.6,612.838,2.6
13.156969,0.107,,4.032,0.7619,0.6,753.0,,61.0,5529.0,1.025,0.953,0.162,4.393,274.3,9.1
20.645099,,,2.376,0.132,0.83,,,6.41,4348.0,0.625,0.756,-0.351,4.726,176.965,2.413
6.67199,0.0636,,1.56,0.0788,0.35,666.0,46.7,4.74,4455.0,0.696,0.67,-0.1,4.57,112.467,2.02
12.883,0.1072,0.0,5.661,0.04605,0.9611,865.0,132.23,20.2,6039.0,1.43,1.0,-0.07,4.13,1023.9,2.36
5.06963,0.05983,0.0,4.71,0.0288,0.47,1372.0,840.0,21.3,5887.0,1.67,1.11,-0.047,4.03,513.877,2.49
5.577212,0.04,0.11,1.67,0.109,0.0,,8.5,1.28,3360.47,0.330989,0.271365,,5.048,66.4321,1.08
7.760178,0.05,0.11,1.45,,,,5.4,1.01,3360.47,0.330989,0.271365,,5.048,66.4321,1.01
12.6475,0.1014,,3.43,0.0391,0.61,,45.0,3.12,5213.0,0.84,0.87,-0.34,4.533,72.2,1.58
4.125103,0.049,0.0,2.84,0.01147,0.51,1016.0,367.322,0.721,5595.0,0.839,0.918,0.01,4.567,701.996,0.92
8.129976,0.083,0.0,2.071,0.01489,0.36,1041.0,408.58,3.75,5736.0,1.425,1.02,0.282,4.186,653.6,1.76
10.787992,0.0932,,3.8496,0.0901,0.47,787.0,,5.9,5482.0,0.87,0.942219,0.09,4.6,329.041,2.3
7.727283,0.0698,0.07,2.904,0.1233,0.41,666.0,54.9,6.94,4740.0,0.71,0.76,-0.05,4.62,365.581,2.53
8.77683,0.077,,2.75,0.0865,,,78.0,4.5,5482.0,0.76,0.79,-0.35,4.579,258.699,1.96
46.90232,0.237,0.0,3.826,0.08213,0.29,458.0,6.422,6.94,5404.0,0.892,0.756,-0.27,4.446,459.368,2.53
328.24017,0.898,0.346,12.25,1.387,0.751,251.0,0.589,2129.4503269,5191.0,0.902,0.889,0.152,4.48,728.525,11.57887706
38.3774623,0.2163,0.0,5.55,0.07242,0.162,529.0,16.36,6.8,5627.0,0.92,0.95,-0.01,4.5,1033.93,2.5
7.149584,0.072,,2.8392,0.1224,0.41,865.0,,6.35,5438.0,0.83,0.966999,0.0,4.6,330.916,2.4
53.5293487,0.25483,0.0,5.577,0.10861,0.0963,348.0,3.658,6.48,4838.0,0.74,0.81,0.09,4.61,485.318,2.43
16.088134,0.132,0.0,5.888,0.05978,0.06,875.0,146.5,11.4,6165.0,1.383,1.189,0.08,4.229,2034.25,3.38
3.770552098,0.0493,0.0,3.8277,1.38917,0.0236,1302.0,1065.734,,5944.0,1.08,1.06,0.02,4.4,1898.26,12.68
3.05125,0.0448,0.0,3.601,0.94030926,0.183,1381.0,845.0,129.99181846,5610.0,1.392,1.003,0.15,4.16,1096.19,13.56286665
2.896,0.033,0.0,1.272,0.0671,0.082,652.0,56.649,4.08181,3900.0,0.53,0.58,0.0,4.64,323.847,1.5
47.903645,0.272,0.0,5.719,0.03769,0.06,598.0,20.01,19.1,5786.0,1.491,1.164,0.36,4.157,787.07,2.81
46.183669,0.213,0.0,4.833,0.1619,0.68,306.0,1.33,5.56,4255.0,0.554,0.581,-0.51,4.73,428.018,2.22
25.751974,0.163,0.0,2.853,0.07389,0.66,501.0,15.536,1.72,5232.0,0.891,0.86,0.13,4.474,527.321,2.51
5.902206,0.063,0.0,2.827,0.07023,0.0,926.0,144.337,254.02,5428.0,0.945,0.946,0.2107,4.466,904.326,2.47
4.790936,0.053,0.0,2.705,0.02513,0.25,990.0,203.169,2.33,5526.0,0.89,0.891,-0.06,4.486,924.625,1.33
38.5583038,0.22091,0.0,5.0162,0.0993,0.833,550.0,23.176,36.0,5858.0,0.89,0.98,0.0,4.53,1366.07,3.17
1.865169,0.0154,0.02,0.4279,0.11248,0.681,450.0,12.538,0.357785,3068.0,0.17,0.13,-0.33,5.11,40.0595,0.57
3.783986,0.046,0.0,1.932,0.04261,0.27,949.0,194.346,3.29,5208.0,0.786,0.86,0.15,4.595,838.595,1.63
127.9075774,0.53439,0.0,13.498,0.40206,0.8791,401.0,8.8,34.5,5808.0,1.01,1.01,0.03,4.43,1539.63,6.5
210.73514,0.71704,0.0292,12.32,0.38,0.0154,342.0,3.387,15.0,6031.13,1.185,1.242,0.083,4.27,848.254,7.718
43.12655,0.257,,5.255,,0.796,624.0,,19.1,6134.0,1.367,1.266,0.228,4.22,120.475,3.65
1.4324752,0.02289,0.0,2.0718518,2.103,0.4,1342.0,528.4147,400.449,4790.0,0.774,0.779,0.09,4.552,566.459,12.251
4.465631,0.0558,0.0,3.53328,1.8355,0.235,1342.0,504.0,186.2474465,6096.0,1.09,1.071,-0.03,4.393,297.462,14.72860064
5.18553,0.06323,0.023,2.783,0.067,0.595,1365.0,346.626,23.2,6210.0,1.309,1.247,0.18,4.29,132.214,4.03
2.260424,0.0308,,1.915,0.268,0.19,1077.0,249.273,14.0,4650.0,0.712,0.744,0.07,4.59,114.035,3.82
47.42489,0.2958,,6.482,,0.456,546.0,18.561,26.57,6169.0,1.117,1.098,-0.08,4.47,62.7792,2.607
16.70988,,0.05,5.41,0.06152874,0.24,824.0,73.7609,8.5,5746.0,1.1303,0.991,-0.02,4.33,53.974,2.78
10.261128,0.1117,0.214,7.4683854,0.19,0.165,1484.0,515.939,1805.26535176,6206.0,2.75,1.71,0.28,3.79,224.731,12.24020692
16.336351,0.0849,0.0,2.08,0.3487,0.497,309.4,1.53,3.33,3307.0,0.326,0.306,0.14,4.897,22.5455,2.137
10.688662,0.0804,0.0,2.854,0.15011726,0.2,514.0,11.6,4.8,3866.0,0.598,0.587,0.26,4.652,61.5204,2.349
4.040295,0.05727,0.126,3.074,0.01435196,0.21,1241.0,495.139,13.71,6169.0,1.117,1.098,-0.08,4.47,62.7792,1.362
2.3206612,0.0287,,1.227,0.2935,0.744,872.0,42.4124,13.3,4080.0,0.564,0.583,-0.11,4.63,184.12,3.71
9.45469,0.099,0.087,9.84,0.13549262,0.1767,1373.0,593.3,236.78216321,5259.9,2.9,1.441,0.084,3.672,396.213,10.77183045
48.36685,0.305,0.0,8.14,,0.474,676.0,,246.00042,6302.0,1.511,1.194,-0.06,4.23,272.909,11.276254
12.401394,0.1081,0.0087,5.57,,0.21,831.0,85.0,6.0,4970.0,1.32,1.1,0.1,4.227,108.199,6.53
83.8911,0.423,0.0,13.16,0.12176723,0.3,610.0,23.1,36.4,5907.0,1.94,1.32,0.1,3.86,263.145,6.71
2.1555098,0.02656,0.015,1.562,0.0553,0.174,796.0,66.66,3.28,3664.0,0.539,0.538,-0.11,4.75,35.6917,1.382
0.7826942,0.0144,,1.0403706,0.05268677,0.39,1355.0,1051.1379,3.46,4099.0,0.68,0.65,,4.59,59.5362,1.68
2.02191,0.0279,0.034,45.22,4.403,0.199,809.0,102.0,412.85910069,3919.0,0.611,0.596,0.33,4.642,337.095,12.64373023
1.4338647,0.02285,0.021,41.69,3.136,0.128,973.0,213.8,536.17652261,4072.0,0.672,0.643,0.65,4.592,200.5,12.24020692
2.9089165,0.034,0.023,51.29,4.516,0.045,695.0,55.6,155.41809102,3793.0,0.585,0.576,0.79,4.664,154.749,12.53164042
2.543371,0.0307,0.074,34.61,2.13,0.836,774.0,85.3,211.03806225,3793.0,0.656,0.632,0.43,4.604,203.352,11.07447293
2.367128,0.0262,0.09,42.58,4.87,0.158,683.0,51.7,226.61165419,3613.0,0.48,0.477,0.09,4.755,199.724,11.35469745
0.66913923,0.01164,0.0,0.904,0.12543712,0.31,1000.0,213.0,3.07,3470.0,0.462,0.466,0.01,4.68,37.6153,1.421
0.76837931,0.01195,0.0,0.7883,0.1032,0.462,903.0,111.0,2.46,3358.0,0.38,0.381,0.06,4.85,21.9814,1.325
12.252284,0.0757,0.024,1.54,0.3355,0.794,359.0,2.76,8.04,3358.0,0.38,0.381,0.06,4.85,21.9814,2.39
14.256,0.117,0.065,4.7250029,0.7899694,,785.71,90.0659,220.57291446,5823.0,1.072,1.058,0.18,4.403,328.604,10.92875618
3.633581,0.0376,0.0,1.8,0.8668442,0.51,699.5,39.8,50.9,3810.0,0.54,0.54,-0.14,4.7,66.9071,5.31
6.557569,0.0592,0.0068,2.346,0.13964,0.501,690.0,24.9125,5.2,4316.0,0.662,0.647,-0.23,4.45,62.699,2.695
8.538878,0.0786,,2.337,0.173,0.8057,786.0,63.3913,20.8,5660.0,1.021,1.03,0.0895,4.45,151.738,4.8326
10.35504,0.08781,0.0114,3.251,0.1047,0.342,736.0,49.4,6.7,5187.0,0.758,0.849,-0.09,4.608,41.9091,2.59
5.424019,0.04753,0.29,1.6,0.178,,488.0,13.3328,4.7,3528.0,0.4684,0.487,0.148,4.785,43.9662,2.01
10.215213,0.0675,0.15,2.26,0.08929,0.22,456.0,7.2,3.17,3801.0,0.418,0.417,-0.66,4.81,23.7262,1.36
